3,128,4EkNfCecqVeeALKOWMQQUerSJuo=,idx8G5KwuiUJlE+HUYTrCfBv/CI=
13,130,4EkNfCecqVeeALKOWMQQUerSJuo=,idx8G5KwuiUJlE+HUYTrCfBv/CI=
12,130,4EkNfCecqVeeALKOWMQQUerSJuo=,idx8G5KwuiUJlE+HUYTrCfBv/CI=
11,130,4EkNfCecqVeeALKOWMQQUerSJuo=,idx8G5KwuiUJlE+HUYTrCfBv/CI=
10,130,4EkNfCecqVeeALKOWMQQUerSJuo=,idx8G5KwuiUJlE+HUYTrCfBv/CI=
9,130,4EkNfCecqVeeALKOWMQQUerSJuo=,idx8G5KwuiUJlE+HUYTrCfBv/CI=
12,131,4EkNfCecqVeeALKOWMQQUerSJuo=,idx8G5KwuiUJlE+HUYTrCfBv/CI=
8,130,4EkNfCecqVeeALKOWMQQUerSJuo=,idx8G5KwuiUJlE+HUYTrCfBv/CI=
14,130,4EkNfCecqVeeALKOWMQQUerSJuo=,idx8G5KwuiUJlE+HUYTrCfBv/CI=
4,128,4EkNfCecqVeeALKOWMQQUerSJuo=,idx8G5KwuiUJlE+HUYTrCfBv/CI=
7,130,4EkNfCecqVeeALKOWMQQUerSJuo=,idx8G5KwuiUJlE+HUYTrCfBv/CI=
6,130,4EkNfCecqVeeALKOWMQQUerSJuo=,idx8G5KwuiUJlE+HUYTrCfBv/CI=
13,131,4EkNfCecqVeeALKOWMQQUerSJuo=,idx8G5KwuiUJlE+HUYTrCfBv/CI=
14,131,4EkNfCecqVeeALKOWMQQUerSJuo=,idx8G5KwuiUJlE+HUYTrCfBv/CI=
5,128,4EkNfCecqVeeALKOWMQQUerSJuo=,idx8G5KwuiUJlE+HUYTrCfBv/CI=
5,130,4EkNfCecqVeeALKOWMQQUerSJuo=,idx8G5KwuiUJlE+HUYTrCfBv/CI=
4,130,4EkNfCecqVeeALKOWMQQUerSJuo=,idx8G5KwuiUJlE+HUYTrCfBv/CI=
3,130,4EkNfCecqVeeALKOWMQQUerSJuo=,idx8G5KwuiUJlE+HUYTrCfBv/CI=
2,130,4EkNfCecqVeeALKOWMQQUerSJuo=,idx8G5KwuiUJlE+HUYTrCfBv/CI=
15,131,4EkNfCecqVeeALKOWMQQUerSJuo=,idx8G5KwuiUJlE+HUYTrCfBv/CI=
0,132,4EkNfCecqVeeALKOWMQQUerSJuo=,idx8G5KwuiUJlE+HUYTrCfBv/CI=
1,130,4EkNfCecqVeeALKOWMQQUerSJuo=,idx8G5KwuiUJlE+HUYTrCfBv/CI=
2,129,4EkNfCecqVeeALKOWMQQUerSJuo=,idx8G5KwuiUJlE+HUYTrCfBv/CI=
0,128,4EkNfCecqVeeALKOWMQQUerSJuo=,idx8G5KwuiUJlE+HUYTrCfBv/CI=
0,130,4EkNfCecqVeeALKOWMQQUerSJuo=,idx8G5KwuiUJlE+HUYTrCfBv/CI=
14,143,4EkNfCecqVeeALKOWMQQUerSJuo=,idx8G5KwuiUJlE+HUYTrCfBv/CI=
11,131,4EkNfCecqVeeALKOWMQQUerSJuo=,idx8G5KwuiUJlE+HUYTrCfBv/CI=
1,132,4EkNfCecqVeeALKOWMQQUerSJuo=,idx8G5KwuiUJlE+HUYTrCfBv/CI=
2,132,4EkNfCecqVeeALKOWMQQUerSJuo=,idx8G5KwuiUJlE+HUYTrCfBv/CI=
15,143,4EkNfCecqVeeALKOWMQQUerSJuo=,idx8G5KwuiUJlE+HUYTrCfBv/CI=
3,132,4EkNfCecqVeeALKOWMQQUerSJuo=,idx8G5KwuiUJlE+HUYTrCfBv/CI=
2,128,4EkNfCecqVeeALKOWMQQUerSJuo=,idx8G5KwuiUJlE+HUYTrCfBv/CI=
13,143,4EkNfCecqVeeALKOWMQQUerSJuo=,idx8G5KwuiUJlE+HUYTrCfBv/CI=
12,143,4EkNfCecqVeeALKOWMQQUerSJuo=,idx8G5KwuiUJlE+HUYTrCfBv/CI=
10,131,4EkNfCecqVeeALKOWMQQUerSJuo=,idx8G5KwuiUJlE+HUYTrCfBv/CI=
10,143,4EkNfCecqVeeALKOWMQQUerSJuo=,idx8G5KwuiUJlE+HUYTrCfBv/CI=
4,132,4EkNfCecqVeeALKOWMQQUerSJuo=,idx8G5KwuiUJlE+HUYTrCfBv/CI=
9,143,4EkNfCecqVeeALKOWMQQUerSJuo=,idx8G5KwuiUJlE+HUYTrCfBv/CI=
5,132,4EkNfCecqVeeALKOWMQQUerSJuo=,idx8G5KwuiUJlE+HUYTrCfBv/CI=
11,143,4EkNfCecqVeeALKOWMQQUerSJuo=,idx8G5KwuiUJlE+HUYTrCfBv/CI=
8,143,4EkNfCecqVeeALKOWMQQUerSJuo=,idx8G5KwuiUJlE+HUYTrCfBv/CI=
7,143,4EkNfCecqVeeALKOWMQQUerSJuo=,idx8G5KwuiUJlE+HUYTrCfBv/CI=
6,132,4EkNfCecqVeeALKOWMQQUerSJuo=,idx8G5KwuiUJlE+HUYTrCfBv/CI=
7,132,4EkNfCecqVeeALKOWMQQUerSJuo=,idx8G5KwuiUJlE+HUYTrCfBv/CI=
5,143,4EkNfCecqVeeALKOWMQQUerSJuo=,idx8G5KwuiUJlE+HUYTrCfBv/CI=
4,143,4EkNfCecqVeeALKOWMQQUerSJuo=,idx8G5KwuiUJlE+HUYTrCfBv/CI=
3,143,4EkNfCecqVeeALKOWMQQUerSJuo=,idx8G5KwuiUJlE+HUYTrCfBv/CI=
1,143,4EkNfCecqVeeALKOWMQQUerSJuo=,idx8G5KwuiUJlE+HUYTrCfBv/CI=
6,143,4EkNfCecqVeeALKOWMQQUerSJuo=,idx8G5KwuiUJlE+HUYTrCfBv/CI=
2,143,4EkNfCecqVeeALKOWMQQUerSJuo=,idx8G5KwuiUJlE+HUYTrCfBv/CI=
0,143,4EkNfCecqVeeALKOWMQQUerSJuo=,idx8G5KwuiUJlE+HUYTrCfBv/CI=
8,132,4EkNfCecqVeeALKOWMQQUerSJuo=,idx8G5KwuiUJlE+HUYTrCfBv/CI=
15,142,4EkNfCecqVeeALKOWMQQUerSJuo=,idx8G5KwuiUJlE+HUYTrCfBv/CI=
14,142,4EkNfCecqVeeALKOWMQQUerSJuo=,idx8G5KwuiUJlE+HUYTrCfBv/CI=
9,132,4EkNfCecqVeeALKOWMQQUerSJuo=,idx8G5KwuiUJlE+HUYTrCfBv/CI=
13,142,4EkNfCecqVeeALKOWMQQUerSJuo=,idx8G5KwuiUJlE+HUYTrCfBv/CI=
10,132,4EkNfCecqVeeALKOWMQQUerSJuo=,idx8G5KwuiUJlE+HUYTrCfBv/CI=
12,142,4EkNfCecqVeeALKOWMQQUerSJuo=,idx8G5KwuiUJlE+HUYTrCfBv/CI=
11,132,4EkNfCecqVeeALKOWMQQUerSJuo=,idx8G5KwuiUJlE+HUYTrCfBv/CI=
8,142,4EkNfCecqVeeALKOWMQQUerSJuo=,idx8G5KwuiUJlE+HUYTrCfBv/CI=
11,142,4EkNfCecqVeeALKOWMQQUerSJuo=,idx8G5KwuiUJlE+HUYTrCfBv/CI=
9,142,4EkNfCecqVeeALKOWMQQUerSJuo=,idx8G5KwuiUJlE+HUYTrCfBv/CI=
10,142,4EkNfCecqVeeALKOWMQQUerSJuo=,idx8G5KwuiUJlE+HUYTrCfBv/CI=
15,130,4EkNfCecqVeeALKOWMQQUerSJuo=,idx8G5KwuiUJlE+HUYTrCfBv/CI=
7,142,4EkNfCecqVeeALKOWMQQUerSJuo=,idx8G5KwuiUJlE+HUYTrCfBv/CI=
6,142,4EkNfCecqVeeALKOWMQQUerSJuo=,idx8G5KwuiUJlE+HUYTrCfBv/CI=
4,142,4EkNfCecqVeeALKOWMQQUerSJuo=,idx8G5KwuiUJlE+HUYTrCfBv/CI=
5,142,4EkNfCecqVeeALKOWMQQUerSJuo=,idx8G5KwuiUJlE+HUYTrCfBv/CI=
2,142,4EkNfCecqVeeALKOWMQQUerSJuo=,idx8G5KwuiUJlE+HUYTrCfBv/CI=
1,129,4EkNfCecqVeeALKOWMQQUerSJuo=,idx8G5KwuiUJlE+HUYTrCfBv/CI=
3,142,4EkNfCecqVeeALKOWMQQUerSJuo=,idx8G5KwuiUJlE+HUYTrCfBv/CI=
9,131,4EkNfCecqVeeALKOWMQQUerSJuo=,idx8G5KwuiUJlE+HUYTrCfBv/CI=
1,128,4EkNfCecqVeeALKOWMQQUerSJuo=,idx8G5KwuiUJlE+HUYTrCfBv/CI=
1,142,4EkNfCecqVeeALKOWMQQUerSJuo=,idx8G5KwuiUJlE+HUYTrCfBv/CI=
0,129,4EkNfCecqVeeALKOWMQQUerSJuo=,idx8G5KwuiUJlE+HUYTrCfBv/CI=
0,142,4EkNfCecqVeeALKOWMQQUerSJuo=,idx8G5KwuiUJlE+HUYTrCfBv/CI=
14,141,4EkNfCecqVeeALKOWMQQUerSJuo=,idx8G5KwuiUJlE+HUYTrCfBv/CI=
13,141,4EkNfCecqVeeALKOWMQQUerSJuo=,idx8G5KwuiUJlE+HUYTrCfBv/CI=
15,141,4EkNfCecqVeeALKOWMQQUerSJuo=,idx8G5KwuiUJlE+HUYTrCfBv/CI=
12,141,4EkNfCecqVeeALKOWMQQUerSJuo=,idx8G5KwuiUJlE+HUYTrCfBv/CI=
11,141,4EkNfCecqVeeALKOWMQQUerSJuo=,idx8G5KwuiUJlE+HUYTrCfBv/CI=
9,141,4EkNfCecqVeeALKOWMQQUerSJuo=,idx8G5KwuiUJlE+HUYTrCfBv/CI=
8,141,4EkNfCecqVeeALKOWMQQUerSJuo=,idx8G5KwuiUJlE+HUYTrCfBv/CI=
10,141,4EkNfCecqVeeALKOWMQQUerSJuo=,idx8G5KwuiUJlE+HUYTrCfBv/CI=
6,141,4EkNfCecqVeeALKOWMQQUerSJuo=,idx8G5KwuiUJlE+HUYTrCfBv/CI=
7,141,4EkNfCecqVeeALKOWMQQUerSJuo=,idx8G5KwuiUJlE+HUYTrCfBv/CI=
5,141,4EkNfCecqVeeALKOWMQQUerSJuo=,idx8G5KwuiUJlE+HUYTrCfBv/CI=
4,141,4EkNfCecqVeeALKOWMQQUerSJuo=,idx8G5KwuiUJlE+HUYTrCfBv/CI=
3,141,4EkNfCecqVeeALKOWMQQUerSJuo=,idx8G5KwuiUJlE+HUYTrCfBv/CI=
8,131,4EkNfCecqVeeALKOWMQQUerSJuo=,idx8G5KwuiUJlE+HUYTrCfBv/CI=
2,141,4EkNfCecqVeeALKOWMQQUerSJuo=,idx8G5KwuiUJlE+HUYTrCfBv/CI=
1,141,4EkNfCecqVeeALKOWMQQUerSJuo=,idx8G5KwuiUJlE+HUYTrCfBv/CI=
0,141,4EkNfCecqVeeALKOWMQQUerSJuo=,idx8G5KwuiUJlE+HUYTrCfBv/CI=
14,140,4EkNfCecqVeeALKOWMQQUerSJuo=,idx8G5KwuiUJlE+HUYTrCfBv/CI=
15,140,4EkNfCecqVeeALKOWMQQUerSJuo=,idx8G5KwuiUJlE+HUYTrCfBv/CI=
13,140,4EkNfCecqVeeALKOWMQQUerSJuo=,idx8G5KwuiUJlE+HUYTrCfBv/CI=
11,140,4EkNfCecqVeeALKOWMQQUerSJuo=,idx8G5KwuiUJlE+HUYTrCfBv/CI=
12,140,4EkNfCecqVeeALKOWMQQUerSJuo=,idx8G5KwuiUJlE+HUYTrCfBv/CI=
9,140,4EkNfCecqVeeALKOWMQQUerSJuo=,idx8G5KwuiUJlE+HUYTrCfBv/CI=
8,140,4EkNfCecqVeeALKOWMQQUerSJuo=,idx8G5KwuiUJlE+HUYTrCfBv/CI=
7,140,4EkNfCecqVeeALKOWMQQUerSJuo=,idx8G5KwuiUJlE+HUYTrCfBv/CI=
6,140,4EkNfCecqVeeALKOWMQQUerSJuo=,idx8G5KwuiUJlE+HUYTrCfBv/CI=
5,140,4EkNfCecqVeeALKOWMQQUerSJuo=,idx8G5KwuiUJlE+HUYTrCfBv/CI=
4,140,4EkNfCecqVeeALKOWMQQUerSJuo=,idx8G5KwuiUJlE+HUYTrCfBv/CI=
13,132,4EkNfCecqVeeALKOWMQQUerSJuo=,idx8G5KwuiUJlE+HUYTrCfBv/CI=
6,128,4EkNfCecqVeeALKOWMQQUerSJuo=,idx8G5KwuiUJlE+HUYTrCfBv/CI=
12,132,4EkNfCecqVeeALKOWMQQUerSJuo=,idx8G5KwuiUJlE+HUYTrCfBv/CI=
0,133,4EkNfCecqVeeALKOWMQQUerSJuo=,idx8G5KwuiUJlE+HUYTrCfBv/CI=
15,132,4EkNfCecqVeeALKOWMQQUerSJuo=,idx8G5KwuiUJlE+HUYTrCfBv/CI=
14,132,4EkNfCecqVeeALKOWMQQUerSJuo=,idx8G5KwuiUJlE+HUYTrCfBv/CI=
3,129,4EkNfCecqVeeALKOWMQQUerSJuo=,idx8G5KwuiUJlE+HUYTrCfBv/CI=
1,133,4EkNfCecqVeeALKOWMQQUerSJuo=,idx8G5KwuiUJlE+HUYTrCfBv/CI=
10,140,4EkNfCecqVeeALKOWMQQUerSJuo=,idx8G5KwuiUJlE+HUYTrCfBv/CI=
7,131,4EkNfCecqVeeALKOWMQQUerSJuo=,idx8G5KwuiUJlE+HUYTrCfBv/CI=
2,133,4EkNfCecqVeeALKOWMQQUerSJuo=,idx8G5KwuiUJlE+HUYTrCfBv/CI=
3,133,4EkNfCecqVeeALKOWMQQUerSJuo=,idx8G5KwuiUJlE+HUYTrCfBv/CI=
3,140,4EkNfCecqVeeALKOWMQQUerSJuo=,idx8G5KwuiUJlE+HUYTrCfBv/CI=
4,133,4EkNfCecqVeeALKOWMQQUerSJuo=,idx8G5KwuiUJlE+HUYTrCfBv/CI=
5,133,4EkNfCecqVeeALKOWMQQUerSJuo=,idx8G5KwuiUJlE+HUYTrCfBv/CI=
2,140,4EkNfCecqVeeALKOWMQQUerSJuo=,idx8G5KwuiUJlE+HUYTrCfBv/CI=
6,133,4EkNfCecqVeeALKOWMQQUerSJuo=,idx8G5KwuiUJlE+HUYTrCfBv/CI=
7,133,4EkNfCecqVeeALKOWMQQUerSJuo=,idx8G5KwuiUJlE+HUYTrCfBv/CI=
8,133,4EkNfCecqVeeALKOWMQQUerSJuo=,idx8G5KwuiUJlE+HUYTrCfBv/CI=
1,140,4EkNfCecqVeeALKOWMQQUerSJuo=,idx8G5KwuiUJlE+HUYTrCfBv/CI=
9,133,4EkNfCecqVeeALKOWMQQUerSJuo=,idx8G5KwuiUJlE+HUYTrCfBv/CI=
10,133,4EkNfCecqVeeALKOWMQQUerSJuo=,idx8G5KwuiUJlE+HUYTrCfBv/CI=
0,131,4EkNfCecqVeeALKOWMQQUerSJuo=,idx8G5KwuiUJlE+HUYTrCfBv/CI=
4,129,4EkNfCecqVeeALKOWMQQUerSJuo=,idx8G5KwuiUJlE+HUYTrCfBv/CI=
0,140,4EkNfCecqVeeALKOWMQQUerSJuo=,idx8G5KwuiUJlE+HUYTrCfBv/CI=
15,139,4EkNfCecqVeeALKOWMQQUerSJuo=,idx8G5KwuiUJlE+HUYTrCfBv/CI=
14,139,4EkNfCecqVeeALKOWMQQUerSJuo=,idx8G5KwuiUJlE+HUYTrCfBv/CI=
13,139,4EkNfCecqVeeALKOWMQQUerSJuo=,idx8G5KwuiUJlE+HUYTrCfBv/CI=
12,139,4EkNfCecqVeeALKOWMQQUerSJuo=,idx8G5KwuiUJlE+HUYTrCfBv/CI=
11,139,4EkNfCecqVeeALKOWMQQUerSJuo=,idx8G5KwuiUJlE+HUYTrCfBv/CI=
9,139,4EkNfCecqVeeALKOWMQQUerSJuo=,idx8G5KwuiUJlE+HUYTrCfBv/CI=
8,139,4EkNfCecqVeeALKOWMQQUerSJuo=,idx8G5KwuiUJlE+HUYTrCfBv/CI=
7,139,4EkNfCecqVeeALKOWMQQUerSJuo=,idx8G5KwuiUJlE+HUYTrCfBv/CI=
10,139,4EkNfCecqVeeALKOWMQQUerSJuo=,idx8G5KwuiUJlE+HUYTrCfBv/CI=
6,139,4EkNfCecqVeeALKOWMQQUerSJuo=,idx8G5KwuiUJlE+HUYTrCfBv/CI=
5,139,4EkNfCecqVeeALKOWMQQUerSJuo=,idx8G5KwuiUJlE+HUYTrCfBv/CI=
14,129,4EkNfCecqVeeALKOWMQQUerSJuo=,idx8G5KwuiUJlE+HUYTrCfBv/CI=
4,139,4EkNfCecqVeeALKOWMQQUerSJuo=,idx8G5KwuiUJlE+HUYTrCfBv/CI=
6,131,4EkNfCecqVeeALKOWMQQUerSJuo=,idx8G5KwuiUJlE+HUYTrCfBv/CI=
3,139,4EkNfCecqVeeALKOWMQQUerSJuo=,idx8G5KwuiUJlE+HUYTrCfBv/CI=
2,139,4EkNfCecqVeeALKOWMQQUerSJuo=,idx8G5KwuiUJlE+HUYTrCfBv/CI=
13,129,4EkNfCecqVeeALKOWMQQUerSJuo=,idx8G5KwuiUJlE+HUYTrCfBv/CI=
1,139,4EkNfCecqVeeALKOWMQQUerSJuo=,idx8G5KwuiUJlE+HUYTrCfBv/CI=
0,139,4EkNfCecqVeeALKOWMQQUerSJuo=,idx8G5KwuiUJlE+HUYTrCfBv/CI=
15,138,4EkNfCecqVeeALKOWMQQUerSJuo=,idx8G5KwuiUJlE+HUYTrCfBv/CI=
13,138,4EkNfCecqVeeALKOWMQQUerSJuo=,idx8G5KwuiUJlE+HUYTrCfBv/CI=
14,138,4EkNfCecqVeeALKOWMQQUerSJuo=,idx8G5KwuiUJlE+HUYTrCfBv/CI=
12,138,4EkNfCecqVeeALKOWMQQUerSJuo=,idx8G5KwuiUJlE+HUYTrCfBv/CI=
11,138,4EkNfCecqVeeALKOWMQQUerSJuo=,idx8G5KwuiUJlE+HUYTrCfBv/CI=
10,138,4EkNfCecqVeeALKOWMQQUerSJuo=,idx8G5KwuiUJlE+HUYTrCfBv/CI=
9,138,4EkNfCecqVeeALKOWMQQUerSJuo=,idx8G5KwuiUJlE+HUYTrCfBv/CI=
8,138,4EkNfCecqVeeALKOWMQQUerSJuo=,idx8G5KwuiUJlE+HUYTrCfBv/CI=
5,131,4EkNfCecqVeeALKOWMQQUerSJuo=,idx8G5KwuiUJlE+HUYTrCfBv/CI=
7,138,4EkNfCecqVeeALKOWMQQUerSJuo=,idx8G5KwuiUJlE+HUYTrCfBv/CI=
6,138,4EkNfCecqVeeALKOWMQQUerSJuo=,idx8G5KwuiUJlE+HUYTrCfBv/CI=
4,138,4EkNfCecqVeeALKOWMQQUerSJuo=,idx8G5KwuiUJlE+HUYTrCfBv/CI=
3,138,4EkNfCecqVeeALKOWMQQUerSJuo=,idx8G5KwuiUJlE+HUYTrCfBv/CI=
5,138,4EkNfCecqVeeALKOWMQQUerSJuo=,idx8G5KwuiUJlE+HUYTrCfBv/CI=
1,138,4EkNfCecqVeeALKOWMQQUerSJuo=,idx8G5KwuiUJlE+HUYTrCfBv/CI=
0,138,4EkNfCecqVeeALKOWMQQUerSJuo=,idx8G5KwuiUJlE+HUYTrCfBv/CI=
2,138,4EkNfCecqVeeALKOWMQQUerSJuo=,idx8G5KwuiUJlE+HUYTrCfBv/CI=
14,137,4EkNfCecqVeeALKOWMQQUerSJuo=,idx8G5KwuiUJlE+HUYTrCfBv/CI=
15,137,4EkNfCecqVeeALKOWMQQUerSJuo=,idx8G5KwuiUJlE+HUYTrCfBv/CI=
13,137,4EkNfCecqVeeALKOWMQQUerSJuo=,idx8G5KwuiUJlE+HUYTrCfBv/CI=
11,137,4EkNfCecqVeeALKOWMQQUerSJuo=,idx8G5KwuiUJlE+HUYTrCfBv/CI=
12,137,4EkNfCecqVeeALKOWMQQUerSJuo=,idx8G5KwuiUJlE+HUYTrCfBv/CI=
10,137,4EkNfCecqVeeALKOWMQQUerSJuo=,idx8G5KwuiUJlE+HUYTrCfBv/CI=
9,137,4EkNfCecqVeeALKOWMQQUerSJuo=,idx8G5KwuiUJlE+HUYTrCfBv/CI=
7,137,4EkNfCecqVeeALKOWMQQUerSJuo=,idx8G5KwuiUJlE+HUYTrCfBv/CI=
4,131,4EkNfCecqVeeALKOWMQQUerSJuo=,idx8G5KwuiUJlE+HUYTrCfBv/CI=
8,137,4EkNfCecqVeeALKOWMQQUerSJuo=,idx8G5KwuiUJlE+HUYTrCfBv/CI=
6,137,4EkNfCecqVeeALKOWMQQUerSJuo=,idx8G5KwuiUJlE+HUYTrCfBv/CI=
5,137,4EkNfCecqVeeALKOWMQQUerSJuo=,idx8G5KwuiUJlE+HUYTrCfBv/CI=
4,137,4EkNfCecqVeeALKOWMQQUerSJuo=,idx8G5KwuiUJlE+HUYTrCfBv/CI=
3,137,4EkNfCecqVeeALKOWMQQUerSJuo=,idx8G5KwuiUJlE+HUYTrCfBv/CI=
2,137,4EkNfCecqVeeALKOWMQQUerSJuo=,idx8G5KwuiUJlE+HUYTrCfBv/CI=
1,137,4EkNfCecqVeeALKOWMQQUerSJuo=,idx8G5KwuiUJlE+HUYTrCfBv/CI=
12,129,4EkNfCecqVeeALKOWMQQUerSJuo=,idx8G5KwuiUJlE+HUYTrCfBv/CI=
0,137,4EkNfCecqVeeALKOWMQQUerSJuo=,idx8G5KwuiUJlE+HUYTrCfBv/CI=
15,136,4EkNfCecqVeeALKOWMQQUerSJuo=,idx8G5KwuiUJlE+HUYTrCfBv/CI=
12,136,4EkNfCecqVeeALKOWMQQUerSJuo=,idx8G5KwuiUJlE+HUYTrCfBv/CI=
14,136,4EkNfCecqVeeALKOWMQQUerSJuo=,idx8G5KwuiUJlE+HUYTrCfBv/CI=
13,136,4EkNfCecqVeeALKOWMQQUerSJuo=,idx8G5KwuiUJlE+HUYTrCfBv/CI=
13,128,4EkNfCecqVeeALKOWMQQUerSJuo=,idx8G5KwuiUJlE+HUYTrCfBv/CI=
10,136,4EkNfCecqVeeALKOWMQQUerSJuo=,idx8G5KwuiUJlE+HUYTrCfBv/CI=
11,136,4EkNfCecqVeeALKOWMQQUerSJuo=,idx8G5KwuiUJlE+HUYTrCfBv/CI=
8,136,4EkNfCecqVeeALKOWMQQUerSJuo=,idx8G5KwuiUJlE+HUYTrCfBv/CI=
9,136,4EkNfCecqVeeALKOWMQQUerSJuo=,idx8G5KwuiUJlE+HUYTrCfBv/CI=
3,131,4EkNfCecqVeeALKOWMQQUerSJuo=,idx8G5KwuiUJlE+HUYTrCfBv/CI=
6,136,4EkNfCecqVeeALKOWMQQUerSJuo=,idx8G5KwuiUJlE+HUYTrCfBv/CI=
7,136,4EkNfCecqVeeALKOWMQQUerSJuo=,idx8G5KwuiUJlE+HUYTrCfBv/CI=
5,136,4EkNfCecqVeeALKOWMQQUerSJuo=,idx8G5KwuiUJlE+HUYTrCfBv/CI=
4,136,4EkNfCecqVeeALKOWMQQUerSJuo=,idx8G5KwuiUJlE+HUYTrCfBv/CI=
3,136,4EkNfCecqVeeALKOWMQQUerSJuo=,idx8G5KwuiUJlE+HUYTrCfBv/CI=
1,136,4EkNfCecqVeeALKOWMQQUerSJuo=,idx8G5KwuiUJlE+HUYTrCfBv/CI=
2,136,4EkNfCecqVeeALKOWMQQUerSJuo=,idx8G5KwuiUJlE+HUYTrCfBv/CI=
0,136,4EkNfCecqVeeALKOWMQQUerSJuo=,idx8G5KwuiUJlE+HUYTrCfBv/CI=
7,129,4EkNfCecqVeeALKOWMQQUerSJuo=,idx8G5KwuiUJlE+HUYTrCfBv/CI=
15,135,4EkNfCecqVeeALKOWMQQUerSJuo=,idx8G5KwuiUJlE+HUYTrCfBv/CI=
14,135,4EkNfCecqVeeALKOWMQQUerSJuo=,idx8G5KwuiUJlE+HUYTrCfBv/CI=
13,135,4EkNfCecqVeeALKOWMQQUerSJuo=,idx8G5KwuiUJlE+HUYTrCfBv/CI=
12,135,4EkNfCecqVeeALKOWMQQUerSJuo=,idx8G5KwuiUJlE+HUYTrCfBv/CI=
11,135,4EkNfCecqVeeALKOWMQQUerSJuo=,idx8G5KwuiUJlE+HUYTrCfBv/CI=
10,135,4EkNfCecqVeeALKOWMQQUerSJuo=,idx8G5KwuiUJlE+HUYTrCfBv/CI=
9,135,4EkNfCecqVeeALKOWMQQUerSJuo=,idx8G5KwuiUJlE+HUYTrCfBv/CI=
7,128,4EkNfCecqVeeALKOWMQQUerSJuo=,idx8G5KwuiUJlE+HUYTrCfBv/CI=
11,133,4EkNfCecqVeeALKOWMQQUerSJuo=,idx8G5KwuiUJlE+HUYTrCfBv/CI=
12,133,4EkNfCecqVeeALKOWMQQUerSJuo=,idx8G5KwuiUJlE+HUYTrCfBv/CI=
14,133,4EkNfCecqVeeALKOWMQQUerSJuo=,idx8G5KwuiUJlE+HUYTrCfBv/CI=
13,133,4EkNfCecqVeeALKOWMQQUerSJuo=,idx8G5KwuiUJlE+HUYTrCfBv/CI=
15,133,4EkNfCecqVeeALKOWMQQUerSJuo=,idx8G5KwuiUJlE+HUYTrCfBv/CI=
0,134,4EkNfCecqVeeALKOWMQQUerSJuo=,idx8G5KwuiUJlE+HUYTrCfBv/CI=
5,129,4EkNfCecqVeeALKOWMQQUerSJuo=,idx8G5KwuiUJlE+HUYTrCfBv/CI=
1,134,4EkNfCecqVeeALKOWMQQUerSJuo=,idx8G5KwuiUJlE+HUYTrCfBv/CI=
4,134,4EkNfCecqVeeALKOWMQQUerSJuo=,idx8G5KwuiUJlE+HUYTrCfBv/CI=
3,134,4EkNfCecqVeeALKOWMQQUerSJuo=,idx8G5KwuiUJlE+HUYTrCfBv/CI=
5,134,4EkNfCecqVeeALKOWMQQUerSJuo=,idx8G5KwuiUJlE+HUYTrCfBv/CI=
2,134,4EkNfCecqVeeALKOWMQQUerSJuo=,idx8G5KwuiUJlE+HUYTrCfBv/CI=
6,134,4EkNfCecqVeeALKOWMQQUerSJuo=,idx8G5KwuiUJlE+HUYTrCfBv/CI=
7,134,4EkNfCecqVeeALKOWMQQUerSJuo=,idx8G5KwuiUJlE+HUYTrCfBv/CI=
15,128,4EkNfCecqVeeALKOWMQQUerSJuo=,idx8G5KwuiUJlE+HUYTrCfBv/CI=
8,134,4EkNfCecqVeeALKOWMQQUerSJuo=,idx8G5KwuiUJlE+HUYTrCfBv/CI=
2,131,4EkNfCecqVeeALKOWMQQUerSJuo=,idx8G5KwuiUJlE+HUYTrCfBv/CI=
9,134,4EkNfCecqVeeALKOWMQQUerSJuo=,idx8G5KwuiUJlE+HUYTrCfBv/CI=
1,131,4EkNfCecqVeeALKOWMQQUerSJuo=,idx8G5KwuiUJlE+HUYTrCfBv/CI=
7,135,4EkNfCecqVeeALKOWMQQUerSJuo=,idx8G5KwuiUJlE+HUYTrCfBv/CI=
6,135,4EkNfCecqVeeALKOWMQQUerSJuo=,idx8G5KwuiUJlE+HUYTrCfBv/CI=
5,135,4EkNfCecqVeeALKOWMQQUerSJuo=,idx8G5KwuiUJlE+HUYTrCfBv/CI=
8,135,4EkNfCecqVeeALKOWMQQUerSJuo=,idx8G5KwuiUJlE+HUYTrCfBv/CI=
4,135,4EkNfCecqVeeALKOWMQQUerSJuo=,idx8G5KwuiUJlE+HUYTrCfBv/CI=
2,135,4EkNfCecqVeeALKOWMQQUerSJuo=,idx8G5KwuiUJlE+HUYTrCfBv/CI=
1,135,4EkNfCecqVeeALKOWMQQUerSJuo=,idx8G5KwuiUJlE+HUYTrCfBv/CI=
3,135,4EkNfCecqVeeALKOWMQQUerSJuo=,idx8G5KwuiUJlE+HUYTrCfBv/CI=
0,135,4EkNfCecqVeeALKOWMQQUerSJuo=,idx8G5KwuiUJlE+HUYTrCfBv/CI=
14,134,4EkNfCecqVeeALKOWMQQUerSJuo=,idx8G5KwuiUJlE+HUYTrCfBv/CI=
12,134,4EkNfCecqVeeALKOWMQQUerSJuo=,idx8G5KwuiUJlE+HUYTrCfBv/CI=
15,134,4EkNfCecqVeeALKOWMQQUerSJuo=,idx8G5KwuiUJlE+HUYTrCfBv/CI=
13,134,4EkNfCecqVeeALKOWMQQUerSJuo=,idx8G5KwuiUJlE+HUYTrCfBv/CI=
11,134,4EkNfCecqVeeALKOWMQQUerSJuo=,idx8G5KwuiUJlE+HUYTrCfBv/CI=
10,134,4EkNfCecqVeeALKOWMQQUerSJuo=,idx8G5KwuiUJlE+HUYTrCfBv/CI=
6,129,4EkNfCecqVeeALKOWMQQUerSJuo=,idx8G5KwuiUJlE+HUYTrCfBv/CI=
14,128,4EkNfCecqVeeALKOWMQQUerSJuo=,idx8G5KwuiUJlE+HUYTrCfBv/CI=
11,128,4EkNfCecqVeeALKOWMQQUerSJuo=,idx8G5KwuiUJlE+HUYTrCfBv/CI=
10,129,4EkNfCecqVeeALKOWMQQUerSJuo=,idx8G5KwuiUJlE+HUYTrCfBv/CI=
10,128,4EkNfCecqVeeALKOWMQQUerSJuo=,idx8G5KwuiUJlE+HUYTrCfBv/CI=
9,129,4EkNfCecqVeeALKOWMQQUerSJuo=,idx8G5KwuiUJlE+HUYTrCfBv/CI=
12,128,4EkNfCecqVeeALKOWMQQUerSJuo=,idx8G5KwuiUJlE+HUYTrCfBv/CI=
8,129,4EkNfCecqVeeALKOWMQQUerSJuo=,idx8G5KwuiUJlE+HUYTrCfBv/CI=
15,129,4EkNfCecqVeeALKOWMQQUerSJuo=,idx8G5KwuiUJlE+HUYTrCfBv/CI=
8,128,4EkNfCecqVeeALKOWMQQUerSJuo=,idx8G5KwuiUJlE+HUYTrCfBv/CI=
9,128,4EkNfCecqVeeALKOWMQQUerSJuo=,idx8G5KwuiUJlE+HUYTrCfBv/CI=
11,129,4EkNfCecqVeeALKOWMQQUerSJuo=,idx8G5KwuiUJlE+HUYTrCfBv/CI=
31,129,TsInERUs2CWstLqYvpuOg2PhFzk=,JhVlUYpLicpDfN9ycRM2jp9yORY=
29,130,TsInERUs2CWstLqYvpuOg2PhFzk=,JhVlUYpLicpDfN9ycRM2jp9yORY=
27,130,TsInERUs2CWstLqYvpuOg2PhFzk=,JhVlUYpLicpDfN9ycRM2jp9yORY=
28,130,TsInERUs2CWstLqYvpuOg2PhFzk=,JhVlUYpLicpDfN9ycRM2jp9yORY=
26,130,TsInERUs2CWstLqYvpuOg2PhFzk=,JhVlUYpLicpDfN9ycRM2jp9yORY=
24,130,TsInERUs2CWstLqYvpuOg2PhFzk=,JhVlUYpLicpDfN9ycRM2jp9yORY=
28,131,TsInERUs2CWstLqYvpuOg2PhFzk=,JhVlUYpLicpDfN9ycRM2jp9yORY=
23,130,TsInERUs2CWstLqYvpuOg2PhFzk=,JhVlUYpLicpDfN9ycRM2jp9yORY=
30,130,JYuPBAaEJfRjlGDY8+Z2O7qUaX4=,JhVlUYpLicpDfN9ycRM2jp9yORY=
22,130,TsInERUs2CWstLqYvpuOg2PhFzk=,JhVlUYpLicpDfN9ycRM2jp9yORY=
25,130,TsInERUs2CWstLqYvpuOg2PhFzk=,JhVlUYpLicpDfN9ycRM2jp9yORY=
21,130,TsInERUs2CWstLqYvpuOg2PhFzk=,JhVlUYpLicpDfN9ycRM2jp9yORY=
20,130,TsInERUs2CWstLqYvpuOg2PhFzk=,JhVlUYpLicpDfN9ycRM2jp9yORY=
19,130,TsInERUs2CWstLqYvpuOg2PhFzk=,JhVlUYpLicpDfN9ycRM2jp9yORY=
18,130,TsInERUs2CWstLqYvpuOg2PhFzk=,JhVlUYpLicpDfN9ycRM2jp9yORY=
27,131,TsInERUs2CWstLqYvpuOg2PhFzk=,JhVlUYpLicpDfN9ycRM2jp9yORY=
31,143,JYuPBAaEJfRjlGDY8+Z2O7qUaX4=,JhVlUYpLicpDfN9ycRM2jp9yORY=
17,130,TsInERUs2CWstLqYvpuOg2PhFzk=,JhVlUYpLicpDfN9ycRM2jp9yORY=
30,143,TsInERUs2CWstLqYvpuOg2PhFzk=,JhVlUYpLicpDfN9ycRM2jp9yORY=
16,130,TsInERUs2CWstLqYvpuOg2PhFzk=,JhVlUYpLicpDfN9ycRM2jp9yORY=
28,143,TsInERUs2CWstLqYvpuOg2PhFzk=,JhVlUYpLicpDfN9ycRM2jp9yORY=
26,131,TsInERUs2CWstLqYvpuOg2PhFzk=,JhVlUYpLicpDfN9ycRM2jp9yORY=
26,143,TsInERUs2CWstLqYvpuOg2PhFzk=,JhVlUYpLicpDfN9ycRM2jp9yORY=
27,143,TsInERUs2CWstLqYvpuOg2PhFzk=,JhVlUYpLicpDfN9ycRM2jp9yORY=
29,143,TsInERUs2CWstLqYvpuOg2PhFzk=,JhVlUYpLicpDfN9ycRM2jp9yORY=
24,143,TsInERUs2CWstLqYvpuOg2PhFzk=,JhVlUYpLicpDfN9ycRM2jp9yORY=
25,143,TsInERUs2CWstLqYvpuOg2PhFzk=,JhVlUYpLicpDfN9ycRM2jp9yORY=
22,143,TsInERUs2CWstLqYvpuOg2PhFzk=,JhVlUYpLicpDfN9ycRM2jp9yORY=
21,143,TsInERUs2CWstLqYvpuOg2PhFzk=,JhVlUYpLicpDfN9ycRM2jp9yORY=
19,143,TsInERUs2CWstLqYvpuOg2PhFzk=,JhVlUYpLicpDfN9ycRM2jp9yORY=
20,143,TsInERUs2CWstLqYvpuOg2PhFzk=,JhVlUYpLicpDfN9ycRM2jp9yORY=
18,143,TsInERUs2CWstLqYvpuOg2PhFzk=,JhVlUYpLicpDfN9ycRM2jp9yORY=
17,143,TsInERUs2CWstLqYvpuOg2PhFzk=,JhVlUYpLicpDfN9ycRM2jp9yORY=
23,143,TsInERUs2CWstLqYvpuOg2PhFzk=,JhVlUYpLicpDfN9ycRM2jp9yORY=
16,143,TsInERUs2CWstLqYvpuOg2PhFzk=,JhVlUYpLicpDfN9ycRM2jp9yORY=
31,142,TsInERUs2CWstLqYvpuOg2PhFzk=,JhVlUYpLicpDfN9ycRM2jp9yORY=
30,129,TsInERUs2CWstLqYvpuOg2PhFzk=,JhVlUYpLicpDfN9ycRM2jp9yORY=
30,142,TsInERUs2CWstLqYvpuOg2PhFzk=,JhVlUYpLicpDfN9ycRM2jp9yORY=
29,142,TsInERUs2CWstLqYvpuOg2PhFzk=,JhVlUYpLicpDfN9ycRM2jp9yORY=
27,142,TsInERUs2CWstLqYvpuOg2PhFzk=,JhVlUYpLicpDfN9ycRM2jp9yORY=
26,142,TsInERUs2CWstLqYvpuOg2PhFzk=,JhVlUYpLicpDfN9ycRM2jp9yORY=
24,142,TsInERUs2CWstLqYvpuOg2PhFzk=,JhVlUYpLicpDfN9ycRM2jp9yORY=
28,142,TsInERUs2CWstLqYvpuOg2PhFzk=,JhVlUYpLicpDfN9ycRM2jp9yORY=
23,142,TsInERUs2CWstLqYvpuOg2PhFzk=,JhVlUYpLicpDfN9ycRM2jp9yORY=
22,142,TsInERUs2CWstLqYvpuOg2PhFzk=,JhVlUYpLicpDfN9ycRM2jp9yORY=
21,142,TsInERUs2CWstLqYvpuOg2PhFzk=,JhVlUYpLicpDfN9ycRM2jp9yORY=
17,142,TsInERUs2CWstLqYvpuOg2PhFzk=,JhVlUYpLicpDfN9ycRM2jp9yORY=
18,142,TsInERUs2CWstLqYvpuOg2PhFzk=,JhVlUYpLicpDfN9ycRM2jp9yORY=
19,142,TsInERUs2CWstLqYvpuOg2PhFzk=,JhVlUYpLicpDfN9ycRM2jp9yORY=
20,142,TsInERUs2CWstLqYvpuOg2PhFzk=,JhVlUYpLicpDfN9ycRM2jp9yORY=
25,131,TsInERUs2CWstLqYvpuOg2PhFzk=,JhVlUYpLicpDfN9ycRM2jp9yORY=
16,142,TsInERUs2CWstLqYvpuOg2PhFzk=,JhVlUYpLicpDfN9ycRM2jp9yORY=
29,141,TsInERUs2CWstLqYvpuOg2PhFzk=,JhVlUYpLicpDfN9ycRM2jp9yORY=
31,141,TsInERUs2CWstLqYvpuOg2PhFzk=,JhVlUYpLicpDfN9ycRM2jp9yORY=
28,141,TsInERUs2CWstLqYvpuOg2PhFzk=,JhVlUYpLicpDfN9ycRM2jp9yORY=
27,141,TsInERUs2CWstLqYvpuOg2PhFzk=,JhVlUYpLicpDfN9ycRM2jp9yORY=
26,141,TsInERUs2CWstLqYvpuOg2PhFzk=,JhVlUYpLicpDfN9ycRM2jp9yORY=
30,141,TsInERUs2CWstLqYvpuOg2PhFzk=,JhVlUYpLicpDfN9ycRM2jp9yORY=
24,141,TsInERUs2CWstLqYvpuOg2PhFzk=,JhVlUYpLicpDfN9ycRM2jp9yORY=
23,141,TsInERUs2CWstLqYvpuOg2PhFzk=,JhVlUYpLicpDfN9ycRM2jp9yORY=
25,141,TsInERUs2CWstLqYvpuOg2PhFzk=,JhVlUYpLicpDfN9ycRM2jp9yORY=
22,141,TsInERUs2CWstLqYvpuOg2PhFzk=,JhVlUYpLicpDfN9ycRM2jp9yORY=
20,141,TsInERUs2CWstLqYvpuOg2PhFzk=,JhVlUYpLicpDfN9ycRM2jp9yORY=
19,141,TsInERUs2CWstLqYvpuOg2PhFzk=,JhVlUYpLicpDfN9ycRM2jp9yORY=
29,129,TsInERUs2CWstLqYvpuOg2PhFzk=,JhVlUYpLicpDfN9ycRM2jp9yORY=
24,131,TsInERUs2CWstLqYvpuOg2PhFzk=,JhVlUYpLicpDfN9ycRM2jp9yORY=
31,128,TsInERUs2CWstLqYvpuOg2PhFzk=,JhVlUYpLicpDfN9ycRM2jp9yORY=
18,141,TsInERUs2CWstLqYvpuOg2PhFzk=,JhVlUYpLicpDfN9ycRM2jp9yORY=
21,141,TsInERUs2CWstLqYvpuOg2PhFzk=,JhVlUYpLicpDfN9ycRM2jp9yORY=
16,141,TsInERUs2CWstLqYvpuOg2PhFzk=,JhVlUYpLicpDfN9ycRM2jp9yORY=
17,141,TsInERUs2CWstLqYvpuOg2PhFzk=,JhVlUYpLicpDfN9ycRM2jp9yORY=
28,129,TsInERUs2CWstLqYvpuOg2PhFzk=,JhVlUYpLicpDfN9ycRM2jp9yORY=
31,140,TsInERUs2CWstLqYvpuOg2PhFzk=,JhVlUYpLicpDfN9ycRM2jp9yORY=
29,140,TsInERUs2CWstLqYvpuOg2PhFzk=,JhVlUYpLicpDfN9ycRM2jp9yORY=
30,140,TsInERUs2CWstLqYvpuOg2PhFzk=,JhVlUYpLicpDfN9ycRM2jp9yORY=
28,140,TsInERUs2CWstLqYvpuOg2PhFzk=,JhVlUYpLicpDfN9ycRM2jp9yORY=
27,140,TsInERUs2CWstLqYvpuOg2PhFzk=,JhVlUYpLicpDfN9ycRM2jp9yORY=
26,140,TsInERUs2CWstLqYvpuOg2PhFzk=,JhVlUYpLicpDfN9ycRM2jp9yORY=
24,140,TsInERUs2CWstLqYvpuOg2PhFzk=,JhVlUYpLicpDfN9ycRM2jp9yORY=
22,140,TsInERUs2CWstLqYvpuOg2PhFzk=,JhVlUYpLicpDfN9ycRM2jp9yORY=
23,140,TsInERUs2CWstLqYvpuOg2PhFzk=,JhVlUYpLicpDfN9ycRM2jp9yORY=
20,140,TsInERUs2CWstLqYvpuOg2PhFzk=,JhVlUYpLicpDfN9ycRM2jp9yORY=
21,140,TsInERUs2CWstLqYvpuOg2PhFzk=,JhVlUYpLicpDfN9ycRM2jp9yORY=
30,128,TsInERUs2CWstLqYvpuOg2PhFzk=,JhVlUYpLicpDfN9ycRM2jp9yORY=
23,131,TsInERUs2CWstLqYvpuOg2PhFzk=,JhVlUYpLicpDfN9ycRM2jp9yORY=
18,140,TsInERUs2CWstLqYvpuOg2PhFzk=,JhVlUYpLicpDfN9ycRM2jp9yORY=
16,140,TsInERUs2CWstLqYvpuOg2PhFzk=,JhVlUYpLicpDfN9ycRM2jp9yORY=
19,140,TsInERUs2CWstLqYvpuOg2PhFzk=,JhVlUYpLicpDfN9ycRM2jp9yORY=
27,129,TsInERUs2CWstLqYvpuOg2PhFzk=,JhVlUYpLicpDfN9ycRM2jp9yORY=
31,139,TsInERUs2CWstLqYvpuOg2PhFzk=,JhVlUYpLicpDfN9ycRM2jp9yORY=
17,140,TsInERUs2CWstLqYvpuOg2PhFzk=,JhVlUYpLicpDfN9ycRM2jp9yORY=
30,139,TsInERUs2CWstLqYvpuOg2PhFzk=,JhVlUYpLicpDfN9ycRM2jp9yORY=
29,139,TsInERUs2CWstLqYvpuOg2PhFzk=,JhVlUYpLicpDfN9ycRM2jp9yORY=
28,139,TsInERUs2CWstLqYvpuOg2PhFzk=,JhVlUYpLicpDfN9ycRM2jp9yORY=
27,139,TsInERUs2CWstLqYvpuOg2PhFzk=,JhVlUYpLicpDfN9ycRM2jp9yORY=
26,139,TsInERUs2CWstLqYvpuOg2PhFzk=,JhVlUYpLicpDfN9ycRM2jp9yORY=
24,139,TsInERUs2CWstLqYvpuOg2PhFzk=,JhVlUYpLicpDfN9ycRM2jp9yORY=
25,139,TsInERUs2CWstLqYvpuOg2PhFzk=,JhVlUYpLicpDfN9ycRM2jp9yORY=
22,139,TsInERUs2CWstLqYvpuOg2PhFzk=,JhVlUYpLicpDfN9ycRM2jp9yORY=
23,139,TsInERUs2CWstLqYvpuOg2PhFzk=,JhVlUYpLicpDfN9ycRM2jp9yORY=
21,139,TsInERUs2CWstLqYvpuOg2PhFzk=,JhVlUYpLicpDfN9ycRM2jp9yORY=
25,140,TsInERUs2CWstLqYvpuOg2PhFzk=,JhVlUYpLicpDfN9ycRM2jp9yORY=
29,128,TsInERUs2CWstLqYvpuOg2PhFzk=,JhVlUYpLicpDfN9ycRM2jp9yORY=
22,131,TsInERUs2CWstLqYvpuOg2PhFzk=,JhVlUYpLicpDfN9ycRM2jp9yORY=
19,139,TsInERUs2CWstLqYvpuOg2PhFzk=,JhVlUYpLicpDfN9ycRM2jp9yORY=
20,139,TsInERUs2CWstLqYvpuOg2PhFzk=,JhVlUYpLicpDfN9ycRM2jp9yORY=
17,139,TsInERUs2CWstLqYvpuOg2PhFzk=,JhVlUYpLicpDfN9ycRM2jp9yORY=
29,138,TsInERUs2CWstLqYvpuOg2PhFzk=,JhVlUYpLicpDfN9ycRM2jp9yORY=
31,138,TsInERUs2CWstLqYvpuOg2PhFzk=,JhVlUYpLicpDfN9ycRM2jp9yORY=
16,139,TsInERUs2CWstLqYvpuOg2PhFzk=,JhVlUYpLicpDfN9ycRM2jp9yORY=
30,138,TsInERUs2CWstLqYvpuOg2PhFzk=,JhVlUYpLicpDfN9ycRM2jp9yORY=
28,138,TsInERUs2CWstLqYvpuOg2PhFzk=,JhVlUYpLicpDfN9ycRM2jp9yORY=
26,138,TsInERUs2CWstLqYvpuOg2PhFzk=,JhVlUYpLicpDfN9ycRM2jp9yORY=
27,138,TsInERUs2CWstLqYvpuOg2PhFzk=,JhVlUYpLicpDfN9ycRM2jp9yORY=
24,138,TsInERUs2CWstLqYvpuOg2PhFzk=,JhVlUYpLicpDfN9ycRM2jp9yORY=
23,138,TsInERUs2CWstLqYvpuOg2PhFzk=,JhVlUYpLicpDfN9ycRM2jp9yORY=
25,138,TsInERUs2CWstLqYvpuOg2PhFzk=,JhVlUYpLicpDfN9ycRM2jp9yORY=
21,131,TsInERUs2CWstLqYvpuOg2PhFzk=,JhVlUYpLicpDfN9ycRM2jp9yORY=
28,128,TsInERUs2CWstLqYvpuOg2PhFzk=,JhVlUYpLicpDfN9ycRM2jp9yORY=
22,138,TsInERUs2CWstLqYvpuOg2PhFzk=,JhVlUYpLicpDfN9ycRM2jp9yORY=
20,138,TsInERUs2CWstLqYvpuOg2PhFzk=,JhVlUYpLicpDfN9ycRM2jp9yORY=
19,138,TsInERUs2CWstLqYvpuOg2PhFzk=,JhVlUYpLicpDfN9ycRM2jp9yORY=
18,138,TsInERUs2CWstLqYvpuOg2PhFzk=,JhVlUYpLicpDfN9ycRM2jp9yORY=
17,138,TsInERUs2CWstLqYvpuOg2PhFzk=,JhVlUYpLicpDfN9ycRM2jp9yORY=
21,138,TsInERUs2CWstLqYvpuOg2PhFzk=,JhVlUYpLicpDfN9ycRM2jp9yORY=
16,138,TsInERUs2CWstLqYvpuOg2PhFzk=,JhVlUYpLicpDfN9ycRM2jp9yORY=
31,137,TsInERUs2CWstLqYvpuOg2PhFzk=,JhVlUYpLicpDfN9ycRM2jp9yORY=
30,137,TsInERUs2CWstLqYvpuOg2PhFzk=,JhVlUYpLicpDfN9ycRM2jp9yORY=
27,137,TsInERUs2CWstLqYvpuOg2PhFzk=,JhVlUYpLicpDfN9ycRM2jp9yORY=
28,137,TsInERUs2CWstLqYvpuOg2PhFzk=,JhVlUYpLicpDfN9ycRM2jp9yORY=
25,137,TsInERUs2CWstLqYvpuOg2PhFzk=,JhVlUYpLicpDfN9ycRM2jp9yORY=
26,137,TsInERUs2CWstLqYvpuOg2PhFzk=,JhVlUYpLicpDfN9ycRM2jp9yORY=
24,137,TsInERUs2CWstLqYvpuOg2PhFzk=,JhVlUYpLicpDfN9ycRM2jp9yORY=
22,137,TsInERUs2CWstLqYvpuOg2PhFzk=,JhVlUYpLicpDfN9ycRM2jp9yORY=
23,137,TsInERUs2CWstLqYvpuOg2PhFzk=,JhVlUYpLicpDfN9ycRM2jp9yORY=
21,137,TsInERUs2CWstLqYvpuOg2PhFzk=,JhVlUYpLicpDfN9ycRM2jp9yORY=
20,131,TsInERUs2CWstLqYvpuOg2PhFzk=,JhVlUYpLicpDfN9ycRM2jp9yORY=
20,137,TsInERUs2CWstLqYvpuOg2PhFzk=,JhVlUYpLicpDfN9ycRM2jp9yORY=
19,137,TsInERUs2CWstLqYvpuOg2PhFzk=,JhVlUYpLicpDfN9ycRM2jp9yORY=
18,137,TsInERUs2CWstLqYvpuOg2PhFzk=,JhVlUYpLicpDfN9ycRM2jp9yORY=
17,137,TsInERUs2CWstLqYvpuOg2PhFzk=,JhVlUYpLicpDfN9ycRM2jp9yORY=
31,136,TsInERUs2CWstLqYvpuOg2PhFzk=,JhVlUYpLicpDfN9ycRM2jp9yORY=
16,137,TsInERUs2CWstLqYvpuOg2PhFzk=,JhVlUYpLicpDfN9ycRM2jp9yORY=
30,136,TsInERUs2CWstLqYvpuOg2PhFzk=,JhVlUYpLicpDfN9ycRM2jp9yORY=
29,136,TsInERUs2CWstLqYvpuOg2PhFzk=,JhVlUYpLicpDfN9ycRM2jp9yORY=
27,136,TsInERUs2CWstLqYvpuOg2PhFzk=,JhVlUYpLicpDfN9ycRM2jp9yORY=
28,136,TsInERUs2CWstLqYvpuOg2PhFzk=,JhVlUYpLicpDfN9ycRM2jp9yORY=
26,136,TsInERUs2CWstLqYvpuOg2PhFzk=,JhVlUYpLicpDfN9ycRM2jp9yORY=
24,136,TsInERUs2CWstLqYvpuOg2PhFzk=,JhVlUYpLicpDfN9ycRM2jp9yORY=
19,131,TsInERUs2CWstLqYvpuOg2PhFzk=,JhVlUYpLicpDfN9ycRM2jp9yORY=
25,136,TsInERUs2CWstLqYvpuOg2PhFzk=,JhVlUYpLicpDfN9ycRM2jp9yORY=
23,136,TsInERUs2CWstLqYvpuOg2PhFzk=,JhVlUYpLicpDfN9ycRM2jp9yORY=
22,136,TsInERUs2CWstLqYvpuOg2PhFzk=,JhVlUYpLicpDfN9ycRM2jp9yORY=
21,136,TsInERUs2CWstLqYvpuOg2PhFzk=,JhVlUYpLicpDfN9ycRM2jp9yORY=
20,136,TsInERUs2CWstLqYvpuOg2PhFzk=,JhVlUYpLicpDfN9ycRM2jp9yORY=
19,136,TsInERUs2CWstLqYvpuOg2PhFzk=,JhVlUYpLicpDfN9ycRM2jp9yORY=
17,136,TsInERUs2CWstLqYvpuOg2PhFzk=,JhVlUYpLicpDfN9ycRM2jp9yORY=
27,128,TsInERUs2CWstLqYvpuOg2PhFzk=,JhVlUYpLicpDfN9ycRM2jp9yORY=
18,136,TsInERUs2CWstLqYvpuOg2PhFzk=,JhVlUYpLicpDfN9ycRM2jp9yORY=
16,136,TsInERUs2CWstLqYvpuOg2PhFzk=,JhVlUYpLicpDfN9ycRM2jp9yORY=
31,135,TsInERUs2CWstLqYvpuOg2PhFzk=,JhVlUYpLicpDfN9ycRM2jp9yORY=
30,135,TsInERUs2CWstLqYvpuOg2PhFzk=,JhVlUYpLicpDfN9ycRM2jp9yORY=
28,135,TsInERUs2CWstLqYvpuOg2PhFzk=,JhVlUYpLicpDfN9ycRM2jp9yORY=
29,135,TsInERUs2CWstLqYvpuOg2PhFzk=,JhVlUYpLicpDfN9ycRM2jp9yORY=
26,135,TsInERUs2CWstLqYvpuOg2PhFzk=,JhVlUYpLicpDfN9ycRM2jp9yORY=
27,135,TsInERUs2CWstLqYvpuOg2PhFzk=,JhVlUYpLicpDfN9ycRM2jp9yORY=
25,135,TsInERUs2CWstLqYvpuOg2PhFzk=,JhVlUYpLicpDfN9ycRM2jp9yORY=
24,129,TsInERUs2CWstLqYvpuOg2PhFzk=,JhVlUYpLicpDfN9ycRM2jp9yORY=
18,131,TsInERUs2CWstLqYvpuOg2PhFzk=,JhVlUYpLicpDfN9ycRM2jp9yORY=
24,135,TsInERUs2CWstLqYvpuOg2PhFzk=,JhVlUYpLicpDfN9ycRM2jp9yORY=
23,135,TsInERUs2CWstLqYvpuOg2PhFzk=,JhVlUYpLicpDfN9ycRM2jp9yORY=
22,135,TsInERUs2CWstLqYvpuOg2PhFzk=,JhVlUYpLicpDfN9ycRM2jp9yORY=
21,135,TsInERUs2CWstLqYvpuOg2PhFzk=,JhVlUYpLicpDfN9ycRM2jp9yORY=
19,135,TsInERUs2CWstLqYvpuOg2PhFzk=,JhVlUYpLicpDfN9ycRM2jp9yORY=
20,135,TsInERUs2CWstLqYvpuOg2PhFzk=,JhVlUYpLicpDfN9ycRM2jp9yORY=
18,135,TsInERUs2CWstLqYvpuOg2PhFzk=,JhVlUYpLicpDfN9ycRM2jp9yORY=
17,135,TsInERUs2CWstLqYvpuOg2PhFzk=,JhVlUYpLicpDfN9ycRM2jp9yORY=
16,135,TsInERUs2CWstLqYvpuOg2PhFzk=,JhVlUYpLicpDfN9ycRM2jp9yORY=
30,134,TsInERUs2CWstLqYvpuOg2PhFzk=,JhVlUYpLicpDfN9ycRM2jp9yORY=
31,134,TsInERUs2CWstLqYvpuOg2PhFzk=,JhVlUYpLicpDfN9ycRM2jp9yORY=
26,129,TsInERUs2CWstLqYvpuOg2PhFzk=,JhVlUYpLicpDfN9ycRM2jp9yORY=
28,134,TsInERUs2CWstLqYvpuOg2PhFzk=,JhVlUYpLicpDfN9ycRM2jp9yORY=
29,134,TsInERUs2CWstLqYvpuOg2PhFzk=,JhVlUYpLicpDfN9ycRM2jp9yORY=
27,134,TsInERUs2CWstLqYvpuOg2PhFzk=,JhVlUYpLicpDfN9ycRM2jp9yORY=
26,134,TsInERUs2CWstLqYvpuOg2PhFzk=,JhVlUYpLicpDfN9ycRM2jp9yORY=
25,129,TsInERUs2CWstLqYvpuOg2PhFzk=,JhVlUYpLicpDfN9ycRM2jp9yORY=
17,131,TsInERUs2CWstLqYvpuOg2PhFzk=,JhVlUYpLicpDfN9ycRM2jp9yORY=
25,134,TsInERUs2CWstLqYvpuOg2PhFzk=,JhVlUYpLicpDfN9ycRM2jp9yORY=
24,134,TsInERUs2CWstLqYvpuOg2PhFzk=,JhVlUYpLicpDfN9ycRM2jp9yORY=
23,134,TsInERUs2CWstLqYvpuOg2PhFzk=,JhVlUYpLicpDfN9ycRM2jp9yORY=
22,134,TsInERUs2CWstLqYvpuOg2PhFzk=,JhVlUYpLicpDfN9ycRM2jp9yORY=
21,134,TsInERUs2CWstLqYvpuOg2PhFzk=,JhVlUYpLicpDfN9ycRM2jp9yORY=
19,134,TsInERUs2CWstLqYvpuOg2PhFzk=,JhVlUYpLicpDfN9ycRM2jp9yORY=
20,134,TsInERUs2CWstLqYvpuOg2PhFzk=,JhVlUYpLicpDfN9ycRM2jp9yORY=
18,134,TsInERUs2CWstLqYvpuOg2PhFzk=,JhVlUYpLicpDfN9ycRM2jp9yORY=
17,134,TsInERUs2CWstLqYvpuOg2PhFzk=,JhVlUYpLicpDfN9ycRM2jp9yORY=
16,134,TsInERUs2CWstLqYvpuOg2PhFzk=,JhVlUYpLicpDfN9ycRM2jp9yORY=
31,133,TsInERUs2CWstLqYvpuOg2PhFzk=,JhVlUYpLicpDfN9ycRM2jp9yORY=
30,133,TsInERUs2CWstLqYvpuOg2PhFzk=,JhVlUYpLicpDfN9ycRM2jp9yORY=
29,133,TsInERUs2CWstLqYvpuOg2PhFzk=,JhVlUYpLicpDfN9ycRM2jp9yORY=
28,133,TsInERUs2CWstLqYvpuOg2PhFzk=,JhVlUYpLicpDfN9ycRM2jp9yORY=
27,133,TsInERUs2CWstLqYvpuOg2PhFzk=,JhVlUYpLicpDfN9ycRM2jp9yORY=
16,131,TsInERUs2CWstLqYvpuOg2PhFzk=,JhVlUYpLicpDfN9ycRM2jp9yORY=
18,128,TsInERUs2CWstLqYvpuOg2PhFzk=,JhVlUYpLicpDfN9ycRM2jp9yORY=
26,133,TsInERUs2CWstLqYvpuOg2PhFzk=,JhVlUYpLicpDfN9ycRM2jp9yORY=
25,133,TsInERUs2CWstLqYvpuOg2PhFzk=,JhVlUYpLicpDfN9ycRM2jp9yORY=
24,133,TsInERUs2CWstLqYvpuOg2PhFzk=,JhVlUYpLicpDfN9ycRM2jp9yORY=
23,133,TsInERUs2CWstLqYvpuOg2PhFzk=,JhVlUYpLicpDfN9ycRM2jp9yORY=
22,133,TsInERUs2CWstLqYvpuOg2PhFzk=,JhVlUYpLicpDfN9ycRM2jp9yORY=
21,133,TsInERUs2CWstLqYvpuOg2PhFzk=,JhVlUYpLicpDfN9ycRM2jp9yORY=
20,133,TsInERUs2CWstLqYvpuOg2PhFzk=,JhVlUYpLicpDfN9ycRM2jp9yORY=
18,133,TsInERUs2CWstLqYvpuOg2PhFzk=,JhVlUYpLicpDfN9ycRM2jp9yORY=
19,133,TsInERUs2CWstLqYvpuOg2PhFzk=,JhVlUYpLicpDfN9ycRM2jp9yORY=
23,129,TsInERUs2CWstLqYvpuOg2PhFzk=,JhVlUYpLicpDfN9ycRM2jp9yORY=
17,133,TsInERUs2CWstLqYvpuOg2PhFzk=,JhVlUYpLicpDfN9ycRM2jp9yORY=
16,133,TsInERUs2CWstLqYvpuOg2PhFzk=,JhVlUYpLicpDfN9ycRM2jp9yORY=
31,132,TsInERUs2CWstLqYvpuOg2PhFzk=,JhVlUYpLicpDfN9ycRM2jp9yORY=
30,132,TsInERUs2CWstLqYvpuOg2PhFzk=,JhVlUYpLicpDfN9ycRM2jp9yORY=
29,132,TsInERUs2CWstLqYvpuOg2PhFzk=,JhVlUYpLicpDfN9ycRM2jp9yORY=
28,132,TsInERUs2CWstLqYvpuOg2PhFzk=,JhVlUYpLicpDfN9ycRM2jp9yORY=
26,128,TsInERUs2CWstLqYvpuOg2PhFzk=,JhVlUYpLicpDfN9ycRM2jp9yORY=
31,130,TsInERUs2CWstLqYvpuOg2PhFzk=,JhVlUYpLicpDfN9ycRM2jp9yORY=
27,132,TsInERUs2CWstLqYvpuOg2PhFzk=,JhVlUYpLicpDfN9ycRM2jp9yORY=
26,132,TsInERUs2CWstLqYvpuOg2PhFzk=,JhVlUYpLicpDfN9ycRM2jp9yORY=
25,132,TsInERUs2CWstLqYvpuOg2PhFzk=,JhVlUYpLicpDfN9ycRM2jp9yORY=
24,132,TsInERUs2CWstLqYvpuOg2PhFzk=,JhVlUYpLicpDfN9ycRM2jp9yORY=
23,132,TsInERUs2CWstLqYvpuOg2PhFzk=,JhVlUYpLicpDfN9ycRM2jp9yORY=
22,132,TsInERUs2CWstLqYvpuOg2PhFzk=,JhVlUYpLicpDfN9ycRM2jp9yORY=
21,132,TsInERUs2CWstLqYvpuOg2PhFzk=,JhVlUYpLicpDfN9ycRM2jp9yORY=
19,132,TsInERUs2CWstLqYvpuOg2PhFzk=,JhVlUYpLicpDfN9ycRM2jp9yORY=
20,132,TsInERUs2CWstLqYvpuOg2PhFzk=,JhVlUYpLicpDfN9ycRM2jp9yORY=
18,132,TsInERUs2CWstLqYvpuOg2PhFzk=,JhVlUYpLicpDfN9ycRM2jp9yORY=
17,132,TsInERUs2CWstLqYvpuOg2PhFzk=,JhVlUYpLicpDfN9ycRM2jp9yORY=
22,129,TsInERUs2CWstLqYvpuOg2PhFzk=,JhVlUYpLicpDfN9ycRM2jp9yORY=
16,132,TsInERUs2CWstLqYvpuOg2PhFzk=,JhVlUYpLicpDfN9ycRM2jp9yORY=
31,131,TsInERUs2CWstLqYvpuOg2PhFzk=,JhVlUYpLicpDfN9ycRM2jp9yORY=
19,128,TsInERUs2CWstLqYvpuOg2PhFzk=,JhVlUYpLicpDfN9ycRM2jp9yORY=
29,131,TsInERUs2CWstLqYvpuOg2PhFzk=,JhVlUYpLicpDfN9ycRM2jp9yORY=
30,131,TsInERUs2CWstLqYvpuOg2PhFzk=,JhVlUYpLicpDfN9ycRM2jp9yORY=
20,129,TsInERUs2CWstLqYvpuOg2PhFzk=,JhVlUYpLicpDfN9ycRM2jp9yORY=
18,139,TsInERUs2CWstLqYvpuOg2PhFzk=,JhVlUYpLicpDfN9ycRM2jp9yORY=
16,128,TsInERUs2CWstLqYvpuOg2PhFzk=,JhVlUYpLicpDfN9ycRM2jp9yORY=
29,137,TsInERUs2CWstLqYvpuOg2PhFzk=,JhVlUYpLicpDfN9ycRM2jp9yORY=
21,129,TsInERUs2CWstLqYvpuOg2PhFzk=,JhVlUYpLicpDfN9ycRM2jp9yORY=
25,142,TsInERUs2CWstLqYvpuOg2PhFzk=,JhVlUYpLicpDfN9ycRM2jp9yORY=
24,128,TsInERUs2CWstLqYvpuOg2PhFzk=,JhVlUYpLicpDfN9ycRM2jp9yORY=
19,129,TsInERUs2CWstLqYvpuOg2PhFzk=,JhVlUYpLicpDfN9ycRM2jp9yORY=
25,128,TsInERUs2CWstLqYvpuOg2PhFzk=,JhVlUYpLicpDfN9ycRM2jp9yORY=
20,128,TsInERUs2CWstLqYvpuOg2PhFzk=,JhVlUYpLicpDfN9ycRM2jp9yORY=
17,129,TsInERUs2CWstLqYvpuOg2PhFzk=,JhVlUYpLicpDfN9ycRM2jp9yORY=
17,128,TsInERUs2CWstLqYvpuOg2PhFzk=,JhVlUYpLicpDfN9ycRM2jp9yORY=
23,128,TsInERUs2CWstLqYvpuOg2PhFzk=,JhVlUYpLicpDfN9ycRM2jp9yORY=
21,128,TsInERUs2CWstLqYvpuOg2PhFzk=,JhVlUYpLicpDfN9ycRM2jp9yORY=
18,129,TsInERUs2CWstLqYvpuOg2PhFzk=,JhVlUYpLicpDfN9ycRM2jp9yORY=
22,128,TsInERUs2CWstLqYvpuOg2PhFzk=,JhVlUYpLicpDfN9ycRM2jp9yORY=
16,129,TsInERUs2CWstLqYvpuOg2PhFzk=,JhVlUYpLicpDfN9ycRM2jp9yORY=
