-352,-320,K8imwVEmhcopkhEH5SQEjoy4tHs=,4CoW92R1M5wi+LZayB6qAHm5hRU=
-337,-319,K8imwVEmhcopkhEH5SQEjoy4tHs=,4CoW92R1M5wi+LZayB6qAHm5hRU=
-351,-318,K8imwVEmhcopkhEH5SQEjoy4tHs=,4CoW92R1M5wi+LZayB6qAHm5hRU=
-352,-318,K8imwVEmhcopkhEH5SQEjoy4tHs=,4CoW92R1M5wi+LZayB6qAHm5hRU=
-350,-318,K8imwVEmhcopkhEH5SQEjoy4tHs=,4CoW92R1M5wi+LZayB6qAHm5hRU=
-347,-318,K8imwVEmhcopkhEH5SQEjoy4tHs=,4CoW92R1M5wi+LZayB6qAHm5hRU=
-348,-318,K8imwVEmhcopkhEH5SQEjoy4tHs=,4CoW92R1M5wi+LZayB6qAHm5hRU=
-349,-318,K8imwVEmhcopkhEH5SQEjoy4tHs=,4CoW92R1M5wi+LZayB6qAHm5hRU=
-346,-318,K8imwVEmhcopkhEH5SQEjoy4tHs=,4CoW92R1M5wi+LZayB6qAHm5hRU=
-345,-318,K8imwVEmhcopkhEH5SQEjoy4tHs=,4CoW92R1M5wi+LZayB6qAHm5hRU=
-344,-318,K8imwVEmhcopkhEH5SQEjoy4tHs=,4CoW92R1M5wi+LZayB6qAHm5hRU=
-343,-318,K8imwVEmhcopkhEH5SQEjoy4tHs=,4CoW92R1M5wi+LZayB6qAHm5hRU=
-342,-318,K8imwVEmhcopkhEH5SQEjoy4tHs=,4CoW92R1M5wi+LZayB6qAHm5hRU=
-341,-318,K8imwVEmhcopkhEH5SQEjoy4tHs=,4CoW92R1M5wi+LZayB6qAHm5hRU=
-352,-319,K8imwVEmhcopkhEH5SQEjoy4tHs=,4CoW92R1M5wi+LZayB6qAHm5hRU=
-339,-318,K8imwVEmhcopkhEH5SQEjoy4tHs=,4CoW92R1M5wi+LZayB6qAHm5hRU=
-338,-318,K8imwVEmhcopkhEH5SQEjoy4tHs=,4CoW92R1M5wi+LZayB6qAHm5hRU=
-337,-318,K8imwVEmhcopkhEH5SQEjoy4tHs=,4CoW92R1M5wi+LZayB6qAHm5hRU=
-340,-318,K8imwVEmhcopkhEH5SQEjoy4tHs=,4CoW92R1M5wi+LZayB6qAHm5hRU=
-352,-317,K8imwVEmhcopkhEH5SQEjoy4tHs=,4CoW92R1M5wi+LZayB6qAHm5hRU=
-350,-317,K8imwVEmhcopkhEH5SQEjoy4tHs=,4CoW92R1M5wi+LZayB6qAHm5hRU=
-351,-317,K8imwVEmhcopkhEH5SQEjoy4tHs=,4CoW92R1M5wi+LZayB6qAHm5hRU=
-349,-317,K8imwVEmhcopkhEH5SQEjoy4tHs=,4CoW92R1M5wi+LZayB6qAHm5hRU=
-347,-317,K8imwVEmhcopkhEH5SQEjoy4tHs=,4CoW92R1M5wi+LZayB6qAHm5hRU=
-346,-317,K8imwVEmhcopkhEH5SQEjoy4tHs=,4CoW92R1M5wi+LZayB6qAHm5hRU=
-348,-317,K8imwVEmhcopkhEH5SQEjoy4tHs=,4CoW92R1M5wi+LZayB6qAHm5hRU=
-345,-317,K8imwVEmhcopkhEH5SQEjoy4tHs=,4CoW92R1M5wi+LZayB6qAHm5hRU=
-344,-317,K8imwVEmhcopkhEH5SQEjoy4tHs=,4CoW92R1M5wi+LZayB6qAHm5hRU=
-343,-317,K8imwVEmhcopkhEH5SQEjoy4tHs=,4CoW92R1M5wi+LZayB6qAHm5hRU=
-337,-320,K8imwVEmhcopkhEH5SQEjoy4tHs=,4CoW92R1M5wi+LZayB6qAHm5hRU=
-342,-317,K8imwVEmhcopkhEH5SQEjoy4tHs=,4CoW92R1M5wi+LZayB6qAHm5hRU=
-341,-317,K8imwVEmhcopkhEH5SQEjoy4tHs=,4CoW92R1M5wi+LZayB6qAHm5hRU=
-338,-319,K8imwVEmhcopkhEH5SQEjoy4tHs=,4CoW92R1M5wi+LZayB6qAHm5hRU=
-340,-317,K8imwVEmhcopkhEH5SQEjoy4tHs=,4CoW92R1M5wi+LZayB6qAHm5hRU=
-351,-319,K8imwVEmhcopkhEH5SQEjoy4tHs=,4CoW92R1M5wi+LZayB6qAHm5hRU=
-337,-305,K8imwVEmhcopkhEH5SQEjoy4tHs=,4CoW92R1M5wi+LZayB6qAHm5hRU=
-339,-305,K8imwVEmhcopkhEH5SQEjoy4tHs=,4CoW92R1M5wi+LZayB6qAHm5hRU=
-338,-305,K8imwVEmhcopkhEH5SQEjoy4tHs=,4CoW92R1M5wi+LZayB6qAHm5hRU=
-337,-317,K8imwVEmhcopkhEH5SQEjoy4tHs=,4CoW92R1M5wi+LZayB6qAHm5hRU=
-338,-317,K8imwVEmhcopkhEH5SQEjoy4tHs=,4CoW92R1M5wi+LZayB6qAHm5hRU=
-339,-317,K8imwVEmhcopkhEH5SQEjoy4tHs=,4CoW92R1M5wi+LZayB6qAHm5hRU=
-340,-305,K8imwVEmhcopkhEH5SQEjoy4tHs=,4CoW92R1M5wi+LZayB6qAHm5hRU=
-352,-316,K8imwVEmhcopkhEH5SQEjoy4tHs=,4CoW92R1M5wi+LZayB6qAHm5hRU=
-341,-305,K8imwVEmhcopkhEH5SQEjoy4tHs=,4CoW92R1M5wi+LZayB6qAHm5hRU=
-351,-316,K8imwVEmhcopkhEH5SQEjoy4tHs=,4CoW92R1M5wi+LZayB6qAHm5hRU=
-342,-305,K8imwVEmhcopkhEH5SQEjoy4tHs=,4CoW92R1M5wi+LZayB6qAHm5hRU=
-350,-316,K8imwVEmhcopkhEH5SQEjoy4tHs=,4CoW92R1M5wi+LZayB6qAHm5hRU=
-343,-305,K8imwVEmhcopkhEH5SQEjoy4tHs=,4CoW92R1M5wi+LZayB6qAHm5hRU=
-349,-316,K8imwVEmhcopkhEH5SQEjoy4tHs=,4CoW92R1M5wi+LZayB6qAHm5hRU=
-344,-305,K8imwVEmhcopkhEH5SQEjoy4tHs=,4CoW92R1M5wi+LZayB6qAHm5hRU=
-348,-316,K8imwVEmhcopkhEH5SQEjoy4tHs=,4CoW92R1M5wi+LZayB6qAHm5hRU=
-345,-305,K8imwVEmhcopkhEH5SQEjoy4tHs=,4CoW92R1M5wi+LZayB6qAHm5hRU=
-347,-316,K8imwVEmhcopkhEH5SQEjoy4tHs=,4CoW92R1M5wi+LZayB6qAHm5hRU=
-346,-316,K8imwVEmhcopkhEH5SQEjoy4tHs=,4CoW92R1M5wi+LZayB6qAHm5hRU=
-345,-316,K8imwVEmhcopkhEH5SQEjoy4tHs=,4CoW92R1M5wi+LZayB6qAHm5hRU=
-346,-305,K8imwVEmhcopkhEH5SQEjoy4tHs=,4CoW92R1M5wi+LZayB6qAHm5hRU=
-344,-316,K8imwVEmhcopkhEH5SQEjoy4tHs=,4CoW92R1M5wi+LZayB6qAHm5hRU=
-347,-305,K8imwVEmhcopkhEH5SQEjoy4tHs=,4CoW92R1M5wi+LZayB6qAHm5hRU=
-343,-316,K8imwVEmhcopkhEH5SQEjoy4tHs=,4CoW92R1M5wi+LZayB6qAHm5hRU=
-348,-305,K8imwVEmhcopkhEH5SQEjoy4tHs=,4CoW92R1M5wi+LZayB6qAHm5hRU=
-349,-305,K8imwVEmhcopkhEH5SQEjoy4tHs=,4CoW92R1M5wi+LZayB6qAHm5hRU=
-342,-316,K8imwVEmhcopkhEH5SQEjoy4tHs=,4CoW92R1M5wi+LZayB6qAHm5hRU=
-341,-316,K8imwVEmhcopkhEH5SQEjoy4tHs=,4CoW92R1M5wi+LZayB6qAHm5hRU=
-350,-319,K8imwVEmhcopkhEH5SQEjoy4tHs=,4CoW92R1M5wi+LZayB6qAHm5hRU=
-340,-316,K8imwVEmhcopkhEH5SQEjoy4tHs=,4CoW92R1M5wi+LZayB6qAHm5hRU=
-350,-305,K8imwVEmhcopkhEH5SQEjoy4tHs=,4CoW92R1M5wi+LZayB6qAHm5hRU=
-338,-320,K8imwVEmhcopkhEH5SQEjoy4tHs=,4CoW92R1M5wi+LZayB6qAHm5hRU=
-351,-305,K8imwVEmhcopkhEH5SQEjoy4tHs=,4CoW92R1M5wi+LZayB6qAHm5hRU=
-339,-316,K8imwVEmhcopkhEH5SQEjoy4tHs=,4CoW92R1M5wi+LZayB6qAHm5hRU=
-338,-316,K8imwVEmhcopkhEH5SQEjoy4tHs=,4CoW92R1M5wi+LZayB6qAHm5hRU=
-337,-316,K8imwVEmhcopkhEH5SQEjoy4tHs=,4CoW92R1M5wi+LZayB6qAHm5hRU=
-339,-320,K8imwVEmhcopkhEH5SQEjoy4tHs=,4CoW92R1M5wi+LZayB6qAHm5hRU=
-340,-320,K8imwVEmhcopkhEH5SQEjoy4tHs=,4CoW92R1M5wi+LZayB6qAHm5hRU=
-352,-315,K8imwVEmhcopkhEH5SQEjoy4tHs=,4CoW92R1M5wi+LZayB6qAHm5hRU=
-351,-315,K8imwVEmhcopkhEH5SQEjoy4tHs=,4CoW92R1M5wi+LZayB6qAHm5hRU=
-341,-320,K8imwVEmhcopkhEH5SQEjoy4tHs=,4CoW92R1M5wi+LZayB6qAHm5hRU=
-350,-315,K8imwVEmhcopkhEH5SQEjoy4tHs=,4CoW92R1M5wi+LZayB6qAHm5hRU=
-342,-320,K8imwVEmhcopkhEH5SQEjoy4tHs=,4CoW92R1M5wi+LZayB6qAHm5hRU=
-349,-315,K8imwVEmhcopkhEH5SQEjoy4tHs=,4CoW92R1M5wi+LZayB6qAHm5hRU=
-343,-320,K8imwVEmhcopkhEH5SQEjoy4tHs=,4CoW92R1M5wi+LZayB6qAHm5hRU=
-348,-315,K8imwVEmhcopkhEH5SQEjoy4tHs=,4CoW92R1M5wi+LZayB6qAHm5hRU=
-344,-320,K8imwVEmhcopkhEH5SQEjoy4tHs=,4CoW92R1M5wi+LZayB6qAHm5hRU=
-345,-320,K8imwVEmhcopkhEH5SQEjoy4tHs=,4CoW92R1M5wi+LZayB6qAHm5hRU=
-346,-320,K8imwVEmhcopkhEH5SQEjoy4tHs=,4CoW92R1M5wi+LZayB6qAHm5hRU=
-347,-315,K8imwVEmhcopkhEH5SQEjoy4tHs=,4CoW92R1M5wi+LZayB6qAHm5hRU=
-346,-315,K8imwVEmhcopkhEH5SQEjoy4tHs=,4CoW92R1M5wi+LZayB6qAHm5hRU=
-347,-320,K8imwVEmhcopkhEH5SQEjoy4tHs=,4CoW92R1M5wi+LZayB6qAHm5hRU=
-345,-315,K8imwVEmhcopkhEH5SQEjoy4tHs=,4CoW92R1M5wi+LZayB6qAHm5hRU=
-348,-320,K8imwVEmhcopkhEH5SQEjoy4tHs=,4CoW92R1M5wi+LZayB6qAHm5hRU=
-344,-315,K8imwVEmhcopkhEH5SQEjoy4tHs=,4CoW92R1M5wi+LZayB6qAHm5hRU=
-350,-320,K8imwVEmhcopkhEH5SQEjoy4tHs=,4CoW92R1M5wi+LZayB6qAHm5hRU=
-342,-315,K8imwVEmhcopkhEH5SQEjoy4tHs=,4CoW92R1M5wi+LZayB6qAHm5hRU=
-343,-315,K8imwVEmhcopkhEH5SQEjoy4tHs=,4CoW92R1M5wi+LZayB6qAHm5hRU=
-349,-319,K8imwVEmhcopkhEH5SQEjoy4tHs=,4CoW92R1M5wi+LZayB6qAHm5hRU=
-351,-320,K8imwVEmhcopkhEH5SQEjoy4tHs=,4CoW92R1M5wi+LZayB6qAHm5hRU=
-339,-319,K8imwVEmhcopkhEH5SQEjoy4tHs=,4CoW92R1M5wi+LZayB6qAHm5hRU=
-341,-315,K8imwVEmhcopkhEH5SQEjoy4tHs=,4CoW92R1M5wi+LZayB6qAHm5hRU=
-352,-305,K8imwVEmhcopkhEH5SQEjoy4tHs=,4CoW92R1M5wi+LZayB6qAHm5hRU=
-337,-306,K8imwVEmhcopkhEH5SQEjoy4tHs=,4CoW92R1M5wi+LZayB6qAHm5hRU=
-349,-320,K8imwVEmhcopkhEH5SQEjoy4tHs=,4CoW92R1M5wi+LZayB6qAHm5hRU=
-340,-315,K8imwVEmhcopkhEH5SQEjoy4tHs=,4CoW92R1M5wi+LZayB6qAHm5hRU=
-338,-306,K8imwVEmhcopkhEH5SQEjoy4tHs=,4CoW92R1M5wi+LZayB6qAHm5hRU=
-339,-315,K8imwVEmhcopkhEH5SQEjoy4tHs=,4CoW92R1M5wi+LZayB6qAHm5hRU=
-338,-315,K8imwVEmhcopkhEH5SQEjoy4tHs=,4CoW92R1M5wi+LZayB6qAHm5hRU=
-339,-306,K8imwVEmhcopkhEH5SQEjoy4tHs=,4CoW92R1M5wi+LZayB6qAHm5hRU=
-337,-315,K8imwVEmhcopkhEH5SQEjoy4tHs=,4CoW92R1M5wi+LZayB6qAHm5hRU=
-340,-306,K8imwVEmhcopkhEH5SQEjoy4tHs=,4CoW92R1M5wi+LZayB6qAHm5hRU=
-341,-306,K8imwVEmhcopkhEH5SQEjoy4tHs=,4CoW92R1M5wi+LZayB6qAHm5hRU=
-352,-314,K8imwVEmhcopkhEH5SQEjoy4tHs=,4CoW92R1M5wi+LZayB6qAHm5hRU=
-343,-306,K8imwVEmhcopkhEH5SQEjoy4tHs=,4CoW92R1M5wi+LZayB6qAHm5hRU=
-342,-306,K8imwVEmhcopkhEH5SQEjoy4tHs=,4CoW92R1M5wi+LZayB6qAHm5hRU=
-344,-306,K8imwVEmhcopkhEH5SQEjoy4tHs=,4CoW92R1M5wi+LZayB6qAHm5hRU=
-351,-314,K8imwVEmhcopkhEH5SQEjoy4tHs=,4CoW92R1M5wi+LZayB6qAHm5hRU=
-350,-314,K8imwVEmhcopkhEH5SQEjoy4tHs=,4CoW92R1M5wi+LZayB6qAHm5hRU=
-345,-306,K8imwVEmhcopkhEH5SQEjoy4tHs=,4CoW92R1M5wi+LZayB6qAHm5hRU=
-347,-306,K8imwVEmhcopkhEH5SQEjoy4tHs=,4CoW92R1M5wi+LZayB6qAHm5hRU=
-349,-314,K8imwVEmhcopkhEH5SQEjoy4tHs=,4CoW92R1M5wi+LZayB6qAHm5hRU=
-348,-306,K8imwVEmhcopkhEH5SQEjoy4tHs=,4CoW92R1M5wi+LZayB6qAHm5hRU=
-349,-306,K8imwVEmhcopkhEH5SQEjoy4tHs=,4CoW92R1M5wi+LZayB6qAHm5hRU=
-346,-306,K8imwVEmhcopkhEH5SQEjoy4tHs=,4CoW92R1M5wi+LZayB6qAHm5hRU=
-347,-314,K8imwVEmhcopkhEH5SQEjoy4tHs=,4CoW92R1M5wi+LZayB6qAHm5hRU=
-348,-314,K8imwVEmhcopkhEH5SQEjoy4tHs=,4CoW92R1M5wi+LZayB6qAHm5hRU=
-352,-306,K8imwVEmhcopkhEH5SQEjoy4tHs=,4CoW92R1M5wi+LZayB6qAHm5hRU=
-340,-319,K8imwVEmhcopkhEH5SQEjoy4tHs=,4CoW92R1M5wi+LZayB6qAHm5hRU=
-351,-306,K8imwVEmhcopkhEH5SQEjoy4tHs=,4CoW92R1M5wi+LZayB6qAHm5hRU=
-338,-307,K8imwVEmhcopkhEH5SQEjoy4tHs=,4CoW92R1M5wi+LZayB6qAHm5hRU=
-337,-307,K8imwVEmhcopkhEH5SQEjoy4tHs=,4CoW92R1M5wi+LZayB6qAHm5hRU=
-340,-307,K8imwVEmhcopkhEH5SQEjoy4tHs=,4CoW92R1M5wi+LZayB6qAHm5hRU=
-339,-307,K8imwVEmhcopkhEH5SQEjoy4tHs=,4CoW92R1M5wi+LZayB6qAHm5hRU=
-342,-307,K8imwVEmhcopkhEH5SQEjoy4tHs=,4CoW92R1M5wi+LZayB6qAHm5hRU=
-345,-314,K8imwVEmhcopkhEH5SQEjoy4tHs=,4CoW92R1M5wi+LZayB6qAHm5hRU=
-344,-307,K8imwVEmhcopkhEH5SQEjoy4tHs=,4CoW92R1M5wi+LZayB6qAHm5hRU=
-341,-307,K8imwVEmhcopkhEH5SQEjoy4tHs=,4CoW92R1M5wi+LZayB6qAHm5hRU=
-347,-307,K8imwVEmhcopkhEH5SQEjoy4tHs=,4CoW92R1M5wi+LZayB6qAHm5hRU=
-345,-307,K8imwVEmhcopkhEH5SQEjoy4tHs=,4CoW92R1M5wi+LZayB6qAHm5hRU=
-346,-307,K8imwVEmhcopkhEH5SQEjoy4tHs=,4CoW92R1M5wi+LZayB6qAHm5hRU=
-350,-306,K8imwVEmhcopkhEH5SQEjoy4tHs=,4CoW92R1M5wi+LZayB6qAHm5hRU=
-344,-314,K8imwVEmhcopkhEH5SQEjoy4tHs=,4CoW92R1M5wi+LZayB6qAHm5hRU=
-348,-307,K8imwVEmhcopkhEH5SQEjoy4tHs=,4CoW92R1M5wi+LZayB6qAHm5hRU=
-343,-307,K8imwVEmhcopkhEH5SQEjoy4tHs=,4CoW92R1M5wi+LZayB6qAHm5hRU=
-341,-319,K8imwVEmhcopkhEH5SQEjoy4tHs=,4CoW92R1M5wi+LZayB6qAHm5hRU=
-349,-307,K8imwVEmhcopkhEH5SQEjoy4tHs=,4CoW92R1M5wi+LZayB6qAHm5hRU=
-350,-307,K8imwVEmhcopkhEH5SQEjoy4tHs=,4CoW92R1M5wi+LZayB6qAHm5hRU=
-346,-314,K8imwVEmhcopkhEH5SQEjoy4tHs=,4CoW92R1M5wi+LZayB6qAHm5hRU=
-343,-314,K8imwVEmhcopkhEH5SQEjoy4tHs=,4CoW92R1M5wi+LZayB6qAHm5hRU=
-352,-307,K8imwVEmhcopkhEH5SQEjoy4tHs=,4CoW92R1M5wi+LZayB6qAHm5hRU=
-337,-308,K8imwVEmhcopkhEH5SQEjoy4tHs=,4CoW92R1M5wi+LZayB6qAHm5hRU=
-351,-307,K8imwVEmhcopkhEH5SQEjoy4tHs=,4CoW92R1M5wi+LZayB6qAHm5hRU=
-340,-308,K8imwVEmhcopkhEH5SQEjoy4tHs=,4CoW92R1M5wi+LZayB6qAHm5hRU=
-343,-308,K8imwVEmhcopkhEH5SQEjoy4tHs=,4CoW92R1M5wi+LZayB6qAHm5hRU=
-341,-308,K8imwVEmhcopkhEH5SQEjoy4tHs=,4CoW92R1M5wi+LZayB6qAHm5hRU=
-339,-308,K8imwVEmhcopkhEH5SQEjoy4tHs=,4CoW92R1M5wi+LZayB6qAHm5hRU=
-344,-308,K8imwVEmhcopkhEH5SQEjoy4tHs=,4CoW92R1M5wi+LZayB6qAHm5hRU=
-338,-308,K8imwVEmhcopkhEH5SQEjoy4tHs=,4CoW92R1M5wi+LZayB6qAHm5hRU=
-345,-308,K8imwVEmhcopkhEH5SQEjoy4tHs=,4CoW92R1M5wi+LZayB6qAHm5hRU=
-342,-308,K8imwVEmhcopkhEH5SQEjoy4tHs=,4CoW92R1M5wi+LZayB6qAHm5hRU=
-348,-308,K8imwVEmhcopkhEH5SQEjoy4tHs=,4CoW92R1M5wi+LZayB6qAHm5hRU=
-346,-308,K8imwVEmhcopkhEH5SQEjoy4tHs=,4CoW92R1M5wi+LZayB6qAHm5hRU=
-347,-308,K8imwVEmhcopkhEH5SQEjoy4tHs=,4CoW92R1M5wi+LZayB6qAHm5hRU=
-351,-308,K8imwVEmhcopkhEH5SQEjoy4tHs=,4CoW92R1M5wi+LZayB6qAHm5hRU=
-350,-308,K8imwVEmhcopkhEH5SQEjoy4tHs=,4CoW92R1M5wi+LZayB6qAHm5hRU=
-342,-319,K8imwVEmhcopkhEH5SQEjoy4tHs=,4CoW92R1M5wi+LZayB6qAHm5hRU=
-337,-309,K8imwVEmhcopkhEH5SQEjoy4tHs=,4CoW92R1M5wi+LZayB6qAHm5hRU=
-338,-309,K8imwVEmhcopkhEH5SQEjoy4tHs=,4CoW92R1M5wi+LZayB6qAHm5hRU=
-352,-308,K8imwVEmhcopkhEH5SQEjoy4tHs=,4CoW92R1M5wi+LZayB6qAHm5hRU=
-349,-308,K8imwVEmhcopkhEH5SQEjoy4tHs=,4CoW92R1M5wi+LZayB6qAHm5hRU=
-339,-309,K8imwVEmhcopkhEH5SQEjoy4tHs=,4CoW92R1M5wi+LZayB6qAHm5hRU=
-340,-309,K8imwVEmhcopkhEH5SQEjoy4tHs=,4CoW92R1M5wi+LZayB6qAHm5hRU=
-341,-309,K8imwVEmhcopkhEH5SQEjoy4tHs=,4CoW92R1M5wi+LZayB6qAHm5hRU=
-343,-309,K8imwVEmhcopkhEH5SQEjoy4tHs=,4CoW92R1M5wi+LZayB6qAHm5hRU=
-342,-309,K8imwVEmhcopkhEH5SQEjoy4tHs=,4CoW92R1M5wi+LZayB6qAHm5hRU=
-344,-309,K8imwVEmhcopkhEH5SQEjoy4tHs=,4CoW92R1M5wi+LZayB6qAHm5hRU=
-346,-309,K8imwVEmhcopkhEH5SQEjoy4tHs=,4CoW92R1M5wi+LZayB6qAHm5hRU=
-347,-309,K8imwVEmhcopkhEH5SQEjoy4tHs=,4CoW92R1M5wi+LZayB6qAHm5hRU=
-345,-309,K8imwVEmhcopkhEH5SQEjoy4tHs=,4CoW92R1M5wi+LZayB6qAHm5hRU=
-343,-319,K8imwVEmhcopkhEH5SQEjoy4tHs=,4CoW92R1M5wi+LZayB6qAHm5hRU=
-350,-309,K8imwVEmhcopkhEH5SQEjoy4tHs=,4CoW92R1M5wi+LZayB6qAHm5hRU=
-348,-309,K8imwVEmhcopkhEH5SQEjoy4tHs=,4CoW92R1M5wi+LZayB6qAHm5hRU=
-349,-309,K8imwVEmhcopkhEH5SQEjoy4tHs=,4CoW92R1M5wi+LZayB6qAHm5hRU=
-338,-310,K8imwVEmhcopkhEH5SQEjoy4tHs=,4CoW92R1M5wi+LZayB6qAHm5hRU=
-337,-310,K8imwVEmhcopkhEH5SQEjoy4tHs=,4CoW92R1M5wi+LZayB6qAHm5hRU=
-339,-310,K8imwVEmhcopkhEH5SQEjoy4tHs=,4CoW92R1M5wi+LZayB6qAHm5hRU=
-351,-309,K8imwVEmhcopkhEH5SQEjoy4tHs=,4CoW92R1M5wi+LZayB6qAHm5hRU=
-352,-309,K8imwVEmhcopkhEH5SQEjoy4tHs=,4CoW92R1M5wi+LZayB6qAHm5hRU=
-341,-310,K8imwVEmhcopkhEH5SQEjoy4tHs=,4CoW92R1M5wi+LZayB6qAHm5hRU=
-342,-310,K8imwVEmhcopkhEH5SQEjoy4tHs=,4CoW92R1M5wi+LZayB6qAHm5hRU=
-340,-310,K8imwVEmhcopkhEH5SQEjoy4tHs=,4CoW92R1M5wi+LZayB6qAHm5hRU=
-343,-310,K8imwVEmhcopkhEH5SQEjoy4tHs=,4CoW92R1M5wi+LZayB6qAHm5hRU=
-344,-310,K8imwVEmhcopkhEH5SQEjoy4tHs=,4CoW92R1M5wi+LZayB6qAHm5hRU=
-346,-310,K8imwVEmhcopkhEH5SQEjoy4tHs=,4CoW92R1M5wi+LZayB6qAHm5hRU=
-347,-310,K8imwVEmhcopkhEH5SQEjoy4tHs=,4CoW92R1M5wi+LZayB6qAHm5hRU=
-350,-310,K8imwVEmhcopkhEH5SQEjoy4tHs=,4CoW92R1M5wi+LZayB6qAHm5hRU=
-345,-310,K8imwVEmhcopkhEH5SQEjoy4tHs=,4CoW92R1M5wi+LZayB6qAHm5hRU=
-344,-319,K8imwVEmhcopkhEH5SQEjoy4tHs=,4CoW92R1M5wi+LZayB6qAHm5hRU=
-351,-310,K8imwVEmhcopkhEH5SQEjoy4tHs=,4CoW92R1M5wi+LZayB6qAHm5hRU=
-349,-310,K8imwVEmhcopkhEH5SQEjoy4tHs=,4CoW92R1M5wi+LZayB6qAHm5hRU=
-348,-310,K8imwVEmhcopkhEH5SQEjoy4tHs=,4CoW92R1M5wi+LZayB6qAHm5hRU=
-352,-310,K8imwVEmhcopkhEH5SQEjoy4tHs=,4CoW92R1M5wi+LZayB6qAHm5hRU=
-338,-311,K8imwVEmhcopkhEH5SQEjoy4tHs=,4CoW92R1M5wi+LZayB6qAHm5hRU=
-337,-311,K8imwVEmhcopkhEH5SQEjoy4tHs=,4CoW92R1M5wi+LZayB6qAHm5hRU=
-341,-311,K8imwVEmhcopkhEH5SQEjoy4tHs=,4CoW92R1M5wi+LZayB6qAHm5hRU=
-343,-311,K8imwVEmhcopkhEH5SQEjoy4tHs=,4CoW92R1M5wi+LZayB6qAHm5hRU=
-342,-311,K8imwVEmhcopkhEH5SQEjoy4tHs=,4CoW92R1M5wi+LZayB6qAHm5hRU=
-340,-311,K8imwVEmhcopkhEH5SQEjoy4tHs=,4CoW92R1M5wi+LZayB6qAHm5hRU=
-339,-311,K8imwVEmhcopkhEH5SQEjoy4tHs=,4CoW92R1M5wi+LZayB6qAHm5hRU=
-344,-311,K8imwVEmhcopkhEH5SQEjoy4tHs=,4CoW92R1M5wi+LZayB6qAHm5hRU=
-345,-311,K8imwVEmhcopkhEH5SQEjoy4tHs=,4CoW92R1M5wi+LZayB6qAHm5hRU=
-346,-311,K8imwVEmhcopkhEH5SQEjoy4tHs=,4CoW92R1M5wi+LZayB6qAHm5hRU=
-349,-311,K8imwVEmhcopkhEH5SQEjoy4tHs=,4CoW92R1M5wi+LZayB6qAHm5hRU=
-345,-319,K8imwVEmhcopkhEH5SQEjoy4tHs=,4CoW92R1M5wi+LZayB6qAHm5hRU=
-347,-311,K8imwVEmhcopkhEH5SQEjoy4tHs=,4CoW92R1M5wi+LZayB6qAHm5hRU=
-348,-311,K8imwVEmhcopkhEH5SQEjoy4tHs=,4CoW92R1M5wi+LZayB6qAHm5hRU=
-351,-311,K8imwVEmhcopkhEH5SQEjoy4tHs=,4CoW92R1M5wi+LZayB6qAHm5hRU=
-350,-311,K8imwVEmhcopkhEH5SQEjoy4tHs=,4CoW92R1M5wi+LZayB6qAHm5hRU=
-337,-312,K8imwVEmhcopkhEH5SQEjoy4tHs=,4CoW92R1M5wi+LZayB6qAHm5hRU=
-340,-312,K8imwVEmhcopkhEH5SQEjoy4tHs=,4CoW92R1M5wi+LZayB6qAHm5hRU=
-352,-311,K8imwVEmhcopkhEH5SQEjoy4tHs=,4CoW92R1M5wi+LZayB6qAHm5hRU=
-338,-312,K8imwVEmhcopkhEH5SQEjoy4tHs=,4CoW92R1M5wi+LZayB6qAHm5hRU=
-339,-312,K8imwVEmhcopkhEH5SQEjoy4tHs=,4CoW92R1M5wi+LZayB6qAHm5hRU=
-343,-312,K8imwVEmhcopkhEH5SQEjoy4tHs=,4CoW92R1M5wi+LZayB6qAHm5hRU=
-341,-312,K8imwVEmhcopkhEH5SQEjoy4tHs=,4CoW92R1M5wi+LZayB6qAHm5hRU=
-346,-319,K8imwVEmhcopkhEH5SQEjoy4tHs=,4CoW92R1M5wi+LZayB6qAHm5hRU=
-342,-312,K8imwVEmhcopkhEH5SQEjoy4tHs=,4CoW92R1M5wi+LZayB6qAHm5hRU=
-344,-312,K8imwVEmhcopkhEH5SQEjoy4tHs=,4CoW92R1M5wi+LZayB6qAHm5hRU=
-345,-312,K8imwVEmhcopkhEH5SQEjoy4tHs=,4CoW92R1M5wi+LZayB6qAHm5hRU=
-347,-312,K8imwVEmhcopkhEH5SQEjoy4tHs=,4CoW92R1M5wi+LZayB6qAHm5hRU=
-348,-312,K8imwVEmhcopkhEH5SQEjoy4tHs=,4CoW92R1M5wi+LZayB6qAHm5hRU=
-349,-312,K8imwVEmhcopkhEH5SQEjoy4tHs=,4CoW92R1M5wi+LZayB6qAHm5hRU=
-346,-312,K8imwVEmhcopkhEH5SQEjoy4tHs=,4CoW92R1M5wi+LZayB6qAHm5hRU=
-350,-312,K8imwVEmhcopkhEH5SQEjoy4tHs=,4CoW92R1M5wi+LZayB6qAHm5hRU=
-352,-312,K8imwVEmhcopkhEH5SQEjoy4tHs=,4CoW92R1M5wi+LZayB6qAHm5hRU=
-351,-312,K8imwVEmhcopkhEH5SQEjoy4tHs=,4CoW92R1M5wi+LZayB6qAHm5hRU=
-337,-313,K8imwVEmhcopkhEH5SQEjoy4tHs=,4CoW92R1M5wi+LZayB6qAHm5hRU=
-338,-313,K8imwVEmhcopkhEH5SQEjoy4tHs=,4CoW92R1M5wi+LZayB6qAHm5hRU=
-340,-313,K8imwVEmhcopkhEH5SQEjoy4tHs=,4CoW92R1M5wi+LZayB6qAHm5hRU=
-341,-313,K8imwVEmhcopkhEH5SQEjoy4tHs=,4CoW92R1M5wi+LZayB6qAHm5hRU=
-342,-313,K8imwVEmhcopkhEH5SQEjoy4tHs=,4CoW92R1M5wi+LZayB6qAHm5hRU=
-339,-313,K8imwVEmhcopkhEH5SQEjoy4tHs=,4CoW92R1M5wi+LZayB6qAHm5hRU=
-343,-313,K8imwVEmhcopkhEH5SQEjoy4tHs=,4CoW92R1M5wi+LZayB6qAHm5hRU=
-347,-319,K8imwVEmhcopkhEH5SQEjoy4tHs=,4CoW92R1M5wi+LZayB6qAHm5hRU=
-344,-313,K8imwVEmhcopkhEH5SQEjoy4tHs=,4CoW92R1M5wi+LZayB6qAHm5hRU=
-347,-313,K8imwVEmhcopkhEH5SQEjoy4tHs=,4CoW92R1M5wi+LZayB6qAHm5hRU=
-346,-313,K8imwVEmhcopkhEH5SQEjoy4tHs=,4CoW92R1M5wi+LZayB6qAHm5hRU=
-345,-313,K8imwVEmhcopkhEH5SQEjoy4tHs=,4CoW92R1M5wi+LZayB6qAHm5hRU=
-349,-313,K8imwVEmhcopkhEH5SQEjoy4tHs=,4CoW92R1M5wi+LZayB6qAHm5hRU=
-348,-313,K8imwVEmhcopkhEH5SQEjoy4tHs=,4CoW92R1M5wi+LZayB6qAHm5hRU=
-350,-313,K8imwVEmhcopkhEH5SQEjoy4tHs=,4CoW92R1M5wi+LZayB6qAHm5hRU=
-351,-313,K8imwVEmhcopkhEH5SQEjoy4tHs=,4CoW92R1M5wi+LZayB6qAHm5hRU=
-352,-313,K8imwVEmhcopkhEH5SQEjoy4tHs=,4CoW92R1M5wi+LZayB6qAHm5hRU=
-337,-314,K8imwVEmhcopkhEH5SQEjoy4tHs=,4CoW92R1M5wi+LZayB6qAHm5hRU=
-340,-314,K8imwVEmhcopkhEH5SQEjoy4tHs=,4CoW92R1M5wi+LZayB6qAHm5hRU=
-339,-314,K8imwVEmhcopkhEH5SQEjoy4tHs=,4CoW92R1M5wi+LZayB6qAHm5hRU=
-341,-314,K8imwVEmhcopkhEH5SQEjoy4tHs=,4CoW92R1M5wi+LZayB6qAHm5hRU=
-338,-314,K8imwVEmhcopkhEH5SQEjoy4tHs=,4CoW92R1M5wi+LZayB6qAHm5hRU=
-342,-314,K8imwVEmhcopkhEH5SQEjoy4tHs=,4CoW92R1M5wi+LZayB6qAHm5hRU=
-348,-319,K8imwVEmhcopkhEH5SQEjoy4tHs=,4CoW92R1M5wi+LZayB6qAHm5hRU=
-336,-319,K8imwVEmhcopkhEH5SQEjoy4tHs=,4CoW92R1M5wi+LZayB6qAHm5hRU=
-330,-305,K8imwVEmhcopkhEH5SQEjoy4tHs=,4CoW92R1M5wi+LZayB6qAHm5hRU=
-336,-320,K8imwVEmhcopkhEH5SQEjoy4tHs=,4CoW92R1M5wi+LZayB6qAHm5hRU=
-335,-319,K8imwVEmhcopkhEH5SQEjoy4tHs=,4CoW92R1M5wi+LZayB6qAHm5hRU=
-334,-319,K8imwVEmhcopkhEH5SQEjoy4tHs=,4CoW92R1M5wi+LZayB6qAHm5hRU=
-333,-319,K8imwVEmhcopkhEH5SQEjoy4tHs=,4CoW92R1M5wi+LZayB6qAHm5hRU=
-332,-319,K8imwVEmhcopkhEH5SQEjoy4tHs=,4CoW92R1M5wi+LZayB6qAHm5hRU=
-330,-319,K8imwVEmhcopkhEH5SQEjoy4tHs=,4CoW92R1M5wi+LZayB6qAHm5hRU=
-329,-319,K8imwVEmhcopkhEH5SQEjoy4tHs=,4CoW92R1M5wi+LZayB6qAHm5hRU=
-328,-319,K8imwVEmhcopkhEH5SQEjoy4tHs=,4CoW92R1M5wi+LZayB6qAHm5hRU=
-331,-319,K8imwVEmhcopkhEH5SQEjoy4tHs=,4CoW92R1M5wi+LZayB6qAHm5hRU=
-327,-319,K8imwVEmhcopkhEH5SQEjoy4tHs=,4CoW92R1M5wi+LZayB6qAHm5hRU=
-326,-319,K8imwVEmhcopkhEH5SQEjoy4tHs=,4CoW92R1M5wi+LZayB6qAHm5hRU=
-325,-319,K8imwVEmhcopkhEH5SQEjoy4tHs=,4CoW92R1M5wi+LZayB6qAHm5hRU=
-324,-319,K8imwVEmhcopkhEH5SQEjoy4tHs=,4CoW92R1M5wi+LZayB6qAHm5hRU=
-323,-319,K8imwVEmhcopkhEH5SQEjoy4tHs=,4CoW92R1M5wi+LZayB6qAHm5hRU=
-335,-320,K8imwVEmhcopkhEH5SQEjoy4tHs=,4CoW92R1M5wi+LZayB6qAHm5hRU=
-331,-305,K8imwVEmhcopkhEH5SQEjoy4tHs=,4CoW92R1M5wi+LZayB6qAHm5hRU=
-332,-305,K8imwVEmhcopkhEH5SQEjoy4tHs=,4CoW92R1M5wi+LZayB6qAHm5hRU=
-329,-305,K8imwVEmhcopkhEH5SQEjoy4tHs=,4CoW92R1M5wi+LZayB6qAHm5hRU=
-334,-305,K8imwVEmhcopkhEH5SQEjoy4tHs=,4CoW92R1M5wi+LZayB6qAHm5hRU=
-333,-305,K8imwVEmhcopkhEH5SQEjoy4tHs=,4CoW92R1M5wi+LZayB6qAHm5hRU=
-335,-305,K8imwVEmhcopkhEH5SQEjoy4tHs=,4CoW92R1M5wi+LZayB6qAHm5hRU=
-336,-305,K8imwVEmhcopkhEH5SQEjoy4tHs=,4CoW92R1M5wi+LZayB6qAHm5hRU=
-323,-305,K8imwVEmhcopkhEH5SQEjoy4tHs=,4CoW92R1M5wi+LZayB6qAHm5hRU=
-322,-305,K8imwVEmhcopkhEH5SQEjoy4tHs=,4CoW92R1M5wi+LZayB6qAHm5hRU=
-326,-305,K8imwVEmhcopkhEH5SQEjoy4tHs=,4CoW92R1M5wi+LZayB6qAHm5hRU=
-322,-306,K8imwVEmhcopkhEH5SQEjoy4tHs=,4CoW92R1M5wi+LZayB6qAHm5hRU=
-322,-319,K8imwVEmhcopkhEH5SQEjoy4tHs=,4CoW92R1M5wi+LZayB6qAHm5hRU=
-321,-320,K8imwVEmhcopkhEH5SQEjoy4tHs=,4CoW92R1M5wi+LZayB6qAHm5hRU=
-321,-305,K8imwVEmhcopkhEH5SQEjoy4tHs=,4CoW92R1M5wi+LZayB6qAHm5hRU=
-327,-305,K8imwVEmhcopkhEH5SQEjoy4tHs=,4CoW92R1M5wi+LZayB6qAHm5hRU=
-325,-305,K8imwVEmhcopkhEH5SQEjoy4tHs=,4CoW92R1M5wi+LZayB6qAHm5hRU=
-330,-306,K8imwVEmhcopkhEH5SQEjoy4tHs=,4CoW92R1M5wi+LZayB6qAHm5hRU=
-332,-306,K8imwVEmhcopkhEH5SQEjoy4tHs=,4CoW92R1M5wi+LZayB6qAHm5hRU=
-333,-306,K8imwVEmhcopkhEH5SQEjoy4tHs=,4CoW92R1M5wi+LZayB6qAHm5hRU=
-331,-306,K8imwVEmhcopkhEH5SQEjoy4tHs=,4CoW92R1M5wi+LZayB6qAHm5hRU=
-334,-306,K8imwVEmhcopkhEH5SQEjoy4tHs=,4CoW92R1M5wi+LZayB6qAHm5hRU=
-335,-306,K8imwVEmhcopkhEH5SQEjoy4tHs=,4CoW92R1M5wi+LZayB6qAHm5hRU=
-336,-306,K8imwVEmhcopkhEH5SQEjoy4tHs=,4CoW92R1M5wi+LZayB6qAHm5hRU=
-324,-305,K8imwVEmhcopkhEH5SQEjoy4tHs=,4CoW92R1M5wi+LZayB6qAHm5hRU=
-327,-306,K8imwVEmhcopkhEH5SQEjoy4tHs=,4CoW92R1M5wi+LZayB6qAHm5hRU=
-329,-306,K8imwVEmhcopkhEH5SQEjoy4tHs=,4CoW92R1M5wi+LZayB6qAHm5hRU=
-321,-307,K8imwVEmhcopkhEH5SQEjoy4tHs=,4CoW92R1M5wi+LZayB6qAHm5hRU=
-322,-307,K8imwVEmhcopkhEH5SQEjoy4tHs=,4CoW92R1M5wi+LZayB6qAHm5hRU=
-321,-319,K8imwVEmhcopkhEH5SQEjoy4tHs=,4CoW92R1M5wi+LZayB6qAHm5hRU=
-325,-306,K8imwVEmhcopkhEH5SQEjoy4tHs=,4CoW92R1M5wi+LZayB6qAHm5hRU=
-322,-320,K8imwVEmhcopkhEH5SQEjoy4tHs=,4CoW92R1M5wi+LZayB6qAHm5hRU=
-334,-320,K8imwVEmhcopkhEH5SQEjoy4tHs=,4CoW92R1M5wi+LZayB6qAHm5hRU=
-335,-318,K8imwVEmhcopkhEH5SQEjoy4tHs=,4CoW92R1M5wi+LZayB6qAHm5hRU=
-336,-318,K8imwVEmhcopkhEH5SQEjoy4tHs=,4CoW92R1M5wi+LZayB6qAHm5hRU=
-333,-318,K8imwVEmhcopkhEH5SQEjoy4tHs=,4CoW92R1M5wi+LZayB6qAHm5hRU=
-332,-318,K8imwVEmhcopkhEH5SQEjoy4tHs=,4CoW92R1M5wi+LZayB6qAHm5hRU=
-334,-318,K8imwVEmhcopkhEH5SQEjoy4tHs=,4CoW92R1M5wi+LZayB6qAHm5hRU=
-331,-318,K8imwVEmhcopkhEH5SQEjoy4tHs=,4CoW92R1M5wi+LZayB6qAHm5hRU=
-330,-318,K8imwVEmhcopkhEH5SQEjoy4tHs=,4CoW92R1M5wi+LZayB6qAHm5hRU=
-329,-318,K8imwVEmhcopkhEH5SQEjoy4tHs=,4CoW92R1M5wi+LZayB6qAHm5hRU=
-328,-318,K8imwVEmhcopkhEH5SQEjoy4tHs=,4CoW92R1M5wi+LZayB6qAHm5hRU=
-327,-318,K8imwVEmhcopkhEH5SQEjoy4tHs=,4CoW92R1M5wi+LZayB6qAHm5hRU=
-325,-318,K8imwVEmhcopkhEH5SQEjoy4tHs=,4CoW92R1M5wi+LZayB6qAHm5hRU=
-326,-318,K8imwVEmhcopkhEH5SQEjoy4tHs=,4CoW92R1M5wi+LZayB6qAHm5hRU=
-324,-318,K8imwVEmhcopkhEH5SQEjoy4tHs=,4CoW92R1M5wi+LZayB6qAHm5hRU=
-323,-318,K8imwVEmhcopkhEH5SQEjoy4tHs=,4CoW92R1M5wi+LZayB6qAHm5hRU=
-326,-306,K8imwVEmhcopkhEH5SQEjoy4tHs=,4CoW92R1M5wi+LZayB6qAHm5hRU=
-322,-318,K8imwVEmhcopkhEH5SQEjoy4tHs=,4CoW92R1M5wi+LZayB6qAHm5hRU=
-330,-307,K8imwVEmhcopkhEH5SQEjoy4tHs=,4CoW92R1M5wi+LZayB6qAHm5hRU=
-331,-307,K8imwVEmhcopkhEH5SQEjoy4tHs=,4CoW92R1M5wi+LZayB6qAHm5hRU=
-332,-307,K8imwVEmhcopkhEH5SQEjoy4tHs=,4CoW92R1M5wi+LZayB6qAHm5hRU=
-334,-307,K8imwVEmhcopkhEH5SQEjoy4tHs=,4CoW92R1M5wi+LZayB6qAHm5hRU=
-333,-307,K8imwVEmhcopkhEH5SQEjoy4tHs=,4CoW92R1M5wi+LZayB6qAHm5hRU=
-335,-307,K8imwVEmhcopkhEH5SQEjoy4tHs=,4CoW92R1M5wi+LZayB6qAHm5hRU=
-323,-320,K8imwVEmhcopkhEH5SQEjoy4tHs=,4CoW92R1M5wi+LZayB6qAHm5hRU=
-336,-307,K8imwVEmhcopkhEH5SQEjoy4tHs=,4CoW92R1M5wi+LZayB6qAHm5hRU=
-321,-308,K8imwVEmhcopkhEH5SQEjoy4tHs=,4CoW92R1M5wi+LZayB6qAHm5hRU=
-321,-318,K8imwVEmhcopkhEH5SQEjoy4tHs=,4CoW92R1M5wi+LZayB6qAHm5hRU=
-333,-320,K8imwVEmhcopkhEH5SQEjoy4tHs=,4CoW92R1M5wi+LZayB6qAHm5hRU=
-329,-307,K8imwVEmhcopkhEH5SQEjoy4tHs=,4CoW92R1M5wi+LZayB6qAHm5hRU=
-336,-317,K8imwVEmhcopkhEH5SQEjoy4tHs=,4CoW92R1M5wi+LZayB6qAHm5hRU=
-335,-317,K8imwVEmhcopkhEH5SQEjoy4tHs=,4CoW92R1M5wi+LZayB6qAHm5hRU=
-334,-317,K8imwVEmhcopkhEH5SQEjoy4tHs=,4CoW92R1M5wi+LZayB6qAHm5hRU=
-333,-317,K8imwVEmhcopkhEH5SQEjoy4tHs=,4CoW92R1M5wi+LZayB6qAHm5hRU=
-332,-317,K8imwVEmhcopkhEH5SQEjoy4tHs=,4CoW92R1M5wi+LZayB6qAHm5hRU=
-331,-317,K8imwVEmhcopkhEH5SQEjoy4tHs=,4CoW92R1M5wi+LZayB6qAHm5hRU=
-330,-317,K8imwVEmhcopkhEH5SQEjoy4tHs=,4CoW92R1M5wi+LZayB6qAHm5hRU=
-329,-317,K8imwVEmhcopkhEH5SQEjoy4tHs=,4CoW92R1M5wi+LZayB6qAHm5hRU=
-328,-317,K8imwVEmhcopkhEH5SQEjoy4tHs=,4CoW92R1M5wi+LZayB6qAHm5hRU=
-327,-317,K8imwVEmhcopkhEH5SQEjoy4tHs=,4CoW92R1M5wi+LZayB6qAHm5hRU=
-326,-317,K8imwVEmhcopkhEH5SQEjoy4tHs=,4CoW92R1M5wi+LZayB6qAHm5hRU=
-325,-317,K8imwVEmhcopkhEH5SQEjoy4tHs=,4CoW92R1M5wi+LZayB6qAHm5hRU=
-323,-317,K8imwVEmhcopkhEH5SQEjoy4tHs=,4CoW92R1M5wi+LZayB6qAHm5hRU=
-324,-317,K8imwVEmhcopkhEH5SQEjoy4tHs=,4CoW92R1M5wi+LZayB6qAHm5hRU=
-322,-317,K8imwVEmhcopkhEH5SQEjoy4tHs=,4CoW92R1M5wi+LZayB6qAHm5hRU=
-322,-308,K8imwVEmhcopkhEH5SQEjoy4tHs=,4CoW92R1M5wi+LZayB6qAHm5hRU=
-323,-308,K8imwVEmhcopkhEH5SQEjoy4tHs=,4CoW92R1M5wi+LZayB6qAHm5hRU=
-324,-308,K8imwVEmhcopkhEH5SQEjoy4tHs=,4CoW92R1M5wi+LZayB6qAHm5hRU=
-321,-317,K8imwVEmhcopkhEH5SQEjoy4tHs=,4CoW92R1M5wi+LZayB6qAHm5hRU=
-336,-316,K8imwVEmhcopkhEH5SQEjoy4tHs=,4CoW92R1M5wi+LZayB6qAHm5hRU=
-332,-320,K8imwVEmhcopkhEH5SQEjoy4tHs=,4CoW92R1M5wi+LZayB6qAHm5hRU=
-335,-316,K8imwVEmhcopkhEH5SQEjoy4tHs=,4CoW92R1M5wi+LZayB6qAHm5hRU=
-334,-316,K8imwVEmhcopkhEH5SQEjoy4tHs=,4CoW92R1M5wi+LZayB6qAHm5hRU=
-328,-306,K8imwVEmhcopkhEH5SQEjoy4tHs=,4CoW92R1M5wi+LZayB6qAHm5hRU=
-333,-316,K8imwVEmhcopkhEH5SQEjoy4tHs=,4CoW92R1M5wi+LZayB6qAHm5hRU=
-332,-316,K8imwVEmhcopkhEH5SQEjoy4tHs=,4CoW92R1M5wi+LZayB6qAHm5hRU=
-331,-316,K8imwVEmhcopkhEH5SQEjoy4tHs=,4CoW92R1M5wi+LZayB6qAHm5hRU=
-330,-316,K8imwVEmhcopkhEH5SQEjoy4tHs=,4CoW92R1M5wi+LZayB6qAHm5hRU=
-328,-305,K8imwVEmhcopkhEH5SQEjoy4tHs=,4CoW92R1M5wi+LZayB6qAHm5hRU=
-329,-316,K8imwVEmhcopkhEH5SQEjoy4tHs=,4CoW92R1M5wi+LZayB6qAHm5hRU=
-328,-316,K8imwVEmhcopkhEH5SQEjoy4tHs=,4CoW92R1M5wi+LZayB6qAHm5hRU=
-327,-316,K8imwVEmhcopkhEH5SQEjoy4tHs=,4CoW92R1M5wi+LZayB6qAHm5hRU=
-326,-316,K8imwVEmhcopkhEH5SQEjoy4tHs=,4CoW92R1M5wi+LZayB6qAHm5hRU=
-325,-316,K8imwVEmhcopkhEH5SQEjoy4tHs=,4CoW92R1M5wi+LZayB6qAHm5hRU=
-324,-316,K8imwVEmhcopkhEH5SQEjoy4tHs=,4CoW92R1M5wi+LZayB6qAHm5hRU=
-323,-316,K8imwVEmhcopkhEH5SQEjoy4tHs=,4CoW92R1M5wi+LZayB6qAHm5hRU=
-322,-316,K8imwVEmhcopkhEH5SQEjoy4tHs=,4CoW92R1M5wi+LZayB6qAHm5hRU=
-326,-307,K8imwVEmhcopkhEH5SQEjoy4tHs=,4CoW92R1M5wi+LZayB6qAHm5hRU=
-327,-308,K8imwVEmhcopkhEH5SQEjoy4tHs=,4CoW92R1M5wi+LZayB6qAHm5hRU=
-330,-308,K8imwVEmhcopkhEH5SQEjoy4tHs=,4CoW92R1M5wi+LZayB6qAHm5hRU=
-331,-308,K8imwVEmhcopkhEH5SQEjoy4tHs=,4CoW92R1M5wi+LZayB6qAHm5hRU=
-333,-308,K8imwVEmhcopkhEH5SQEjoy4tHs=,4CoW92R1M5wi+LZayB6qAHm5hRU=
-332,-308,K8imwVEmhcopkhEH5SQEjoy4tHs=,4CoW92R1M5wi+LZayB6qAHm5hRU=
-334,-308,K8imwVEmhcopkhEH5SQEjoy4tHs=,4CoW92R1M5wi+LZayB6qAHm5hRU=
-335,-308,K8imwVEmhcopkhEH5SQEjoy4tHs=,4CoW92R1M5wi+LZayB6qAHm5hRU=
-336,-308,K8imwVEmhcopkhEH5SQEjoy4tHs=,4CoW92R1M5wi+LZayB6qAHm5hRU=
-324,-320,K8imwVEmhcopkhEH5SQEjoy4tHs=,4CoW92R1M5wi+LZayB6qAHm5hRU=
-325,-308,K8imwVEmhcopkhEH5SQEjoy4tHs=,4CoW92R1M5wi+LZayB6qAHm5hRU=
-322,-309,K8imwVEmhcopkhEH5SQEjoy4tHs=,4CoW92R1M5wi+LZayB6qAHm5hRU=
-323,-309,K8imwVEmhcopkhEH5SQEjoy4tHs=,4CoW92R1M5wi+LZayB6qAHm5hRU=
-321,-316,K8imwVEmhcopkhEH5SQEjoy4tHs=,4CoW92R1M5wi+LZayB6qAHm5hRU=
-324,-309,K8imwVEmhcopkhEH5SQEjoy4tHs=,4CoW92R1M5wi+LZayB6qAHm5hRU=
-323,-307,K8imwVEmhcopkhEH5SQEjoy4tHs=,4CoW92R1M5wi+LZayB6qAHm5hRU=
-331,-320,K8imwVEmhcopkhEH5SQEjoy4tHs=,4CoW92R1M5wi+LZayB6qAHm5hRU=
-325,-309,K8imwVEmhcopkhEH5SQEjoy4tHs=,4CoW92R1M5wi+LZayB6qAHm5hRU=
-336,-315,K8imwVEmhcopkhEH5SQEjoy4tHs=,4CoW92R1M5wi+LZayB6qAHm5hRU=
-335,-315,K8imwVEmhcopkhEH5SQEjoy4tHs=,4CoW92R1M5wi+LZayB6qAHm5hRU=
-326,-309,K8imwVEmhcopkhEH5SQEjoy4tHs=,4CoW92R1M5wi+LZayB6qAHm5hRU=
-327,-309,K8imwVEmhcopkhEH5SQEjoy4tHs=,4CoW92R1M5wi+LZayB6qAHm5hRU=
-334,-315,K8imwVEmhcopkhEH5SQEjoy4tHs=,4CoW92R1M5wi+LZayB6qAHm5hRU=
-333,-315,K8imwVEmhcopkhEH5SQEjoy4tHs=,4CoW92R1M5wi+LZayB6qAHm5hRU=
-332,-315,K8imwVEmhcopkhEH5SQEjoy4tHs=,4CoW92R1M5wi+LZayB6qAHm5hRU=
-329,-309,K8imwVEmhcopkhEH5SQEjoy4tHs=,4CoW92R1M5wi+LZayB6qAHm5hRU=
-331,-315,K8imwVEmhcopkhEH5SQEjoy4tHs=,4CoW92R1M5wi+LZayB6qAHm5hRU=
-330,-315,K8imwVEmhcopkhEH5SQEjoy4tHs=,4CoW92R1M5wi+LZayB6qAHm5hRU=
-330,-309,K8imwVEmhcopkhEH5SQEjoy4tHs=,4CoW92R1M5wi+LZayB6qAHm5hRU=
-328,-309,K8imwVEmhcopkhEH5SQEjoy4tHs=,4CoW92R1M5wi+LZayB6qAHm5hRU=
-329,-315,K8imwVEmhcopkhEH5SQEjoy4tHs=,4CoW92R1M5wi+LZayB6qAHm5hRU=
-328,-315,K8imwVEmhcopkhEH5SQEjoy4tHs=,4CoW92R1M5wi+LZayB6qAHm5hRU=
-331,-309,K8imwVEmhcopkhEH5SQEjoy4tHs=,4CoW92R1M5wi+LZayB6qAHm5hRU=
-332,-309,K8imwVEmhcopkhEH5SQEjoy4tHs=,4CoW92R1M5wi+LZayB6qAHm5hRU=
-335,-309,K8imwVEmhcopkhEH5SQEjoy4tHs=,4CoW92R1M5wi+LZayB6qAHm5hRU=
-327,-315,K8imwVEmhcopkhEH5SQEjoy4tHs=,4CoW92R1M5wi+LZayB6qAHm5hRU=
-334,-309,K8imwVEmhcopkhEH5SQEjoy4tHs=,4CoW92R1M5wi+LZayB6qAHm5hRU=
-333,-309,K8imwVEmhcopkhEH5SQEjoy4tHs=,4CoW92R1M5wi+LZayB6qAHm5hRU=
-326,-315,K8imwVEmhcopkhEH5SQEjoy4tHs=,4CoW92R1M5wi+LZayB6qAHm5hRU=
-336,-309,K8imwVEmhcopkhEH5SQEjoy4tHs=,4CoW92R1M5wi+LZayB6qAHm5hRU=
-325,-315,K8imwVEmhcopkhEH5SQEjoy4tHs=,4CoW92R1M5wi+LZayB6qAHm5hRU=
-322,-310,K8imwVEmhcopkhEH5SQEjoy4tHs=,4CoW92R1M5wi+LZayB6qAHm5hRU=
-324,-315,K8imwVEmhcopkhEH5SQEjoy4tHs=,4CoW92R1M5wi+LZayB6qAHm5hRU=
-325,-320,K8imwVEmhcopkhEH5SQEjoy4tHs=,4CoW92R1M5wi+LZayB6qAHm5hRU=
-323,-315,K8imwVEmhcopkhEH5SQEjoy4tHs=,4CoW92R1M5wi+LZayB6qAHm5hRU=
-323,-310,K8imwVEmhcopkhEH5SQEjoy4tHs=,4CoW92R1M5wi+LZayB6qAHm5hRU=
-322,-315,K8imwVEmhcopkhEH5SQEjoy4tHs=,4CoW92R1M5wi+LZayB6qAHm5hRU=
-325,-310,K8imwVEmhcopkhEH5SQEjoy4tHs=,4CoW92R1M5wi+LZayB6qAHm5hRU=
-326,-310,K8imwVEmhcopkhEH5SQEjoy4tHs=,4CoW92R1M5wi+LZayB6qAHm5hRU=
-324,-310,K8imwVEmhcopkhEH5SQEjoy4tHs=,4CoW92R1M5wi+LZayB6qAHm5hRU=
-327,-310,K8imwVEmhcopkhEH5SQEjoy4tHs=,4CoW92R1M5wi+LZayB6qAHm5hRU=
-328,-310,K8imwVEmhcopkhEH5SQEjoy4tHs=,4CoW92R1M5wi+LZayB6qAHm5hRU=
-329,-310,K8imwVEmhcopkhEH5SQEjoy4tHs=,4CoW92R1M5wi+LZayB6qAHm5hRU=
-330,-310,K8imwVEmhcopkhEH5SQEjoy4tHs=,4CoW92R1M5wi+LZayB6qAHm5hRU=
-331,-310,K8imwVEmhcopkhEH5SQEjoy4tHs=,4CoW92R1M5wi+LZayB6qAHm5hRU=
-332,-310,K8imwVEmhcopkhEH5SQEjoy4tHs=,4CoW92R1M5wi+LZayB6qAHm5hRU=
-321,-309,K8imwVEmhcopkhEH5SQEjoy4tHs=,4CoW92R1M5wi+LZayB6qAHm5hRU=
-333,-310,K8imwVEmhcopkhEH5SQEjoy4tHs=,4CoW92R1M5wi+LZayB6qAHm5hRU=
-336,-310,K8imwVEmhcopkhEH5SQEjoy4tHs=,4CoW92R1M5wi+LZayB6qAHm5hRU=
-334,-310,K8imwVEmhcopkhEH5SQEjoy4tHs=,4CoW92R1M5wi+LZayB6qAHm5hRU=
-335,-310,K8imwVEmhcopkhEH5SQEjoy4tHs=,4CoW92R1M5wi+LZayB6qAHm5hRU=
-326,-320,K8imwVEmhcopkhEH5SQEjoy4tHs=,4CoW92R1M5wi+LZayB6qAHm5hRU=
-322,-311,K8imwVEmhcopkhEH5SQEjoy4tHs=,4CoW92R1M5wi+LZayB6qAHm5hRU=
-323,-311,K8imwVEmhcopkhEH5SQEjoy4tHs=,4CoW92R1M5wi+LZayB6qAHm5hRU=
-324,-311,K8imwVEmhcopkhEH5SQEjoy4tHs=,4CoW92R1M5wi+LZayB6qAHm5hRU=
-325,-311,K8imwVEmhcopkhEH5SQEjoy4tHs=,4CoW92R1M5wi+LZayB6qAHm5hRU=
-326,-311,K8imwVEmhcopkhEH5SQEjoy4tHs=,4CoW92R1M5wi+LZayB6qAHm5hRU=
-327,-311,K8imwVEmhcopkhEH5SQEjoy4tHs=,4CoW92R1M5wi+LZayB6qAHm5hRU=
-328,-311,K8imwVEmhcopkhEH5SQEjoy4tHs=,4CoW92R1M5wi+LZayB6qAHm5hRU=
-330,-311,K8imwVEmhcopkhEH5SQEjoy4tHs=,4CoW92R1M5wi+LZayB6qAHm5hRU=
-329,-311,K8imwVEmhcopkhEH5SQEjoy4tHs=,4CoW92R1M5wi+LZayB6qAHm5hRU=
-331,-311,K8imwVEmhcopkhEH5SQEjoy4tHs=,4CoW92R1M5wi+LZayB6qAHm5hRU=
-332,-311,K8imwVEmhcopkhEH5SQEjoy4tHs=,4CoW92R1M5wi+LZayB6qAHm5hRU=
-333,-311,K8imwVEmhcopkhEH5SQEjoy4tHs=,4CoW92R1M5wi+LZayB6qAHm5hRU=
-334,-311,K8imwVEmhcopkhEH5SQEjoy4tHs=,4CoW92R1M5wi+LZayB6qAHm5hRU=
-335,-311,K8imwVEmhcopkhEH5SQEjoy4tHs=,4CoW92R1M5wi+LZayB6qAHm5hRU=
-336,-311,K8imwVEmhcopkhEH5SQEjoy4tHs=,4CoW92R1M5wi+LZayB6qAHm5hRU=
-327,-320,K8imwVEmhcopkhEH5SQEjoy4tHs=,4CoW92R1M5wi+LZayB6qAHm5hRU=
-323,-312,K8imwVEmhcopkhEH5SQEjoy4tHs=,4CoW92R1M5wi+LZayB6qAHm5hRU=
-322,-312,K8imwVEmhcopkhEH5SQEjoy4tHs=,4CoW92R1M5wi+LZayB6qAHm5hRU=
-325,-312,K8imwVEmhcopkhEH5SQEjoy4tHs=,4CoW92R1M5wi+LZayB6qAHm5hRU=
-324,-312,K8imwVEmhcopkhEH5SQEjoy4tHs=,4CoW92R1M5wi+LZayB6qAHm5hRU=
-326,-312,K8imwVEmhcopkhEH5SQEjoy4tHs=,4CoW92R1M5wi+LZayB6qAHm5hRU=
-328,-312,K8imwVEmhcopkhEH5SQEjoy4tHs=,4CoW92R1M5wi+LZayB6qAHm5hRU=
-327,-312,K8imwVEmhcopkhEH5SQEjoy4tHs=,4CoW92R1M5wi+LZayB6qAHm5hRU=
-329,-312,K8imwVEmhcopkhEH5SQEjoy4tHs=,4CoW92R1M5wi+LZayB6qAHm5hRU=
-331,-312,K8imwVEmhcopkhEH5SQEjoy4tHs=,4CoW92R1M5wi+LZayB6qAHm5hRU=
-330,-312,K8imwVEmhcopkhEH5SQEjoy4tHs=,4CoW92R1M5wi+LZayB6qAHm5hRU=
-332,-312,K8imwVEmhcopkhEH5SQEjoy4tHs=,4CoW92R1M5wi+LZayB6qAHm5hRU=
-333,-312,K8imwVEmhcopkhEH5SQEjoy4tHs=,4CoW92R1M5wi+LZayB6qAHm5hRU=
-334,-312,K8imwVEmhcopkhEH5SQEjoy4tHs=,4CoW92R1M5wi+LZayB6qAHm5hRU=
-335,-312,K8imwVEmhcopkhEH5SQEjoy4tHs=,4CoW92R1M5wi+LZayB6qAHm5hRU=
-336,-312,K8imwVEmhcopkhEH5SQEjoy4tHs=,4CoW92R1M5wi+LZayB6qAHm5hRU=
-325,-307,K8imwVEmhcopkhEH5SQEjoy4tHs=,4CoW92R1M5wi+LZayB6qAHm5hRU=
-321,-310,K8imwVEmhcopkhEH5SQEjoy4tHs=,4CoW92R1M5wi+LZayB6qAHm5hRU=
-323,-313,K8imwVEmhcopkhEH5SQEjoy4tHs=,4CoW92R1M5wi+LZayB6qAHm5hRU=
-328,-320,K8imwVEmhcopkhEH5SQEjoy4tHs=,4CoW92R1M5wi+LZayB6qAHm5hRU=
-321,-315,K8imwVEmhcopkhEH5SQEjoy4tHs=,4CoW92R1M5wi+LZayB6qAHm5hRU=
-324,-313,K8imwVEmhcopkhEH5SQEjoy4tHs=,4CoW92R1M5wi+LZayB6qAHm5hRU=
-325,-313,K8imwVEmhcopkhEH5SQEjoy4tHs=,4CoW92R1M5wi+LZayB6qAHm5hRU=
-330,-320,K8imwVEmhcopkhEH5SQEjoy4tHs=,4CoW92R1M5wi+LZayB6qAHm5hRU=
-326,-313,K8imwVEmhcopkhEH5SQEjoy4tHs=,4CoW92R1M5wi+LZayB6qAHm5hRU=
-336,-314,K8imwVEmhcopkhEH5SQEjoy4tHs=,4CoW92R1M5wi+LZayB6qAHm5hRU=
-327,-313,K8imwVEmhcopkhEH5SQEjoy4tHs=,4CoW92R1M5wi+LZayB6qAHm5hRU=
-335,-314,K8imwVEmhcopkhEH5SQEjoy4tHs=,4CoW92R1M5wi+LZayB6qAHm5hRU=
-334,-314,K8imwVEmhcopkhEH5SQEjoy4tHs=,4CoW92R1M5wi+LZayB6qAHm5hRU=
-329,-313,K8imwVEmhcopkhEH5SQEjoy4tHs=,4CoW92R1M5wi+LZayB6qAHm5hRU=
-330,-313,K8imwVEmhcopkhEH5SQEjoy4tHs=,4CoW92R1M5wi+LZayB6qAHm5hRU=
-328,-313,K8imwVEmhcopkhEH5SQEjoy4tHs=,4CoW92R1M5wi+LZayB6qAHm5hRU=
-333,-314,K8imwVEmhcopkhEH5SQEjoy4tHs=,4CoW92R1M5wi+LZayB6qAHm5hRU=
-331,-313,K8imwVEmhcopkhEH5SQEjoy4tHs=,4CoW92R1M5wi+LZayB6qAHm5hRU=
-332,-313,K8imwVEmhcopkhEH5SQEjoy4tHs=,4CoW92R1M5wi+LZayB6qAHm5hRU=
-333,-313,K8imwVEmhcopkhEH5SQEjoy4tHs=,4CoW92R1M5wi+LZayB6qAHm5hRU=
-332,-314,K8imwVEmhcopkhEH5SQEjoy4tHs=,4CoW92R1M5wi+LZayB6qAHm5hRU=
-331,-314,K8imwVEmhcopkhEH5SQEjoy4tHs=,4CoW92R1M5wi+LZayB6qAHm5hRU=
-334,-313,K8imwVEmhcopkhEH5SQEjoy4tHs=,4CoW92R1M5wi+LZayB6qAHm5hRU=
-336,-313,K8imwVEmhcopkhEH5SQEjoy4tHs=,4CoW92R1M5wi+LZayB6qAHm5hRU=
-335,-313,K8imwVEmhcopkhEH5SQEjoy4tHs=,4CoW92R1M5wi+LZayB6qAHm5hRU=
-330,-314,K8imwVEmhcopkhEH5SQEjoy4tHs=,4CoW92R1M5wi+LZayB6qAHm5hRU=
-329,-320,K8imwVEmhcopkhEH5SQEjoy4tHs=,4CoW92R1M5wi+LZayB6qAHm5hRU=
-329,-314,K8imwVEmhcopkhEH5SQEjoy4tHs=,4CoW92R1M5wi+LZayB6qAHm5hRU=
-322,-314,K8imwVEmhcopkhEH5SQEjoy4tHs=,4CoW92R1M5wi+LZayB6qAHm5hRU=
-328,-314,K8imwVEmhcopkhEH5SQEjoy4tHs=,4CoW92R1M5wi+LZayB6qAHm5hRU=
-327,-314,K8imwVEmhcopkhEH5SQEjoy4tHs=,4CoW92R1M5wi+LZayB6qAHm5hRU=
-323,-314,K8imwVEmhcopkhEH5SQEjoy4tHs=,4CoW92R1M5wi+LZayB6qAHm5hRU=
-323,-306,K8imwVEmhcopkhEH5SQEjoy4tHs=,4CoW92R1M5wi+LZayB6qAHm5hRU=
-326,-314,K8imwVEmhcopkhEH5SQEjoy4tHs=,4CoW92R1M5wi+LZayB6qAHm5hRU=
-325,-314,K8imwVEmhcopkhEH5SQEjoy4tHs=,4CoW92R1M5wi+LZayB6qAHm5hRU=
-324,-314,K8imwVEmhcopkhEH5SQEjoy4tHs=,4CoW92R1M5wi+LZayB6qAHm5hRU=
-321,-312,K8imwVEmhcopkhEH5SQEjoy4tHs=,4CoW92R1M5wi+LZayB6qAHm5hRU=
-322,-313,K8imwVEmhcopkhEH5SQEjoy4tHs=,4CoW92R1M5wi+LZayB6qAHm5hRU=
-321,-313,K8imwVEmhcopkhEH5SQEjoy4tHs=,4CoW92R1M5wi+LZayB6qAHm5hRU=
-321,-314,K8imwVEmhcopkhEH5SQEjoy4tHs=,4CoW92R1M5wi+LZayB6qAHm5hRU=
-326,-308,K8imwVEmhcopkhEH5SQEjoy4tHs=,4CoW92R1M5wi+LZayB6qAHm5hRU=
-327,-307,K8imwVEmhcopkhEH5SQEjoy4tHs=,4CoW92R1M5wi+LZayB6qAHm5hRU=
-329,-308,K8imwVEmhcopkhEH5SQEjoy4tHs=,4CoW92R1M5wi+LZayB6qAHm5hRU=
-321,-311,K8imwVEmhcopkhEH5SQEjoy4tHs=,4CoW92R1M5wi+LZayB6qAHm5hRU=
-321,-306,K8imwVEmhcopkhEH5SQEjoy4tHs=,4CoW92R1M5wi+LZayB6qAHm5hRU=
-324,-306,K8imwVEmhcopkhEH5SQEjoy4tHs=,4CoW92R1M5wi+LZayB6qAHm5hRU=
-328,-308,K8imwVEmhcopkhEH5SQEjoy4tHs=,4CoW92R1M5wi+LZayB6qAHm5hRU=
-328,-307,K8imwVEmhcopkhEH5SQEjoy4tHs=,4CoW92R1M5wi+LZayB6qAHm5hRU=
-324,-307,K8imwVEmhcopkhEH5SQEjoy4tHs=,4CoW92R1M5wi+LZayB6qAHm5hRU=
-339,-289,K8imwVEmhcopkhEH5SQEjoy4tHs=,4CoW92R1M5wi+LZayB6qAHm5hRU=
-338,-289,K8imwVEmhcopkhEH5SQEjoy4tHs=,4CoW92R1M5wi+LZayB6qAHm5hRU=
-352,-304,K8imwVEmhcopkhEH5SQEjoy4tHs=,4CoW92R1M5wi+LZayB6qAHm5hRU=
-337,-289,K8imwVEmhcopkhEH5SQEjoy4tHs=,4CoW92R1M5wi+LZayB6qAHm5hRU=
-337,-304,K8imwVEmhcopkhEH5SQEjoy4tHs=,4CoW92R1M5wi+LZayB6qAHm5hRU=
-340,-289,K8imwVEmhcopkhEH5SQEjoy4tHs=,4CoW92R1M5wi+LZayB6qAHm5hRU=
-342,-289,K8imwVEmhcopkhEH5SQEjoy4tHs=,4CoW92R1M5wi+LZayB6qAHm5hRU=
-343,-289,K8imwVEmhcopkhEH5SQEjoy4tHs=,4CoW92R1M5wi+LZayB6qAHm5hRU=
-344,-289,K8imwVEmhcopkhEH5SQEjoy4tHs=,4CoW92R1M5wi+LZayB6qAHm5hRU=
-345,-289,K8imwVEmhcopkhEH5SQEjoy4tHs=,4CoW92R1M5wi+LZayB6qAHm5hRU=
-341,-289,K8imwVEmhcopkhEH5SQEjoy4tHs=,4CoW92R1M5wi+LZayB6qAHm5hRU=
-346,-289,K8imwVEmhcopkhEH5SQEjoy4tHs=,4CoW92R1M5wi+LZayB6qAHm5hRU=
-347,-289,K8imwVEmhcopkhEH5SQEjoy4tHs=,4CoW92R1M5wi+LZayB6qAHm5hRU=
-348,-289,K8imwVEmhcopkhEH5SQEjoy4tHs=,4CoW92R1M5wi+LZayB6qAHm5hRU=
-351,-289,K8imwVEmhcopkhEH5SQEjoy4tHs=,4CoW92R1M5wi+LZayB6qAHm5hRU=
-349,-289,K8imwVEmhcopkhEH5SQEjoy4tHs=,4CoW92R1M5wi+LZayB6qAHm5hRU=
-338,-304,K8imwVEmhcopkhEH5SQEjoy4tHs=,4CoW92R1M5wi+LZayB6qAHm5hRU=
-350,-289,K8imwVEmhcopkhEH5SQEjoy4tHs=,4CoW92R1M5wi+LZayB6qAHm5hRU=
-337,-290,K8imwVEmhcopkhEH5SQEjoy4tHs=,4CoW92R1M5wi+LZayB6qAHm5hRU=
-339,-290,K8imwVEmhcopkhEH5SQEjoy4tHs=,4CoW92R1M5wi+LZayB6qAHm5hRU=
-338,-290,K8imwVEmhcopkhEH5SQEjoy4tHs=,4CoW92R1M5wi+LZayB6qAHm5hRU=
-352,-289,K8imwVEmhcopkhEH5SQEjoy4tHs=,4CoW92R1M5wi+LZayB6qAHm5hRU=
-341,-290,K8imwVEmhcopkhEH5SQEjoy4tHs=,4CoW92R1M5wi+LZayB6qAHm5hRU=
-342,-290,K8imwVEmhcopkhEH5SQEjoy4tHs=,4CoW92R1M5wi+LZayB6qAHm5hRU=
-340,-290,K8imwVEmhcopkhEH5SQEjoy4tHs=,4CoW92R1M5wi+LZayB6qAHm5hRU=
-343,-290,K8imwVEmhcopkhEH5SQEjoy4tHs=,4CoW92R1M5wi+LZayB6qAHm5hRU=
-345,-290,K8imwVEmhcopkhEH5SQEjoy4tHs=,4CoW92R1M5wi+LZayB6qAHm5hRU=
-344,-290,K8imwVEmhcopkhEH5SQEjoy4tHs=,4CoW92R1M5wi+LZayB6qAHm5hRU=
-346,-290,K8imwVEmhcopkhEH5SQEjoy4tHs=,4CoW92R1M5wi+LZayB6qAHm5hRU=
-348,-290,K8imwVEmhcopkhEH5SQEjoy4tHs=,4CoW92R1M5wi+LZayB6qAHm5hRU=
-349,-290,K8imwVEmhcopkhEH5SQEjoy4tHs=,4CoW92R1M5wi+LZayB6qAHm5hRU=
-351,-290,K8imwVEmhcopkhEH5SQEjoy4tHs=,4CoW92R1M5wi+LZayB6qAHm5hRU=
-347,-290,K8imwVEmhcopkhEH5SQEjoy4tHs=,4CoW92R1M5wi+LZayB6qAHm5hRU=
-350,-290,K8imwVEmhcopkhEH5SQEjoy4tHs=,4CoW92R1M5wi+LZayB6qAHm5hRU=
-352,-303,K8imwVEmhcopkhEH5SQEjoy4tHs=,4CoW92R1M5wi+LZayB6qAHm5hRU=
-352,-290,K8imwVEmhcopkhEH5SQEjoy4tHs=,4CoW92R1M5wi+LZayB6qAHm5hRU=
-338,-291,K8imwVEmhcopkhEH5SQEjoy4tHs=,4CoW92R1M5wi+LZayB6qAHm5hRU=
-351,-303,K8imwVEmhcopkhEH5SQEjoy4tHs=,4CoW92R1M5wi+LZayB6qAHm5hRU=
-339,-304,K8imwVEmhcopkhEH5SQEjoy4tHs=,4CoW92R1M5wi+LZayB6qAHm5hRU=
-342,-291,K8imwVEmhcopkhEH5SQEjoy4tHs=,4CoW92R1M5wi+LZayB6qAHm5hRU=
-341,-291,K8imwVEmhcopkhEH5SQEjoy4tHs=,4CoW92R1M5wi+LZayB6qAHm5hRU=
-350,-303,K8imwVEmhcopkhEH5SQEjoy4tHs=,4CoW92R1M5wi+LZayB6qAHm5hRU=
-343,-291,K8imwVEmhcopkhEH5SQEjoy4tHs=,4CoW92R1M5wi+LZayB6qAHm5hRU=
-344,-291,K8imwVEmhcopkhEH5SQEjoy4tHs=,4CoW92R1M5wi+LZayB6qAHm5hRU=
-349,-303,K8imwVEmhcopkhEH5SQEjoy4tHs=,4CoW92R1M5wi+LZayB6qAHm5hRU=
-345,-291,K8imwVEmhcopkhEH5SQEjoy4tHs=,4CoW92R1M5wi+LZayB6qAHm5hRU=
-348,-303,K8imwVEmhcopkhEH5SQEjoy4tHs=,4CoW92R1M5wi+LZayB6qAHm5hRU=
-346,-291,K8imwVEmhcopkhEH5SQEjoy4tHs=,4CoW92R1M5wi+LZayB6qAHm5hRU=
-347,-291,K8imwVEmhcopkhEH5SQEjoy4tHs=,4CoW92R1M5wi+LZayB6qAHm5hRU=
-349,-291,K8imwVEmhcopkhEH5SQEjoy4tHs=,4CoW92R1M5wi+LZayB6qAHm5hRU=
-347,-303,K8imwVEmhcopkhEH5SQEjoy4tHs=,4CoW92R1M5wi+LZayB6qAHm5hRU=
-348,-291,K8imwVEmhcopkhEH5SQEjoy4tHs=,4CoW92R1M5wi+LZayB6qAHm5hRU=
-351,-291,K8imwVEmhcopkhEH5SQEjoy4tHs=,4CoW92R1M5wi+LZayB6qAHm5hRU=
-346,-303,K8imwVEmhcopkhEH5SQEjoy4tHs=,4CoW92R1M5wi+LZayB6qAHm5hRU=
-350,-291,K8imwVEmhcopkhEH5SQEjoy4tHs=,4CoW92R1M5wi+LZayB6qAHm5hRU=
-338,-292,K8imwVEmhcopkhEH5SQEjoy4tHs=,4CoW92R1M5wi+LZayB6qAHm5hRU=
-337,-292,K8imwVEmhcopkhEH5SQEjoy4tHs=,4CoW92R1M5wi+LZayB6qAHm5hRU=
-345,-303,K8imwVEmhcopkhEH5SQEjoy4tHs=,4CoW92R1M5wi+LZayB6qAHm5hRU=
-341,-292,K8imwVEmhcopkhEH5SQEjoy4tHs=,4CoW92R1M5wi+LZayB6qAHm5hRU=
-344,-303,K8imwVEmhcopkhEH5SQEjoy4tHs=,4CoW92R1M5wi+LZayB6qAHm5hRU=
-340,-292,K8imwVEmhcopkhEH5SQEjoy4tHs=,4CoW92R1M5wi+LZayB6qAHm5hRU=
-339,-292,K8imwVEmhcopkhEH5SQEjoy4tHs=,4CoW92R1M5wi+LZayB6qAHm5hRU=
-342,-292,K8imwVEmhcopkhEH5SQEjoy4tHs=,4CoW92R1M5wi+LZayB6qAHm5hRU=
-343,-292,K8imwVEmhcopkhEH5SQEjoy4tHs=,4CoW92R1M5wi+LZayB6qAHm5hRU=
-343,-303,K8imwVEmhcopkhEH5SQEjoy4tHs=,4CoW92R1M5wi+LZayB6qAHm5hRU=
-345,-292,K8imwVEmhcopkhEH5SQEjoy4tHs=,4CoW92R1M5wi+LZayB6qAHm5hRU=
-344,-292,K8imwVEmhcopkhEH5SQEjoy4tHs=,4CoW92R1M5wi+LZayB6qAHm5hRU=
-340,-304,K8imwVEmhcopkhEH5SQEjoy4tHs=,4CoW92R1M5wi+LZayB6qAHm5hRU=
-347,-292,K8imwVEmhcopkhEH5SQEjoy4tHs=,4CoW92R1M5wi+LZayB6qAHm5hRU=
-346,-292,K8imwVEmhcopkhEH5SQEjoy4tHs=,4CoW92R1M5wi+LZayB6qAHm5hRU=
-342,-303,K8imwVEmhcopkhEH5SQEjoy4tHs=,4CoW92R1M5wi+LZayB6qAHm5hRU=
-349,-292,K8imwVEmhcopkhEH5SQEjoy4tHs=,4CoW92R1M5wi+LZayB6qAHm5hRU=
-337,-291,K8imwVEmhcopkhEH5SQEjoy4tHs=,4CoW92R1M5wi+LZayB6qAHm5hRU=
-340,-291,K8imwVEmhcopkhEH5SQEjoy4tHs=,4CoW92R1M5wi+LZayB6qAHm5hRU=
-352,-291,K8imwVEmhcopkhEH5SQEjoy4tHs=,4CoW92R1M5wi+LZayB6qAHm5hRU=
-351,-292,K8imwVEmhcopkhEH5SQEjoy4tHs=,4CoW92R1M5wi+LZayB6qAHm5hRU=
-341,-303,K8imwVEmhcopkhEH5SQEjoy4tHs=,4CoW92R1M5wi+LZayB6qAHm5hRU=
-340,-303,K8imwVEmhcopkhEH5SQEjoy4tHs=,4CoW92R1M5wi+LZayB6qAHm5hRU=
-350,-292,K8imwVEmhcopkhEH5SQEjoy4tHs=,4CoW92R1M5wi+LZayB6qAHm5hRU=
-341,-304,K8imwVEmhcopkhEH5SQEjoy4tHs=,4CoW92R1M5wi+LZayB6qAHm5hRU=
-337,-293,K8imwVEmhcopkhEH5SQEjoy4tHs=,4CoW92R1M5wi+LZayB6qAHm5hRU=
-339,-293,K8imwVEmhcopkhEH5SQEjoy4tHs=,4CoW92R1M5wi+LZayB6qAHm5hRU=
-340,-293,K8imwVEmhcopkhEH5SQEjoy4tHs=,4CoW92R1M5wi+LZayB6qAHm5hRU=
-352,-292,K8imwVEmhcopkhEH5SQEjoy4tHs=,4CoW92R1M5wi+LZayB6qAHm5hRU=
-338,-293,K8imwVEmhcopkhEH5SQEjoy4tHs=,4CoW92R1M5wi+LZayB6qAHm5hRU=
-341,-293,K8imwVEmhcopkhEH5SQEjoy4tHs=,4CoW92R1M5wi+LZayB6qAHm5hRU=
-342,-293,K8imwVEmhcopkhEH5SQEjoy4tHs=,4CoW92R1M5wi+LZayB6qAHm5hRU=
-339,-303,K8imwVEmhcopkhEH5SQEjoy4tHs=,4CoW92R1M5wi+LZayB6qAHm5hRU=
-343,-293,K8imwVEmhcopkhEH5SQEjoy4tHs=,4CoW92R1M5wi+LZayB6qAHm5hRU=
-346,-293,K8imwVEmhcopkhEH5SQEjoy4tHs=,4CoW92R1M5wi+LZayB6qAHm5hRU=
-345,-293,K8imwVEmhcopkhEH5SQEjoy4tHs=,4CoW92R1M5wi+LZayB6qAHm5hRU=
-344,-293,K8imwVEmhcopkhEH5SQEjoy4tHs=,4CoW92R1M5wi+LZayB6qAHm5hRU=
-347,-293,K8imwVEmhcopkhEH5SQEjoy4tHs=,4CoW92R1M5wi+LZayB6qAHm5hRU=
-348,-293,K8imwVEmhcopkhEH5SQEjoy4tHs=,4CoW92R1M5wi+LZayB6qAHm5hRU=
-349,-293,K8imwVEmhcopkhEH5SQEjoy4tHs=,4CoW92R1M5wi+LZayB6qAHm5hRU=
-338,-303,K8imwVEmhcopkhEH5SQEjoy4tHs=,4CoW92R1M5wi+LZayB6qAHm5hRU=
-350,-293,K8imwVEmhcopkhEH5SQEjoy4tHs=,4CoW92R1M5wi+LZayB6qAHm5hRU=
-352,-293,K8imwVEmhcopkhEH5SQEjoy4tHs=,4CoW92R1M5wi+LZayB6qAHm5hRU=
-339,-291,K8imwVEmhcopkhEH5SQEjoy4tHs=,4CoW92R1M5wi+LZayB6qAHm5hRU=
-337,-294,K8imwVEmhcopkhEH5SQEjoy4tHs=,4CoW92R1M5wi+LZayB6qAHm5hRU=
-342,-304,K8imwVEmhcopkhEH5SQEjoy4tHs=,4CoW92R1M5wi+LZayB6qAHm5hRU=
-351,-293,K8imwVEmhcopkhEH5SQEjoy4tHs=,4CoW92R1M5wi+LZayB6qAHm5hRU=
-340,-294,K8imwVEmhcopkhEH5SQEjoy4tHs=,4CoW92R1M5wi+LZayB6qAHm5hRU=
-338,-294,K8imwVEmhcopkhEH5SQEjoy4tHs=,4CoW92R1M5wi+LZayB6qAHm5hRU=
-337,-303,K8imwVEmhcopkhEH5SQEjoy4tHs=,4CoW92R1M5wi+LZayB6qAHm5hRU=
-341,-294,K8imwVEmhcopkhEH5SQEjoy4tHs=,4CoW92R1M5wi+LZayB6qAHm5hRU=
-342,-294,K8imwVEmhcopkhEH5SQEjoy4tHs=,4CoW92R1M5wi+LZayB6qAHm5hRU=
-343,-294,K8imwVEmhcopkhEH5SQEjoy4tHs=,4CoW92R1M5wi+LZayB6qAHm5hRU=
-339,-294,K8imwVEmhcopkhEH5SQEjoy4tHs=,4CoW92R1M5wi+LZayB6qAHm5hRU=
-352,-302,K8imwVEmhcopkhEH5SQEjoy4tHs=,4CoW92R1M5wi+LZayB6qAHm5hRU=
-345,-294,K8imwVEmhcopkhEH5SQEjoy4tHs=,4CoW92R1M5wi+LZayB6qAHm5hRU=
-344,-294,K8imwVEmhcopkhEH5SQEjoy4tHs=,4CoW92R1M5wi+LZayB6qAHm5hRU=
-350,-294,K8imwVEmhcopkhEH5SQEjoy4tHs=,4CoW92R1M5wi+LZayB6qAHm5hRU=
-351,-294,K8imwVEmhcopkhEH5SQEjoy4tHs=,4CoW92R1M5wi+LZayB6qAHm5hRU=
-348,-294,K8imwVEmhcopkhEH5SQEjoy4tHs=,4CoW92R1M5wi+LZayB6qAHm5hRU=
-347,-294,K8imwVEmhcopkhEH5SQEjoy4tHs=,4CoW92R1M5wi+LZayB6qAHm5hRU=
-346,-294,K8imwVEmhcopkhEH5SQEjoy4tHs=,4CoW92R1M5wi+LZayB6qAHm5hRU=
-349,-294,K8imwVEmhcopkhEH5SQEjoy4tHs=,4CoW92R1M5wi+LZayB6qAHm5hRU=
-352,-294,K8imwVEmhcopkhEH5SQEjoy4tHs=,4CoW92R1M5wi+LZayB6qAHm5hRU=
-337,-295,K8imwVEmhcopkhEH5SQEjoy4tHs=,4CoW92R1M5wi+LZayB6qAHm5hRU=
-343,-304,K8imwVEmhcopkhEH5SQEjoy4tHs=,4CoW92R1M5wi+LZayB6qAHm5hRU=
-351,-304,K8imwVEmhcopkhEH5SQEjoy4tHs=,4CoW92R1M5wi+LZayB6qAHm5hRU=
-338,-295,K8imwVEmhcopkhEH5SQEjoy4tHs=,4CoW92R1M5wi+LZayB6qAHm5hRU=
-339,-295,K8imwVEmhcopkhEH5SQEjoy4tHs=,4CoW92R1M5wi+LZayB6qAHm5hRU=
-340,-295,K8imwVEmhcopkhEH5SQEjoy4tHs=,4CoW92R1M5wi+LZayB6qAHm5hRU=
-342,-295,K8imwVEmhcopkhEH5SQEjoy4tHs=,4CoW92R1M5wi+LZayB6qAHm5hRU=
-341,-295,K8imwVEmhcopkhEH5SQEjoy4tHs=,4CoW92R1M5wi+LZayB6qAHm5hRU=
-345,-295,K8imwVEmhcopkhEH5SQEjoy4tHs=,4CoW92R1M5wi+LZayB6qAHm5hRU=
-346,-295,K8imwVEmhcopkhEH5SQEjoy4tHs=,4CoW92R1M5wi+LZayB6qAHm5hRU=
-343,-295,K8imwVEmhcopkhEH5SQEjoy4tHs=,4CoW92R1M5wi+LZayB6qAHm5hRU=
-344,-295,K8imwVEmhcopkhEH5SQEjoy4tHs=,4CoW92R1M5wi+LZayB6qAHm5hRU=
-347,-295,K8imwVEmhcopkhEH5SQEjoy4tHs=,4CoW92R1M5wi+LZayB6qAHm5hRU=
-350,-295,K8imwVEmhcopkhEH5SQEjoy4tHs=,4CoW92R1M5wi+LZayB6qAHm5hRU=
-348,-295,K8imwVEmhcopkhEH5SQEjoy4tHs=,4CoW92R1M5wi+LZayB6qAHm5hRU=
-349,-295,K8imwVEmhcopkhEH5SQEjoy4tHs=,4CoW92R1M5wi+LZayB6qAHm5hRU=
-344,-304,K8imwVEmhcopkhEH5SQEjoy4tHs=,4CoW92R1M5wi+LZayB6qAHm5hRU=
-351,-295,K8imwVEmhcopkhEH5SQEjoy4tHs=,4CoW92R1M5wi+LZayB6qAHm5hRU=
-352,-295,K8imwVEmhcopkhEH5SQEjoy4tHs=,4CoW92R1M5wi+LZayB6qAHm5hRU=
-337,-296,K8imwVEmhcopkhEH5SQEjoy4tHs=,4CoW92R1M5wi+LZayB6qAHm5hRU=
-351,-302,K8imwVEmhcopkhEH5SQEjoy4tHs=,4CoW92R1M5wi+LZayB6qAHm5hRU=
-338,-296,K8imwVEmhcopkhEH5SQEjoy4tHs=,4CoW92R1M5wi+LZayB6qAHm5hRU=
-339,-296,K8imwVEmhcopkhEH5SQEjoy4tHs=,4CoW92R1M5wi+LZayB6qAHm5hRU=
-341,-296,K8imwVEmhcopkhEH5SQEjoy4tHs=,4CoW92R1M5wi+LZayB6qAHm5hRU=
-340,-296,K8imwVEmhcopkhEH5SQEjoy4tHs=,4CoW92R1M5wi+LZayB6qAHm5hRU=
-342,-296,K8imwVEmhcopkhEH5SQEjoy4tHs=,4CoW92R1M5wi+LZayB6qAHm5hRU=
-343,-296,K8imwVEmhcopkhEH5SQEjoy4tHs=,4CoW92R1M5wi+LZayB6qAHm5hRU=
-345,-296,K8imwVEmhcopkhEH5SQEjoy4tHs=,4CoW92R1M5wi+LZayB6qAHm5hRU=
-346,-296,K8imwVEmhcopkhEH5SQEjoy4tHs=,4CoW92R1M5wi+LZayB6qAHm5hRU=
-350,-302,K8imwVEmhcopkhEH5SQEjoy4tHs=,4CoW92R1M5wi+LZayB6qAHm5hRU=
-344,-296,K8imwVEmhcopkhEH5SQEjoy4tHs=,4CoW92R1M5wi+LZayB6qAHm5hRU=
-347,-296,K8imwVEmhcopkhEH5SQEjoy4tHs=,4CoW92R1M5wi+LZayB6qAHm5hRU=
-348,-296,K8imwVEmhcopkhEH5SQEjoy4tHs=,4CoW92R1M5wi+LZayB6qAHm5hRU=
-350,-296,K8imwVEmhcopkhEH5SQEjoy4tHs=,4CoW92R1M5wi+LZayB6qAHm5hRU=
-349,-296,K8imwVEmhcopkhEH5SQEjoy4tHs=,4CoW92R1M5wi+LZayB6qAHm5hRU=
-351,-296,K8imwVEmhcopkhEH5SQEjoy4tHs=,4CoW92R1M5wi+LZayB6qAHm5hRU=
-345,-304,K8imwVEmhcopkhEH5SQEjoy4tHs=,4CoW92R1M5wi+LZayB6qAHm5hRU=
-352,-296,K8imwVEmhcopkhEH5SQEjoy4tHs=,4CoW92R1M5wi+LZayB6qAHm5hRU=
-337,-297,K8imwVEmhcopkhEH5SQEjoy4tHs=,4CoW92R1M5wi+LZayB6qAHm5hRU=
-339,-297,K8imwVEmhcopkhEH5SQEjoy4tHs=,4CoW92R1M5wi+LZayB6qAHm5hRU=
-349,-302,K8imwVEmhcopkhEH5SQEjoy4tHs=,4CoW92R1M5wi+LZayB6qAHm5hRU=
-338,-297,K8imwVEmhcopkhEH5SQEjoy4tHs=,4CoW92R1M5wi+LZayB6qAHm5hRU=
-340,-297,K8imwVEmhcopkhEH5SQEjoy4tHs=,4CoW92R1M5wi+LZayB6qAHm5hRU=
-345,-297,K8imwVEmhcopkhEH5SQEjoy4tHs=,4CoW92R1M5wi+LZayB6qAHm5hRU=
-341,-297,K8imwVEmhcopkhEH5SQEjoy4tHs=,4CoW92R1M5wi+LZayB6qAHm5hRU=
-343,-297,K8imwVEmhcopkhEH5SQEjoy4tHs=,4CoW92R1M5wi+LZayB6qAHm5hRU=
-342,-297,K8imwVEmhcopkhEH5SQEjoy4tHs=,4CoW92R1M5wi+LZayB6qAHm5hRU=
-346,-297,K8imwVEmhcopkhEH5SQEjoy4tHs=,4CoW92R1M5wi+LZayB6qAHm5hRU=
-344,-297,K8imwVEmhcopkhEH5SQEjoy4tHs=,4CoW92R1M5wi+LZayB6qAHm5hRU=
-347,-297,K8imwVEmhcopkhEH5SQEjoy4tHs=,4CoW92R1M5wi+LZayB6qAHm5hRU=
-348,-297,K8imwVEmhcopkhEH5SQEjoy4tHs=,4CoW92R1M5wi+LZayB6qAHm5hRU=
-350,-297,K8imwVEmhcopkhEH5SQEjoy4tHs=,4CoW92R1M5wi+LZayB6qAHm5hRU=
-349,-297,K8imwVEmhcopkhEH5SQEjoy4tHs=,4CoW92R1M5wi+LZayB6qAHm5hRU=
-351,-297,K8imwVEmhcopkhEH5SQEjoy4tHs=,4CoW92R1M5wi+LZayB6qAHm5hRU=
-348,-302,K8imwVEmhcopkhEH5SQEjoy4tHs=,4CoW92R1M5wi+LZayB6qAHm5hRU=
-346,-304,K8imwVEmhcopkhEH5SQEjoy4tHs=,4CoW92R1M5wi+LZayB6qAHm5hRU=
-337,-298,K8imwVEmhcopkhEH5SQEjoy4tHs=,4CoW92R1M5wi+LZayB6qAHm5hRU=
-352,-297,K8imwVEmhcopkhEH5SQEjoy4tHs=,4CoW92R1M5wi+LZayB6qAHm5hRU=
-338,-298,K8imwVEmhcopkhEH5SQEjoy4tHs=,4CoW92R1M5wi+LZayB6qAHm5hRU=
-339,-298,K8imwVEmhcopkhEH5SQEjoy4tHs=,4CoW92R1M5wi+LZayB6qAHm5hRU=
-340,-298,K8imwVEmhcopkhEH5SQEjoy4tHs=,4CoW92R1M5wi+LZayB6qAHm5hRU=
-342,-298,K8imwVEmhcopkhEH5SQEjoy4tHs=,4CoW92R1M5wi+LZayB6qAHm5hRU=
-341,-298,K8imwVEmhcopkhEH5SQEjoy4tHs=,4CoW92R1M5wi+LZayB6qAHm5hRU=
-347,-302,K8imwVEmhcopkhEH5SQEjoy4tHs=,4CoW92R1M5wi+LZayB6qAHm5hRU=
-345,-298,K8imwVEmhcopkhEH5SQEjoy4tHs=,4CoW92R1M5wi+LZayB6qAHm5hRU=
-343,-298,K8imwVEmhcopkhEH5SQEjoy4tHs=,4CoW92R1M5wi+LZayB6qAHm5hRU=
-344,-298,K8imwVEmhcopkhEH5SQEjoy4tHs=,4CoW92R1M5wi+LZayB6qAHm5hRU=
-349,-298,K8imwVEmhcopkhEH5SQEjoy4tHs=,4CoW92R1M5wi+LZayB6qAHm5hRU=
-346,-298,K8imwVEmhcopkhEH5SQEjoy4tHs=,4CoW92R1M5wi+LZayB6qAHm5hRU=
-347,-298,K8imwVEmhcopkhEH5SQEjoy4tHs=,4CoW92R1M5wi+LZayB6qAHm5hRU=
-350,-298,K8imwVEmhcopkhEH5SQEjoy4tHs=,4CoW92R1M5wi+LZayB6qAHm5hRU=
-348,-298,K8imwVEmhcopkhEH5SQEjoy4tHs=,4CoW92R1M5wi+LZayB6qAHm5hRU=
-346,-302,K8imwVEmhcopkhEH5SQEjoy4tHs=,4CoW92R1M5wi+LZayB6qAHm5hRU=
-347,-304,K8imwVEmhcopkhEH5SQEjoy4tHs=,4CoW92R1M5wi+LZayB6qAHm5hRU=
-351,-298,K8imwVEmhcopkhEH5SQEjoy4tHs=,4CoW92R1M5wi+LZayB6qAHm5hRU=
-338,-299,K8imwVEmhcopkhEH5SQEjoy4tHs=,4CoW92R1M5wi+LZayB6qAHm5hRU=
-352,-298,K8imwVEmhcopkhEH5SQEjoy4tHs=,4CoW92R1M5wi+LZayB6qAHm5hRU=
-337,-299,K8imwVEmhcopkhEH5SQEjoy4tHs=,4CoW92R1M5wi+LZayB6qAHm5hRU=
-339,-299,K8imwVEmhcopkhEH5SQEjoy4tHs=,4CoW92R1M5wi+LZayB6qAHm5hRU=
-340,-299,K8imwVEmhcopkhEH5SQEjoy4tHs=,4CoW92R1M5wi+LZayB6qAHm5hRU=
-342,-299,K8imwVEmhcopkhEH5SQEjoy4tHs=,4CoW92R1M5wi+LZayB6qAHm5hRU=
-343,-299,K8imwVEmhcopkhEH5SQEjoy4tHs=,4CoW92R1M5wi+LZayB6qAHm5hRU=
-341,-299,K8imwVEmhcopkhEH5SQEjoy4tHs=,4CoW92R1M5wi+LZayB6qAHm5hRU=
-344,-299,K8imwVEmhcopkhEH5SQEjoy4tHs=,4CoW92R1M5wi+LZayB6qAHm5hRU=
-345,-302,K8imwVEmhcopkhEH5SQEjoy4tHs=,4CoW92R1M5wi+LZayB6qAHm5hRU=
-345,-299,K8imwVEmhcopkhEH5SQEjoy4tHs=,4CoW92R1M5wi+LZayB6qAHm5hRU=
-346,-299,K8imwVEmhcopkhEH5SQEjoy4tHs=,4CoW92R1M5wi+LZayB6qAHm5hRU=
-337,-300,K8imwVEmhcopkhEH5SQEjoy4tHs=,4CoW92R1M5wi+LZayB6qAHm5hRU=
-349,-299,K8imwVEmhcopkhEH5SQEjoy4tHs=,4CoW92R1M5wi+LZayB6qAHm5hRU=
-347,-299,K8imwVEmhcopkhEH5SQEjoy4tHs=,4CoW92R1M5wi+LZayB6qAHm5hRU=
-348,-299,K8imwVEmhcopkhEH5SQEjoy4tHs=,4CoW92R1M5wi+LZayB6qAHm5hRU=
-352,-299,K8imwVEmhcopkhEH5SQEjoy4tHs=,4CoW92R1M5wi+LZayB6qAHm5hRU=
-350,-299,K8imwVEmhcopkhEH5SQEjoy4tHs=,4CoW92R1M5wi+LZayB6qAHm5hRU=
-344,-302,K8imwVEmhcopkhEH5SQEjoy4tHs=,4CoW92R1M5wi+LZayB6qAHm5hRU=
-348,-304,K8imwVEmhcopkhEH5SQEjoy4tHs=,4CoW92R1M5wi+LZayB6qAHm5hRU=
-340,-300,K8imwVEmhcopkhEH5SQEjoy4tHs=,4CoW92R1M5wi+LZayB6qAHm5hRU=
-339,-300,K8imwVEmhcopkhEH5SQEjoy4tHs=,4CoW92R1M5wi+LZayB6qAHm5hRU=
-338,-300,K8imwVEmhcopkhEH5SQEjoy4tHs=,4CoW92R1M5wi+LZayB6qAHm5hRU=
-343,-300,K8imwVEmhcopkhEH5SQEjoy4tHs=,4CoW92R1M5wi+LZayB6qAHm5hRU=
-341,-300,K8imwVEmhcopkhEH5SQEjoy4tHs=,4CoW92R1M5wi+LZayB6qAHm5hRU=
-344,-300,K8imwVEmhcopkhEH5SQEjoy4tHs=,4CoW92R1M5wi+LZayB6qAHm5hRU=
-342,-300,K8imwVEmhcopkhEH5SQEjoy4tHs=,4CoW92R1M5wi+LZayB6qAHm5hRU=
-346,-300,K8imwVEmhcopkhEH5SQEjoy4tHs=,4CoW92R1M5wi+LZayB6qAHm5hRU=
-343,-302,K8imwVEmhcopkhEH5SQEjoy4tHs=,4CoW92R1M5wi+LZayB6qAHm5hRU=
-347,-300,K8imwVEmhcopkhEH5SQEjoy4tHs=,4CoW92R1M5wi+LZayB6qAHm5hRU=
-350,-300,K8imwVEmhcopkhEH5SQEjoy4tHs=,4CoW92R1M5wi+LZayB6qAHm5hRU=
-345,-300,K8imwVEmhcopkhEH5SQEjoy4tHs=,4CoW92R1M5wi+LZayB6qAHm5hRU=
-349,-300,K8imwVEmhcopkhEH5SQEjoy4tHs=,4CoW92R1M5wi+LZayB6qAHm5hRU=
-351,-300,K8imwVEmhcopkhEH5SQEjoy4tHs=,4CoW92R1M5wi+LZayB6qAHm5hRU=
-352,-300,K8imwVEmhcopkhEH5SQEjoy4tHs=,4CoW92R1M5wi+LZayB6qAHm5hRU=
-348,-300,K8imwVEmhcopkhEH5SQEjoy4tHs=,4CoW92R1M5wi+LZayB6qAHm5hRU=
-349,-304,K8imwVEmhcopkhEH5SQEjoy4tHs=,4CoW92R1M5wi+LZayB6qAHm5hRU=
-337,-301,K8imwVEmhcopkhEH5SQEjoy4tHs=,4CoW92R1M5wi+LZayB6qAHm5hRU=
-342,-302,K8imwVEmhcopkhEH5SQEjoy4tHs=,4CoW92R1M5wi+LZayB6qAHm5hRU=
-339,-301,K8imwVEmhcopkhEH5SQEjoy4tHs=,4CoW92R1M5wi+LZayB6qAHm5hRU=
-340,-301,K8imwVEmhcopkhEH5SQEjoy4tHs=,4CoW92R1M5wi+LZayB6qAHm5hRU=
-341,-301,K8imwVEmhcopkhEH5SQEjoy4tHs=,4CoW92R1M5wi+LZayB6qAHm5hRU=
-338,-301,K8imwVEmhcopkhEH5SQEjoy4tHs=,4CoW92R1M5wi+LZayB6qAHm5hRU=
-342,-301,K8imwVEmhcopkhEH5SQEjoy4tHs=,4CoW92R1M5wi+LZayB6qAHm5hRU=
-346,-301,K8imwVEmhcopkhEH5SQEjoy4tHs=,4CoW92R1M5wi+LZayB6qAHm5hRU=
-343,-301,K8imwVEmhcopkhEH5SQEjoy4tHs=,4CoW92R1M5wi+LZayB6qAHm5hRU=
-344,-301,K8imwVEmhcopkhEH5SQEjoy4tHs=,4CoW92R1M5wi+LZayB6qAHm5hRU=
-345,-301,K8imwVEmhcopkhEH5SQEjoy4tHs=,4CoW92R1M5wi+LZayB6qAHm5hRU=
-341,-302,K8imwVEmhcopkhEH5SQEjoy4tHs=,4CoW92R1M5wi+LZayB6qAHm5hRU=
-347,-301,K8imwVEmhcopkhEH5SQEjoy4tHs=,4CoW92R1M5wi+LZayB6qAHm5hRU=
-348,-301,K8imwVEmhcopkhEH5SQEjoy4tHs=,4CoW92R1M5wi+LZayB6qAHm5hRU=
-349,-301,K8imwVEmhcopkhEH5SQEjoy4tHs=,4CoW92R1M5wi+LZayB6qAHm5hRU=
-350,-301,K8imwVEmhcopkhEH5SQEjoy4tHs=,4CoW92R1M5wi+LZayB6qAHm5hRU=
-351,-301,K8imwVEmhcopkhEH5SQEjoy4tHs=,4CoW92R1M5wi+LZayB6qAHm5hRU=
-352,-301,K8imwVEmhcopkhEH5SQEjoy4tHs=,4CoW92R1M5wi+LZayB6qAHm5hRU=
-350,-304,K8imwVEmhcopkhEH5SQEjoy4tHs=,4CoW92R1M5wi+LZayB6qAHm5hRU=
-339,-302,K8imwVEmhcopkhEH5SQEjoy4tHs=,4CoW92R1M5wi+LZayB6qAHm5hRU=
-340,-302,K8imwVEmhcopkhEH5SQEjoy4tHs=,4CoW92R1M5wi+LZayB6qAHm5hRU=
-337,-302,K8imwVEmhcopkhEH5SQEjoy4tHs=,4CoW92R1M5wi+LZayB6qAHm5hRU=
-348,-292,K8imwVEmhcopkhEH5SQEjoy4tHs=,4CoW92R1M5wi+LZayB6qAHm5hRU=
-338,-302,K8imwVEmhcopkhEH5SQEjoy4tHs=,4CoW92R1M5wi+LZayB6qAHm5hRU=
-351,-299,K8imwVEmhcopkhEH5SQEjoy4tHs=,4CoW92R1M5wi+LZayB6qAHm5hRU=
-336,-303,K8imwVEmhcopkhEH5SQEjoy4tHs=,4CoW92R1M5wi+LZayB6qAHm5hRU=
-335,-303,K8imwVEmhcopkhEH5SQEjoy4tHs=,4CoW92R1M5wi+LZayB6qAHm5hRU=
-334,-303,3XdyfaHGQNN8IODzKj7pws/eQ9k=,4CoW92R1M5wi+LZayB6qAHm5hRU=
-321,-289,K8imwVEmhcopkhEH5SQEjoy4tHs=,4CoW92R1M5wi+LZayB6qAHm5hRU=
-330,-304,K8imwVEmhcopkhEH5SQEjoy4tHs=,4CoW92R1M5wi+LZayB6qAHm5hRU=
-331,-304,K8imwVEmhcopkhEH5SQEjoy4tHs=,4CoW92R1M5wi+LZayB6qAHm5hRU=
-332,-304,K8imwVEmhcopkhEH5SQEjoy4tHs=,4CoW92R1M5wi+LZayB6qAHm5hRU=
-333,-304,K8imwVEmhcopkhEH5SQEjoy4tHs=,4CoW92R1M5wi+LZayB6qAHm5hRU=
-334,-304,K8imwVEmhcopkhEH5SQEjoy4tHs=,4CoW92R1M5wi+LZayB6qAHm5hRU=
-335,-304,K8imwVEmhcopkhEH5SQEjoy4tHs=,4CoW92R1M5wi+LZayB6qAHm5hRU=
-323,-304,K8imwVEmhcopkhEH5SQEjoy4tHs=,4CoW92R1M5wi+LZayB6qAHm5hRU=
-321,-304,K8imwVEmhcopkhEH5SQEjoy4tHs=,4CoW92R1M5wi+LZayB6qAHm5hRU=
-336,-304,K8imwVEmhcopkhEH5SQEjoy4tHs=,4CoW92R1M5wi+LZayB6qAHm5hRU=
-322,-304,K8imwVEmhcopkhEH5SQEjoy4tHs=,4CoW92R1M5wi+LZayB6qAHm5hRU=
-326,-289,K8imwVEmhcopkhEH5SQEjoy4tHs=,4CoW92R1M5wi+LZayB6qAHm5hRU=
-324,-304,K8imwVEmhcopkhEH5SQEjoy4tHs=,4CoW92R1M5wi+LZayB6qAHm5hRU=
-325,-289,K8imwVEmhcopkhEH5SQEjoy4tHs=,4CoW92R1M5wi+LZayB6qAHm5hRU=
-326,-304,K8imwVEmhcopkhEH5SQEjoy4tHs=,4CoW92R1M5wi+LZayB6qAHm5hRU=
-331,-289,K8imwVEmhcopkhEH5SQEjoy4tHs=,4CoW92R1M5wi+LZayB6qAHm5hRU=
-332,-289,K8imwVEmhcopkhEH5SQEjoy4tHs=,4CoW92R1M5wi+LZayB6qAHm5hRU=
-333,-289,K8imwVEmhcopkhEH5SQEjoy4tHs=,4CoW92R1M5wi+LZayB6qAHm5hRU=
-334,-289,K8imwVEmhcopkhEH5SQEjoy4tHs=,4CoW92R1M5wi+LZayB6qAHm5hRU=
-335,-289,K8imwVEmhcopkhEH5SQEjoy4tHs=,4CoW92R1M5wi+LZayB6qAHm5hRU=
-336,-289,K8imwVEmhcopkhEH5SQEjoy4tHs=,4CoW92R1M5wi+LZayB6qAHm5hRU=
-324,-289,K8imwVEmhcopkhEH5SQEjoy4tHs=,4CoW92R1M5wi+LZayB6qAHm5hRU=
-329,-289,K8imwVEmhcopkhEH5SQEjoy4tHs=,4CoW92R1M5wi+LZayB6qAHm5hRU=
-325,-304,K8imwVEmhcopkhEH5SQEjoy4tHs=,4CoW92R1M5wi+LZayB6qAHm5hRU=
-329,-304,K8imwVEmhcopkhEH5SQEjoy4tHs=,4CoW92R1M5wi+LZayB6qAHm5hRU=
-328,-289,K8imwVEmhcopkhEH5SQEjoy4tHs=,4CoW92R1M5wi+LZayB6qAHm5hRU=
-327,-289,K8imwVEmhcopkhEH5SQEjoy4tHs=,4CoW92R1M5wi+LZayB6qAHm5hRU=
-321,-290,K8imwVEmhcopkhEH5SQEjoy4tHs=,4CoW92R1M5wi+LZayB6qAHm5hRU=
-327,-304,K8imwVEmhcopkhEH5SQEjoy4tHs=,4CoW92R1M5wi+LZayB6qAHm5hRU=
-330,-289,K8imwVEmhcopkhEH5SQEjoy4tHs=,4CoW92R1M5wi+LZayB6qAHm5hRU=
-324,-290,K8imwVEmhcopkhEH5SQEjoy4tHs=,4CoW92R1M5wi+LZayB6qAHm5hRU=
-328,-290,K8imwVEmhcopkhEH5SQEjoy4tHs=,4CoW92R1M5wi+LZayB6qAHm5hRU=
-331,-290,K8imwVEmhcopkhEH5SQEjoy4tHs=,4CoW92R1M5wi+LZayB6qAHm5hRU=
-332,-290,K8imwVEmhcopkhEH5SQEjoy4tHs=,4CoW92R1M5wi+LZayB6qAHm5hRU=
-333,-290,K8imwVEmhcopkhEH5SQEjoy4tHs=,4CoW92R1M5wi+LZayB6qAHm5hRU=
-334,-290,K8imwVEmhcopkhEH5SQEjoy4tHs=,4CoW92R1M5wi+LZayB6qAHm5hRU=
-335,-290,K8imwVEmhcopkhEH5SQEjoy4tHs=,4CoW92R1M5wi+LZayB6qAHm5hRU=
-322,-290,K8imwVEmhcopkhEH5SQEjoy4tHs=,4CoW92R1M5wi+LZayB6qAHm5hRU=
-323,-290,K8imwVEmhcopkhEH5SQEjoy4tHs=,4CoW92R1M5wi+LZayB6qAHm5hRU=
-336,-290,K8imwVEmhcopkhEH5SQEjoy4tHs=,4CoW92R1M5wi+LZayB6qAHm5hRU=
-329,-290,K8imwVEmhcopkhEH5SQEjoy4tHs=,4CoW92R1M5wi+LZayB6qAHm5hRU=
-326,-290,K8imwVEmhcopkhEH5SQEjoy4tHs=,4CoW92R1M5wi+LZayB6qAHm5hRU=
-327,-290,K8imwVEmhcopkhEH5SQEjoy4tHs=,4CoW92R1M5wi+LZayB6qAHm5hRU=
-325,-290,K8imwVEmhcopkhEH5SQEjoy4tHs=,4CoW92R1M5wi+LZayB6qAHm5hRU=
-326,-291,K8imwVEmhcopkhEH5SQEjoy4tHs=,4CoW92R1M5wi+LZayB6qAHm5hRU=
-329,-291,3XdyfaHGQNN8IODzKj7pws/eQ9k=,4CoW92R1M5wi+LZayB6qAHm5hRU=
-331,-291,3XdyfaHGQNN8IODzKj7pws/eQ9k=,4CoW92R1M5wi+LZayB6qAHm5hRU=
-330,-290,K8imwVEmhcopkhEH5SQEjoy4tHs=,4CoW92R1M5wi+LZayB6qAHm5hRU=
-332,-291,3XdyfaHGQNN8IODzKj7pws/eQ9k=,4CoW92R1M5wi+LZayB6qAHm5hRU=
-333,-291,3XdyfaHGQNN8IODzKj7pws/eQ9k=,4CoW92R1M5wi+LZayB6qAHm5hRU=
-334,-291,3XdyfaHGQNN8IODzKj7pws/eQ9k=,4CoW92R1M5wi+LZayB6qAHm5hRU=
-335,-291,3XdyfaHGQNN8IODzKj7pws/eQ9k=,4CoW92R1M5wi+LZayB6qAHm5hRU=
-336,-291,3XdyfaHGQNN8IODzKj7pws/eQ9k=,4CoW92R1M5wi+LZayB6qAHm5hRU=
-323,-291,K8imwVEmhcopkhEH5SQEjoy4tHs=,4CoW92R1M5wi+LZayB6qAHm5hRU=
-321,-291,K8imwVEmhcopkhEH5SQEjoy4tHs=,4CoW92R1M5wi+LZayB6qAHm5hRU=
-328,-291,3XdyfaHGQNN8IODzKj7pws/eQ9k=,4CoW92R1M5wi+LZayB6qAHm5hRU=
-324,-291,K8imwVEmhcopkhEH5SQEjoy4tHs=,4CoW92R1M5wi+LZayB6qAHm5hRU=
-322,-291,K8imwVEmhcopkhEH5SQEjoy4tHs=,4CoW92R1M5wi+LZayB6qAHm5hRU=
-330,-291,3XdyfaHGQNN8IODzKj7pws/eQ9k=,4CoW92R1M5wi+LZayB6qAHm5hRU=
-327,-291,K8imwVEmhcopkhEH5SQEjoy4tHs=,4CoW92R1M5wi+LZayB6qAHm5hRU=
-323,-292,3XdyfaHGQNN8IODzKj7pws/eQ9k=,4CoW92R1M5wi+LZayB6qAHm5hRU=
-326,-292,3XdyfaHGQNN8IODzKj7pws/eQ9k=,4CoW92R1M5wi+LZayB6qAHm5hRU=
-331,-292,3XdyfaHGQNN8IODzKj7pws/eQ9k=,4CoW92R1M5wi+LZayB6qAHm5hRU=
-325,-291,K8imwVEmhcopkhEH5SQEjoy4tHs=,4CoW92R1M5wi+LZayB6qAHm5hRU=
-333,-292,3XdyfaHGQNN8IODzKj7pws/eQ9k=,4CoW92R1M5wi+LZayB6qAHm5hRU=
-332,-292,3XdyfaHGQNN8IODzKj7pws/eQ9k=,4CoW92R1M5wi+LZayB6qAHm5hRU=
-335,-292,3XdyfaHGQNN8IODzKj7pws/eQ9k=,4CoW92R1M5wi+LZayB6qAHm5hRU=
-334,-292,3XdyfaHGQNN8IODzKj7pws/eQ9k=,4CoW92R1M5wi+LZayB6qAHm5hRU=
-336,-292,3XdyfaHGQNN8IODzKj7pws/eQ9k=,4CoW92R1M5wi+LZayB6qAHm5hRU=
-321,-292,3XdyfaHGQNN8IODzKj7pws/eQ9k=,4CoW92R1M5wi+LZayB6qAHm5hRU=
-323,-289,K8imwVEmhcopkhEH5SQEjoy4tHs=,4CoW92R1M5wi+LZayB6qAHm5hRU=
-322,-289,K8imwVEmhcopkhEH5SQEjoy4tHs=,4CoW92R1M5wi+LZayB6qAHm5hRU=
-325,-292,3XdyfaHGQNN8IODzKj7pws/eQ9k=,4CoW92R1M5wi+LZayB6qAHm5hRU=
-328,-292,3XdyfaHGQNN8IODzKj7pws/eQ9k=,4CoW92R1M5wi+LZayB6qAHm5hRU=
-322,-292,3XdyfaHGQNN8IODzKj7pws/eQ9k=,4CoW92R1M5wi+LZayB6qAHm5hRU=
-330,-292,3XdyfaHGQNN8IODzKj7pws/eQ9k=,4CoW92R1M5wi+LZayB6qAHm5hRU=
-323,-293,3XdyfaHGQNN8IODzKj7pws/eQ9k=,4CoW92R1M5wi+LZayB6qAHm5hRU=
-327,-292,3XdyfaHGQNN8IODzKj7pws/eQ9k=,4CoW92R1M5wi+LZayB6qAHm5hRU=
-322,-293,3XdyfaHGQNN8IODzKj7pws/eQ9k=,4CoW92R1M5wi+LZayB6qAHm5hRU=
-332,-293,3XdyfaHGQNN8IODzKj7pws/eQ9k=,4CoW92R1M5wi+LZayB6qAHm5hRU=
-331,-293,3XdyfaHGQNN8IODzKj7pws/eQ9k=,4CoW92R1M5wi+LZayB6qAHm5hRU=
-333,-293,3XdyfaHGQNN8IODzKj7pws/eQ9k=,4CoW92R1M5wi+LZayB6qAHm5hRU=
-334,-293,3XdyfaHGQNN8IODzKj7pws/eQ9k=,4CoW92R1M5wi+LZayB6qAHm5hRU=
-335,-293,3XdyfaHGQNN8IODzKj7pws/eQ9k=,4CoW92R1M5wi+LZayB6qAHm5hRU=
-321,-293,3XdyfaHGQNN8IODzKj7pws/eQ9k=,4CoW92R1M5wi+LZayB6qAHm5hRU=
-327,-293,3XdyfaHGQNN8IODzKj7pws/eQ9k=,4CoW92R1M5wi+LZayB6qAHm5hRU=
-330,-293,3XdyfaHGQNN8IODzKj7pws/eQ9k=,4CoW92R1M5wi+LZayB6qAHm5hRU=
-336,-293,3XdyfaHGQNN8IODzKj7pws/eQ9k=,4CoW92R1M5wi+LZayB6qAHm5hRU=
-326,-293,3XdyfaHGQNN8IODzKj7pws/eQ9k=,4CoW92R1M5wi+LZayB6qAHm5hRU=
-324,-293,3XdyfaHGQNN8IODzKj7pws/eQ9k=,4CoW92R1M5wi+LZayB6qAHm5hRU=
-328,-293,3XdyfaHGQNN8IODzKj7pws/eQ9k=,4CoW92R1M5wi+LZayB6qAHm5hRU=
-322,-294,3XdyfaHGQNN8IODzKj7pws/eQ9k=,4CoW92R1M5wi+LZayB6qAHm5hRU=
-328,-304,K8imwVEmhcopkhEH5SQEjoy4tHs=,4CoW92R1M5wi+LZayB6qAHm5hRU=
-331,-294,3XdyfaHGQNN8IODzKj7pws/eQ9k=,4CoW92R1M5wi+LZayB6qAHm5hRU=
-332,-294,3XdyfaHGQNN8IODzKj7pws/eQ9k=,4CoW92R1M5wi+LZayB6qAHm5hRU=
-333,-294,3XdyfaHGQNN8IODzKj7pws/eQ9k=,4CoW92R1M5wi+LZayB6qAHm5hRU=
-335,-294,3XdyfaHGQNN8IODzKj7pws/eQ9k=,4CoW92R1M5wi+LZayB6qAHm5hRU=
-334,-294,3XdyfaHGQNN8IODzKj7pws/eQ9k=,4CoW92R1M5wi+LZayB6qAHm5hRU=
-321,-294,3XdyfaHGQNN8IODzKj7pws/eQ9k=,4CoW92R1M5wi+LZayB6qAHm5hRU=
-336,-294,3XdyfaHGQNN8IODzKj7pws/eQ9k=,4CoW92R1M5wi+LZayB6qAHm5hRU=
-324,-294,3XdyfaHGQNN8IODzKj7pws/eQ9k=,4CoW92R1M5wi+LZayB6qAHm5hRU=
-325,-294,3XdyfaHGQNN8IODzKj7pws/eQ9k=,4CoW92R1M5wi+LZayB6qAHm5hRU=
-327,-294,3XdyfaHGQNN8IODzKj7pws/eQ9k=,4CoW92R1M5wi+LZayB6qAHm5hRU=
-329,-294,3XdyfaHGQNN8IODzKj7pws/eQ9k=,4CoW92R1M5wi+LZayB6qAHm5hRU=
-325,-293,3XdyfaHGQNN8IODzKj7pws/eQ9k=,4CoW92R1M5wi+LZayB6qAHm5hRU=
-324,-292,3XdyfaHGQNN8IODzKj7pws/eQ9k=,4CoW92R1M5wi+LZayB6qAHm5hRU=
-330,-294,3XdyfaHGQNN8IODzKj7pws/eQ9k=,4CoW92R1M5wi+LZayB6qAHm5hRU=
-323,-294,3XdyfaHGQNN8IODzKj7pws/eQ9k=,4CoW92R1M5wi+LZayB6qAHm5hRU=
-326,-294,3XdyfaHGQNN8IODzKj7pws/eQ9k=,4CoW92R1M5wi+LZayB6qAHm5hRU=
-328,-294,3XdyfaHGQNN8IODzKj7pws/eQ9k=,4CoW92R1M5wi+LZayB6qAHm5hRU=
-329,-293,3XdyfaHGQNN8IODzKj7pws/eQ9k=,4CoW92R1M5wi+LZayB6qAHm5hRU=
-331,-295,3XdyfaHGQNN8IODzKj7pws/eQ9k=,4CoW92R1M5wi+LZayB6qAHm5hRU=
-332,-295,3XdyfaHGQNN8IODzKj7pws/eQ9k=,4CoW92R1M5wi+LZayB6qAHm5hRU=
-334,-295,3XdyfaHGQNN8IODzKj7pws/eQ9k=,4CoW92R1M5wi+LZayB6qAHm5hRU=
-333,-295,3XdyfaHGQNN8IODzKj7pws/eQ9k=,4CoW92R1M5wi+LZayB6qAHm5hRU=
-335,-295,3XdyfaHGQNN8IODzKj7pws/eQ9k=,4CoW92R1M5wi+LZayB6qAHm5hRU=
-322,-295,3XdyfaHGQNN8IODzKj7pws/eQ9k=,4CoW92R1M5wi+LZayB6qAHm5hRU=
-323,-295,3XdyfaHGQNN8IODzKj7pws/eQ9k=,4CoW92R1M5wi+LZayB6qAHm5hRU=
-326,-295,3XdyfaHGQNN8IODzKj7pws/eQ9k=,4CoW92R1M5wi+LZayB6qAHm5hRU=
-324,-295,3XdyfaHGQNN8IODzKj7pws/eQ9k=,4CoW92R1M5wi+LZayB6qAHm5hRU=
-336,-295,3XdyfaHGQNN8IODzKj7pws/eQ9k=,4CoW92R1M5wi+LZayB6qAHm5hRU=
-324,-296,3XdyfaHGQNN8IODzKj7pws/eQ9k=,4CoW92R1M5wi+LZayB6qAHm5hRU=
-329,-295,3XdyfaHGQNN8IODzKj7pws/eQ9k=,4CoW92R1M5wi+LZayB6qAHm5hRU=
-323,-296,3XdyfaHGQNN8IODzKj7pws/eQ9k=,4CoW92R1M5wi+LZayB6qAHm5hRU=
-327,-295,3XdyfaHGQNN8IODzKj7pws/eQ9k=,4CoW92R1M5wi+LZayB6qAHm5hRU=
-325,-296,3XdyfaHGQNN8IODzKj7pws/eQ9k=,4CoW92R1M5wi+LZayB6qAHm5hRU=
-330,-296,3XdyfaHGQNN8IODzKj7pws/eQ9k=,4CoW92R1M5wi+LZayB6qAHm5hRU=
-331,-296,3XdyfaHGQNN8IODzKj7pws/eQ9k=,4CoW92R1M5wi+LZayB6qAHm5hRU=
-332,-296,3XdyfaHGQNN8IODzKj7pws/eQ9k=,4CoW92R1M5wi+LZayB6qAHm5hRU=
-334,-296,3XdyfaHGQNN8IODzKj7pws/eQ9k=,4CoW92R1M5wi+LZayB6qAHm5hRU=
-333,-296,3XdyfaHGQNN8IODzKj7pws/eQ9k=,4CoW92R1M5wi+LZayB6qAHm5hRU=
-335,-296,3XdyfaHGQNN8IODzKj7pws/eQ9k=,4CoW92R1M5wi+LZayB6qAHm5hRU=
-336,-296,3XdyfaHGQNN8IODzKj7pws/eQ9k=,4CoW92R1M5wi+LZayB6qAHm5hRU=
-321,-295,3XdyfaHGQNN8IODzKj7pws/eQ9k=,4CoW92R1M5wi+LZayB6qAHm5hRU=
-322,-297,3XdyfaHGQNN8IODzKj7pws/eQ9k=,4CoW92R1M5wi+LZayB6qAHm5hRU=
-321,-297,3XdyfaHGQNN8IODzKj7pws/eQ9k=,4CoW92R1M5wi+LZayB6qAHm5hRU=
-323,-297,3XdyfaHGQNN8IODzKj7pws/eQ9k=,4CoW92R1M5wi+LZayB6qAHm5hRU=
-322,-296,3XdyfaHGQNN8IODzKj7pws/eQ9k=,4CoW92R1M5wi+LZayB6qAHm5hRU=
-326,-297,3XdyfaHGQNN8IODzKj7pws/eQ9k=,4CoW92R1M5wi+LZayB6qAHm5hRU=
-328,-295,3XdyfaHGQNN8IODzKj7pws/eQ9k=,4CoW92R1M5wi+LZayB6qAHm5hRU=
-325,-297,3XdyfaHGQNN8IODzKj7pws/eQ9k=,4CoW92R1M5wi+LZayB6qAHm5hRU=
-327,-297,3XdyfaHGQNN8IODzKj7pws/eQ9k=,4CoW92R1M5wi+LZayB6qAHm5hRU=
-330,-297,3XdyfaHGQNN8IODzKj7pws/eQ9k=,4CoW92R1M5wi+LZayB6qAHm5hRU=
-331,-297,3XdyfaHGQNN8IODzKj7pws/eQ9k=,4CoW92R1M5wi+LZayB6qAHm5hRU=
-332,-297,3XdyfaHGQNN8IODzKj7pws/eQ9k=,4CoW92R1M5wi+LZayB6qAHm5hRU=
-333,-297,3XdyfaHGQNN8IODzKj7pws/eQ9k=,4CoW92R1M5wi+LZayB6qAHm5hRU=
-335,-297,3XdyfaHGQNN8IODzKj7pws/eQ9k=,4CoW92R1M5wi+LZayB6qAHm5hRU=
-334,-297,3XdyfaHGQNN8IODzKj7pws/eQ9k=,4CoW92R1M5wi+LZayB6qAHm5hRU=
-336,-297,3XdyfaHGQNN8IODzKj7pws/eQ9k=,4CoW92R1M5wi+LZayB6qAHm5hRU=
-321,-298,3XdyfaHGQNN8IODzKj7pws/eQ9k=,4CoW92R1M5wi+LZayB6qAHm5hRU=
-326,-296,3XdyfaHGQNN8IODzKj7pws/eQ9k=,4CoW92R1M5wi+LZayB6qAHm5hRU=
-327,-296,3XdyfaHGQNN8IODzKj7pws/eQ9k=,4CoW92R1M5wi+LZayB6qAHm5hRU=
-322,-298,3XdyfaHGQNN8IODzKj7pws/eQ9k=,4CoW92R1M5wi+LZayB6qAHm5hRU=
-329,-296,3XdyfaHGQNN8IODzKj7pws/eQ9k=,4CoW92R1M5wi+LZayB6qAHm5hRU=
-326,-298,3XdyfaHGQNN8IODzKj7pws/eQ9k=,4CoW92R1M5wi+LZayB6qAHm5hRU=
-327,-298,3XdyfaHGQNN8IODzKj7pws/eQ9k=,4CoW92R1M5wi+LZayB6qAHm5hRU=
-328,-298,3XdyfaHGQNN8IODzKj7pws/eQ9k=,4CoW92R1M5wi+LZayB6qAHm5hRU=
-325,-298,3XdyfaHGQNN8IODzKj7pws/eQ9k=,4CoW92R1M5wi+LZayB6qAHm5hRU=
-330,-298,3XdyfaHGQNN8IODzKj7pws/eQ9k=,4CoW92R1M5wi+LZayB6qAHm5hRU=
-331,-298,3XdyfaHGQNN8IODzKj7pws/eQ9k=,4CoW92R1M5wi+LZayB6qAHm5hRU=
-332,-298,3XdyfaHGQNN8IODzKj7pws/eQ9k=,4CoW92R1M5wi+LZayB6qAHm5hRU=
-333,-298,3XdyfaHGQNN8IODzKj7pws/eQ9k=,4CoW92R1M5wi+LZayB6qAHm5hRU=
-334,-298,3XdyfaHGQNN8IODzKj7pws/eQ9k=,4CoW92R1M5wi+LZayB6qAHm5hRU=
-335,-298,3XdyfaHGQNN8IODzKj7pws/eQ9k=,4CoW92R1M5wi+LZayB6qAHm5hRU=
-336,-298,3XdyfaHGQNN8IODzKj7pws/eQ9k=,4CoW92R1M5wi+LZayB6qAHm5hRU=
-330,-295,3XdyfaHGQNN8IODzKj7pws/eQ9k=,4CoW92R1M5wi+LZayB6qAHm5hRU=
-321,-299,3XdyfaHGQNN8IODzKj7pws/eQ9k=,4CoW92R1M5wi+LZayB6qAHm5hRU=
-324,-297,3XdyfaHGQNN8IODzKj7pws/eQ9k=,4CoW92R1M5wi+LZayB6qAHm5hRU=
-322,-299,3XdyfaHGQNN8IODzKj7pws/eQ9k=,4CoW92R1M5wi+LZayB6qAHm5hRU=
-323,-298,3XdyfaHGQNN8IODzKj7pws/eQ9k=,4CoW92R1M5wi+LZayB6qAHm5hRU=
-323,-299,3XdyfaHGQNN8IODzKj7pws/eQ9k=,4CoW92R1M5wi+LZayB6qAHm5hRU=
-327,-299,3XdyfaHGQNN8IODzKj7pws/eQ9k=,4CoW92R1M5wi+LZayB6qAHm5hRU=
-321,-296,3XdyfaHGQNN8IODzKj7pws/eQ9k=,4CoW92R1M5wi+LZayB6qAHm5hRU=
-329,-298,3XdyfaHGQNN8IODzKj7pws/eQ9k=,4CoW92R1M5wi+LZayB6qAHm5hRU=
-330,-299,3XdyfaHGQNN8IODzKj7pws/eQ9k=,4CoW92R1M5wi+LZayB6qAHm5hRU=
-331,-299,3XdyfaHGQNN8IODzKj7pws/eQ9k=,4CoW92R1M5wi+LZayB6qAHm5hRU=
-333,-299,3XdyfaHGQNN8IODzKj7pws/eQ9k=,4CoW92R1M5wi+LZayB6qAHm5hRU=
-332,-299,3XdyfaHGQNN8IODzKj7pws/eQ9k=,4CoW92R1M5wi+LZayB6qAHm5hRU=
-334,-299,3XdyfaHGQNN8IODzKj7pws/eQ9k=,4CoW92R1M5wi+LZayB6qAHm5hRU=
-335,-299,3XdyfaHGQNN8IODzKj7pws/eQ9k=,4CoW92R1M5wi+LZayB6qAHm5hRU=
-336,-299,3XdyfaHGQNN8IODzKj7pws/eQ9k=,4CoW92R1M5wi+LZayB6qAHm5hRU=
-329,-299,3XdyfaHGQNN8IODzKj7pws/eQ9k=,4CoW92R1M5wi+LZayB6qAHm5hRU=
-328,-296,3XdyfaHGQNN8IODzKj7pws/eQ9k=,4CoW92R1M5wi+LZayB6qAHm5hRU=
-322,-300,3XdyfaHGQNN8IODzKj7pws/eQ9k=,4CoW92R1M5wi+LZayB6qAHm5hRU=
-321,-300,3XdyfaHGQNN8IODzKj7pws/eQ9k=,4CoW92R1M5wi+LZayB6qAHm5hRU=
-325,-295,3XdyfaHGQNN8IODzKj7pws/eQ9k=,4CoW92R1M5wi+LZayB6qAHm5hRU=
-323,-300,3XdyfaHGQNN8IODzKj7pws/eQ9k=,4CoW92R1M5wi+LZayB6qAHm5hRU=
-324,-298,3XdyfaHGQNN8IODzKj7pws/eQ9k=,4CoW92R1M5wi+LZayB6qAHm5hRU=
-326,-299,3XdyfaHGQNN8IODzKj7pws/eQ9k=,4CoW92R1M5wi+LZayB6qAHm5hRU=
-324,-299,3XdyfaHGQNN8IODzKj7pws/eQ9k=,4CoW92R1M5wi+LZayB6qAHm5hRU=
-330,-300,3XdyfaHGQNN8IODzKj7pws/eQ9k=,4CoW92R1M5wi+LZayB6qAHm5hRU=
-331,-300,3XdyfaHGQNN8IODzKj7pws/eQ9k=,4CoW92R1M5wi+LZayB6qAHm5hRU=
-332,-300,3XdyfaHGQNN8IODzKj7pws/eQ9k=,4CoW92R1M5wi+LZayB6qAHm5hRU=
-333,-300,3XdyfaHGQNN8IODzKj7pws/eQ9k=,4CoW92R1M5wi+LZayB6qAHm5hRU=
-334,-300,3XdyfaHGQNN8IODzKj7pws/eQ9k=,4CoW92R1M5wi+LZayB6qAHm5hRU=
-335,-300,3XdyfaHGQNN8IODzKj7pws/eQ9k=,4CoW92R1M5wi+LZayB6qAHm5hRU=
-336,-300,3XdyfaHGQNN8IODzKj7pws/eQ9k=,4CoW92R1M5wi+LZayB6qAHm5hRU=
-321,-301,3XdyfaHGQNN8IODzKj7pws/eQ9k=,4CoW92R1M5wi+LZayB6qAHm5hRU=
-328,-297,3XdyfaHGQNN8IODzKj7pws/eQ9k=,4CoW92R1M5wi+LZayB6qAHm5hRU=
-322,-301,3XdyfaHGQNN8IODzKj7pws/eQ9k=,4CoW92R1M5wi+LZayB6qAHm5hRU=
-329,-297,3XdyfaHGQNN8IODzKj7pws/eQ9k=,4CoW92R1M5wi+LZayB6qAHm5hRU=
-325,-301,3XdyfaHGQNN8IODzKj7pws/eQ9k=,4CoW92R1M5wi+LZayB6qAHm5hRU=
-328,-299,3XdyfaHGQNN8IODzKj7pws/eQ9k=,4CoW92R1M5wi+LZayB6qAHm5hRU=
-326,-301,3XdyfaHGQNN8IODzKj7pws/eQ9k=,4CoW92R1M5wi+LZayB6qAHm5hRU=
-324,-301,3XdyfaHGQNN8IODzKj7pws/eQ9k=,4CoW92R1M5wi+LZayB6qAHm5hRU=
-327,-301,3XdyfaHGQNN8IODzKj7pws/eQ9k=,4CoW92R1M5wi+LZayB6qAHm5hRU=
-330,-301,3XdyfaHGQNN8IODzKj7pws/eQ9k=,4CoW92R1M5wi+LZayB6qAHm5hRU=
-331,-301,3XdyfaHGQNN8IODzKj7pws/eQ9k=,4CoW92R1M5wi+LZayB6qAHm5hRU=
-332,-301,3XdyfaHGQNN8IODzKj7pws/eQ9k=,4CoW92R1M5wi+LZayB6qAHm5hRU=
-333,-301,3XdyfaHGQNN8IODzKj7pws/eQ9k=,4CoW92R1M5wi+LZayB6qAHm5hRU=
-334,-301,3XdyfaHGQNN8IODzKj7pws/eQ9k=,4CoW92R1M5wi+LZayB6qAHm5hRU=
-335,-301,3XdyfaHGQNN8IODzKj7pws/eQ9k=,4CoW92R1M5wi+LZayB6qAHm5hRU=
-324,-300,3XdyfaHGQNN8IODzKj7pws/eQ9k=,4CoW92R1M5wi+LZayB6qAHm5hRU=
-325,-299,3XdyfaHGQNN8IODzKj7pws/eQ9k=,4CoW92R1M5wi+LZayB6qAHm5hRU=
-336,-301,3XdyfaHGQNN8IODzKj7pws/eQ9k=,4CoW92R1M5wi+LZayB6qAHm5hRU=
-323,-301,3XdyfaHGQNN8IODzKj7pws/eQ9k=,4CoW92R1M5wi+LZayB6qAHm5hRU=
-321,-302,3XdyfaHGQNN8IODzKj7pws/eQ9k=,4CoW92R1M5wi+LZayB6qAHm5hRU=
-327,-300,3XdyfaHGQNN8IODzKj7pws/eQ9k=,4CoW92R1M5wi+LZayB6qAHm5hRU=
-325,-302,3XdyfaHGQNN8IODzKj7pws/eQ9k=,4CoW92R1M5wi+LZayB6qAHm5hRU=
-326,-302,3XdyfaHGQNN8IODzKj7pws/eQ9k=,4CoW92R1M5wi+LZayB6qAHm5hRU=
-329,-292,3XdyfaHGQNN8IODzKj7pws/eQ9k=,4CoW92R1M5wi+LZayB6qAHm5hRU=
-325,-300,3XdyfaHGQNN8IODzKj7pws/eQ9k=,4CoW92R1M5wi+LZayB6qAHm5hRU=
-330,-302,3XdyfaHGQNN8IODzKj7pws/eQ9k=,4CoW92R1M5wi+LZayB6qAHm5hRU=
-331,-302,3XdyfaHGQNN8IODzKj7pws/eQ9k=,4CoW92R1M5wi+LZayB6qAHm5hRU=
-332,-302,3XdyfaHGQNN8IODzKj7pws/eQ9k=,4CoW92R1M5wi+LZayB6qAHm5hRU=
-334,-302,3XdyfaHGQNN8IODzKj7pws/eQ9k=,4CoW92R1M5wi+LZayB6qAHm5hRU=
-333,-302,3XdyfaHGQNN8IODzKj7pws/eQ9k=,4CoW92R1M5wi+LZayB6qAHm5hRU=
-335,-302,3XdyfaHGQNN8IODzKj7pws/eQ9k=,4CoW92R1M5wi+LZayB6qAHm5hRU=
-336,-302,3XdyfaHGQNN8IODzKj7pws/eQ9k=,4CoW92R1M5wi+LZayB6qAHm5hRU=
-328,-301,3XdyfaHGQNN8IODzKj7pws/eQ9k=,4CoW92R1M5wi+LZayB6qAHm5hRU=
-328,-300,3XdyfaHGQNN8IODzKj7pws/eQ9k=,4CoW92R1M5wi+LZayB6qAHm5hRU=
-321,-303,3XdyfaHGQNN8IODzKj7pws/eQ9k=,4CoW92R1M5wi+LZayB6qAHm5hRU=
-325,-303,3XdyfaHGQNN8IODzKj7pws/eQ9k=,4CoW92R1M5wi+LZayB6qAHm5hRU=
-326,-303,3XdyfaHGQNN8IODzKj7pws/eQ9k=,4CoW92R1M5wi+LZayB6qAHm5hRU=
-331,-303,3XdyfaHGQNN8IODzKj7pws/eQ9k=,4CoW92R1M5wi+LZayB6qAHm5hRU=
-330,-303,3XdyfaHGQNN8IODzKj7pws/eQ9k=,4CoW92R1M5wi+LZayB6qAHm5hRU=
-332,-303,3XdyfaHGQNN8IODzKj7pws/eQ9k=,4CoW92R1M5wi+LZayB6qAHm5hRU=
-329,-302,3XdyfaHGQNN8IODzKj7pws/eQ9k=,4CoW92R1M5wi+LZayB6qAHm5hRU=
-333,-303,3XdyfaHGQNN8IODzKj7pws/eQ9k=,4CoW92R1M5wi+LZayB6qAHm5hRU=
-329,-303,3XdyfaHGQNN8IODzKj7pws/eQ9k=,4CoW92R1M5wi+LZayB6qAHm5hRU=
-323,-302,3XdyfaHGQNN8IODzKj7pws/eQ9k=,4CoW92R1M5wi+LZayB6qAHm5hRU=
-329,-301,3XdyfaHGQNN8IODzKj7pws/eQ9k=,4CoW92R1M5wi+LZayB6qAHm5hRU=
-324,-303,3XdyfaHGQNN8IODzKj7pws/eQ9k=,4CoW92R1M5wi+LZayB6qAHm5hRU=
-326,-300,3XdyfaHGQNN8IODzKj7pws/eQ9k=,4CoW92R1M5wi+LZayB6qAHm5hRU=
-322,-303,3XdyfaHGQNN8IODzKj7pws/eQ9k=,4CoW92R1M5wi+LZayB6qAHm5hRU=
-328,-302,3XdyfaHGQNN8IODzKj7pws/eQ9k=,4CoW92R1M5wi+LZayB6qAHm5hRU=
-323,-303,3XdyfaHGQNN8IODzKj7pws/eQ9k=,4CoW92R1M5wi+LZayB6qAHm5hRU=
-329,-300,3XdyfaHGQNN8IODzKj7pws/eQ9k=,4CoW92R1M5wi+LZayB6qAHm5hRU=
-327,-303,3XdyfaHGQNN8IODzKj7pws/eQ9k=,4CoW92R1M5wi+LZayB6qAHm5hRU=
-324,-302,3XdyfaHGQNN8IODzKj7pws/eQ9k=,4CoW92R1M5wi+LZayB6qAHm5hRU=
-328,-303,3XdyfaHGQNN8IODzKj7pws/eQ9k=,4CoW92R1M5wi+LZayB6qAHm5hRU=
-322,-302,3XdyfaHGQNN8IODzKj7pws/eQ9k=,4CoW92R1M5wi+LZayB6qAHm5hRU=
-327,-302,3XdyfaHGQNN8IODzKj7pws/eQ9k=,4CoW92R1M5wi+LZayB6qAHm5hRU=
