-145,65,u9l0oM08AIz8es63n0rARVbcsmU=,TGN4Lel7OeIMkl+JZ30UW0ceqoQ=
-160,64,u9l0oM08AIz8es63n0rARVbcsmU=,TGN4Lel7OeIMkl+JZ30UW0ceqoQ=
-145,64,u9l0oM08AIz8es63n0rARVbcsmU=,TGN4Lel7OeIMkl+JZ30UW0ceqoQ=
-146,65,u9l0oM08AIz8es63n0rARVbcsmU=,TGN4Lel7OeIMkl+JZ30UW0ceqoQ=
-145,79,u9l0oM08AIz8es63n0rARVbcsmU=,TGN4Lel7OeIMkl+JZ30UW0ceqoQ=
-146,79,u9l0oM08AIz8es63n0rARVbcsmU=,TGN4Lel7OeIMkl+JZ30UW0ceqoQ=
-148,79,u9l0oM08AIz8es63n0rARVbcsmU=,TGN4Lel7OeIMkl+JZ30UW0ceqoQ=
-147,79,u9l0oM08AIz8es63n0rARVbcsmU=,TGN4Lel7OeIMkl+JZ30UW0ceqoQ=
-149,79,u9l0oM08AIz8es63n0rARVbcsmU=,TGN4Lel7OeIMkl+JZ30UW0ceqoQ=
-150,79,u9l0oM08AIz8es63n0rARVbcsmU=,TGN4Lel7OeIMkl+JZ30UW0ceqoQ=
-152,79,u9l0oM08AIz8es63n0rARVbcsmU=,TGN4Lel7OeIMkl+JZ30UW0ceqoQ=
-153,79,u9l0oM08AIz8es63n0rARVbcsmU=,TGN4Lel7OeIMkl+JZ30UW0ceqoQ=
-151,79,u9l0oM08AIz8es63n0rARVbcsmU=,TGN4Lel7OeIMkl+JZ30UW0ceqoQ=
-154,79,u9l0oM08AIz8es63n0rARVbcsmU=,TGN4Lel7OeIMkl+JZ30UW0ceqoQ=
-155,79,u9l0oM08AIz8es63n0rARVbcsmU=,TGN4Lel7OeIMkl+JZ30UW0ceqoQ=
-157,79,u9l0oM08AIz8es63n0rARVbcsmU=,TGN4Lel7OeIMkl+JZ30UW0ceqoQ=
-158,79,u9l0oM08AIz8es63n0rARVbcsmU=,TGN4Lel7OeIMkl+JZ30UW0ceqoQ=
-156,79,u9l0oM08AIz8es63n0rARVbcsmU=,TGN4Lel7OeIMkl+JZ30UW0ceqoQ=
-146,64,u9l0oM08AIz8es63n0rARVbcsmU=,TGN4Lel7OeIMkl+JZ30UW0ceqoQ=
-147,64,u9l0oM08AIz8es63n0rARVbcsmU=,TGN4Lel7OeIMkl+JZ30UW0ceqoQ=
-159,79,u9l0oM08AIz8es63n0rARVbcsmU=,TGN4Lel7OeIMkl+JZ30UW0ceqoQ=
-148,64,u9l0oM08AIz8es63n0rARVbcsmU=,TGN4Lel7OeIMkl+JZ30UW0ceqoQ=
-149,64,u9l0oM08AIz8es63n0rARVbcsmU=,TGN4Lel7OeIMkl+JZ30UW0ceqoQ=
-150,64,u9l0oM08AIz8es63n0rARVbcsmU=,TGN4Lel7OeIMkl+JZ30UW0ceqoQ=
-151,64,u9l0oM08AIz8es63n0rARVbcsmU=,TGN4Lel7OeIMkl+JZ30UW0ceqoQ=
-152,64,u9l0oM08AIz8es63n0rARVbcsmU=,TGN4Lel7OeIMkl+JZ30UW0ceqoQ=
-153,64,u9l0oM08AIz8es63n0rARVbcsmU=,TGN4Lel7OeIMkl+JZ30UW0ceqoQ=
-155,64,u9l0oM08AIz8es63n0rARVbcsmU=,TGN4Lel7OeIMkl+JZ30UW0ceqoQ=
-154,64,u9l0oM08AIz8es63n0rARVbcsmU=,TGN4Lel7OeIMkl+JZ30UW0ceqoQ=
-157,64,u9l0oM08AIz8es63n0rARVbcsmU=,TGN4Lel7OeIMkl+JZ30UW0ceqoQ=
-156,64,u9l0oM08AIz8es63n0rARVbcsmU=,TGN4Lel7OeIMkl+JZ30UW0ceqoQ=
-158,64,u9l0oM08AIz8es63n0rARVbcsmU=,TGN4Lel7OeIMkl+JZ30UW0ceqoQ=
-159,64,u9l0oM08AIz8es63n0rARVbcsmU=,TGN4Lel7OeIMkl+JZ30UW0ceqoQ=
-147,65,u9l0oM08AIz8es63n0rARVbcsmU=,TGN4Lel7OeIMkl+JZ30UW0ceqoQ=
-160,79,u9l0oM08AIz8es63n0rARVbcsmU=,TGN4Lel7OeIMkl+JZ30UW0ceqoQ=
-145,78,u9l0oM08AIz8es63n0rARVbcsmU=,TGN4Lel7OeIMkl+JZ30UW0ceqoQ=
-147,78,u9l0oM08AIz8es63n0rARVbcsmU=,TGN4Lel7OeIMkl+JZ30UW0ceqoQ=
-146,78,u9l0oM08AIz8es63n0rARVbcsmU=,TGN4Lel7OeIMkl+JZ30UW0ceqoQ=
-148,78,u9l0oM08AIz8es63n0rARVbcsmU=,TGN4Lel7OeIMkl+JZ30UW0ceqoQ=
-150,78,u9l0oM08AIz8es63n0rARVbcsmU=,TGN4Lel7OeIMkl+JZ30UW0ceqoQ=
-149,78,u9l0oM08AIz8es63n0rARVbcsmU=,TGN4Lel7OeIMkl+JZ30UW0ceqoQ=
-151,78,u9l0oM08AIz8es63n0rARVbcsmU=,TGN4Lel7OeIMkl+JZ30UW0ceqoQ=
-152,78,u9l0oM08AIz8es63n0rARVbcsmU=,TGN4Lel7OeIMkl+JZ30UW0ceqoQ=
-153,78,u9l0oM08AIz8es63n0rARVbcsmU=,TGN4Lel7OeIMkl+JZ30UW0ceqoQ=
-154,78,u9l0oM08AIz8es63n0rARVbcsmU=,TGN4Lel7OeIMkl+JZ30UW0ceqoQ=
-155,78,u9l0oM08AIz8es63n0rARVbcsmU=,TGN4Lel7OeIMkl+JZ30UW0ceqoQ=
-156,78,u9l0oM08AIz8es63n0rARVbcsmU=,TGN4Lel7OeIMkl+JZ30UW0ceqoQ=
-157,78,u9l0oM08AIz8es63n0rARVbcsmU=,TGN4Lel7OeIMkl+JZ30UW0ceqoQ=
-158,78,u9l0oM08AIz8es63n0rARVbcsmU=,TGN4Lel7OeIMkl+JZ30UW0ceqoQ=
-148,65,u9l0oM08AIz8es63n0rARVbcsmU=,TGN4Lel7OeIMkl+JZ30UW0ceqoQ=
-159,78,u9l0oM08AIz8es63n0rARVbcsmU=,TGN4Lel7OeIMkl+JZ30UW0ceqoQ=
-160,78,u9l0oM08AIz8es63n0rARVbcsmU=,TGN4Lel7OeIMkl+JZ30UW0ceqoQ=
-145,77,u9l0oM08AIz8es63n0rARVbcsmU=,TGN4Lel7OeIMkl+JZ30UW0ceqoQ=
-146,77,u9l0oM08AIz8es63n0rARVbcsmU=,TGN4Lel7OeIMkl+JZ30UW0ceqoQ=
-147,77,u9l0oM08AIz8es63n0rARVbcsmU=,TGN4Lel7OeIMkl+JZ30UW0ceqoQ=
-148,77,u9l0oM08AIz8es63n0rARVbcsmU=,TGN4Lel7OeIMkl+JZ30UW0ceqoQ=
-150,77,u9l0oM08AIz8es63n0rARVbcsmU=,TGN4Lel7OeIMkl+JZ30UW0ceqoQ=
-149,77,u9l0oM08AIz8es63n0rARVbcsmU=,TGN4Lel7OeIMkl+JZ30UW0ceqoQ=
-151,77,u9l0oM08AIz8es63n0rARVbcsmU=,TGN4Lel7OeIMkl+JZ30UW0ceqoQ=
-152,77,u9l0oM08AIz8es63n0rARVbcsmU=,TGN4Lel7OeIMkl+JZ30UW0ceqoQ=
-154,77,u9l0oM08AIz8es63n0rARVbcsmU=,TGN4Lel7OeIMkl+JZ30UW0ceqoQ=
-153,77,u9l0oM08AIz8es63n0rARVbcsmU=,TGN4Lel7OeIMkl+JZ30UW0ceqoQ=
-155,77,u9l0oM08AIz8es63n0rARVbcsmU=,TGN4Lel7OeIMkl+JZ30UW0ceqoQ=
-156,77,u9l0oM08AIz8es63n0rARVbcsmU=,TGN4Lel7OeIMkl+JZ30UW0ceqoQ=
-157,77,u9l0oM08AIz8es63n0rARVbcsmU=,TGN4Lel7OeIMkl+JZ30UW0ceqoQ=
-149,65,u9l0oM08AIz8es63n0rARVbcsmU=,TGN4Lel7OeIMkl+JZ30UW0ceqoQ=
-158,77,u9l0oM08AIz8es63n0rARVbcsmU=,TGN4Lel7OeIMkl+JZ30UW0ceqoQ=
-159,77,u9l0oM08AIz8es63n0rARVbcsmU=,TGN4Lel7OeIMkl+JZ30UW0ceqoQ=
-160,77,u9l0oM08AIz8es63n0rARVbcsmU=,TGN4Lel7OeIMkl+JZ30UW0ceqoQ=
-145,76,u9l0oM08AIz8es63n0rARVbcsmU=,TGN4Lel7OeIMkl+JZ30UW0ceqoQ=
-146,76,u9l0oM08AIz8es63n0rARVbcsmU=,TGN4Lel7OeIMkl+JZ30UW0ceqoQ=
-147,76,u9l0oM08AIz8es63n0rARVbcsmU=,TGN4Lel7OeIMkl+JZ30UW0ceqoQ=
-148,76,u9l0oM08AIz8es63n0rARVbcsmU=,TGN4Lel7OeIMkl+JZ30UW0ceqoQ=
-149,76,u9l0oM08AIz8es63n0rARVbcsmU=,TGN4Lel7OeIMkl+JZ30UW0ceqoQ=
-150,76,u9l0oM08AIz8es63n0rARVbcsmU=,TGN4Lel7OeIMkl+JZ30UW0ceqoQ=
-151,76,u9l0oM08AIz8es63n0rARVbcsmU=,TGN4Lel7OeIMkl+JZ30UW0ceqoQ=
-152,76,u9l0oM08AIz8es63n0rARVbcsmU=,TGN4Lel7OeIMkl+JZ30UW0ceqoQ=
-153,76,u9l0oM08AIz8es63n0rARVbcsmU=,TGN4Lel7OeIMkl+JZ30UW0ceqoQ=
-154,76,u9l0oM08AIz8es63n0rARVbcsmU=,TGN4Lel7OeIMkl+JZ30UW0ceqoQ=
-155,76,u9l0oM08AIz8es63n0rARVbcsmU=,TGN4Lel7OeIMkl+JZ30UW0ceqoQ=
-150,65,u9l0oM08AIz8es63n0rARVbcsmU=,TGN4Lel7OeIMkl+JZ30UW0ceqoQ=
-156,76,u9l0oM08AIz8es63n0rARVbcsmU=,TGN4Lel7OeIMkl+JZ30UW0ceqoQ=
-157,76,u9l0oM08AIz8es63n0rARVbcsmU=,TGN4Lel7OeIMkl+JZ30UW0ceqoQ=
-158,76,u9l0oM08AIz8es63n0rARVbcsmU=,TGN4Lel7OeIMkl+JZ30UW0ceqoQ=
-159,76,u9l0oM08AIz8es63n0rARVbcsmU=,TGN4Lel7OeIMkl+JZ30UW0ceqoQ=
-160,76,u9l0oM08AIz8es63n0rARVbcsmU=,TGN4Lel7OeIMkl+JZ30UW0ceqoQ=
-145,75,u9l0oM08AIz8es63n0rARVbcsmU=,TGN4Lel7OeIMkl+JZ30UW0ceqoQ=
-146,75,u9l0oM08AIz8es63n0rARVbcsmU=,TGN4Lel7OeIMkl+JZ30UW0ceqoQ=
-147,75,u9l0oM08AIz8es63n0rARVbcsmU=,TGN4Lel7OeIMkl+JZ30UW0ceqoQ=
-148,75,u9l0oM08AIz8es63n0rARVbcsmU=,TGN4Lel7OeIMkl+JZ30UW0ceqoQ=
-149,75,u9l0oM08AIz8es63n0rARVbcsmU=,TGN4Lel7OeIMkl+JZ30UW0ceqoQ=
-150,75,u9l0oM08AIz8es63n0rARVbcsmU=,TGN4Lel7OeIMkl+JZ30UW0ceqoQ=
-151,75,u9l0oM08AIz8es63n0rARVbcsmU=,TGN4Lel7OeIMkl+JZ30UW0ceqoQ=
-152,75,u9l0oM08AIz8es63n0rARVbcsmU=,TGN4Lel7OeIMkl+JZ30UW0ceqoQ=
-153,75,u9l0oM08AIz8es63n0rARVbcsmU=,TGN4Lel7OeIMkl+JZ30UW0ceqoQ=
-154,75,u9l0oM08AIz8es63n0rARVbcsmU=,TGN4Lel7OeIMkl+JZ30UW0ceqoQ=
-155,75,u9l0oM08AIz8es63n0rARVbcsmU=,TGN4Lel7OeIMkl+JZ30UW0ceqoQ=
-151,65,u9l0oM08AIz8es63n0rARVbcsmU=,TGN4Lel7OeIMkl+JZ30UW0ceqoQ=
-157,75,u9l0oM08AIz8es63n0rARVbcsmU=,TGN4Lel7OeIMkl+JZ30UW0ceqoQ=
-156,75,u9l0oM08AIz8es63n0rARVbcsmU=,TGN4Lel7OeIMkl+JZ30UW0ceqoQ=
-158,75,u9l0oM08AIz8es63n0rARVbcsmU=,TGN4Lel7OeIMkl+JZ30UW0ceqoQ=
-159,75,u9l0oM08AIz8es63n0rARVbcsmU=,TGN4Lel7OeIMkl+JZ30UW0ceqoQ=
-160,75,u9l0oM08AIz8es63n0rARVbcsmU=,TGN4Lel7OeIMkl+JZ30UW0ceqoQ=
-145,74,u9l0oM08AIz8es63n0rARVbcsmU=,TGN4Lel7OeIMkl+JZ30UW0ceqoQ=
-146,74,u9l0oM08AIz8es63n0rARVbcsmU=,TGN4Lel7OeIMkl+JZ30UW0ceqoQ=
-147,74,u9l0oM08AIz8es63n0rARVbcsmU=,TGN4Lel7OeIMkl+JZ30UW0ceqoQ=
-149,74,u9l0oM08AIz8es63n0rARVbcsmU=,TGN4Lel7OeIMkl+JZ30UW0ceqoQ=
-148,74,u9l0oM08AIz8es63n0rARVbcsmU=,TGN4Lel7OeIMkl+JZ30UW0ceqoQ=
-150,74,u9l0oM08AIz8es63n0rARVbcsmU=,TGN4Lel7OeIMkl+JZ30UW0ceqoQ=
-151,74,u9l0oM08AIz8es63n0rARVbcsmU=,TGN4Lel7OeIMkl+JZ30UW0ceqoQ=
-152,74,u9l0oM08AIz8es63n0rARVbcsmU=,TGN4Lel7OeIMkl+JZ30UW0ceqoQ=
-154,74,u9l0oM08AIz8es63n0rARVbcsmU=,TGN4Lel7OeIMkl+JZ30UW0ceqoQ=
-153,74,u9l0oM08AIz8es63n0rARVbcsmU=,TGN4Lel7OeIMkl+JZ30UW0ceqoQ=
-152,65,u9l0oM08AIz8es63n0rARVbcsmU=,TGN4Lel7OeIMkl+JZ30UW0ceqoQ=
-155,74,u9l0oM08AIz8es63n0rARVbcsmU=,TGN4Lel7OeIMkl+JZ30UW0ceqoQ=
-156,74,u9l0oM08AIz8es63n0rARVbcsmU=,TGN4Lel7OeIMkl+JZ30UW0ceqoQ=
-157,74,u9l0oM08AIz8es63n0rARVbcsmU=,TGN4Lel7OeIMkl+JZ30UW0ceqoQ=
-158,74,u9l0oM08AIz8es63n0rARVbcsmU=,TGN4Lel7OeIMkl+JZ30UW0ceqoQ=
-159,74,u9l0oM08AIz8es63n0rARVbcsmU=,TGN4Lel7OeIMkl+JZ30UW0ceqoQ=
-160,74,u9l0oM08AIz8es63n0rARVbcsmU=,TGN4Lel7OeIMkl+JZ30UW0ceqoQ=
-146,73,u9l0oM08AIz8es63n0rARVbcsmU=,TGN4Lel7OeIMkl+JZ30UW0ceqoQ=
-145,73,u9l0oM08AIz8es63n0rARVbcsmU=,TGN4Lel7OeIMkl+JZ30UW0ceqoQ=
-147,73,u9l0oM08AIz8es63n0rARVbcsmU=,TGN4Lel7OeIMkl+JZ30UW0ceqoQ=
-148,73,u9l0oM08AIz8es63n0rARVbcsmU=,TGN4Lel7OeIMkl+JZ30UW0ceqoQ=
-150,73,u9l0oM08AIz8es63n0rARVbcsmU=,TGN4Lel7OeIMkl+JZ30UW0ceqoQ=
-151,73,u9l0oM08AIz8es63n0rARVbcsmU=,TGN4Lel7OeIMkl+JZ30UW0ceqoQ=
-149,73,u9l0oM08AIz8es63n0rARVbcsmU=,TGN4Lel7OeIMkl+JZ30UW0ceqoQ=
-152,73,u9l0oM08AIz8es63n0rARVbcsmU=,TGN4Lel7OeIMkl+JZ30UW0ceqoQ=
-153,73,u9l0oM08AIz8es63n0rARVbcsmU=,TGN4Lel7OeIMkl+JZ30UW0ceqoQ=
-154,73,u9l0oM08AIz8es63n0rARVbcsmU=,TGN4Lel7OeIMkl+JZ30UW0ceqoQ=
-153,65,u9l0oM08AIz8es63n0rARVbcsmU=,TGN4Lel7OeIMkl+JZ30UW0ceqoQ=
-155,73,u9l0oM08AIz8es63n0rARVbcsmU=,TGN4Lel7OeIMkl+JZ30UW0ceqoQ=
-156,73,u9l0oM08AIz8es63n0rARVbcsmU=,TGN4Lel7OeIMkl+JZ30UW0ceqoQ=
-157,73,u9l0oM08AIz8es63n0rARVbcsmU=,TGN4Lel7OeIMkl+JZ30UW0ceqoQ=
-158,73,u9l0oM08AIz8es63n0rARVbcsmU=,TGN4Lel7OeIMkl+JZ30UW0ceqoQ=
-159,73,u9l0oM08AIz8es63n0rARVbcsmU=,TGN4Lel7OeIMkl+JZ30UW0ceqoQ=
-160,73,u9l0oM08AIz8es63n0rARVbcsmU=,TGN4Lel7OeIMkl+JZ30UW0ceqoQ=
-145,72,u9l0oM08AIz8es63n0rARVbcsmU=,TGN4Lel7OeIMkl+JZ30UW0ceqoQ=
-146,72,u9l0oM08AIz8es63n0rARVbcsmU=,TGN4Lel7OeIMkl+JZ30UW0ceqoQ=
-147,72,u9l0oM08AIz8es63n0rARVbcsmU=,TGN4Lel7OeIMkl+JZ30UW0ceqoQ=
-148,72,u9l0oM08AIz8es63n0rARVbcsmU=,TGN4Lel7OeIMkl+JZ30UW0ceqoQ=
-149,72,u9l0oM08AIz8es63n0rARVbcsmU=,TGN4Lel7OeIMkl+JZ30UW0ceqoQ=
-151,72,u9l0oM08AIz8es63n0rARVbcsmU=,TGN4Lel7OeIMkl+JZ30UW0ceqoQ=
-150,72,u9l0oM08AIz8es63n0rARVbcsmU=,TGN4Lel7OeIMkl+JZ30UW0ceqoQ=
-152,72,u9l0oM08AIz8es63n0rARVbcsmU=,TGN4Lel7OeIMkl+JZ30UW0ceqoQ=
-153,72,u9l0oM08AIz8es63n0rARVbcsmU=,TGN4Lel7OeIMkl+JZ30UW0ceqoQ=
-154,65,u9l0oM08AIz8es63n0rARVbcsmU=,TGN4Lel7OeIMkl+JZ30UW0ceqoQ=
-154,72,u9l0oM08AIz8es63n0rARVbcsmU=,TGN4Lel7OeIMkl+JZ30UW0ceqoQ=
-155,72,u9l0oM08AIz8es63n0rARVbcsmU=,TGN4Lel7OeIMkl+JZ30UW0ceqoQ=
-157,72,u9l0oM08AIz8es63n0rARVbcsmU=,TGN4Lel7OeIMkl+JZ30UW0ceqoQ=
-156,72,u9l0oM08AIz8es63n0rARVbcsmU=,TGN4Lel7OeIMkl+JZ30UW0ceqoQ=
-158,72,u9l0oM08AIz8es63n0rARVbcsmU=,TGN4Lel7OeIMkl+JZ30UW0ceqoQ=
-159,72,u9l0oM08AIz8es63n0rARVbcsmU=,TGN4Lel7OeIMkl+JZ30UW0ceqoQ=
-160,72,u9l0oM08AIz8es63n0rARVbcsmU=,TGN4Lel7OeIMkl+JZ30UW0ceqoQ=
-145,71,u9l0oM08AIz8es63n0rARVbcsmU=,TGN4Lel7OeIMkl+JZ30UW0ceqoQ=
-146,71,u9l0oM08AIz8es63n0rARVbcsmU=,TGN4Lel7OeIMkl+JZ30UW0ceqoQ=
-147,71,u9l0oM08AIz8es63n0rARVbcsmU=,TGN4Lel7OeIMkl+JZ30UW0ceqoQ=
-148,71,u9l0oM08AIz8es63n0rARVbcsmU=,TGN4Lel7OeIMkl+JZ30UW0ceqoQ=
-149,71,u9l0oM08AIz8es63n0rARVbcsmU=,TGN4Lel7OeIMkl+JZ30UW0ceqoQ=
-150,71,u9l0oM08AIz8es63n0rARVbcsmU=,TGN4Lel7OeIMkl+JZ30UW0ceqoQ=
-151,71,u9l0oM08AIz8es63n0rARVbcsmU=,TGN4Lel7OeIMkl+JZ30UW0ceqoQ=
-155,65,u9l0oM08AIz8es63n0rARVbcsmU=,TGN4Lel7OeIMkl+JZ30UW0ceqoQ=
-152,71,u9l0oM08AIz8es63n0rARVbcsmU=,TGN4Lel7OeIMkl+JZ30UW0ceqoQ=
-153,71,u9l0oM08AIz8es63n0rARVbcsmU=,TGN4Lel7OeIMkl+JZ30UW0ceqoQ=
-154,71,u9l0oM08AIz8es63n0rARVbcsmU=,TGN4Lel7OeIMkl+JZ30UW0ceqoQ=
-156,71,u9l0oM08AIz8es63n0rARVbcsmU=,TGN4Lel7OeIMkl+JZ30UW0ceqoQ=
-155,71,u9l0oM08AIz8es63n0rARVbcsmU=,TGN4Lel7OeIMkl+JZ30UW0ceqoQ=
-157,71,u9l0oM08AIz8es63n0rARVbcsmU=,TGN4Lel7OeIMkl+JZ30UW0ceqoQ=
-158,71,u9l0oM08AIz8es63n0rARVbcsmU=,TGN4Lel7OeIMkl+JZ30UW0ceqoQ=
-159,71,u9l0oM08AIz8es63n0rARVbcsmU=,TGN4Lel7OeIMkl+JZ30UW0ceqoQ=
-160,71,u9l0oM08AIz8es63n0rARVbcsmU=,TGN4Lel7OeIMkl+JZ30UW0ceqoQ=
-145,70,u9l0oM08AIz8es63n0rARVbcsmU=,TGN4Lel7OeIMkl+JZ30UW0ceqoQ=
-146,70,u9l0oM08AIz8es63n0rARVbcsmU=,TGN4Lel7OeIMkl+JZ30UW0ceqoQ=
-147,70,u9l0oM08AIz8es63n0rARVbcsmU=,TGN4Lel7OeIMkl+JZ30UW0ceqoQ=
-148,70,u9l0oM08AIz8es63n0rARVbcsmU=,TGN4Lel7OeIMkl+JZ30UW0ceqoQ=
-149,70,u9l0oM08AIz8es63n0rARVbcsmU=,TGN4Lel7OeIMkl+JZ30UW0ceqoQ=
-150,70,u9l0oM08AIz8es63n0rARVbcsmU=,TGN4Lel7OeIMkl+JZ30UW0ceqoQ=
-156,65,u9l0oM08AIz8es63n0rARVbcsmU=,TGN4Lel7OeIMkl+JZ30UW0ceqoQ=
-151,70,u9l0oM08AIz8es63n0rARVbcsmU=,TGN4Lel7OeIMkl+JZ30UW0ceqoQ=
-152,70,u9l0oM08AIz8es63n0rARVbcsmU=,TGN4Lel7OeIMkl+JZ30UW0ceqoQ=
-154,70,u9l0oM08AIz8es63n0rARVbcsmU=,TGN4Lel7OeIMkl+JZ30UW0ceqoQ=
-153,70,u9l0oM08AIz8es63n0rARVbcsmU=,TGN4Lel7OeIMkl+JZ30UW0ceqoQ=
-155,70,u9l0oM08AIz8es63n0rARVbcsmU=,TGN4Lel7OeIMkl+JZ30UW0ceqoQ=
-156,70,u9l0oM08AIz8es63n0rARVbcsmU=,TGN4Lel7OeIMkl+JZ30UW0ceqoQ=
-157,70,u9l0oM08AIz8es63n0rARVbcsmU=,TGN4Lel7OeIMkl+JZ30UW0ceqoQ=
-159,70,u9l0oM08AIz8es63n0rARVbcsmU=,TGN4Lel7OeIMkl+JZ30UW0ceqoQ=
-158,70,u9l0oM08AIz8es63n0rARVbcsmU=,TGN4Lel7OeIMkl+JZ30UW0ceqoQ=
-160,70,u9l0oM08AIz8es63n0rARVbcsmU=,TGN4Lel7OeIMkl+JZ30UW0ceqoQ=
-145,69,u9l0oM08AIz8es63n0rARVbcsmU=,TGN4Lel7OeIMkl+JZ30UW0ceqoQ=
-147,69,u9l0oM08AIz8es63n0rARVbcsmU=,TGN4Lel7OeIMkl+JZ30UW0ceqoQ=
-146,69,u9l0oM08AIz8es63n0rARVbcsmU=,TGN4Lel7OeIMkl+JZ30UW0ceqoQ=
-148,69,u9l0oM08AIz8es63n0rARVbcsmU=,TGN4Lel7OeIMkl+JZ30UW0ceqoQ=
-149,69,u9l0oM08AIz8es63n0rARVbcsmU=,TGN4Lel7OeIMkl+JZ30UW0ceqoQ=
-157,65,u9l0oM08AIz8es63n0rARVbcsmU=,TGN4Lel7OeIMkl+JZ30UW0ceqoQ=
-151,69,u9l0oM08AIz8es63n0rARVbcsmU=,TGN4Lel7OeIMkl+JZ30UW0ceqoQ=
-150,69,u9l0oM08AIz8es63n0rARVbcsmU=,TGN4Lel7OeIMkl+JZ30UW0ceqoQ=
-153,69,u9l0oM08AIz8es63n0rARVbcsmU=,TGN4Lel7OeIMkl+JZ30UW0ceqoQ=
-154,69,u9l0oM08AIz8es63n0rARVbcsmU=,TGN4Lel7OeIMkl+JZ30UW0ceqoQ=
-152,69,u9l0oM08AIz8es63n0rARVbcsmU=,TGN4Lel7OeIMkl+JZ30UW0ceqoQ=
-155,69,u9l0oM08AIz8es63n0rARVbcsmU=,TGN4Lel7OeIMkl+JZ30UW0ceqoQ=
-156,69,u9l0oM08AIz8es63n0rARVbcsmU=,TGN4Lel7OeIMkl+JZ30UW0ceqoQ=
-157,69,u9l0oM08AIz8es63n0rARVbcsmU=,TGN4Lel7OeIMkl+JZ30UW0ceqoQ=
-158,69,u9l0oM08AIz8es63n0rARVbcsmU=,TGN4Lel7OeIMkl+JZ30UW0ceqoQ=
-159,69,u9l0oM08AIz8es63n0rARVbcsmU=,TGN4Lel7OeIMkl+JZ30UW0ceqoQ=
-160,69,u9l0oM08AIz8es63n0rARVbcsmU=,TGN4Lel7OeIMkl+JZ30UW0ceqoQ=
-145,68,u9l0oM08AIz8es63n0rARVbcsmU=,TGN4Lel7OeIMkl+JZ30UW0ceqoQ=
-146,68,u9l0oM08AIz8es63n0rARVbcsmU=,TGN4Lel7OeIMkl+JZ30UW0ceqoQ=
-147,68,u9l0oM08AIz8es63n0rARVbcsmU=,TGN4Lel7OeIMkl+JZ30UW0ceqoQ=
-148,68,u9l0oM08AIz8es63n0rARVbcsmU=,TGN4Lel7OeIMkl+JZ30UW0ceqoQ=
-158,65,u9l0oM08AIz8es63n0rARVbcsmU=,TGN4Lel7OeIMkl+JZ30UW0ceqoQ=
-149,68,u9l0oM08AIz8es63n0rARVbcsmU=,TGN4Lel7OeIMkl+JZ30UW0ceqoQ=
-150,68,u9l0oM08AIz8es63n0rARVbcsmU=,TGN4Lel7OeIMkl+JZ30UW0ceqoQ=
-151,68,u9l0oM08AIz8es63n0rARVbcsmU=,TGN4Lel7OeIMkl+JZ30UW0ceqoQ=
-152,68,u9l0oM08AIz8es63n0rARVbcsmU=,TGN4Lel7OeIMkl+JZ30UW0ceqoQ=
-153,68,u9l0oM08AIz8es63n0rARVbcsmU=,TGN4Lel7OeIMkl+JZ30UW0ceqoQ=
-155,68,u9l0oM08AIz8es63n0rARVbcsmU=,TGN4Lel7OeIMkl+JZ30UW0ceqoQ=
-156,68,u9l0oM08AIz8es63n0rARVbcsmU=,TGN4Lel7OeIMkl+JZ30UW0ceqoQ=
-154,68,u9l0oM08AIz8es63n0rARVbcsmU=,TGN4Lel7OeIMkl+JZ30UW0ceqoQ=
-157,68,u9l0oM08AIz8es63n0rARVbcsmU=,TGN4Lel7OeIMkl+JZ30UW0ceqoQ=
-158,68,u9l0oM08AIz8es63n0rARVbcsmU=,TGN4Lel7OeIMkl+JZ30UW0ceqoQ=
-159,68,u9l0oM08AIz8es63n0rARVbcsmU=,TGN4Lel7OeIMkl+JZ30UW0ceqoQ=
-160,68,u9l0oM08AIz8es63n0rARVbcsmU=,TGN4Lel7OeIMkl+JZ30UW0ceqoQ=
-145,67,u9l0oM08AIz8es63n0rARVbcsmU=,TGN4Lel7OeIMkl+JZ30UW0ceqoQ=
-147,67,u9l0oM08AIz8es63n0rARVbcsmU=,TGN4Lel7OeIMkl+JZ30UW0ceqoQ=
-159,65,u9l0oM08AIz8es63n0rARVbcsmU=,TGN4Lel7OeIMkl+JZ30UW0ceqoQ=
-148,67,u9l0oM08AIz8es63n0rARVbcsmU=,TGN4Lel7OeIMkl+JZ30UW0ceqoQ=
-149,67,u9l0oM08AIz8es63n0rARVbcsmU=,TGN4Lel7OeIMkl+JZ30UW0ceqoQ=
-150,67,u9l0oM08AIz8es63n0rARVbcsmU=,TGN4Lel7OeIMkl+JZ30UW0ceqoQ=
-146,67,u9l0oM08AIz8es63n0rARVbcsmU=,TGN4Lel7OeIMkl+JZ30UW0ceqoQ=
-152,67,u9l0oM08AIz8es63n0rARVbcsmU=,TGN4Lel7OeIMkl+JZ30UW0ceqoQ=
-153,67,u9l0oM08AIz8es63n0rARVbcsmU=,TGN4Lel7OeIMkl+JZ30UW0ceqoQ=
-154,67,u9l0oM08AIz8es63n0rARVbcsmU=,TGN4Lel7OeIMkl+JZ30UW0ceqoQ=
-151,67,u9l0oM08AIz8es63n0rARVbcsmU=,TGN4Lel7OeIMkl+JZ30UW0ceqoQ=
-156,67,u9l0oM08AIz8es63n0rARVbcsmU=,TGN4Lel7OeIMkl+JZ30UW0ceqoQ=
-157,67,u9l0oM08AIz8es63n0rARVbcsmU=,TGN4Lel7OeIMkl+JZ30UW0ceqoQ=
-155,67,u9l0oM08AIz8es63n0rARVbcsmU=,TGN4Lel7OeIMkl+JZ30UW0ceqoQ=
-158,67,u9l0oM08AIz8es63n0rARVbcsmU=,TGN4Lel7OeIMkl+JZ30UW0ceqoQ=
-159,67,u9l0oM08AIz8es63n0rARVbcsmU=,TGN4Lel7OeIMkl+JZ30UW0ceqoQ=
-145,66,u9l0oM08AIz8es63n0rARVbcsmU=,TGN4Lel7OeIMkl+JZ30UW0ceqoQ=
-160,67,u9l0oM08AIz8es63n0rARVbcsmU=,TGN4Lel7OeIMkl+JZ30UW0ceqoQ=
-146,66,u9l0oM08AIz8es63n0rARVbcsmU=,TGN4Lel7OeIMkl+JZ30UW0ceqoQ=
-160,65,u9l0oM08AIz8es63n0rARVbcsmU=,TGN4Lel7OeIMkl+JZ30UW0ceqoQ=
-147,66,u9l0oM08AIz8es63n0rARVbcsmU=,TGN4Lel7OeIMkl+JZ30UW0ceqoQ=
-149,66,u9l0oM08AIz8es63n0rARVbcsmU=,TGN4Lel7OeIMkl+JZ30UW0ceqoQ=
-150,66,u9l0oM08AIz8es63n0rARVbcsmU=,TGN4Lel7OeIMkl+JZ30UW0ceqoQ=
-151,66,u9l0oM08AIz8es63n0rARVbcsmU=,TGN4Lel7OeIMkl+JZ30UW0ceqoQ=
-148,66,u9l0oM08AIz8es63n0rARVbcsmU=,TGN4Lel7OeIMkl+JZ30UW0ceqoQ=
-152,66,u9l0oM08AIz8es63n0rARVbcsmU=,TGN4Lel7OeIMkl+JZ30UW0ceqoQ=
-154,66,u9l0oM08AIz8es63n0rARVbcsmU=,TGN4Lel7OeIMkl+JZ30UW0ceqoQ=
-155,66,u9l0oM08AIz8es63n0rARVbcsmU=,TGN4Lel7OeIMkl+JZ30UW0ceqoQ=
-156,66,u9l0oM08AIz8es63n0rARVbcsmU=,TGN4Lel7OeIMkl+JZ30UW0ceqoQ=
-153,66,u9l0oM08AIz8es63n0rARVbcsmU=,TGN4Lel7OeIMkl+JZ30UW0ceqoQ=
-157,66,u9l0oM08AIz8es63n0rARVbcsmU=,TGN4Lel7OeIMkl+JZ30UW0ceqoQ=
-158,66,u9l0oM08AIz8es63n0rARVbcsmU=,TGN4Lel7OeIMkl+JZ30UW0ceqoQ=
-159,66,u9l0oM08AIz8es63n0rARVbcsmU=,TGN4Lel7OeIMkl+JZ30UW0ceqoQ=
-160,66,u9l0oM08AIz8es63n0rARVbcsmU=,TGN4Lel7OeIMkl+JZ30UW0ceqoQ=
-129,64,zWk3G1UJ/i0sqIIjP3w4aO8f08A=,TGN4Lel7OeIMkl+JZ30UW0ceqoQ=
-144,65,zWk3G1UJ/i0sqIIjP3w4aO8f08A=,TGN4Lel7OeIMkl+JZ30UW0ceqoQ=
-129,79,zWk3G1UJ/i0sqIIjP3w4aO8f08A=,TGN4Lel7OeIMkl+JZ30UW0ceqoQ=
-144,64,zWk3G1UJ/i0sqIIjP3w4aO8f08A=,TGN4Lel7OeIMkl+JZ30UW0ceqoQ=
-130,79,zWk3G1UJ/i0sqIIjP3w4aO8f08A=,TGN4Lel7OeIMkl+JZ30UW0ceqoQ=
-143,65,zWk3G1UJ/i0sqIIjP3w4aO8f08A=,TGN4Lel7OeIMkl+JZ30UW0ceqoQ=
-131,79,zWk3G1UJ/i0sqIIjP3w4aO8f08A=,TGN4Lel7OeIMkl+JZ30UW0ceqoQ=
-132,79,zWk3G1UJ/i0sqIIjP3w4aO8f08A=,TGN4Lel7OeIMkl+JZ30UW0ceqoQ=
-142,65,zWk3G1UJ/i0sqIIjP3w4aO8f08A=,TGN4Lel7OeIMkl+JZ30UW0ceqoQ=
-133,79,zWk3G1UJ/i0sqIIjP3w4aO8f08A=,TGN4Lel7OeIMkl+JZ30UW0ceqoQ=
-134,79,zWk3G1UJ/i0sqIIjP3w4aO8f08A=,TGN4Lel7OeIMkl+JZ30UW0ceqoQ=
-141,65,zWk3G1UJ/i0sqIIjP3w4aO8f08A=,TGN4Lel7OeIMkl+JZ30UW0ceqoQ=
-135,79,zWk3G1UJ/i0sqIIjP3w4aO8f08A=,TGN4Lel7OeIMkl+JZ30UW0ceqoQ=
-140,65,zWk3G1UJ/i0sqIIjP3w4aO8f08A=,TGN4Lel7OeIMkl+JZ30UW0ceqoQ=
-136,79,zWk3G1UJ/i0sqIIjP3w4aO8f08A=,TGN4Lel7OeIMkl+JZ30UW0ceqoQ=
-139,65,zWk3G1UJ/i0sqIIjP3w4aO8f08A=,TGN4Lel7OeIMkl+JZ30UW0ceqoQ=
-137,79,zWk3G1UJ/i0sqIIjP3w4aO8f08A=,TGN4Lel7OeIMkl+JZ30UW0ceqoQ=
-138,65,zWk3G1UJ/i0sqIIjP3w4aO8f08A=,TGN4Lel7OeIMkl+JZ30UW0ceqoQ=
-138,79,zWk3G1UJ/i0sqIIjP3w4aO8f08A=,TGN4Lel7OeIMkl+JZ30UW0ceqoQ=
-137,65,zWk3G1UJ/i0sqIIjP3w4aO8f08A=,TGN4Lel7OeIMkl+JZ30UW0ceqoQ=
-136,65,zWk3G1UJ/i0sqIIjP3w4aO8f08A=,TGN4Lel7OeIMkl+JZ30UW0ceqoQ=
-135,65,zWk3G1UJ/i0sqIIjP3w4aO8f08A=,TGN4Lel7OeIMkl+JZ30UW0ceqoQ=
-139,79,zWk3G1UJ/i0sqIIjP3w4aO8f08A=,TGN4Lel7OeIMkl+JZ30UW0ceqoQ=
-140,79,zWk3G1UJ/i0sqIIjP3w4aO8f08A=,TGN4Lel7OeIMkl+JZ30UW0ceqoQ=
-134,65,zWk3G1UJ/i0sqIIjP3w4aO8f08A=,TGN4Lel7OeIMkl+JZ30UW0ceqoQ=
-141,79,zWk3G1UJ/i0sqIIjP3w4aO8f08A=,TGN4Lel7OeIMkl+JZ30UW0ceqoQ=
-133,65,zWk3G1UJ/i0sqIIjP3w4aO8f08A=,TGN4Lel7OeIMkl+JZ30UW0ceqoQ=
-142,79,zWk3G1UJ/i0sqIIjP3w4aO8f08A=,TGN4Lel7OeIMkl+JZ30UW0ceqoQ=
-132,65,zWk3G1UJ/i0sqIIjP3w4aO8f08A=,TGN4Lel7OeIMkl+JZ30UW0ceqoQ=
-143,79,zWk3G1UJ/i0sqIIjP3w4aO8f08A=,TGN4Lel7OeIMkl+JZ30UW0ceqoQ=
-131,65,zWk3G1UJ/i0sqIIjP3w4aO8f08A=,TGN4Lel7OeIMkl+JZ30UW0ceqoQ=
-144,79,zWk3G1UJ/i0sqIIjP3w4aO8f08A=,TGN4Lel7OeIMkl+JZ30UW0ceqoQ=
-143,64,zWk3G1UJ/i0sqIIjP3w4aO8f08A=,TGN4Lel7OeIMkl+JZ30UW0ceqoQ=
-130,65,zWk3G1UJ/i0sqIIjP3w4aO8f08A=,TGN4Lel7OeIMkl+JZ30UW0ceqoQ=
-129,78,zWk3G1UJ/i0sqIIjP3w4aO8f08A=,TGN4Lel7OeIMkl+JZ30UW0ceqoQ=
-129,65,zWk3G1UJ/i0sqIIjP3w4aO8f08A=,TGN4Lel7OeIMkl+JZ30UW0ceqoQ=
-130,78,zWk3G1UJ/i0sqIIjP3w4aO8f08A=,TGN4Lel7OeIMkl+JZ30UW0ceqoQ=
-142,64,zWk3G1UJ/i0sqIIjP3w4aO8f08A=,TGN4Lel7OeIMkl+JZ30UW0ceqoQ=
-131,78,zWk3G1UJ/i0sqIIjP3w4aO8f08A=,TGN4Lel7OeIMkl+JZ30UW0ceqoQ=
-144,66,zWk3G1UJ/i0sqIIjP3w4aO8f08A=,TGN4Lel7OeIMkl+JZ30UW0ceqoQ=
-132,78,zWk3G1UJ/i0sqIIjP3w4aO8f08A=,TGN4Lel7OeIMkl+JZ30UW0ceqoQ=
-133,78,zWk3G1UJ/i0sqIIjP3w4aO8f08A=,TGN4Lel7OeIMkl+JZ30UW0ceqoQ=
-143,66,zWk3G1UJ/i0sqIIjP3w4aO8f08A=,TGN4Lel7OeIMkl+JZ30UW0ceqoQ=
-134,78,zWk3G1UJ/i0sqIIjP3w4aO8f08A=,TGN4Lel7OeIMkl+JZ30UW0ceqoQ=
-142,66,zWk3G1UJ/i0sqIIjP3w4aO8f08A=,TGN4Lel7OeIMkl+JZ30UW0ceqoQ=
-135,78,zWk3G1UJ/i0sqIIjP3w4aO8f08A=,TGN4Lel7OeIMkl+JZ30UW0ceqoQ=
-136,78,zWk3G1UJ/i0sqIIjP3w4aO8f08A=,TGN4Lel7OeIMkl+JZ30UW0ceqoQ=
-141,66,zWk3G1UJ/i0sqIIjP3w4aO8f08A=,TGN4Lel7OeIMkl+JZ30UW0ceqoQ=
-137,78,zWk3G1UJ/i0sqIIjP3w4aO8f08A=,TGN4Lel7OeIMkl+JZ30UW0ceqoQ=
-140,66,zWk3G1UJ/i0sqIIjP3w4aO8f08A=,TGN4Lel7OeIMkl+JZ30UW0ceqoQ=
-138,78,zWk3G1UJ/i0sqIIjP3w4aO8f08A=,TGN4Lel7OeIMkl+JZ30UW0ceqoQ=
-139,66,zWk3G1UJ/i0sqIIjP3w4aO8f08A=,TGN4Lel7OeIMkl+JZ30UW0ceqoQ=
-139,78,zWk3G1UJ/i0sqIIjP3w4aO8f08A=,TGN4Lel7OeIMkl+JZ30UW0ceqoQ=
-138,66,zWk3G1UJ/i0sqIIjP3w4aO8f08A=,TGN4Lel7OeIMkl+JZ30UW0ceqoQ=
-140,78,zWk3G1UJ/i0sqIIjP3w4aO8f08A=,TGN4Lel7OeIMkl+JZ30UW0ceqoQ=
-137,66,zWk3G1UJ/i0sqIIjP3w4aO8f08A=,TGN4Lel7OeIMkl+JZ30UW0ceqoQ=
-136,66,zWk3G1UJ/i0sqIIjP3w4aO8f08A=,TGN4Lel7OeIMkl+JZ30UW0ceqoQ=
-141,78,zWk3G1UJ/i0sqIIjP3w4aO8f08A=,TGN4Lel7OeIMkl+JZ30UW0ceqoQ=
-135,66,zWk3G1UJ/i0sqIIjP3w4aO8f08A=,TGN4Lel7OeIMkl+JZ30UW0ceqoQ=
-142,78,zWk3G1UJ/i0sqIIjP3w4aO8f08A=,TGN4Lel7OeIMkl+JZ30UW0ceqoQ=
-134,66,zWk3G1UJ/i0sqIIjP3w4aO8f08A=,TGN4Lel7OeIMkl+JZ30UW0ceqoQ=
-143,78,zWk3G1UJ/i0sqIIjP3w4aO8f08A=,TGN4Lel7OeIMkl+JZ30UW0ceqoQ=
-144,78,zWk3G1UJ/i0sqIIjP3w4aO8f08A=,TGN4Lel7OeIMkl+JZ30UW0ceqoQ=
-133,66,zWk3G1UJ/i0sqIIjP3w4aO8f08A=,TGN4Lel7OeIMkl+JZ30UW0ceqoQ=
-130,64,zWk3G1UJ/i0sqIIjP3w4aO8f08A=,TGN4Lel7OeIMkl+JZ30UW0ceqoQ=
-132,66,zWk3G1UJ/i0sqIIjP3w4aO8f08A=,TGN4Lel7OeIMkl+JZ30UW0ceqoQ=
-129,77,zWk3G1UJ/i0sqIIjP3w4aO8f08A=,TGN4Lel7OeIMkl+JZ30UW0ceqoQ=
-131,66,zWk3G1UJ/i0sqIIjP3w4aO8f08A=,TGN4Lel7OeIMkl+JZ30UW0ceqoQ=
-130,77,zWk3G1UJ/i0sqIIjP3w4aO8f08A=,TGN4Lel7OeIMkl+JZ30UW0ceqoQ=
-130,66,zWk3G1UJ/i0sqIIjP3w4aO8f08A=,TGN4Lel7OeIMkl+JZ30UW0ceqoQ=
-131,77,zWk3G1UJ/i0sqIIjP3w4aO8f08A=,TGN4Lel7OeIMkl+JZ30UW0ceqoQ=
-132,77,zWk3G1UJ/i0sqIIjP3w4aO8f08A=,TGN4Lel7OeIMkl+JZ30UW0ceqoQ=
-133,77,zWk3G1UJ/i0sqIIjP3w4aO8f08A=,TGN4Lel7OeIMkl+JZ30UW0ceqoQ=
-129,66,zWk3G1UJ/i0sqIIjP3w4aO8f08A=,TGN4Lel7OeIMkl+JZ30UW0ceqoQ=
-141,64,zWk3G1UJ/i0sqIIjP3w4aO8f08A=,TGN4Lel7OeIMkl+JZ30UW0ceqoQ=
-134,77,zWk3G1UJ/i0sqIIjP3w4aO8f08A=,TGN4Lel7OeIMkl+JZ30UW0ceqoQ=
-144,67,zWk3G1UJ/i0sqIIjP3w4aO8f08A=,TGN4Lel7OeIMkl+JZ30UW0ceqoQ=
-135,77,zWk3G1UJ/i0sqIIjP3w4aO8f08A=,TGN4Lel7OeIMkl+JZ30UW0ceqoQ=
-136,77,zWk3G1UJ/i0sqIIjP3w4aO8f08A=,TGN4Lel7OeIMkl+JZ30UW0ceqoQ=
-137,77,zWk3G1UJ/i0sqIIjP3w4aO8f08A=,TGN4Lel7OeIMkl+JZ30UW0ceqoQ=
-143,67,zWk3G1UJ/i0sqIIjP3w4aO8f08A=,TGN4Lel7OeIMkl+JZ30UW0ceqoQ=
-138,77,zWk3G1UJ/i0sqIIjP3w4aO8f08A=,TGN4Lel7OeIMkl+JZ30UW0ceqoQ=
-142,67,zWk3G1UJ/i0sqIIjP3w4aO8f08A=,TGN4Lel7OeIMkl+JZ30UW0ceqoQ=
-139,77,zWk3G1UJ/i0sqIIjP3w4aO8f08A=,TGN4Lel7OeIMkl+JZ30UW0ceqoQ=
-140,77,zWk3G1UJ/i0sqIIjP3w4aO8f08A=,TGN4Lel7OeIMkl+JZ30UW0ceqoQ=
-141,67,zWk3G1UJ/i0sqIIjP3w4aO8f08A=,TGN4Lel7OeIMkl+JZ30UW0ceqoQ=
-141,77,zWk3G1UJ/i0sqIIjP3w4aO8f08A=,TGN4Lel7OeIMkl+JZ30UW0ceqoQ=
-140,67,zWk3G1UJ/i0sqIIjP3w4aO8f08A=,TGN4Lel7OeIMkl+JZ30UW0ceqoQ=
-142,77,zWk3G1UJ/i0sqIIjP3w4aO8f08A=,TGN4Lel7OeIMkl+JZ30UW0ceqoQ=
-139,67,zWk3G1UJ/i0sqIIjP3w4aO8f08A=,TGN4Lel7OeIMkl+JZ30UW0ceqoQ=
-143,77,zWk3G1UJ/i0sqIIjP3w4aO8f08A=,TGN4Lel7OeIMkl+JZ30UW0ceqoQ=
-138,67,zWk3G1UJ/i0sqIIjP3w4aO8f08A=,TGN4Lel7OeIMkl+JZ30UW0ceqoQ=
-144,77,zWk3G1UJ/i0sqIIjP3w4aO8f08A=,TGN4Lel7OeIMkl+JZ30UW0ceqoQ=
-131,64,zWk3G1UJ/i0sqIIjP3w4aO8f08A=,TGN4Lel7OeIMkl+JZ30UW0ceqoQ=
-137,67,zWk3G1UJ/i0sqIIjP3w4aO8f08A=,TGN4Lel7OeIMkl+JZ30UW0ceqoQ=
-136,67,zWk3G1UJ/i0sqIIjP3w4aO8f08A=,TGN4Lel7OeIMkl+JZ30UW0ceqoQ=
-135,67,zWk3G1UJ/i0sqIIjP3w4aO8f08A=,TGN4Lel7OeIMkl+JZ30UW0ceqoQ=
-129,76,zWk3G1UJ/i0sqIIjP3w4aO8f08A=,TGN4Lel7OeIMkl+JZ30UW0ceqoQ=
-134,67,zWk3G1UJ/i0sqIIjP3w4aO8f08A=,TGN4Lel7OeIMkl+JZ30UW0ceqoQ=
-130,76,zWk3G1UJ/i0sqIIjP3w4aO8f08A=,TGN4Lel7OeIMkl+JZ30UW0ceqoQ=
-133,67,zWk3G1UJ/i0sqIIjP3w4aO8f08A=,TGN4Lel7OeIMkl+JZ30UW0ceqoQ=
-131,76,zWk3G1UJ/i0sqIIjP3w4aO8f08A=,TGN4Lel7OeIMkl+JZ30UW0ceqoQ=
-132,67,zWk3G1UJ/i0sqIIjP3w4aO8f08A=,TGN4Lel7OeIMkl+JZ30UW0ceqoQ=
-132,76,zWk3G1UJ/i0sqIIjP3w4aO8f08A=,TGN4Lel7OeIMkl+JZ30UW0ceqoQ=
-133,76,zWk3G1UJ/i0sqIIjP3w4aO8f08A=,TGN4Lel7OeIMkl+JZ30UW0ceqoQ=
-131,67,zWk3G1UJ/i0sqIIjP3w4aO8f08A=,TGN4Lel7OeIMkl+JZ30UW0ceqoQ=
-130,67,zWk3G1UJ/i0sqIIjP3w4aO8f08A=,TGN4Lel7OeIMkl+JZ30UW0ceqoQ=
-134,76,zWk3G1UJ/i0sqIIjP3w4aO8f08A=,TGN4Lel7OeIMkl+JZ30UW0ceqoQ=
-135,76,zWk3G1UJ/i0sqIIjP3w4aO8f08A=,TGN4Lel7OeIMkl+JZ30UW0ceqoQ=
-129,67,zWk3G1UJ/i0sqIIjP3w4aO8f08A=,TGN4Lel7OeIMkl+JZ30UW0ceqoQ=
-136,76,zWk3G1UJ/i0sqIIjP3w4aO8f08A=,TGN4Lel7OeIMkl+JZ30UW0ceqoQ=
-140,64,zWk3G1UJ/i0sqIIjP3w4aO8f08A=,TGN4Lel7OeIMkl+JZ30UW0ceqoQ=
-137,76,zWk3G1UJ/i0sqIIjP3w4aO8f08A=,TGN4Lel7OeIMkl+JZ30UW0ceqoQ=
-138,76,zWk3G1UJ/i0sqIIjP3w4aO8f08A=,TGN4Lel7OeIMkl+JZ30UW0ceqoQ=
-144,68,zWk3G1UJ/i0sqIIjP3w4aO8f08A=,TGN4Lel7OeIMkl+JZ30UW0ceqoQ=
-143,68,zWk3G1UJ/i0sqIIjP3w4aO8f08A=,TGN4Lel7OeIMkl+JZ30UW0ceqoQ=
-139,76,zWk3G1UJ/i0sqIIjP3w4aO8f08A=,TGN4Lel7OeIMkl+JZ30UW0ceqoQ=
-140,76,zWk3G1UJ/i0sqIIjP3w4aO8f08A=,TGN4Lel7OeIMkl+JZ30UW0ceqoQ=
-141,76,zWk3G1UJ/i0sqIIjP3w4aO8f08A=,TGN4Lel7OeIMkl+JZ30UW0ceqoQ=
-142,68,zWk3G1UJ/i0sqIIjP3w4aO8f08A=,TGN4Lel7OeIMkl+JZ30UW0ceqoQ=
-142,76,zWk3G1UJ/i0sqIIjP3w4aO8f08A=,TGN4Lel7OeIMkl+JZ30UW0ceqoQ=
-141,68,zWk3G1UJ/i0sqIIjP3w4aO8f08A=,TGN4Lel7OeIMkl+JZ30UW0ceqoQ=
-143,76,zWk3G1UJ/i0sqIIjP3w4aO8f08A=,TGN4Lel7OeIMkl+JZ30UW0ceqoQ=
-140,68,zWk3G1UJ/i0sqIIjP3w4aO8f08A=,TGN4Lel7OeIMkl+JZ30UW0ceqoQ=
-144,76,zWk3G1UJ/i0sqIIjP3w4aO8f08A=,TGN4Lel7OeIMkl+JZ30UW0ceqoQ=
-139,68,zWk3G1UJ/i0sqIIjP3w4aO8f08A=,TGN4Lel7OeIMkl+JZ30UW0ceqoQ=
-132,64,zWk3G1UJ/i0sqIIjP3w4aO8f08A=,TGN4Lel7OeIMkl+JZ30UW0ceqoQ=
-138,68,zWk3G1UJ/i0sqIIjP3w4aO8f08A=,TGN4Lel7OeIMkl+JZ30UW0ceqoQ=
-137,68,zWk3G1UJ/i0sqIIjP3w4aO8f08A=,TGN4Lel7OeIMkl+JZ30UW0ceqoQ=
-129,75,zWk3G1UJ/i0sqIIjP3w4aO8f08A=,TGN4Lel7OeIMkl+JZ30UW0ceqoQ=
-136,68,zWk3G1UJ/i0sqIIjP3w4aO8f08A=,TGN4Lel7OeIMkl+JZ30UW0ceqoQ=
-135,68,zWk3G1UJ/i0sqIIjP3w4aO8f08A=,TGN4Lel7OeIMkl+JZ30UW0ceqoQ=
-130,75,zWk3G1UJ/i0sqIIjP3w4aO8f08A=,TGN4Lel7OeIMkl+JZ30UW0ceqoQ=
-134,68,zWk3G1UJ/i0sqIIjP3w4aO8f08A=,TGN4Lel7OeIMkl+JZ30UW0ceqoQ=
-131,75,zWk3G1UJ/i0sqIIjP3w4aO8f08A=,TGN4Lel7OeIMkl+JZ30UW0ceqoQ=
-132,75,zWk3G1UJ/i0sqIIjP3w4aO8f08A=,TGN4Lel7OeIMkl+JZ30UW0ceqoQ=
-133,68,zWk3G1UJ/i0sqIIjP3w4aO8f08A=,TGN4Lel7OeIMkl+JZ30UW0ceqoQ=
-133,75,zWk3G1UJ/i0sqIIjP3w4aO8f08A=,TGN4Lel7OeIMkl+JZ30UW0ceqoQ=
-132,68,zWk3G1UJ/i0sqIIjP3w4aO8f08A=,TGN4Lel7OeIMkl+JZ30UW0ceqoQ=
-134,75,zWk3G1UJ/i0sqIIjP3w4aO8f08A=,TGN4Lel7OeIMkl+JZ30UW0ceqoQ=
-131,68,zWk3G1UJ/i0sqIIjP3w4aO8f08A=,TGN4Lel7OeIMkl+JZ30UW0ceqoQ=
-135,75,zWk3G1UJ/i0sqIIjP3w4aO8f08A=,TGN4Lel7OeIMkl+JZ30UW0ceqoQ=
-130,68,zWk3G1UJ/i0sqIIjP3w4aO8f08A=,TGN4Lel7OeIMkl+JZ30UW0ceqoQ=
-136,75,zWk3G1UJ/i0sqIIjP3w4aO8f08A=,TGN4Lel7OeIMkl+JZ30UW0ceqoQ=
-129,68,zWk3G1UJ/i0sqIIjP3w4aO8f08A=,TGN4Lel7OeIMkl+JZ30UW0ceqoQ=
-137,75,zWk3G1UJ/i0sqIIjP3w4aO8f08A=,TGN4Lel7OeIMkl+JZ30UW0ceqoQ=
-138,75,zWk3G1UJ/i0sqIIjP3w4aO8f08A=,TGN4Lel7OeIMkl+JZ30UW0ceqoQ=
-139,64,zWk3G1UJ/i0sqIIjP3w4aO8f08A=,TGN4Lel7OeIMkl+JZ30UW0ceqoQ=
-144,69,zWk3G1UJ/i0sqIIjP3w4aO8f08A=,TGN4Lel7OeIMkl+JZ30UW0ceqoQ=
-139,75,zWk3G1UJ/i0sqIIjP3w4aO8f08A=,TGN4Lel7OeIMkl+JZ30UW0ceqoQ=
-140,75,zWk3G1UJ/i0sqIIjP3w4aO8f08A=,TGN4Lel7OeIMkl+JZ30UW0ceqoQ=
-143,69,zWk3G1UJ/i0sqIIjP3w4aO8f08A=,TGN4Lel7OeIMkl+JZ30UW0ceqoQ=
-141,75,zWk3G1UJ/i0sqIIjP3w4aO8f08A=,TGN4Lel7OeIMkl+JZ30UW0ceqoQ=
-142,69,zWk3G1UJ/i0sqIIjP3w4aO8f08A=,TGN4Lel7OeIMkl+JZ30UW0ceqoQ=
-142,75,zWk3G1UJ/i0sqIIjP3w4aO8f08A=,TGN4Lel7OeIMkl+JZ30UW0ceqoQ=
-143,75,zWk3G1UJ/i0sqIIjP3w4aO8f08A=,TGN4Lel7OeIMkl+JZ30UW0ceqoQ=
-141,69,zWk3G1UJ/i0sqIIjP3w4aO8f08A=,TGN4Lel7OeIMkl+JZ30UW0ceqoQ=
-144,75,zWk3G1UJ/i0sqIIjP3w4aO8f08A=,TGN4Lel7OeIMkl+JZ30UW0ceqoQ=
-140,69,zWk3G1UJ/i0sqIIjP3w4aO8f08A=,TGN4Lel7OeIMkl+JZ30UW0ceqoQ=
-139,69,zWk3G1UJ/i0sqIIjP3w4aO8f08A=,TGN4Lel7OeIMkl+JZ30UW0ceqoQ=
-133,64,zWk3G1UJ/i0sqIIjP3w4aO8f08A=,TGN4Lel7OeIMkl+JZ30UW0ceqoQ=
-138,69,zWk3G1UJ/i0sqIIjP3w4aO8f08A=,TGN4Lel7OeIMkl+JZ30UW0ceqoQ=
-129,74,zWk3G1UJ/i0sqIIjP3w4aO8f08A=,TGN4Lel7OeIMkl+JZ30UW0ceqoQ=
-137,69,zWk3G1UJ/i0sqIIjP3w4aO8f08A=,TGN4Lel7OeIMkl+JZ30UW0ceqoQ=
-136,69,zWk3G1UJ/i0sqIIjP3w4aO8f08A=,TGN4Lel7OeIMkl+JZ30UW0ceqoQ=
-130,74,zWk3G1UJ/i0sqIIjP3w4aO8f08A=,TGN4Lel7OeIMkl+JZ30UW0ceqoQ=
-135,69,zWk3G1UJ/i0sqIIjP3w4aO8f08A=,TGN4Lel7OeIMkl+JZ30UW0ceqoQ=
-131,74,zWk3G1UJ/i0sqIIjP3w4aO8f08A=,TGN4Lel7OeIMkl+JZ30UW0ceqoQ=
-132,74,zWk3G1UJ/i0sqIIjP3w4aO8f08A=,TGN4Lel7OeIMkl+JZ30UW0ceqoQ=
-134,69,zWk3G1UJ/i0sqIIjP3w4aO8f08A=,TGN4Lel7OeIMkl+JZ30UW0ceqoQ=
-133,74,zWk3G1UJ/i0sqIIjP3w4aO8f08A=,TGN4Lel7OeIMkl+JZ30UW0ceqoQ=
-133,69,zWk3G1UJ/i0sqIIjP3w4aO8f08A=,TGN4Lel7OeIMkl+JZ30UW0ceqoQ=
-134,74,zWk3G1UJ/i0sqIIjP3w4aO8f08A=,TGN4Lel7OeIMkl+JZ30UW0ceqoQ=
-135,74,zWk3G1UJ/i0sqIIjP3w4aO8f08A=,TGN4Lel7OeIMkl+JZ30UW0ceqoQ=
-132,69,zWk3G1UJ/i0sqIIjP3w4aO8f08A=,TGN4Lel7OeIMkl+JZ30UW0ceqoQ=
-136,74,zWk3G1UJ/i0sqIIjP3w4aO8f08A=,TGN4Lel7OeIMkl+JZ30UW0ceqoQ=
-131,69,zWk3G1UJ/i0sqIIjP3w4aO8f08A=,TGN4Lel7OeIMkl+JZ30UW0ceqoQ=
-137,74,zWk3G1UJ/i0sqIIjP3w4aO8f08A=,TGN4Lel7OeIMkl+JZ30UW0ceqoQ=
-138,74,zWk3G1UJ/i0sqIIjP3w4aO8f08A=,TGN4Lel7OeIMkl+JZ30UW0ceqoQ=
-130,69,zWk3G1UJ/i0sqIIjP3w4aO8f08A=,TGN4Lel7OeIMkl+JZ30UW0ceqoQ=
-139,74,zWk3G1UJ/i0sqIIjP3w4aO8f08A=,TGN4Lel7OeIMkl+JZ30UW0ceqoQ=
-129,69,zWk3G1UJ/i0sqIIjP3w4aO8f08A=,TGN4Lel7OeIMkl+JZ30UW0ceqoQ=
-140,74,zWk3G1UJ/i0sqIIjP3w4aO8f08A=,TGN4Lel7OeIMkl+JZ30UW0ceqoQ=
-138,64,zWk3G1UJ/i0sqIIjP3w4aO8f08A=,TGN4Lel7OeIMkl+JZ30UW0ceqoQ=
-141,74,zWk3G1UJ/i0sqIIjP3w4aO8f08A=,TGN4Lel7OeIMkl+JZ30UW0ceqoQ=
-144,70,zWk3G1UJ/i0sqIIjP3w4aO8f08A=,TGN4Lel7OeIMkl+JZ30UW0ceqoQ=
-142,74,zWk3G1UJ/i0sqIIjP3w4aO8f08A=,TGN4Lel7OeIMkl+JZ30UW0ceqoQ=
-143,70,zWk3G1UJ/i0sqIIjP3w4aO8f08A=,TGN4Lel7OeIMkl+JZ30UW0ceqoQ=
-143,74,zWk3G1UJ/i0sqIIjP3w4aO8f08A=,TGN4Lel7OeIMkl+JZ30UW0ceqoQ=
-142,70,zWk3G1UJ/i0sqIIjP3w4aO8f08A=,TGN4Lel7OeIMkl+JZ30UW0ceqoQ=
-144,74,zWk3G1UJ/i0sqIIjP3w4aO8f08A=,TGN4Lel7OeIMkl+JZ30UW0ceqoQ=
-141,70,zWk3G1UJ/i0sqIIjP3w4aO8f08A=,TGN4Lel7OeIMkl+JZ30UW0ceqoQ=
-134,64,zWk3G1UJ/i0sqIIjP3w4aO8f08A=,TGN4Lel7OeIMkl+JZ30UW0ceqoQ=
-140,70,zWk3G1UJ/i0sqIIjP3w4aO8f08A=,TGN4Lel7OeIMkl+JZ30UW0ceqoQ=
-129,73,zWk3G1UJ/i0sqIIjP3w4aO8f08A=,TGN4Lel7OeIMkl+JZ30UW0ceqoQ=
-139,70,zWk3G1UJ/i0sqIIjP3w4aO8f08A=,TGN4Lel7OeIMkl+JZ30UW0ceqoQ=
-130,73,zWk3G1UJ/i0sqIIjP3w4aO8f08A=,TGN4Lel7OeIMkl+JZ30UW0ceqoQ=
-138,70,zWk3G1UJ/i0sqIIjP3w4aO8f08A=,TGN4Lel7OeIMkl+JZ30UW0ceqoQ=
-131,73,zWk3G1UJ/i0sqIIjP3w4aO8f08A=,TGN4Lel7OeIMkl+JZ30UW0ceqoQ=
-132,73,zWk3G1UJ/i0sqIIjP3w4aO8f08A=,TGN4Lel7OeIMkl+JZ30UW0ceqoQ=
-133,73,zWk3G1UJ/i0sqIIjP3w4aO8f08A=,TGN4Lel7OeIMkl+JZ30UW0ceqoQ=
-137,70,zWk3G1UJ/i0sqIIjP3w4aO8f08A=,TGN4Lel7OeIMkl+JZ30UW0ceqoQ=
-134,73,zWk3G1UJ/i0sqIIjP3w4aO8f08A=,TGN4Lel7OeIMkl+JZ30UW0ceqoQ=
-136,70,zWk3G1UJ/i0sqIIjP3w4aO8f08A=,TGN4Lel7OeIMkl+JZ30UW0ceqoQ=
-135,73,zWk3G1UJ/i0sqIIjP3w4aO8f08A=,TGN4Lel7OeIMkl+JZ30UW0ceqoQ=
-136,73,zWk3G1UJ/i0sqIIjP3w4aO8f08A=,TGN4Lel7OeIMkl+JZ30UW0ceqoQ=
-135,70,zWk3G1UJ/i0sqIIjP3w4aO8f08A=,TGN4Lel7OeIMkl+JZ30UW0ceqoQ=
-137,73,zWk3G1UJ/i0sqIIjP3w4aO8f08A=,TGN4Lel7OeIMkl+JZ30UW0ceqoQ=
-134,70,zWk3G1UJ/i0sqIIjP3w4aO8f08A=,TGN4Lel7OeIMkl+JZ30UW0ceqoQ=
-138,73,zWk3G1UJ/i0sqIIjP3w4aO8f08A=,TGN4Lel7OeIMkl+JZ30UW0ceqoQ=
-133,70,zWk3G1UJ/i0sqIIjP3w4aO8f08A=,TGN4Lel7OeIMkl+JZ30UW0ceqoQ=
-132,70,zWk3G1UJ/i0sqIIjP3w4aO8f08A=,TGN4Lel7OeIMkl+JZ30UW0ceqoQ=
-139,73,zWk3G1UJ/i0sqIIjP3w4aO8f08A=,TGN4Lel7OeIMkl+JZ30UW0ceqoQ=
-140,73,zWk3G1UJ/i0sqIIjP3w4aO8f08A=,TGN4Lel7OeIMkl+JZ30UW0ceqoQ=
-131,70,zWk3G1UJ/i0sqIIjP3w4aO8f08A=,TGN4Lel7OeIMkl+JZ30UW0ceqoQ=
-141,73,zWk3G1UJ/i0sqIIjP3w4aO8f08A=,TGN4Lel7OeIMkl+JZ30UW0ceqoQ=
-130,70,zWk3G1UJ/i0sqIIjP3w4aO8f08A=,TGN4Lel7OeIMkl+JZ30UW0ceqoQ=
-142,73,zWk3G1UJ/i0sqIIjP3w4aO8f08A=,TGN4Lel7OeIMkl+JZ30UW0ceqoQ=
-129,70,zWk3G1UJ/i0sqIIjP3w4aO8f08A=,TGN4Lel7OeIMkl+JZ30UW0ceqoQ=
-137,64,zWk3G1UJ/i0sqIIjP3w4aO8f08A=,TGN4Lel7OeIMkl+JZ30UW0ceqoQ=
-143,73,zWk3G1UJ/i0sqIIjP3w4aO8f08A=,TGN4Lel7OeIMkl+JZ30UW0ceqoQ=
-144,71,zWk3G1UJ/i0sqIIjP3w4aO8f08A=,TGN4Lel7OeIMkl+JZ30UW0ceqoQ=
-144,73,zWk3G1UJ/i0sqIIjP3w4aO8f08A=,TGN4Lel7OeIMkl+JZ30UW0ceqoQ=
-135,64,zWk3G1UJ/i0sqIIjP3w4aO8f08A=,TGN4Lel7OeIMkl+JZ30UW0ceqoQ=
-143,71,zWk3G1UJ/i0sqIIjP3w4aO8f08A=,TGN4Lel7OeIMkl+JZ30UW0ceqoQ=
-129,72,zWk3G1UJ/i0sqIIjP3w4aO8f08A=,TGN4Lel7OeIMkl+JZ30UW0ceqoQ=
-130,72,zWk3G1UJ/i0sqIIjP3w4aO8f08A=,TGN4Lel7OeIMkl+JZ30UW0ceqoQ=
-142,71,zWk3G1UJ/i0sqIIjP3w4aO8f08A=,TGN4Lel7OeIMkl+JZ30UW0ceqoQ=
-131,72,zWk3G1UJ/i0sqIIjP3w4aO8f08A=,TGN4Lel7OeIMkl+JZ30UW0ceqoQ=
-141,71,zWk3G1UJ/i0sqIIjP3w4aO8f08A=,TGN4Lel7OeIMkl+JZ30UW0ceqoQ=
-132,72,zWk3G1UJ/i0sqIIjP3w4aO8f08A=,TGN4Lel7OeIMkl+JZ30UW0ceqoQ=
-140,71,zWk3G1UJ/i0sqIIjP3w4aO8f08A=,TGN4Lel7OeIMkl+JZ30UW0ceqoQ=
-133,72,zWk3G1UJ/i0sqIIjP3w4aO8f08A=,TGN4Lel7OeIMkl+JZ30UW0ceqoQ=
-134,72,zWk3G1UJ/i0sqIIjP3w4aO8f08A=,TGN4Lel7OeIMkl+JZ30UW0ceqoQ=
-139,71,zWk3G1UJ/i0sqIIjP3w4aO8f08A=,TGN4Lel7OeIMkl+JZ30UW0ceqoQ=
-135,72,zWk3G1UJ/i0sqIIjP3w4aO8f08A=,TGN4Lel7OeIMkl+JZ30UW0ceqoQ=
-138,71,zWk3G1UJ/i0sqIIjP3w4aO8f08A=,TGN4Lel7OeIMkl+JZ30UW0ceqoQ=
-136,72,zWk3G1UJ/i0sqIIjP3w4aO8f08A=,TGN4Lel7OeIMkl+JZ30UW0ceqoQ=
-137,71,zWk3G1UJ/i0sqIIjP3w4aO8f08A=,TGN4Lel7OeIMkl+JZ30UW0ceqoQ=
-137,72,zWk3G1UJ/i0sqIIjP3w4aO8f08A=,TGN4Lel7OeIMkl+JZ30UW0ceqoQ=
-136,71,zWk3G1UJ/i0sqIIjP3w4aO8f08A=,TGN4Lel7OeIMkl+JZ30UW0ceqoQ=
-138,72,zWk3G1UJ/i0sqIIjP3w4aO8f08A=,TGN4Lel7OeIMkl+JZ30UW0ceqoQ=
-135,71,zWk3G1UJ/i0sqIIjP3w4aO8f08A=,TGN4Lel7OeIMkl+JZ30UW0ceqoQ=
-139,72,zWk3G1UJ/i0sqIIjP3w4aO8f08A=,TGN4Lel7OeIMkl+JZ30UW0ceqoQ=
-134,71,zWk3G1UJ/i0sqIIjP3w4aO8f08A=,TGN4Lel7OeIMkl+JZ30UW0ceqoQ=
-140,72,zWk3G1UJ/i0sqIIjP3w4aO8f08A=,TGN4Lel7OeIMkl+JZ30UW0ceqoQ=
-133,71,zWk3G1UJ/i0sqIIjP3w4aO8f08A=,TGN4Lel7OeIMkl+JZ30UW0ceqoQ=
-141,72,zWk3G1UJ/i0sqIIjP3w4aO8f08A=,TGN4Lel7OeIMkl+JZ30UW0ceqoQ=
-132,71,zWk3G1UJ/i0sqIIjP3w4aO8f08A=,TGN4Lel7OeIMkl+JZ30UW0ceqoQ=
-131,71,zWk3G1UJ/i0sqIIjP3w4aO8f08A=,TGN4Lel7OeIMkl+JZ30UW0ceqoQ=
-142,72,zWk3G1UJ/i0sqIIjP3w4aO8f08A=,TGN4Lel7OeIMkl+JZ30UW0ceqoQ=
-130,71,zWk3G1UJ/i0sqIIjP3w4aO8f08A=,TGN4Lel7OeIMkl+JZ30UW0ceqoQ=
-143,72,zWk3G1UJ/i0sqIIjP3w4aO8f08A=,TGN4Lel7OeIMkl+JZ30UW0ceqoQ=
-144,72,zWk3G1UJ/i0sqIIjP3w4aO8f08A=,TGN4Lel7OeIMkl+JZ30UW0ceqoQ=
-129,71,zWk3G1UJ/i0sqIIjP3w4aO8f08A=,TGN4Lel7OeIMkl+JZ30UW0ceqoQ=
-136,64,zWk3G1UJ/i0sqIIjP3w4aO8f08A=,TGN4Lel7OeIMkl+JZ30UW0ceqoQ=
-160,80,zWk3G1UJ/i0sqIIjP3w4aO8f08A=,TGN4Lel7OeIMkl+JZ30UW0ceqoQ=
-145,80,zWk3G1UJ/i0sqIIjP3w4aO8f08A=,TGN4Lel7OeIMkl+JZ30UW0ceqoQ=
-146,95,zWk3G1UJ/i0sqIIjP3w4aO8f08A=,TGN4Lel7OeIMkl+JZ30UW0ceqoQ=
-160,81,zWk3G1UJ/i0sqIIjP3w4aO8f08A=,TGN4Lel7OeIMkl+JZ30UW0ceqoQ=
-148,95,zWk3G1UJ/i0sqIIjP3w4aO8f08A=,TGN4Lel7OeIMkl+JZ30UW0ceqoQ=
-149,95,zWk3G1UJ/i0sqIIjP3w4aO8f08A=,TGN4Lel7OeIMkl+JZ30UW0ceqoQ=
-150,95,zWk3G1UJ/i0sqIIjP3w4aO8f08A=,TGN4Lel7OeIMkl+JZ30UW0ceqoQ=
-147,95,zWk3G1UJ/i0sqIIjP3w4aO8f08A=,TGN4Lel7OeIMkl+JZ30UW0ceqoQ=
-145,95,zWk3G1UJ/i0sqIIjP3w4aO8f08A=,TGN4Lel7OeIMkl+JZ30UW0ceqoQ=
-151,95,zWk3G1UJ/i0sqIIjP3w4aO8f08A=,TGN4Lel7OeIMkl+JZ30UW0ceqoQ=
-159,81,zWk3G1UJ/i0sqIIjP3w4aO8f08A=,TGN4Lel7OeIMkl+JZ30UW0ceqoQ=
-154,95,zWk3G1UJ/i0sqIIjP3w4aO8f08A=,TGN4Lel7OeIMkl+JZ30UW0ceqoQ=
-152,95,zWk3G1UJ/i0sqIIjP3w4aO8f08A=,TGN4Lel7OeIMkl+JZ30UW0ceqoQ=
-158,81,zWk3G1UJ/i0sqIIjP3w4aO8f08A=,TGN4Lel7OeIMkl+JZ30UW0ceqoQ=
-155,95,zWk3G1UJ/i0sqIIjP3w4aO8f08A=,TGN4Lel7OeIMkl+JZ30UW0ceqoQ=
-157,81,zWk3G1UJ/i0sqIIjP3w4aO8f08A=,TGN4Lel7OeIMkl+JZ30UW0ceqoQ=
-153,95,zWk3G1UJ/i0sqIIjP3w4aO8f08A=,TGN4Lel7OeIMkl+JZ30UW0ceqoQ=
-157,95,zWk3G1UJ/i0sqIIjP3w4aO8f08A=,TGN4Lel7OeIMkl+JZ30UW0ceqoQ=
-156,95,zWk3G1UJ/i0sqIIjP3w4aO8f08A=,TGN4Lel7OeIMkl+JZ30UW0ceqoQ=
-159,95,zWk3G1UJ/i0sqIIjP3w4aO8f08A=,TGN4Lel7OeIMkl+JZ30UW0ceqoQ=
-146,80,zWk3G1UJ/i0sqIIjP3w4aO8f08A=,TGN4Lel7OeIMkl+JZ30UW0ceqoQ=
-160,95,zWk3G1UJ/i0sqIIjP3w4aO8f08A=,TGN4Lel7OeIMkl+JZ30UW0ceqoQ=
-158,95,zWk3G1UJ/i0sqIIjP3w4aO8f08A=,TGN4Lel7OeIMkl+JZ30UW0ceqoQ=
-156,81,zWk3G1UJ/i0sqIIjP3w4aO8f08A=,TGN4Lel7OeIMkl+JZ30UW0ceqoQ=
-146,94,zWk3G1UJ/i0sqIIjP3w4aO8f08A=,TGN4Lel7OeIMkl+JZ30UW0ceqoQ=
-147,94,zWk3G1UJ/i0sqIIjP3w4aO8f08A=,TGN4Lel7OeIMkl+JZ30UW0ceqoQ=
-148,94,zWk3G1UJ/i0sqIIjP3w4aO8f08A=,TGN4Lel7OeIMkl+JZ30UW0ceqoQ=
-145,94,zWk3G1UJ/i0sqIIjP3w4aO8f08A=,TGN4Lel7OeIMkl+JZ30UW0ceqoQ=
-150,94,zWk3G1UJ/i0sqIIjP3w4aO8f08A=,TGN4Lel7OeIMkl+JZ30UW0ceqoQ=
-155,81,zWk3G1UJ/i0sqIIjP3w4aO8f08A=,TGN4Lel7OeIMkl+JZ30UW0ceqoQ=
-149,94,zWk3G1UJ/i0sqIIjP3w4aO8f08A=,TGN4Lel7OeIMkl+JZ30UW0ceqoQ=
-151,94,zWk3G1UJ/i0sqIIjP3w4aO8f08A=,TGN4Lel7OeIMkl+JZ30UW0ceqoQ=
-152,94,zWk3G1UJ/i0sqIIjP3w4aO8f08A=,TGN4Lel7OeIMkl+JZ30UW0ceqoQ=
-154,81,zWk3G1UJ/i0sqIIjP3w4aO8f08A=,TGN4Lel7OeIMkl+JZ30UW0ceqoQ=
-153,81,zWk3G1UJ/i0sqIIjP3w4aO8f08A=,TGN4Lel7OeIMkl+JZ30UW0ceqoQ=
-155,94,zWk3G1UJ/i0sqIIjP3w4aO8f08A=,TGN4Lel7OeIMkl+JZ30UW0ceqoQ=
-153,94,zWk3G1UJ/i0sqIIjP3w4aO8f08A=,TGN4Lel7OeIMkl+JZ30UW0ceqoQ=
-156,94,zWk3G1UJ/i0sqIIjP3w4aO8f08A=,TGN4Lel7OeIMkl+JZ30UW0ceqoQ=
-154,94,zWk3G1UJ/i0sqIIjP3w4aO8f08A=,TGN4Lel7OeIMkl+JZ30UW0ceqoQ=
-158,94,zWk3G1UJ/i0sqIIjP3w4aO8f08A=,TGN4Lel7OeIMkl+JZ30UW0ceqoQ=
-152,81,zWk3G1UJ/i0sqIIjP3w4aO8f08A=,TGN4Lel7OeIMkl+JZ30UW0ceqoQ=
-147,80,zWk3G1UJ/i0sqIIjP3w4aO8f08A=,TGN4Lel7OeIMkl+JZ30UW0ceqoQ=
-157,94,zWk3G1UJ/i0sqIIjP3w4aO8f08A=,TGN4Lel7OeIMkl+JZ30UW0ceqoQ=
-160,94,zWk3G1UJ/i0sqIIjP3w4aO8f08A=,TGN4Lel7OeIMkl+JZ30UW0ceqoQ=
-159,94,zWk3G1UJ/i0sqIIjP3w4aO8f08A=,TGN4Lel7OeIMkl+JZ30UW0ceqoQ=
-146,93,zWk3G1UJ/i0sqIIjP3w4aO8f08A=,TGN4Lel7OeIMkl+JZ30UW0ceqoQ=
-147,93,zWk3G1UJ/i0sqIIjP3w4aO8f08A=,TGN4Lel7OeIMkl+JZ30UW0ceqoQ=
-148,93,zWk3G1UJ/i0sqIIjP3w4aO8f08A=,TGN4Lel7OeIMkl+JZ30UW0ceqoQ=
-151,81,zWk3G1UJ/i0sqIIjP3w4aO8f08A=,TGN4Lel7OeIMkl+JZ30UW0ceqoQ=
-150,93,zWk3G1UJ/i0sqIIjP3w4aO8f08A=,TGN4Lel7OeIMkl+JZ30UW0ceqoQ=
-145,93,zWk3G1UJ/i0sqIIjP3w4aO8f08A=,TGN4Lel7OeIMkl+JZ30UW0ceqoQ=
-151,93,zWk3G1UJ/i0sqIIjP3w4aO8f08A=,TGN4Lel7OeIMkl+JZ30UW0ceqoQ=
-149,93,zWk3G1UJ/i0sqIIjP3w4aO8f08A=,TGN4Lel7OeIMkl+JZ30UW0ceqoQ=
-152,93,zWk3G1UJ/i0sqIIjP3w4aO8f08A=,TGN4Lel7OeIMkl+JZ30UW0ceqoQ=
-150,81,zWk3G1UJ/i0sqIIjP3w4aO8f08A=,TGN4Lel7OeIMkl+JZ30UW0ceqoQ=
-153,93,zWk3G1UJ/i0sqIIjP3w4aO8f08A=,TGN4Lel7OeIMkl+JZ30UW0ceqoQ=
-156,93,zWk3G1UJ/i0sqIIjP3w4aO8f08A=,TGN4Lel7OeIMkl+JZ30UW0ceqoQ=
-149,81,zWk3G1UJ/i0sqIIjP3w4aO8f08A=,TGN4Lel7OeIMkl+JZ30UW0ceqoQ=
-154,93,zWk3G1UJ/i0sqIIjP3w4aO8f08A=,TGN4Lel7OeIMkl+JZ30UW0ceqoQ=
-155,93,zWk3G1UJ/i0sqIIjP3w4aO8f08A=,TGN4Lel7OeIMkl+JZ30UW0ceqoQ=
-157,93,zWk3G1UJ/i0sqIIjP3w4aO8f08A=,TGN4Lel7OeIMkl+JZ30UW0ceqoQ=
-148,81,zWk3G1UJ/i0sqIIjP3w4aO8f08A=,TGN4Lel7OeIMkl+JZ30UW0ceqoQ=
-148,80,zWk3G1UJ/i0sqIIjP3w4aO8f08A=,TGN4Lel7OeIMkl+JZ30UW0ceqoQ=
-147,81,zWk3G1UJ/i0sqIIjP3w4aO8f08A=,TGN4Lel7OeIMkl+JZ30UW0ceqoQ=
-160,93,zWk3G1UJ/i0sqIIjP3w4aO8f08A=,TGN4Lel7OeIMkl+JZ30UW0ceqoQ=
-158,93,zWk3G1UJ/i0sqIIjP3w4aO8f08A=,TGN4Lel7OeIMkl+JZ30UW0ceqoQ=
-145,92,zWk3G1UJ/i0sqIIjP3w4aO8f08A=,TGN4Lel7OeIMkl+JZ30UW0ceqoQ=
-146,92,zWk3G1UJ/i0sqIIjP3w4aO8f08A=,TGN4Lel7OeIMkl+JZ30UW0ceqoQ=
-147,92,zWk3G1UJ/i0sqIIjP3w4aO8f08A=,TGN4Lel7OeIMkl+JZ30UW0ceqoQ=
-146,81,zWk3G1UJ/i0sqIIjP3w4aO8f08A=,TGN4Lel7OeIMkl+JZ30UW0ceqoQ=
-159,93,zWk3G1UJ/i0sqIIjP3w4aO8f08A=,TGN4Lel7OeIMkl+JZ30UW0ceqoQ=
-149,92,zWk3G1UJ/i0sqIIjP3w4aO8f08A=,TGN4Lel7OeIMkl+JZ30UW0ceqoQ=
-145,81,zWk3G1UJ/i0sqIIjP3w4aO8f08A=,TGN4Lel7OeIMkl+JZ30UW0ceqoQ=
-151,92,zWk3G1UJ/i0sqIIjP3w4aO8f08A=,TGN4Lel7OeIMkl+JZ30UW0ceqoQ=
-152,92,zWk3G1UJ/i0sqIIjP3w4aO8f08A=,TGN4Lel7OeIMkl+JZ30UW0ceqoQ=
-148,92,zWk3G1UJ/i0sqIIjP3w4aO8f08A=,TGN4Lel7OeIMkl+JZ30UW0ceqoQ=
-150,92,zWk3G1UJ/i0sqIIjP3w4aO8f08A=,TGN4Lel7OeIMkl+JZ30UW0ceqoQ=
-153,92,zWk3G1UJ/i0sqIIjP3w4aO8f08A=,TGN4Lel7OeIMkl+JZ30UW0ceqoQ=
-156,92,zWk3G1UJ/i0sqIIjP3w4aO8f08A=,TGN4Lel7OeIMkl+JZ30UW0ceqoQ=
-154,92,zWk3G1UJ/i0sqIIjP3w4aO8f08A=,TGN4Lel7OeIMkl+JZ30UW0ceqoQ=
-160,82,zWk3G1UJ/i0sqIIjP3w4aO8f08A=,TGN4Lel7OeIMkl+JZ30UW0ceqoQ=
-157,92,zWk3G1UJ/i0sqIIjP3w4aO8f08A=,TGN4Lel7OeIMkl+JZ30UW0ceqoQ=
-155,92,zWk3G1UJ/i0sqIIjP3w4aO8f08A=,TGN4Lel7OeIMkl+JZ30UW0ceqoQ=
-159,92,jJkAyDXmAhQh21X01D4kaarN2y4=,TGN4Lel7OeIMkl+JZ30UW0ceqoQ=
-159,80,zWk3G1UJ/i0sqIIjP3w4aO8f08A=,TGN4Lel7OeIMkl+JZ30UW0ceqoQ=
-158,92,zWk3G1UJ/i0sqIIjP3w4aO8f08A=,TGN4Lel7OeIMkl+JZ30UW0ceqoQ=
-149,80,jJkAyDXmAhQh21X01D4kaarN2y4=,TGN4Lel7OeIMkl+JZ30UW0ceqoQ=
-145,91,jJkAyDXmAhQh21X01D4kaarN2y4=,TGN4Lel7OeIMkl+JZ30UW0ceqoQ=
-160,92,jJkAyDXmAhQh21X01D4kaarN2y4=,TGN4Lel7OeIMkl+JZ30UW0ceqoQ=
-148,91,jJkAyDXmAhQh21X01D4kaarN2y4=,TGN4Lel7OeIMkl+JZ30UW0ceqoQ=
-147,91,jJkAyDXmAhQh21X01D4kaarN2y4=,TGN4Lel7OeIMkl+JZ30UW0ceqoQ=
-149,91,jJkAyDXmAhQh21X01D4kaarN2y4=,TGN4Lel7OeIMkl+JZ30UW0ceqoQ=
-146,91,jJkAyDXmAhQh21X01D4kaarN2y4=,TGN4Lel7OeIMkl+JZ30UW0ceqoQ=
-151,91,jJkAyDXmAhQh21X01D4kaarN2y4=,TGN4Lel7OeIMkl+JZ30UW0ceqoQ=
-150,91,jJkAyDXmAhQh21X01D4kaarN2y4=,TGN4Lel7OeIMkl+JZ30UW0ceqoQ=
-153,91,jJkAyDXmAhQh21X01D4kaarN2y4=,TGN4Lel7OeIMkl+JZ30UW0ceqoQ=
-152,91,jJkAyDXmAhQh21X01D4kaarN2y4=,TGN4Lel7OeIMkl+JZ30UW0ceqoQ=
-159,82,zWk3G1UJ/i0sqIIjP3w4aO8f08A=,TGN4Lel7OeIMkl+JZ30UW0ceqoQ=
-154,91,jJkAyDXmAhQh21X01D4kaarN2y4=,TGN4Lel7OeIMkl+JZ30UW0ceqoQ=
-155,91,jJkAyDXmAhQh21X01D4kaarN2y4=,TGN4Lel7OeIMkl+JZ30UW0ceqoQ=
-158,91,jJkAyDXmAhQh21X01D4kaarN2y4=,TGN4Lel7OeIMkl+JZ30UW0ceqoQ=
-156,91,jJkAyDXmAhQh21X01D4kaarN2y4=,TGN4Lel7OeIMkl+JZ30UW0ceqoQ=
-157,91,jJkAyDXmAhQh21X01D4kaarN2y4=,TGN4Lel7OeIMkl+JZ30UW0ceqoQ=
-158,82,zWk3G1UJ/i0sqIIjP3w4aO8f08A=,TGN4Lel7OeIMkl+JZ30UW0ceqoQ=
-159,91,jJkAyDXmAhQh21X01D4kaarN2y4=,TGN4Lel7OeIMkl+JZ30UW0ceqoQ=
-145,90,jJkAyDXmAhQh21X01D4kaarN2y4=,TGN4Lel7OeIMkl+JZ30UW0ceqoQ=
-146,90,jJkAyDXmAhQh21X01D4kaarN2y4=,TGN4Lel7OeIMkl+JZ30UW0ceqoQ=
-157,82,zWk3G1UJ/i0sqIIjP3w4aO8f08A=,TGN4Lel7OeIMkl+JZ30UW0ceqoQ=
-150,80,jJkAyDXmAhQh21X01D4kaarN2y4=,TGN4Lel7OeIMkl+JZ30UW0ceqoQ=
-147,90,jJkAyDXmAhQh21X01D4kaarN2y4=,TGN4Lel7OeIMkl+JZ30UW0ceqoQ=
-149,90,jJkAyDXmAhQh21X01D4kaarN2y4=,TGN4Lel7OeIMkl+JZ30UW0ceqoQ=
-150,90,jJkAyDXmAhQh21X01D4kaarN2y4=,TGN4Lel7OeIMkl+JZ30UW0ceqoQ=
-151,90,jJkAyDXmAhQh21X01D4kaarN2y4=,TGN4Lel7OeIMkl+JZ30UW0ceqoQ=
-148,90,jJkAyDXmAhQh21X01D4kaarN2y4=,TGN4Lel7OeIMkl+JZ30UW0ceqoQ=
-160,91,jJkAyDXmAhQh21X01D4kaarN2y4=,TGN4Lel7OeIMkl+JZ30UW0ceqoQ=
-152,90,jJkAyDXmAhQh21X01D4kaarN2y4=,TGN4Lel7OeIMkl+JZ30UW0ceqoQ=
-155,90,jJkAyDXmAhQh21X01D4kaarN2y4=,TGN4Lel7OeIMkl+JZ30UW0ceqoQ=
-154,90,jJkAyDXmAhQh21X01D4kaarN2y4=,TGN4Lel7OeIMkl+JZ30UW0ceqoQ=
-153,90,jJkAyDXmAhQh21X01D4kaarN2y4=,TGN4Lel7OeIMkl+JZ30UW0ceqoQ=
-158,90,jJkAyDXmAhQh21X01D4kaarN2y4=,TGN4Lel7OeIMkl+JZ30UW0ceqoQ=
-157,90,jJkAyDXmAhQh21X01D4kaarN2y4=,TGN4Lel7OeIMkl+JZ30UW0ceqoQ=
-155,82,zWk3G1UJ/i0sqIIjP3w4aO8f08A=,TGN4Lel7OeIMkl+JZ30UW0ceqoQ=
-156,82,zWk3G1UJ/i0sqIIjP3w4aO8f08A=,TGN4Lel7OeIMkl+JZ30UW0ceqoQ=
-154,82,zWk3G1UJ/i0sqIIjP3w4aO8f08A=,TGN4Lel7OeIMkl+JZ30UW0ceqoQ=
-151,80,jJkAyDXmAhQh21X01D4kaarN2y4=,TGN4Lel7OeIMkl+JZ30UW0ceqoQ=
-156,90,jJkAyDXmAhQh21X01D4kaarN2y4=,TGN4Lel7OeIMkl+JZ30UW0ceqoQ=
-146,89,jJkAyDXmAhQh21X01D4kaarN2y4=,TGN4Lel7OeIMkl+JZ30UW0ceqoQ=
-153,82,zWk3G1UJ/i0sqIIjP3w4aO8f08A=,TGN4Lel7OeIMkl+JZ30UW0ceqoQ=
-159,90,jJkAyDXmAhQh21X01D4kaarN2y4=,TGN4Lel7OeIMkl+JZ30UW0ceqoQ=
-147,89,jJkAyDXmAhQh21X01D4kaarN2y4=,TGN4Lel7OeIMkl+JZ30UW0ceqoQ=
-149,89,jJkAyDXmAhQh21X01D4kaarN2y4=,TGN4Lel7OeIMkl+JZ30UW0ceqoQ=
-160,90,jJkAyDXmAhQh21X01D4kaarN2y4=,TGN4Lel7OeIMkl+JZ30UW0ceqoQ=
-150,89,jJkAyDXmAhQh21X01D4kaarN2y4=,TGN4Lel7OeIMkl+JZ30UW0ceqoQ=
-148,89,jJkAyDXmAhQh21X01D4kaarN2y4=,TGN4Lel7OeIMkl+JZ30UW0ceqoQ=
-151,89,jJkAyDXmAhQh21X01D4kaarN2y4=,TGN4Lel7OeIMkl+JZ30UW0ceqoQ=
-152,89,jJkAyDXmAhQh21X01D4kaarN2y4=,TGN4Lel7OeIMkl+JZ30UW0ceqoQ=
-155,89,jJkAyDXmAhQh21X01D4kaarN2y4=,TGN4Lel7OeIMkl+JZ30UW0ceqoQ=
-153,89,jJkAyDXmAhQh21X01D4kaarN2y4=,TGN4Lel7OeIMkl+JZ30UW0ceqoQ=
-145,89,jJkAyDXmAhQh21X01D4kaarN2y4=,TGN4Lel7OeIMkl+JZ30UW0ceqoQ=
-152,82,zWk3G1UJ/i0sqIIjP3w4aO8f08A=,TGN4Lel7OeIMkl+JZ30UW0ceqoQ=
-154,89,jJkAyDXmAhQh21X01D4kaarN2y4=,TGN4Lel7OeIMkl+JZ30UW0ceqoQ=
-158,89,jJkAyDXmAhQh21X01D4kaarN2y4=,TGN4Lel7OeIMkl+JZ30UW0ceqoQ=
-152,80,jJkAyDXmAhQh21X01D4kaarN2y4=,TGN4Lel7OeIMkl+JZ30UW0ceqoQ=
-157,89,jJkAyDXmAhQh21X01D4kaarN2y4=,TGN4Lel7OeIMkl+JZ30UW0ceqoQ=
-151,82,zWk3G1UJ/i0sqIIjP3w4aO8f08A=,TGN4Lel7OeIMkl+JZ30UW0ceqoQ=
-160,89,jJkAyDXmAhQh21X01D4kaarN2y4=,TGN4Lel7OeIMkl+JZ30UW0ceqoQ=
-159,89,jJkAyDXmAhQh21X01D4kaarN2y4=,TGN4Lel7OeIMkl+JZ30UW0ceqoQ=
-146,88,jJkAyDXmAhQh21X01D4kaarN2y4=,TGN4Lel7OeIMkl+JZ30UW0ceqoQ=
-145,88,jJkAyDXmAhQh21X01D4kaarN2y4=,TGN4Lel7OeIMkl+JZ30UW0ceqoQ=
-148,88,jJkAyDXmAhQh21X01D4kaarN2y4=,TGN4Lel7OeIMkl+JZ30UW0ceqoQ=
-147,88,jJkAyDXmAhQh21X01D4kaarN2y4=,TGN4Lel7OeIMkl+JZ30UW0ceqoQ=
-151,88,jJkAyDXmAhQh21X01D4kaarN2y4=,TGN4Lel7OeIMkl+JZ30UW0ceqoQ=
-150,88,jJkAyDXmAhQh21X01D4kaarN2y4=,TGN4Lel7OeIMkl+JZ30UW0ceqoQ=
-150,82,zWk3G1UJ/i0sqIIjP3w4aO8f08A=,TGN4Lel7OeIMkl+JZ30UW0ceqoQ=
-149,88,jJkAyDXmAhQh21X01D4kaarN2y4=,TGN4Lel7OeIMkl+JZ30UW0ceqoQ=
-153,88,jJkAyDXmAhQh21X01D4kaarN2y4=,TGN4Lel7OeIMkl+JZ30UW0ceqoQ=
-152,88,jJkAyDXmAhQh21X01D4kaarN2y4=,TGN4Lel7OeIMkl+JZ30UW0ceqoQ=
-156,89,jJkAyDXmAhQh21X01D4kaarN2y4=,TGN4Lel7OeIMkl+JZ30UW0ceqoQ=
-156,88,jJkAyDXmAhQh21X01D4kaarN2y4=,TGN4Lel7OeIMkl+JZ30UW0ceqoQ=
-154,88,jJkAyDXmAhQh21X01D4kaarN2y4=,TGN4Lel7OeIMkl+JZ30UW0ceqoQ=
-157,88,jJkAyDXmAhQh21X01D4kaarN2y4=,TGN4Lel7OeIMkl+JZ30UW0ceqoQ=
-153,80,jJkAyDXmAhQh21X01D4kaarN2y4=,TGN4Lel7OeIMkl+JZ30UW0ceqoQ=
-149,82,zWk3G1UJ/i0sqIIjP3w4aO8f08A=,TGN4Lel7OeIMkl+JZ30UW0ceqoQ=
-148,82,zWk3G1UJ/i0sqIIjP3w4aO8f08A=,TGN4Lel7OeIMkl+JZ30UW0ceqoQ=
-147,82,zWk3G1UJ/i0sqIIjP3w4aO8f08A=,TGN4Lel7OeIMkl+JZ30UW0ceqoQ=
-160,88,jJkAyDXmAhQh21X01D4kaarN2y4=,TGN4Lel7OeIMkl+JZ30UW0ceqoQ=
-158,88,jJkAyDXmAhQh21X01D4kaarN2y4=,TGN4Lel7OeIMkl+JZ30UW0ceqoQ=
-159,88,jJkAyDXmAhQh21X01D4kaarN2y4=,TGN4Lel7OeIMkl+JZ30UW0ceqoQ=
-145,87,jJkAyDXmAhQh21X01D4kaarN2y4=,TGN4Lel7OeIMkl+JZ30UW0ceqoQ=
-148,87,jJkAyDXmAhQh21X01D4kaarN2y4=,TGN4Lel7OeIMkl+JZ30UW0ceqoQ=
-146,82,zWk3G1UJ/i0sqIIjP3w4aO8f08A=,TGN4Lel7OeIMkl+JZ30UW0ceqoQ=
-149,87,jJkAyDXmAhQh21X01D4kaarN2y4=,TGN4Lel7OeIMkl+JZ30UW0ceqoQ=
-146,87,jJkAyDXmAhQh21X01D4kaarN2y4=,TGN4Lel7OeIMkl+JZ30UW0ceqoQ=
-150,87,jJkAyDXmAhQh21X01D4kaarN2y4=,TGN4Lel7OeIMkl+JZ30UW0ceqoQ=
-145,82,zWk3G1UJ/i0sqIIjP3w4aO8f08A=,TGN4Lel7OeIMkl+JZ30UW0ceqoQ=
-152,87,jJkAyDXmAhQh21X01D4kaarN2y4=,TGN4Lel7OeIMkl+JZ30UW0ceqoQ=
-147,87,jJkAyDXmAhQh21X01D4kaarN2y4=,TGN4Lel7OeIMkl+JZ30UW0ceqoQ=
-155,88,jJkAyDXmAhQh21X01D4kaarN2y4=,TGN4Lel7OeIMkl+JZ30UW0ceqoQ=
-151,87,jJkAyDXmAhQh21X01D4kaarN2y4=,TGN4Lel7OeIMkl+JZ30UW0ceqoQ=
-155,87,jJkAyDXmAhQh21X01D4kaarN2y4=,TGN4Lel7OeIMkl+JZ30UW0ceqoQ=
-160,83,zWk3G1UJ/i0sqIIjP3w4aO8f08A=,TGN4Lel7OeIMkl+JZ30UW0ceqoQ=
-157,87,jJkAyDXmAhQh21X01D4kaarN2y4=,TGN4Lel7OeIMkl+JZ30UW0ceqoQ=
-158,80,zWk3G1UJ/i0sqIIjP3w4aO8f08A=,TGN4Lel7OeIMkl+JZ30UW0ceqoQ=
-154,87,jJkAyDXmAhQh21X01D4kaarN2y4=,TGN4Lel7OeIMkl+JZ30UW0ceqoQ=
-156,87,jJkAyDXmAhQh21X01D4kaarN2y4=,TGN4Lel7OeIMkl+JZ30UW0ceqoQ=
-154,80,jJkAyDXmAhQh21X01D4kaarN2y4=,TGN4Lel7OeIMkl+JZ30UW0ceqoQ=
-158,87,jJkAyDXmAhQh21X01D4kaarN2y4=,TGN4Lel7OeIMkl+JZ30UW0ceqoQ=
-145,86,jJkAyDXmAhQh21X01D4kaarN2y4=,TGN4Lel7OeIMkl+JZ30UW0ceqoQ=
-146,86,jJkAyDXmAhQh21X01D4kaarN2y4=,TGN4Lel7OeIMkl+JZ30UW0ceqoQ=
-159,83,zWk3G1UJ/i0sqIIjP3w4aO8f08A=,TGN4Lel7OeIMkl+JZ30UW0ceqoQ=
-159,87,jJkAyDXmAhQh21X01D4kaarN2y4=,TGN4Lel7OeIMkl+JZ30UW0ceqoQ=
-147,86,jJkAyDXmAhQh21X01D4kaarN2y4=,TGN4Lel7OeIMkl+JZ30UW0ceqoQ=
-160,87,jJkAyDXmAhQh21X01D4kaarN2y4=,TGN4Lel7OeIMkl+JZ30UW0ceqoQ=
-153,87,jJkAyDXmAhQh21X01D4kaarN2y4=,TGN4Lel7OeIMkl+JZ30UW0ceqoQ=
-151,86,jJkAyDXmAhQh21X01D4kaarN2y4=,TGN4Lel7OeIMkl+JZ30UW0ceqoQ=
-150,86,jJkAyDXmAhQh21X01D4kaarN2y4=,TGN4Lel7OeIMkl+JZ30UW0ceqoQ=
-152,86,jJkAyDXmAhQh21X01D4kaarN2y4=,TGN4Lel7OeIMkl+JZ30UW0ceqoQ=
-153,86,jJkAyDXmAhQh21X01D4kaarN2y4=,TGN4Lel7OeIMkl+JZ30UW0ceqoQ=
-154,86,jJkAyDXmAhQh21X01D4kaarN2y4=,TGN4Lel7OeIMkl+JZ30UW0ceqoQ=
-158,83,zWk3G1UJ/i0sqIIjP3w4aO8f08A=,TGN4Lel7OeIMkl+JZ30UW0ceqoQ=
-156,86,jJkAyDXmAhQh21X01D4kaarN2y4=,TGN4Lel7OeIMkl+JZ30UW0ceqoQ=
-148,86,jJkAyDXmAhQh21X01D4kaarN2y4=,TGN4Lel7OeIMkl+JZ30UW0ceqoQ=
-157,86,jJkAyDXmAhQh21X01D4kaarN2y4=,TGN4Lel7OeIMkl+JZ30UW0ceqoQ=
-155,86,jJkAyDXmAhQh21X01D4kaarN2y4=,TGN4Lel7OeIMkl+JZ30UW0ceqoQ=
-157,83,zWk3G1UJ/i0sqIIjP3w4aO8f08A=,TGN4Lel7OeIMkl+JZ30UW0ceqoQ=
-155,80,jJkAyDXmAhQh21X01D4kaarN2y4=,TGN4Lel7OeIMkl+JZ30UW0ceqoQ=
-159,86,jJkAyDXmAhQh21X01D4kaarN2y4=,TGN4Lel7OeIMkl+JZ30UW0ceqoQ=
-145,85,jJkAyDXmAhQh21X01D4kaarN2y4=,TGN4Lel7OeIMkl+JZ30UW0ceqoQ=
-146,85,jJkAyDXmAhQh21X01D4kaarN2y4=,TGN4Lel7OeIMkl+JZ30UW0ceqoQ=
-158,86,jJkAyDXmAhQh21X01D4kaarN2y4=,TGN4Lel7OeIMkl+JZ30UW0ceqoQ=
-160,86,jJkAyDXmAhQh21X01D4kaarN2y4=,TGN4Lel7OeIMkl+JZ30UW0ceqoQ=
-149,85,jJkAyDXmAhQh21X01D4kaarN2y4=,TGN4Lel7OeIMkl+JZ30UW0ceqoQ=
-151,85,jJkAyDXmAhQh21X01D4kaarN2y4=,TGN4Lel7OeIMkl+JZ30UW0ceqoQ=
-148,85,jJkAyDXmAhQh21X01D4kaarN2y4=,TGN4Lel7OeIMkl+JZ30UW0ceqoQ=
-150,85,jJkAyDXmAhQh21X01D4kaarN2y4=,TGN4Lel7OeIMkl+JZ30UW0ceqoQ=
-152,85,jJkAyDXmAhQh21X01D4kaarN2y4=,TGN4Lel7OeIMkl+JZ30UW0ceqoQ=
-155,85,jJkAyDXmAhQh21X01D4kaarN2y4=,TGN4Lel7OeIMkl+JZ30UW0ceqoQ=
-156,83,zWk3G1UJ/i0sqIIjP3w4aO8f08A=,TGN4Lel7OeIMkl+JZ30UW0ceqoQ=
-149,86,jJkAyDXmAhQh21X01D4kaarN2y4=,TGN4Lel7OeIMkl+JZ30UW0ceqoQ=
-147,85,jJkAyDXmAhQh21X01D4kaarN2y4=,TGN4Lel7OeIMkl+JZ30UW0ceqoQ=
-154,85,jJkAyDXmAhQh21X01D4kaarN2y4=,TGN4Lel7OeIMkl+JZ30UW0ceqoQ=
-157,85,jJkAyDXmAhQh21X01D4kaarN2y4=,TGN4Lel7OeIMkl+JZ30UW0ceqoQ=
-153,85,jJkAyDXmAhQh21X01D4kaarN2y4=,TGN4Lel7OeIMkl+JZ30UW0ceqoQ=
-159,85,jJkAyDXmAhQh21X01D4kaarN2y4=,TGN4Lel7OeIMkl+JZ30UW0ceqoQ=
-155,83,zWk3G1UJ/i0sqIIjP3w4aO8f08A=,TGN4Lel7OeIMkl+JZ30UW0ceqoQ=
-158,85,jJkAyDXmAhQh21X01D4kaarN2y4=,TGN4Lel7OeIMkl+JZ30UW0ceqoQ=
-145,84,jJkAyDXmAhQh21X01D4kaarN2y4=,TGN4Lel7OeIMkl+JZ30UW0ceqoQ=
-160,85,jJkAyDXmAhQh21X01D4kaarN2y4=,TGN4Lel7OeIMkl+JZ30UW0ceqoQ=
-154,83,zWk3G1UJ/i0sqIIjP3w4aO8f08A=,TGN4Lel7OeIMkl+JZ30UW0ceqoQ=
-147,84,jJkAyDXmAhQh21X01D4kaarN2y4=,TGN4Lel7OeIMkl+JZ30UW0ceqoQ=
-156,80,jJkAyDXmAhQh21X01D4kaarN2y4=,TGN4Lel7OeIMkl+JZ30UW0ceqoQ=
-146,84,jJkAyDXmAhQh21X01D4kaarN2y4=,TGN4Lel7OeIMkl+JZ30UW0ceqoQ=
-148,84,jJkAyDXmAhQh21X01D4kaarN2y4=,TGN4Lel7OeIMkl+JZ30UW0ceqoQ=
-153,83,zWk3G1UJ/i0sqIIjP3w4aO8f08A=,TGN4Lel7OeIMkl+JZ30UW0ceqoQ=
-156,85,jJkAyDXmAhQh21X01D4kaarN2y4=,TGN4Lel7OeIMkl+JZ30UW0ceqoQ=
-149,84,jJkAyDXmAhQh21X01D4kaarN2y4=,TGN4Lel7OeIMkl+JZ30UW0ceqoQ=
-152,84,zWk3G1UJ/i0sqIIjP3w4aO8f08A=,TGN4Lel7OeIMkl+JZ30UW0ceqoQ=
-150,84,jJkAyDXmAhQh21X01D4kaarN2y4=,TGN4Lel7OeIMkl+JZ30UW0ceqoQ=
-154,84,zWk3G1UJ/i0sqIIjP3w4aO8f08A=,TGN4Lel7OeIMkl+JZ30UW0ceqoQ=
-152,83,zWk3G1UJ/i0sqIIjP3w4aO8f08A=,TGN4Lel7OeIMkl+JZ30UW0ceqoQ=
-153,84,zWk3G1UJ/i0sqIIjP3w4aO8f08A=,TGN4Lel7OeIMkl+JZ30UW0ceqoQ=
-151,84,zWk3G1UJ/i0sqIIjP3w4aO8f08A=,TGN4Lel7OeIMkl+JZ30UW0ceqoQ=
-155,84,zWk3G1UJ/i0sqIIjP3w4aO8f08A=,TGN4Lel7OeIMkl+JZ30UW0ceqoQ=
-158,84,zWk3G1UJ/i0sqIIjP3w4aO8f08A=,TGN4Lel7OeIMkl+JZ30UW0ceqoQ=
-151,83,zWk3G1UJ/i0sqIIjP3w4aO8f08A=,TGN4Lel7OeIMkl+JZ30UW0ceqoQ=
-157,80,zWk3G1UJ/i0sqIIjP3w4aO8f08A=,TGN4Lel7OeIMkl+JZ30UW0ceqoQ=
-157,84,zWk3G1UJ/i0sqIIjP3w4aO8f08A=,TGN4Lel7OeIMkl+JZ30UW0ceqoQ=
-150,83,zWk3G1UJ/i0sqIIjP3w4aO8f08A=,TGN4Lel7OeIMkl+JZ30UW0ceqoQ=
-156,84,zWk3G1UJ/i0sqIIjP3w4aO8f08A=,TGN4Lel7OeIMkl+JZ30UW0ceqoQ=
-159,84,zWk3G1UJ/i0sqIIjP3w4aO8f08A=,TGN4Lel7OeIMkl+JZ30UW0ceqoQ=
-145,83,zWk3G1UJ/i0sqIIjP3w4aO8f08A=,TGN4Lel7OeIMkl+JZ30UW0ceqoQ=
-149,83,zWk3G1UJ/i0sqIIjP3w4aO8f08A=,TGN4Lel7OeIMkl+JZ30UW0ceqoQ=
-146,83,zWk3G1UJ/i0sqIIjP3w4aO8f08A=,TGN4Lel7OeIMkl+JZ30UW0ceqoQ=
-148,83,zWk3G1UJ/i0sqIIjP3w4aO8f08A=,TGN4Lel7OeIMkl+JZ30UW0ceqoQ=
-147,83,zWk3G1UJ/i0sqIIjP3w4aO8f08A=,TGN4Lel7OeIMkl+JZ30UW0ceqoQ=
-160,84,zWk3G1UJ/i0sqIIjP3w4aO8f08A=,TGN4Lel7OeIMkl+JZ30UW0ceqoQ=
-130,95,jJkAyDXmAhQh21X01D4kaarN2y4=,TGN4Lel7OeIMkl+JZ30UW0ceqoQ=
-144,81,jJkAyDXmAhQh21X01D4kaarN2y4=,TGN4Lel7OeIMkl+JZ30UW0ceqoQ=
-129,95,jJkAyDXmAhQh21X01D4kaarN2y4=,TGN4Lel7OeIMkl+JZ30UW0ceqoQ=
-143,81,jJkAyDXmAhQh21X01D4kaarN2y4=,TGN4Lel7OeIMkl+JZ30UW0ceqoQ=
-142,81,jJkAyDXmAhQh21X01D4kaarN2y4=,TGN4Lel7OeIMkl+JZ30UW0ceqoQ=
-141,81,jJkAyDXmAhQh21X01D4kaarN2y4=,TGN4Lel7OeIMkl+JZ30UW0ceqoQ=
-129,80,jJkAyDXmAhQh21X01D4kaarN2y4=,TGN4Lel7OeIMkl+JZ30UW0ceqoQ=
-140,81,jJkAyDXmAhQh21X01D4kaarN2y4=,TGN4Lel7OeIMkl+JZ30UW0ceqoQ=
-139,81,jJkAyDXmAhQh21X01D4kaarN2y4=,TGN4Lel7OeIMkl+JZ30UW0ceqoQ=
-138,81,jJkAyDXmAhQh21X01D4kaarN2y4=,TGN4Lel7OeIMkl+JZ30UW0ceqoQ=
-130,80,jJkAyDXmAhQh21X01D4kaarN2y4=,TGN4Lel7OeIMkl+JZ30UW0ceqoQ=
-137,81,jJkAyDXmAhQh21X01D4kaarN2y4=,TGN4Lel7OeIMkl+JZ30UW0ceqoQ=
-131,80,jJkAyDXmAhQh21X01D4kaarN2y4=,TGN4Lel7OeIMkl+JZ30UW0ceqoQ=
-136,81,jJkAyDXmAhQh21X01D4kaarN2y4=,TGN4Lel7OeIMkl+JZ30UW0ceqoQ=
-132,80,jJkAyDXmAhQh21X01D4kaarN2y4=,TGN4Lel7OeIMkl+JZ30UW0ceqoQ=
-135,81,jJkAyDXmAhQh21X01D4kaarN2y4=,TGN4Lel7OeIMkl+JZ30UW0ceqoQ=
-133,80,jJkAyDXmAhQh21X01D4kaarN2y4=,TGN4Lel7OeIMkl+JZ30UW0ceqoQ=
-134,81,jJkAyDXmAhQh21X01D4kaarN2y4=,TGN4Lel7OeIMkl+JZ30UW0ceqoQ=
-134,80,jJkAyDXmAhQh21X01D4kaarN2y4=,TGN4Lel7OeIMkl+JZ30UW0ceqoQ=
-133,81,jJkAyDXmAhQh21X01D4kaarN2y4=,TGN4Lel7OeIMkl+JZ30UW0ceqoQ=
-135,80,jJkAyDXmAhQh21X01D4kaarN2y4=,TGN4Lel7OeIMkl+JZ30UW0ceqoQ=
-132,81,jJkAyDXmAhQh21X01D4kaarN2y4=,TGN4Lel7OeIMkl+JZ30UW0ceqoQ=
-131,81,jJkAyDXmAhQh21X01D4kaarN2y4=,TGN4Lel7OeIMkl+JZ30UW0ceqoQ=
-136,80,jJkAyDXmAhQh21X01D4kaarN2y4=,TGN4Lel7OeIMkl+JZ30UW0ceqoQ=
-137,80,jJkAyDXmAhQh21X01D4kaarN2y4=,TGN4Lel7OeIMkl+JZ30UW0ceqoQ=
-130,81,jJkAyDXmAhQh21X01D4kaarN2y4=,TGN4Lel7OeIMkl+JZ30UW0ceqoQ=
-138,80,jJkAyDXmAhQh21X01D4kaarN2y4=,TGN4Lel7OeIMkl+JZ30UW0ceqoQ=
-139,80,jJkAyDXmAhQh21X01D4kaarN2y4=,TGN4Lel7OeIMkl+JZ30UW0ceqoQ=
-129,81,jJkAyDXmAhQh21X01D4kaarN2y4=,TGN4Lel7OeIMkl+JZ30UW0ceqoQ=
-144,82,jJkAyDXmAhQh21X01D4kaarN2y4=,TGN4Lel7OeIMkl+JZ30UW0ceqoQ=
-140,80,jJkAyDXmAhQh21X01D4kaarN2y4=,TGN4Lel7OeIMkl+JZ30UW0ceqoQ=
-143,82,jJkAyDXmAhQh21X01D4kaarN2y4=,TGN4Lel7OeIMkl+JZ30UW0ceqoQ=
-142,82,jJkAyDXmAhQh21X01D4kaarN2y4=,TGN4Lel7OeIMkl+JZ30UW0ceqoQ=
-141,80,jJkAyDXmAhQh21X01D4kaarN2y4=,TGN4Lel7OeIMkl+JZ30UW0ceqoQ=
-141,82,jJkAyDXmAhQh21X01D4kaarN2y4=,TGN4Lel7OeIMkl+JZ30UW0ceqoQ=
-140,82,jJkAyDXmAhQh21X01D4kaarN2y4=,TGN4Lel7OeIMkl+JZ30UW0ceqoQ=
-142,80,jJkAyDXmAhQh21X01D4kaarN2y4=,TGN4Lel7OeIMkl+JZ30UW0ceqoQ=
-139,82,jJkAyDXmAhQh21X01D4kaarN2y4=,TGN4Lel7OeIMkl+JZ30UW0ceqoQ=
-138,82,jJkAyDXmAhQh21X01D4kaarN2y4=,TGN4Lel7OeIMkl+JZ30UW0ceqoQ=
-137,82,jJkAyDXmAhQh21X01D4kaarN2y4=,TGN4Lel7OeIMkl+JZ30UW0ceqoQ=
-143,80,jJkAyDXmAhQh21X01D4kaarN2y4=,TGN4Lel7OeIMkl+JZ30UW0ceqoQ=
-131,95,jJkAyDXmAhQh21X01D4kaarN2y4=,TGN4Lel7OeIMkl+JZ30UW0ceqoQ=
-136,82,jJkAyDXmAhQh21X01D4kaarN2y4=,TGN4Lel7OeIMkl+JZ30UW0ceqoQ=
-135,82,jJkAyDXmAhQh21X01D4kaarN2y4=,TGN4Lel7OeIMkl+JZ30UW0ceqoQ=
-134,82,jJkAyDXmAhQh21X01D4kaarN2y4=,TGN4Lel7OeIMkl+JZ30UW0ceqoQ=
-144,80,jJkAyDXmAhQh21X01D4kaarN2y4=,TGN4Lel7OeIMkl+JZ30UW0ceqoQ=
-133,82,jJkAyDXmAhQh21X01D4kaarN2y4=,TGN4Lel7OeIMkl+JZ30UW0ceqoQ=
-132,95,jJkAyDXmAhQh21X01D4kaarN2y4=,TGN4Lel7OeIMkl+JZ30UW0ceqoQ=
-133,95,jJkAyDXmAhQh21X01D4kaarN2y4=,TGN4Lel7OeIMkl+JZ30UW0ceqoQ=
-132,82,jJkAyDXmAhQh21X01D4kaarN2y4=,TGN4Lel7OeIMkl+JZ30UW0ceqoQ=
-134,95,jJkAyDXmAhQh21X01D4kaarN2y4=,TGN4Lel7OeIMkl+JZ30UW0ceqoQ=
-131,82,jJkAyDXmAhQh21X01D4kaarN2y4=,TGN4Lel7OeIMkl+JZ30UW0ceqoQ=
-135,95,jJkAyDXmAhQh21X01D4kaarN2y4=,TGN4Lel7OeIMkl+JZ30UW0ceqoQ=
-130,82,jJkAyDXmAhQh21X01D4kaarN2y4=,TGN4Lel7OeIMkl+JZ30UW0ceqoQ=
-136,95,jJkAyDXmAhQh21X01D4kaarN2y4=,TGN4Lel7OeIMkl+JZ30UW0ceqoQ=
-129,82,jJkAyDXmAhQh21X01D4kaarN2y4=,TGN4Lel7OeIMkl+JZ30UW0ceqoQ=
-137,95,jJkAyDXmAhQh21X01D4kaarN2y4=,TGN4Lel7OeIMkl+JZ30UW0ceqoQ=
-144,83,jJkAyDXmAhQh21X01D4kaarN2y4=,TGN4Lel7OeIMkl+JZ30UW0ceqoQ=
-143,83,jJkAyDXmAhQh21X01D4kaarN2y4=,TGN4Lel7OeIMkl+JZ30UW0ceqoQ=
-142,83,jJkAyDXmAhQh21X01D4kaarN2y4=,TGN4Lel7OeIMkl+JZ30UW0ceqoQ=
-141,83,jJkAyDXmAhQh21X01D4kaarN2y4=,TGN4Lel7OeIMkl+JZ30UW0ceqoQ=
-138,95,jJkAyDXmAhQh21X01D4kaarN2y4=,TGN4Lel7OeIMkl+JZ30UW0ceqoQ=
-140,83,jJkAyDXmAhQh21X01D4kaarN2y4=,TGN4Lel7OeIMkl+JZ30UW0ceqoQ=
-139,95,jJkAyDXmAhQh21X01D4kaarN2y4=,TGN4Lel7OeIMkl+JZ30UW0ceqoQ=
-139,83,jJkAyDXmAhQh21X01D4kaarN2y4=,TGN4Lel7OeIMkl+JZ30UW0ceqoQ=
-138,83,jJkAyDXmAhQh21X01D4kaarN2y4=,TGN4Lel7OeIMkl+JZ30UW0ceqoQ=
-137,83,jJkAyDXmAhQh21X01D4kaarN2y4=,TGN4Lel7OeIMkl+JZ30UW0ceqoQ=
-140,95,jJkAyDXmAhQh21X01D4kaarN2y4=,TGN4Lel7OeIMkl+JZ30UW0ceqoQ=
-136,83,jJkAyDXmAhQh21X01D4kaarN2y4=,TGN4Lel7OeIMkl+JZ30UW0ceqoQ=
-141,95,jJkAyDXmAhQh21X01D4kaarN2y4=,TGN4Lel7OeIMkl+JZ30UW0ceqoQ=
-135,83,jJkAyDXmAhQh21X01D4kaarN2y4=,TGN4Lel7OeIMkl+JZ30UW0ceqoQ=
-142,95,jJkAyDXmAhQh21X01D4kaarN2y4=,TGN4Lel7OeIMkl+JZ30UW0ceqoQ=
-134,83,jJkAyDXmAhQh21X01D4kaarN2y4=,TGN4Lel7OeIMkl+JZ30UW0ceqoQ=
-143,95,jJkAyDXmAhQh21X01D4kaarN2y4=,TGN4Lel7OeIMkl+JZ30UW0ceqoQ=
-133,83,jJkAyDXmAhQh21X01D4kaarN2y4=,TGN4Lel7OeIMkl+JZ30UW0ceqoQ=
-132,83,jJkAyDXmAhQh21X01D4kaarN2y4=,TGN4Lel7OeIMkl+JZ30UW0ceqoQ=
-144,95,jJkAyDXmAhQh21X01D4kaarN2y4=,TGN4Lel7OeIMkl+JZ30UW0ceqoQ=
-131,83,jJkAyDXmAhQh21X01D4kaarN2y4=,TGN4Lel7OeIMkl+JZ30UW0ceqoQ=
-130,83,jJkAyDXmAhQh21X01D4kaarN2y4=,TGN4Lel7OeIMkl+JZ30UW0ceqoQ=
-129,94,jJkAyDXmAhQh21X01D4kaarN2y4=,TGN4Lel7OeIMkl+JZ30UW0ceqoQ=
-129,83,jJkAyDXmAhQh21X01D4kaarN2y4=,TGN4Lel7OeIMkl+JZ30UW0ceqoQ=
-144,84,jJkAyDXmAhQh21X01D4kaarN2y4=,TGN4Lel7OeIMkl+JZ30UW0ceqoQ=
-143,84,jJkAyDXmAhQh21X01D4kaarN2y4=,TGN4Lel7OeIMkl+JZ30UW0ceqoQ=
-142,84,jJkAyDXmAhQh21X01D4kaarN2y4=,TGN4Lel7OeIMkl+JZ30UW0ceqoQ=
-130,94,jJkAyDXmAhQh21X01D4kaarN2y4=,TGN4Lel7OeIMkl+JZ30UW0ceqoQ=
-141,84,jJkAyDXmAhQh21X01D4kaarN2y4=,TGN4Lel7OeIMkl+JZ30UW0ceqoQ=
-140,84,jJkAyDXmAhQh21X01D4kaarN2y4=,TGN4Lel7OeIMkl+JZ30UW0ceqoQ=
-139,84,jJkAyDXmAhQh21X01D4kaarN2y4=,TGN4Lel7OeIMkl+JZ30UW0ceqoQ=
-131,94,jJkAyDXmAhQh21X01D4kaarN2y4=,TGN4Lel7OeIMkl+JZ30UW0ceqoQ=
-132,94,jJkAyDXmAhQh21X01D4kaarN2y4=,TGN4Lel7OeIMkl+JZ30UW0ceqoQ=
-138,84,jJkAyDXmAhQh21X01D4kaarN2y4=,TGN4Lel7OeIMkl+JZ30UW0ceqoQ=
-133,94,jJkAyDXmAhQh21X01D4kaarN2y4=,TGN4Lel7OeIMkl+JZ30UW0ceqoQ=
-137,84,jJkAyDXmAhQh21X01D4kaarN2y4=,TGN4Lel7OeIMkl+JZ30UW0ceqoQ=
-134,94,jJkAyDXmAhQh21X01D4kaarN2y4=,TGN4Lel7OeIMkl+JZ30UW0ceqoQ=
-136,84,jJkAyDXmAhQh21X01D4kaarN2y4=,TGN4Lel7OeIMkl+JZ30UW0ceqoQ=
-135,84,jJkAyDXmAhQh21X01D4kaarN2y4=,TGN4Lel7OeIMkl+JZ30UW0ceqoQ=
-135,94,jJkAyDXmAhQh21X01D4kaarN2y4=,TGN4Lel7OeIMkl+JZ30UW0ceqoQ=
-134,84,jJkAyDXmAhQh21X01D4kaarN2y4=,TGN4Lel7OeIMkl+JZ30UW0ceqoQ=
-133,84,jJkAyDXmAhQh21X01D4kaarN2y4=,TGN4Lel7OeIMkl+JZ30UW0ceqoQ=
-132,84,jJkAyDXmAhQh21X01D4kaarN2y4=,TGN4Lel7OeIMkl+JZ30UW0ceqoQ=
-136,94,jJkAyDXmAhQh21X01D4kaarN2y4=,TGN4Lel7OeIMkl+JZ30UW0ceqoQ=
-131,84,jJkAyDXmAhQh21X01D4kaarN2y4=,TGN4Lel7OeIMkl+JZ30UW0ceqoQ=
-130,84,jJkAyDXmAhQh21X01D4kaarN2y4=,TGN4Lel7OeIMkl+JZ30UW0ceqoQ=
-137,94,jJkAyDXmAhQh21X01D4kaarN2y4=,TGN4Lel7OeIMkl+JZ30UW0ceqoQ=
-129,84,jJkAyDXmAhQh21X01D4kaarN2y4=,TGN4Lel7OeIMkl+JZ30UW0ceqoQ=
-144,85,jJkAyDXmAhQh21X01D4kaarN2y4=,TGN4Lel7OeIMkl+JZ30UW0ceqoQ=
-138,94,jJkAyDXmAhQh21X01D4kaarN2y4=,TGN4Lel7OeIMkl+JZ30UW0ceqoQ=
-143,85,jJkAyDXmAhQh21X01D4kaarN2y4=,TGN4Lel7OeIMkl+JZ30UW0ceqoQ=
-142,85,jJkAyDXmAhQh21X01D4kaarN2y4=,TGN4Lel7OeIMkl+JZ30UW0ceqoQ=
-139,94,jJkAyDXmAhQh21X01D4kaarN2y4=,TGN4Lel7OeIMkl+JZ30UW0ceqoQ=
-141,85,jJkAyDXmAhQh21X01D4kaarN2y4=,TGN4Lel7OeIMkl+JZ30UW0ceqoQ=
-140,85,jJkAyDXmAhQh21X01D4kaarN2y4=,TGN4Lel7OeIMkl+JZ30UW0ceqoQ=
-139,85,jJkAyDXmAhQh21X01D4kaarN2y4=,TGN4Lel7OeIMkl+JZ30UW0ceqoQ=
-140,94,jJkAyDXmAhQh21X01D4kaarN2y4=,TGN4Lel7OeIMkl+JZ30UW0ceqoQ=
-138,85,jJkAyDXmAhQh21X01D4kaarN2y4=,TGN4Lel7OeIMkl+JZ30UW0ceqoQ=
-141,94,jJkAyDXmAhQh21X01D4kaarN2y4=,TGN4Lel7OeIMkl+JZ30UW0ceqoQ=
-137,85,jJkAyDXmAhQh21X01D4kaarN2y4=,TGN4Lel7OeIMkl+JZ30UW0ceqoQ=
-142,94,jJkAyDXmAhQh21X01D4kaarN2y4=,TGN4Lel7OeIMkl+JZ30UW0ceqoQ=
-136,85,jJkAyDXmAhQh21X01D4kaarN2y4=,TGN4Lel7OeIMkl+JZ30UW0ceqoQ=
-143,94,jJkAyDXmAhQh21X01D4kaarN2y4=,TGN4Lel7OeIMkl+JZ30UW0ceqoQ=
-135,85,jJkAyDXmAhQh21X01D4kaarN2y4=,TGN4Lel7OeIMkl+JZ30UW0ceqoQ=
-144,94,jJkAyDXmAhQh21X01D4kaarN2y4=,TGN4Lel7OeIMkl+JZ30UW0ceqoQ=
-134,85,jJkAyDXmAhQh21X01D4kaarN2y4=,TGN4Lel7OeIMkl+JZ30UW0ceqoQ=
-129,93,jJkAyDXmAhQh21X01D4kaarN2y4=,TGN4Lel7OeIMkl+JZ30UW0ceqoQ=
-133,85,jJkAyDXmAhQh21X01D4kaarN2y4=,TGN4Lel7OeIMkl+JZ30UW0ceqoQ=
-132,85,jJkAyDXmAhQh21X01D4kaarN2y4=,TGN4Lel7OeIMkl+JZ30UW0ceqoQ=
-131,85,jJkAyDXmAhQh21X01D4kaarN2y4=,TGN4Lel7OeIMkl+JZ30UW0ceqoQ=
-130,93,jJkAyDXmAhQh21X01D4kaarN2y4=,TGN4Lel7OeIMkl+JZ30UW0ceqoQ=
-130,85,jJkAyDXmAhQh21X01D4kaarN2y4=,TGN4Lel7OeIMkl+JZ30UW0ceqoQ=
-129,85,jJkAyDXmAhQh21X01D4kaarN2y4=,TGN4Lel7OeIMkl+JZ30UW0ceqoQ=
-144,86,jJkAyDXmAhQh21X01D4kaarN2y4=,TGN4Lel7OeIMkl+JZ30UW0ceqoQ=
-143,86,jJkAyDXmAhQh21X01D4kaarN2y4=,TGN4Lel7OeIMkl+JZ30UW0ceqoQ=
-131,93,jJkAyDXmAhQh21X01D4kaarN2y4=,TGN4Lel7OeIMkl+JZ30UW0ceqoQ=
-142,86,jJkAyDXmAhQh21X01D4kaarN2y4=,TGN4Lel7OeIMkl+JZ30UW0ceqoQ=
-141,86,jJkAyDXmAhQh21X01D4kaarN2y4=,TGN4Lel7OeIMkl+JZ30UW0ceqoQ=
-140,86,jJkAyDXmAhQh21X01D4kaarN2y4=,TGN4Lel7OeIMkl+JZ30UW0ceqoQ=
-139,86,jJkAyDXmAhQh21X01D4kaarN2y4=,TGN4Lel7OeIMkl+JZ30UW0ceqoQ=
-132,93,jJkAyDXmAhQh21X01D4kaarN2y4=,TGN4Lel7OeIMkl+JZ30UW0ceqoQ=
-138,86,jJkAyDXmAhQh21X01D4kaarN2y4=,TGN4Lel7OeIMkl+JZ30UW0ceqoQ=
-133,93,jJkAyDXmAhQh21X01D4kaarN2y4=,TGN4Lel7OeIMkl+JZ30UW0ceqoQ=
-137,86,jJkAyDXmAhQh21X01D4kaarN2y4=,TGN4Lel7OeIMkl+JZ30UW0ceqoQ=
-134,93,jJkAyDXmAhQh21X01D4kaarN2y4=,TGN4Lel7OeIMkl+JZ30UW0ceqoQ=
-136,86,jJkAyDXmAhQh21X01D4kaarN2y4=,TGN4Lel7OeIMkl+JZ30UW0ceqoQ=
-135,93,jJkAyDXmAhQh21X01D4kaarN2y4=,TGN4Lel7OeIMkl+JZ30UW0ceqoQ=
-135,86,jJkAyDXmAhQh21X01D4kaarN2y4=,TGN4Lel7OeIMkl+JZ30UW0ceqoQ=
-136,93,jJkAyDXmAhQh21X01D4kaarN2y4=,TGN4Lel7OeIMkl+JZ30UW0ceqoQ=
-134,86,jJkAyDXmAhQh21X01D4kaarN2y4=,TGN4Lel7OeIMkl+JZ30UW0ceqoQ=
-137,93,jJkAyDXmAhQh21X01D4kaarN2y4=,TGN4Lel7OeIMkl+JZ30UW0ceqoQ=
-133,86,jJkAyDXmAhQh21X01D4kaarN2y4=,TGN4Lel7OeIMkl+JZ30UW0ceqoQ=
-138,93,jJkAyDXmAhQh21X01D4kaarN2y4=,TGN4Lel7OeIMkl+JZ30UW0ceqoQ=
-132,86,jJkAyDXmAhQh21X01D4kaarN2y4=,TGN4Lel7OeIMkl+JZ30UW0ceqoQ=
-131,86,jJkAyDXmAhQh21X01D4kaarN2y4=,TGN4Lel7OeIMkl+JZ30UW0ceqoQ=
-139,93,jJkAyDXmAhQh21X01D4kaarN2y4=,TGN4Lel7OeIMkl+JZ30UW0ceqoQ=
-130,86,jJkAyDXmAhQh21X01D4kaarN2y4=,TGN4Lel7OeIMkl+JZ30UW0ceqoQ=
-129,86,jJkAyDXmAhQh21X01D4kaarN2y4=,TGN4Lel7OeIMkl+JZ30UW0ceqoQ=
-140,93,jJkAyDXmAhQh21X01D4kaarN2y4=,TGN4Lel7OeIMkl+JZ30UW0ceqoQ=
-141,93,jJkAyDXmAhQh21X01D4kaarN2y4=,TGN4Lel7OeIMkl+JZ30UW0ceqoQ=
-144,87,jJkAyDXmAhQh21X01D4kaarN2y4=,TGN4Lel7OeIMkl+JZ30UW0ceqoQ=
-143,87,jJkAyDXmAhQh21X01D4kaarN2y4=,TGN4Lel7OeIMkl+JZ30UW0ceqoQ=
-142,93,jJkAyDXmAhQh21X01D4kaarN2y4=,TGN4Lel7OeIMkl+JZ30UW0ceqoQ=
-142,87,jJkAyDXmAhQh21X01D4kaarN2y4=,TGN4Lel7OeIMkl+JZ30UW0ceqoQ=
-143,93,jJkAyDXmAhQh21X01D4kaarN2y4=,TGN4Lel7OeIMkl+JZ30UW0ceqoQ=
-141,87,jJkAyDXmAhQh21X01D4kaarN2y4=,TGN4Lel7OeIMkl+JZ30UW0ceqoQ=
-144,93,jJkAyDXmAhQh21X01D4kaarN2y4=,TGN4Lel7OeIMkl+JZ30UW0ceqoQ=
-140,87,jJkAyDXmAhQh21X01D4kaarN2y4=,TGN4Lel7OeIMkl+JZ30UW0ceqoQ=
-129,92,jJkAyDXmAhQh21X01D4kaarN2y4=,TGN4Lel7OeIMkl+JZ30UW0ceqoQ=
-139,87,jJkAyDXmAhQh21X01D4kaarN2y4=,TGN4Lel7OeIMkl+JZ30UW0ceqoQ=
-130,92,jJkAyDXmAhQh21X01D4kaarN2y4=,TGN4Lel7OeIMkl+JZ30UW0ceqoQ=
-131,92,jJkAyDXmAhQh21X01D4kaarN2y4=,TGN4Lel7OeIMkl+JZ30UW0ceqoQ=
-138,87,jJkAyDXmAhQh21X01D4kaarN2y4=,TGN4Lel7OeIMkl+JZ30UW0ceqoQ=
-132,92,jJkAyDXmAhQh21X01D4kaarN2y4=,TGN4Lel7OeIMkl+JZ30UW0ceqoQ=
-137,87,jJkAyDXmAhQh21X01D4kaarN2y4=,TGN4Lel7OeIMkl+JZ30UW0ceqoQ=
-136,87,jJkAyDXmAhQh21X01D4kaarN2y4=,TGN4Lel7OeIMkl+JZ30UW0ceqoQ=
-133,92,jJkAyDXmAhQh21X01D4kaarN2y4=,TGN4Lel7OeIMkl+JZ30UW0ceqoQ=
-135,87,jJkAyDXmAhQh21X01D4kaarN2y4=,TGN4Lel7OeIMkl+JZ30UW0ceqoQ=
-134,87,jJkAyDXmAhQh21X01D4kaarN2y4=,TGN4Lel7OeIMkl+JZ30UW0ceqoQ=
-134,92,jJkAyDXmAhQh21X01D4kaarN2y4=,TGN4Lel7OeIMkl+JZ30UW0ceqoQ=
-133,87,jJkAyDXmAhQh21X01D4kaarN2y4=,TGN4Lel7OeIMkl+JZ30UW0ceqoQ=
-135,92,jJkAyDXmAhQh21X01D4kaarN2y4=,TGN4Lel7OeIMkl+JZ30UW0ceqoQ=
-132,87,jJkAyDXmAhQh21X01D4kaarN2y4=,TGN4Lel7OeIMkl+JZ30UW0ceqoQ=
-131,87,jJkAyDXmAhQh21X01D4kaarN2y4=,TGN4Lel7OeIMkl+JZ30UW0ceqoQ=
-136,92,jJkAyDXmAhQh21X01D4kaarN2y4=,TGN4Lel7OeIMkl+JZ30UW0ceqoQ=
-130,87,jJkAyDXmAhQh21X01D4kaarN2y4=,TGN4Lel7OeIMkl+JZ30UW0ceqoQ=
-137,92,jJkAyDXmAhQh21X01D4kaarN2y4=,TGN4Lel7OeIMkl+JZ30UW0ceqoQ=
-129,87,jJkAyDXmAhQh21X01D4kaarN2y4=,TGN4Lel7OeIMkl+JZ30UW0ceqoQ=
-138,92,jJkAyDXmAhQh21X01D4kaarN2y4=,TGN4Lel7OeIMkl+JZ30UW0ceqoQ=
-144,88,jJkAyDXmAhQh21X01D4kaarN2y4=,TGN4Lel7OeIMkl+JZ30UW0ceqoQ=
-143,88,jJkAyDXmAhQh21X01D4kaarN2y4=,TGN4Lel7OeIMkl+JZ30UW0ceqoQ=
-139,92,jJkAyDXmAhQh21X01D4kaarN2y4=,TGN4Lel7OeIMkl+JZ30UW0ceqoQ=
-142,88,jJkAyDXmAhQh21X01D4kaarN2y4=,TGN4Lel7OeIMkl+JZ30UW0ceqoQ=
-140,92,jJkAyDXmAhQh21X01D4kaarN2y4=,TGN4Lel7OeIMkl+JZ30UW0ceqoQ=
-141,88,jJkAyDXmAhQh21X01D4kaarN2y4=,TGN4Lel7OeIMkl+JZ30UW0ceqoQ=
-141,92,jJkAyDXmAhQh21X01D4kaarN2y4=,TGN4Lel7OeIMkl+JZ30UW0ceqoQ=
-142,92,jJkAyDXmAhQh21X01D4kaarN2y4=,TGN4Lel7OeIMkl+JZ30UW0ceqoQ=
-140,88,jJkAyDXmAhQh21X01D4kaarN2y4=,TGN4Lel7OeIMkl+JZ30UW0ceqoQ=
-143,92,jJkAyDXmAhQh21X01D4kaarN2y4=,TGN4Lel7OeIMkl+JZ30UW0ceqoQ=
-144,92,jJkAyDXmAhQh21X01D4kaarN2y4=,TGN4Lel7OeIMkl+JZ30UW0ceqoQ=
-139,88,jJkAyDXmAhQh21X01D4kaarN2y4=,TGN4Lel7OeIMkl+JZ30UW0ceqoQ=
-138,88,jJkAyDXmAhQh21X01D4kaarN2y4=,TGN4Lel7OeIMkl+JZ30UW0ceqoQ=
-130,91,jJkAyDXmAhQh21X01D4kaarN2y4=,TGN4Lel7OeIMkl+JZ30UW0ceqoQ=
-129,91,jJkAyDXmAhQh21X01D4kaarN2y4=,TGN4Lel7OeIMkl+JZ30UW0ceqoQ=
-137,88,jJkAyDXmAhQh21X01D4kaarN2y4=,TGN4Lel7OeIMkl+JZ30UW0ceqoQ=
-131,91,jJkAyDXmAhQh21X01D4kaarN2y4=,TGN4Lel7OeIMkl+JZ30UW0ceqoQ=
-132,91,jJkAyDXmAhQh21X01D4kaarN2y4=,TGN4Lel7OeIMkl+JZ30UW0ceqoQ=
-136,88,jJkAyDXmAhQh21X01D4kaarN2y4=,TGN4Lel7OeIMkl+JZ30UW0ceqoQ=
-135,88,jJkAyDXmAhQh21X01D4kaarN2y4=,TGN4Lel7OeIMkl+JZ30UW0ceqoQ=
-133,91,jJkAyDXmAhQh21X01D4kaarN2y4=,TGN4Lel7OeIMkl+JZ30UW0ceqoQ=
-134,88,jJkAyDXmAhQh21X01D4kaarN2y4=,TGN4Lel7OeIMkl+JZ30UW0ceqoQ=
-134,91,jJkAyDXmAhQh21X01D4kaarN2y4=,TGN4Lel7OeIMkl+JZ30UW0ceqoQ=
-133,88,jJkAyDXmAhQh21X01D4kaarN2y4=,TGN4Lel7OeIMkl+JZ30UW0ceqoQ=
-135,91,jJkAyDXmAhQh21X01D4kaarN2y4=,TGN4Lel7OeIMkl+JZ30UW0ceqoQ=
-132,88,jJkAyDXmAhQh21X01D4kaarN2y4=,TGN4Lel7OeIMkl+JZ30UW0ceqoQ=
-131,88,jJkAyDXmAhQh21X01D4kaarN2y4=,TGN4Lel7OeIMkl+JZ30UW0ceqoQ=
-136,91,jJkAyDXmAhQh21X01D4kaarN2y4=,TGN4Lel7OeIMkl+JZ30UW0ceqoQ=
-130,88,jJkAyDXmAhQh21X01D4kaarN2y4=,TGN4Lel7OeIMkl+JZ30UW0ceqoQ=
-137,91,jJkAyDXmAhQh21X01D4kaarN2y4=,TGN4Lel7OeIMkl+JZ30UW0ceqoQ=
-129,88,jJkAyDXmAhQh21X01D4kaarN2y4=,TGN4Lel7OeIMkl+JZ30UW0ceqoQ=
-144,89,jJkAyDXmAhQh21X01D4kaarN2y4=,TGN4Lel7OeIMkl+JZ30UW0ceqoQ=
-138,91,jJkAyDXmAhQh21X01D4kaarN2y4=,TGN4Lel7OeIMkl+JZ30UW0ceqoQ=
-143,89,jJkAyDXmAhQh21X01D4kaarN2y4=,TGN4Lel7OeIMkl+JZ30UW0ceqoQ=
-139,91,jJkAyDXmAhQh21X01D4kaarN2y4=,TGN4Lel7OeIMkl+JZ30UW0ceqoQ=
-140,91,jJkAyDXmAhQh21X01D4kaarN2y4=,TGN4Lel7OeIMkl+JZ30UW0ceqoQ=
-142,89,jJkAyDXmAhQh21X01D4kaarN2y4=,TGN4Lel7OeIMkl+JZ30UW0ceqoQ=
-141,91,jJkAyDXmAhQh21X01D4kaarN2y4=,TGN4Lel7OeIMkl+JZ30UW0ceqoQ=
-141,89,jJkAyDXmAhQh21X01D4kaarN2y4=,TGN4Lel7OeIMkl+JZ30UW0ceqoQ=
-142,91,jJkAyDXmAhQh21X01D4kaarN2y4=,TGN4Lel7OeIMkl+JZ30UW0ceqoQ=
-143,91,jJkAyDXmAhQh21X01D4kaarN2y4=,TGN4Lel7OeIMkl+JZ30UW0ceqoQ=
-140,89,jJkAyDXmAhQh21X01D4kaarN2y4=,TGN4Lel7OeIMkl+JZ30UW0ceqoQ=
-144,91,jJkAyDXmAhQh21X01D4kaarN2y4=,TGN4Lel7OeIMkl+JZ30UW0ceqoQ=
-139,89,jJkAyDXmAhQh21X01D4kaarN2y4=,TGN4Lel7OeIMkl+JZ30UW0ceqoQ=
-129,90,jJkAyDXmAhQh21X01D4kaarN2y4=,TGN4Lel7OeIMkl+JZ30UW0ceqoQ=
-130,90,jJkAyDXmAhQh21X01D4kaarN2y4=,TGN4Lel7OeIMkl+JZ30UW0ceqoQ=
-138,89,jJkAyDXmAhQh21X01D4kaarN2y4=,TGN4Lel7OeIMkl+JZ30UW0ceqoQ=
-131,90,jJkAyDXmAhQh21X01D4kaarN2y4=,TGN4Lel7OeIMkl+JZ30UW0ceqoQ=
-137,89,jJkAyDXmAhQh21X01D4kaarN2y4=,TGN4Lel7OeIMkl+JZ30UW0ceqoQ=
-132,90,jJkAyDXmAhQh21X01D4kaarN2y4=,TGN4Lel7OeIMkl+JZ30UW0ceqoQ=
-133,90,jJkAyDXmAhQh21X01D4kaarN2y4=,TGN4Lel7OeIMkl+JZ30UW0ceqoQ=
-136,89,jJkAyDXmAhQh21X01D4kaarN2y4=,TGN4Lel7OeIMkl+JZ30UW0ceqoQ=
-135,89,jJkAyDXmAhQh21X01D4kaarN2y4=,TGN4Lel7OeIMkl+JZ30UW0ceqoQ=
-134,90,jJkAyDXmAhQh21X01D4kaarN2y4=,TGN4Lel7OeIMkl+JZ30UW0ceqoQ=
-135,90,jJkAyDXmAhQh21X01D4kaarN2y4=,TGN4Lel7OeIMkl+JZ30UW0ceqoQ=
-134,89,jJkAyDXmAhQh21X01D4kaarN2y4=,TGN4Lel7OeIMkl+JZ30UW0ceqoQ=
-136,90,jJkAyDXmAhQh21X01D4kaarN2y4=,TGN4Lel7OeIMkl+JZ30UW0ceqoQ=
-133,89,jJkAyDXmAhQh21X01D4kaarN2y4=,TGN4Lel7OeIMkl+JZ30UW0ceqoQ=
-137,90,jJkAyDXmAhQh21X01D4kaarN2y4=,TGN4Lel7OeIMkl+JZ30UW0ceqoQ=
-132,89,jJkAyDXmAhQh21X01D4kaarN2y4=,TGN4Lel7OeIMkl+JZ30UW0ceqoQ=
-138,90,jJkAyDXmAhQh21X01D4kaarN2y4=,TGN4Lel7OeIMkl+JZ30UW0ceqoQ=
-131,89,jJkAyDXmAhQh21X01D4kaarN2y4=,TGN4Lel7OeIMkl+JZ30UW0ceqoQ=
-130,89,jJkAyDXmAhQh21X01D4kaarN2y4=,TGN4Lel7OeIMkl+JZ30UW0ceqoQ=
-139,90,jJkAyDXmAhQh21X01D4kaarN2y4=,TGN4Lel7OeIMkl+JZ30UW0ceqoQ=
-129,89,jJkAyDXmAhQh21X01D4kaarN2y4=,TGN4Lel7OeIMkl+JZ30UW0ceqoQ=
-140,90,jJkAyDXmAhQh21X01D4kaarN2y4=,TGN4Lel7OeIMkl+JZ30UW0ceqoQ=
-144,90,jJkAyDXmAhQh21X01D4kaarN2y4=,TGN4Lel7OeIMkl+JZ30UW0ceqoQ=
-143,90,jJkAyDXmAhQh21X01D4kaarN2y4=,TGN4Lel7OeIMkl+JZ30UW0ceqoQ=
-141,90,jJkAyDXmAhQh21X01D4kaarN2y4=,TGN4Lel7OeIMkl+JZ30UW0ceqoQ=
-142,90,jJkAyDXmAhQh21X01D4kaarN2y4=,TGN4Lel7OeIMkl+JZ30UW0ceqoQ=
