47,-64,+hC/Rpl9wXodvk3jc6BJLgaqcJA=,ysIQ1VWF2v0+kZNHk8IeXO5gbTw=
47,-63,+hC/Rpl9wXodvk3jc6BJLgaqcJA=,ysIQ1VWF2v0+kZNHk8IeXO5gbTw=
32,-64,+hC/Rpl9wXodvk3jc6BJLgaqcJA=,ysIQ1VWF2v0+kZNHk8IeXO5gbTw=
32,-62,+hC/Rpl9wXodvk3jc6BJLgaqcJA=,ysIQ1VWF2v0+kZNHk8IeXO5gbTw=
33,-62,+hC/Rpl9wXodvk3jc6BJLgaqcJA=,ysIQ1VWF2v0+kZNHk8IeXO5gbTw=
46,-63,+hC/Rpl9wXodvk3jc6BJLgaqcJA=,ysIQ1VWF2v0+kZNHk8IeXO5gbTw=
34,-62,+hC/Rpl9wXodvk3jc6BJLgaqcJA=,ysIQ1VWF2v0+kZNHk8IeXO5gbTw=
47,-49,+hC/Rpl9wXodvk3jc6BJLgaqcJA=,ysIQ1VWF2v0+kZNHk8IeXO5gbTw=
46,-49,+hC/Rpl9wXodvk3jc6BJLgaqcJA=,ysIQ1VWF2v0+kZNHk8IeXO5gbTw=
35,-62,+hC/Rpl9wXodvk3jc6BJLgaqcJA=,ysIQ1VWF2v0+kZNHk8IeXO5gbTw=
45,-49,+hC/Rpl9wXodvk3jc6BJLgaqcJA=,ysIQ1VWF2v0+kZNHk8IeXO5gbTw=
44,-49,+hC/Rpl9wXodvk3jc6BJLgaqcJA=,ysIQ1VWF2v0+kZNHk8IeXO5gbTw=
36,-62,+hC/Rpl9wXodvk3jc6BJLgaqcJA=,ysIQ1VWF2v0+kZNHk8IeXO5gbTw=
43,-49,+hC/Rpl9wXodvk3jc6BJLgaqcJA=,ysIQ1VWF2v0+kZNHk8IeXO5gbTw=
37,-62,+hC/Rpl9wXodvk3jc6BJLgaqcJA=,ysIQ1VWF2v0+kZNHk8IeXO5gbTw=
42,-49,+hC/Rpl9wXodvk3jc6BJLgaqcJA=,ysIQ1VWF2v0+kZNHk8IeXO5gbTw=
38,-62,+hC/Rpl9wXodvk3jc6BJLgaqcJA=,ysIQ1VWF2v0+kZNHk8IeXO5gbTw=
41,-49,+hC/Rpl9wXodvk3jc6BJLgaqcJA=,ysIQ1VWF2v0+kZNHk8IeXO5gbTw=
39,-62,+hC/Rpl9wXodvk3jc6BJLgaqcJA=,ysIQ1VWF2v0+kZNHk8IeXO5gbTw=
40,-49,+hC/Rpl9wXodvk3jc6BJLgaqcJA=,ysIQ1VWF2v0+kZNHk8IeXO5gbTw=
40,-62,+hC/Rpl9wXodvk3jc6BJLgaqcJA=,ysIQ1VWF2v0+kZNHk8IeXO5gbTw=
39,-49,+hC/Rpl9wXodvk3jc6BJLgaqcJA=,ysIQ1VWF2v0+kZNHk8IeXO5gbTw=
41,-62,+hC/Rpl9wXodvk3jc6BJLgaqcJA=,ysIQ1VWF2v0+kZNHk8IeXO5gbTw=
42,-62,+hC/Rpl9wXodvk3jc6BJLgaqcJA=,ysIQ1VWF2v0+kZNHk8IeXO5gbTw=
38,-49,+hC/Rpl9wXodvk3jc6BJLgaqcJA=,ysIQ1VWF2v0+kZNHk8IeXO5gbTw=
43,-62,+hC/Rpl9wXodvk3jc6BJLgaqcJA=,ysIQ1VWF2v0+kZNHk8IeXO5gbTw=
37,-49,+hC/Rpl9wXodvk3jc6BJLgaqcJA=,ysIQ1VWF2v0+kZNHk8IeXO5gbTw=
44,-62,+hC/Rpl9wXodvk3jc6BJLgaqcJA=,ysIQ1VWF2v0+kZNHk8IeXO5gbTw=
36,-49,+hC/Rpl9wXodvk3jc6BJLgaqcJA=,ysIQ1VWF2v0+kZNHk8IeXO5gbTw=
45,-62,+hC/Rpl9wXodvk3jc6BJLgaqcJA=,ysIQ1VWF2v0+kZNHk8IeXO5gbTw=
35,-49,+hC/Rpl9wXodvk3jc6BJLgaqcJA=,ysIQ1VWF2v0+kZNHk8IeXO5gbTw=
32,-63,+hC/Rpl9wXodvk3jc6BJLgaqcJA=,ysIQ1VWF2v0+kZNHk8IeXO5gbTw=
34,-49,+hC/Rpl9wXodvk3jc6BJLgaqcJA=,ysIQ1VWF2v0+kZNHk8IeXO5gbTw=
46,-62,+hC/Rpl9wXodvk3jc6BJLgaqcJA=,ysIQ1VWF2v0+kZNHk8IeXO5gbTw=
47,-62,+hC/Rpl9wXodvk3jc6BJLgaqcJA=,ysIQ1VWF2v0+kZNHk8IeXO5gbTw=
32,-61,+hC/Rpl9wXodvk3jc6BJLgaqcJA=,ysIQ1VWF2v0+kZNHk8IeXO5gbTw=
46,-64,+hC/Rpl9wXodvk3jc6BJLgaqcJA=,ysIQ1VWF2v0+kZNHk8IeXO5gbTw=
33,-61,+hC/Rpl9wXodvk3jc6BJLgaqcJA=,ysIQ1VWF2v0+kZNHk8IeXO5gbTw=
34,-61,+hC/Rpl9wXodvk3jc6BJLgaqcJA=,ysIQ1VWF2v0+kZNHk8IeXO5gbTw=
33,-49,+hC/Rpl9wXodvk3jc6BJLgaqcJA=,ysIQ1VWF2v0+kZNHk8IeXO5gbTw=
35,-61,+hC/Rpl9wXodvk3jc6BJLgaqcJA=,ysIQ1VWF2v0+kZNHk8IeXO5gbTw=
36,-61,+hC/Rpl9wXodvk3jc6BJLgaqcJA=,ysIQ1VWF2v0+kZNHk8IeXO5gbTw=
37,-61,+hC/Rpl9wXodvk3jc6BJLgaqcJA=,ysIQ1VWF2v0+kZNHk8IeXO5gbTw=
38,-61,+hC/Rpl9wXodvk3jc6BJLgaqcJA=,ysIQ1VWF2v0+kZNHk8IeXO5gbTw=
45,-64,+hC/Rpl9wXodvk3jc6BJLgaqcJA=,ysIQ1VWF2v0+kZNHk8IeXO5gbTw=
39,-61,+hC/Rpl9wXodvk3jc6BJLgaqcJA=,ysIQ1VWF2v0+kZNHk8IeXO5gbTw=
44,-64,+hC/Rpl9wXodvk3jc6BJLgaqcJA=,ysIQ1VWF2v0+kZNHk8IeXO5gbTw=
40,-61,+hC/Rpl9wXodvk3jc6BJLgaqcJA=,ysIQ1VWF2v0+kZNHk8IeXO5gbTw=
43,-64,+hC/Rpl9wXodvk3jc6BJLgaqcJA=,ysIQ1VWF2v0+kZNHk8IeXO5gbTw=
41,-61,+hC/Rpl9wXodvk3jc6BJLgaqcJA=,ysIQ1VWF2v0+kZNHk8IeXO5gbTw=
42,-61,+hC/Rpl9wXodvk3jc6BJLgaqcJA=,ysIQ1VWF2v0+kZNHk8IeXO5gbTw=
42,-64,+hC/Rpl9wXodvk3jc6BJLgaqcJA=,ysIQ1VWF2v0+kZNHk8IeXO5gbTw=
43,-61,+hC/Rpl9wXodvk3jc6BJLgaqcJA=,ysIQ1VWF2v0+kZNHk8IeXO5gbTw=
41,-64,+hC/Rpl9wXodvk3jc6BJLgaqcJA=,ysIQ1VWF2v0+kZNHk8IeXO5gbTw=
44,-61,+hC/Rpl9wXodvk3jc6BJLgaqcJA=,ysIQ1VWF2v0+kZNHk8IeXO5gbTw=
33,-63,+hC/Rpl9wXodvk3jc6BJLgaqcJA=,ysIQ1VWF2v0+kZNHk8IeXO5gbTw=
40,-64,+hC/Rpl9wXodvk3jc6BJLgaqcJA=,ysIQ1VWF2v0+kZNHk8IeXO5gbTw=
45,-61,+hC/Rpl9wXodvk3jc6BJLgaqcJA=,ysIQ1VWF2v0+kZNHk8IeXO5gbTw=
46,-61,+hC/Rpl9wXodvk3jc6BJLgaqcJA=,ysIQ1VWF2v0+kZNHk8IeXO5gbTw=
39,-64,+hC/Rpl9wXodvk3jc6BJLgaqcJA=,ysIQ1VWF2v0+kZNHk8IeXO5gbTw=
38,-64,+hC/Rpl9wXodvk3jc6BJLgaqcJA=,ysIQ1VWF2v0+kZNHk8IeXO5gbTw=
47,-61,+hC/Rpl9wXodvk3jc6BJLgaqcJA=,ysIQ1VWF2v0+kZNHk8IeXO5gbTw=
32,-60,+hC/Rpl9wXodvk3jc6BJLgaqcJA=,ysIQ1VWF2v0+kZNHk8IeXO5gbTw=
33,-60,+hC/Rpl9wXodvk3jc6BJLgaqcJA=,ysIQ1VWF2v0+kZNHk8IeXO5gbTw=
37,-64,+hC/Rpl9wXodvk3jc6BJLgaqcJA=,ysIQ1VWF2v0+kZNHk8IeXO5gbTw=
34,-60,+hC/Rpl9wXodvk3jc6BJLgaqcJA=,ysIQ1VWF2v0+kZNHk8IeXO5gbTw=
35,-60,+hC/Rpl9wXodvk3jc6BJLgaqcJA=,ysIQ1VWF2v0+kZNHk8IeXO5gbTw=
36,-64,+hC/Rpl9wXodvk3jc6BJLgaqcJA=,ysIQ1VWF2v0+kZNHk8IeXO5gbTw=
36,-60,+hC/Rpl9wXodvk3jc6BJLgaqcJA=,ysIQ1VWF2v0+kZNHk8IeXO5gbTw=
37,-60,+hC/Rpl9wXodvk3jc6BJLgaqcJA=,ysIQ1VWF2v0+kZNHk8IeXO5gbTw=
38,-60,+hC/Rpl9wXodvk3jc6BJLgaqcJA=,ysIQ1VWF2v0+kZNHk8IeXO5gbTw=
35,-64,+hC/Rpl9wXodvk3jc6BJLgaqcJA=,ysIQ1VWF2v0+kZNHk8IeXO5gbTw=
34,-64,+hC/Rpl9wXodvk3jc6BJLgaqcJA=,ysIQ1VWF2v0+kZNHk8IeXO5gbTw=
39,-60,+hC/Rpl9wXodvk3jc6BJLgaqcJA=,ysIQ1VWF2v0+kZNHk8IeXO5gbTw=
33,-64,+hC/Rpl9wXodvk3jc6BJLgaqcJA=,ysIQ1VWF2v0+kZNHk8IeXO5gbTw=
40,-60,+hC/Rpl9wXodvk3jc6BJLgaqcJA=,ysIQ1VWF2v0+kZNHk8IeXO5gbTw=
41,-60,+hC/Rpl9wXodvk3jc6BJLgaqcJA=,ysIQ1VWF2v0+kZNHk8IeXO5gbTw=
45,-63,+hC/Rpl9wXodvk3jc6BJLgaqcJA=,ysIQ1VWF2v0+kZNHk8IeXO5gbTw=
42,-60,+hC/Rpl9wXodvk3jc6BJLgaqcJA=,ysIQ1VWF2v0+kZNHk8IeXO5gbTw=
32,-49,+hC/Rpl9wXodvk3jc6BJLgaqcJA=,ysIQ1VWF2v0+kZNHk8IeXO5gbTw=
43,-60,+hC/Rpl9wXodvk3jc6BJLgaqcJA=,ysIQ1VWF2v0+kZNHk8IeXO5gbTw=
47,-50,+hC/Rpl9wXodvk3jc6BJLgaqcJA=,ysIQ1VWF2v0+kZNHk8IeXO5gbTw=
46,-50,+hC/Rpl9wXodvk3jc6BJLgaqcJA=,ysIQ1VWF2v0+kZNHk8IeXO5gbTw=
45,-50,+hC/Rpl9wXodvk3jc6BJLgaqcJA=,ysIQ1VWF2v0+kZNHk8IeXO5gbTw=
34,-63,+hC/Rpl9wXodvk3jc6BJLgaqcJA=,ysIQ1VWF2v0+kZNHk8IeXO5gbTw=
44,-50,+hC/Rpl9wXodvk3jc6BJLgaqcJA=,ysIQ1VWF2v0+kZNHk8IeXO5gbTw=
43,-50,+hC/Rpl9wXodvk3jc6BJLgaqcJA=,ysIQ1VWF2v0+kZNHk8IeXO5gbTw=
44,-60,+hC/Rpl9wXodvk3jc6BJLgaqcJA=,ysIQ1VWF2v0+kZNHk8IeXO5gbTw=
45,-60,+hC/Rpl9wXodvk3jc6BJLgaqcJA=,ysIQ1VWF2v0+kZNHk8IeXO5gbTw=
42,-50,+hC/Rpl9wXodvk3jc6BJLgaqcJA=,ysIQ1VWF2v0+kZNHk8IeXO5gbTw=
46,-60,+hC/Rpl9wXodvk3jc6BJLgaqcJA=,ysIQ1VWF2v0+kZNHk8IeXO5gbTw=
41,-50,+hC/Rpl9wXodvk3jc6BJLgaqcJA=,ysIQ1VWF2v0+kZNHk8IeXO5gbTw=
47,-60,+hC/Rpl9wXodvk3jc6BJLgaqcJA=,ysIQ1VWF2v0+kZNHk8IeXO5gbTw=
40,-50,+hC/Rpl9wXodvk3jc6BJLgaqcJA=,ysIQ1VWF2v0+kZNHk8IeXO5gbTw=
32,-59,+hC/Rpl9wXodvk3jc6BJLgaqcJA=,ysIQ1VWF2v0+kZNHk8IeXO5gbTw=
33,-59,+hC/Rpl9wXodvk3jc6BJLgaqcJA=,ysIQ1VWF2v0+kZNHk8IeXO5gbTw=
34,-59,+hC/Rpl9wXodvk3jc6BJLgaqcJA=,ysIQ1VWF2v0+kZNHk8IeXO5gbTw=
39,-50,+hC/Rpl9wXodvk3jc6BJLgaqcJA=,ysIQ1VWF2v0+kZNHk8IeXO5gbTw=
35,-59,+hC/Rpl9wXodvk3jc6BJLgaqcJA=,ysIQ1VWF2v0+kZNHk8IeXO5gbTw=
38,-50,+hC/Rpl9wXodvk3jc6BJLgaqcJA=,ysIQ1VWF2v0+kZNHk8IeXO5gbTw=
37,-50,+hC/Rpl9wXodvk3jc6BJLgaqcJA=,ysIQ1VWF2v0+kZNHk8IeXO5gbTw=
36,-59,+hC/Rpl9wXodvk3jc6BJLgaqcJA=,ysIQ1VWF2v0+kZNHk8IeXO5gbTw=
37,-59,+hC/Rpl9wXodvk3jc6BJLgaqcJA=,ysIQ1VWF2v0+kZNHk8IeXO5gbTw=
36,-50,+hC/Rpl9wXodvk3jc6BJLgaqcJA=,ysIQ1VWF2v0+kZNHk8IeXO5gbTw=
38,-59,+hC/Rpl9wXodvk3jc6BJLgaqcJA=,ysIQ1VWF2v0+kZNHk8IeXO5gbTw=
39,-59,+hC/Rpl9wXodvk3jc6BJLgaqcJA=,ysIQ1VWF2v0+kZNHk8IeXO5gbTw=
35,-50,+hC/Rpl9wXodvk3jc6BJLgaqcJA=,ysIQ1VWF2v0+kZNHk8IeXO5gbTw=
40,-59,+hC/Rpl9wXodvk3jc6BJLgaqcJA=,ysIQ1VWF2v0+kZNHk8IeXO5gbTw=
34,-50,+hC/Rpl9wXodvk3jc6BJLgaqcJA=,ysIQ1VWF2v0+kZNHk8IeXO5gbTw=
41,-59,+hC/Rpl9wXodvk3jc6BJLgaqcJA=,ysIQ1VWF2v0+kZNHk8IeXO5gbTw=
44,-63,+hC/Rpl9wXodvk3jc6BJLgaqcJA=,ysIQ1VWF2v0+kZNHk8IeXO5gbTw=
42,-59,+hC/Rpl9wXodvk3jc6BJLgaqcJA=,ysIQ1VWF2v0+kZNHk8IeXO5gbTw=
35,-63,+hC/Rpl9wXodvk3jc6BJLgaqcJA=,ysIQ1VWF2v0+kZNHk8IeXO5gbTw=
33,-50,+hC/Rpl9wXodvk3jc6BJLgaqcJA=,ysIQ1VWF2v0+kZNHk8IeXO5gbTw=
32,-50,+hC/Rpl9wXodvk3jc6BJLgaqcJA=,ysIQ1VWF2v0+kZNHk8IeXO5gbTw=
43,-59,+hC/Rpl9wXodvk3jc6BJLgaqcJA=,ysIQ1VWF2v0+kZNHk8IeXO5gbTw=
47,-51,+hC/Rpl9wXodvk3jc6BJLgaqcJA=,ysIQ1VWF2v0+kZNHk8IeXO5gbTw=
46,-51,+hC/Rpl9wXodvk3jc6BJLgaqcJA=,ysIQ1VWF2v0+kZNHk8IeXO5gbTw=
44,-59,+hC/Rpl9wXodvk3jc6BJLgaqcJA=,ysIQ1VWF2v0+kZNHk8IeXO5gbTw=
45,-51,+hC/Rpl9wXodvk3jc6BJLgaqcJA=,ysIQ1VWF2v0+kZNHk8IeXO5gbTw=
45,-59,+hC/Rpl9wXodvk3jc6BJLgaqcJA=,ysIQ1VWF2v0+kZNHk8IeXO5gbTw=
46,-59,+hC/Rpl9wXodvk3jc6BJLgaqcJA=,ysIQ1VWF2v0+kZNHk8IeXO5gbTw=
44,-51,+hC/Rpl9wXodvk3jc6BJLgaqcJA=,ysIQ1VWF2v0+kZNHk8IeXO5gbTw=
47,-59,+hC/Rpl9wXodvk3jc6BJLgaqcJA=,ysIQ1VWF2v0+kZNHk8IeXO5gbTw=
32,-58,+hC/Rpl9wXodvk3jc6BJLgaqcJA=,ysIQ1VWF2v0+kZNHk8IeXO5gbTw=
43,-51,+hC/Rpl9wXodvk3jc6BJLgaqcJA=,ysIQ1VWF2v0+kZNHk8IeXO5gbTw=
33,-58,+hC/Rpl9wXodvk3jc6BJLgaqcJA=,ysIQ1VWF2v0+kZNHk8IeXO5gbTw=
34,-58,+hC/Rpl9wXodvk3jc6BJLgaqcJA=,ysIQ1VWF2v0+kZNHk8IeXO5gbTw=
42,-51,+hC/Rpl9wXodvk3jc6BJLgaqcJA=,ysIQ1VWF2v0+kZNHk8IeXO5gbTw=
41,-51,+hC/Rpl9wXodvk3jc6BJLgaqcJA=,ysIQ1VWF2v0+kZNHk8IeXO5gbTw=
40,-51,+hC/Rpl9wXodvk3jc6BJLgaqcJA=,ysIQ1VWF2v0+kZNHk8IeXO5gbTw=
35,-58,+hC/Rpl9wXodvk3jc6BJLgaqcJA=,ysIQ1VWF2v0+kZNHk8IeXO5gbTw=
36,-58,+hC/Rpl9wXodvk3jc6BJLgaqcJA=,ysIQ1VWF2v0+kZNHk8IeXO5gbTw=
37,-58,+hC/Rpl9wXodvk3jc6BJLgaqcJA=,ysIQ1VWF2v0+kZNHk8IeXO5gbTw=
38,-58,+hC/Rpl9wXodvk3jc6BJLgaqcJA=,ysIQ1VWF2v0+kZNHk8IeXO5gbTw=
39,-51,+hC/Rpl9wXodvk3jc6BJLgaqcJA=,ysIQ1VWF2v0+kZNHk8IeXO5gbTw=
39,-58,+hC/Rpl9wXodvk3jc6BJLgaqcJA=,ysIQ1VWF2v0+kZNHk8IeXO5gbTw=
40,-58,+hC/Rpl9wXodvk3jc6BJLgaqcJA=,ysIQ1VWF2v0+kZNHk8IeXO5gbTw=
38,-51,+hC/Rpl9wXodvk3jc6BJLgaqcJA=,ysIQ1VWF2v0+kZNHk8IeXO5gbTw=
36,-51,+hC/Rpl9wXodvk3jc6BJLgaqcJA=,ysIQ1VWF2v0+kZNHk8IeXO5gbTw=
41,-58,+hC/Rpl9wXodvk3jc6BJLgaqcJA=,ysIQ1VWF2v0+kZNHk8IeXO5gbTw=
36,-63,+hC/Rpl9wXodvk3jc6BJLgaqcJA=,ysIQ1VWF2v0+kZNHk8IeXO5gbTw=
42,-58,+hC/Rpl9wXodvk3jc6BJLgaqcJA=,ysIQ1VWF2v0+kZNHk8IeXO5gbTw=
37,-51,+hC/Rpl9wXodvk3jc6BJLgaqcJA=,ysIQ1VWF2v0+kZNHk8IeXO5gbTw=
43,-58,+hC/Rpl9wXodvk3jc6BJLgaqcJA=,ysIQ1VWF2v0+kZNHk8IeXO5gbTw=
35,-51,+hC/Rpl9wXodvk3jc6BJLgaqcJA=,ysIQ1VWF2v0+kZNHk8IeXO5gbTw=
43,-63,+hC/Rpl9wXodvk3jc6BJLgaqcJA=,ysIQ1VWF2v0+kZNHk8IeXO5gbTw=
44,-58,+hC/Rpl9wXodvk3jc6BJLgaqcJA=,ysIQ1VWF2v0+kZNHk8IeXO5gbTw=
34,-51,+hC/Rpl9wXodvk3jc6BJLgaqcJA=,ysIQ1VWF2v0+kZNHk8IeXO5gbTw=
45,-58,+hC/Rpl9wXodvk3jc6BJLgaqcJA=,ysIQ1VWF2v0+kZNHk8IeXO5gbTw=
46,-58,+hC/Rpl9wXodvk3jc6BJLgaqcJA=,ysIQ1VWF2v0+kZNHk8IeXO5gbTw=
33,-51,+hC/Rpl9wXodvk3jc6BJLgaqcJA=,ysIQ1VWF2v0+kZNHk8IeXO5gbTw=
47,-58,+hC/Rpl9wXodvk3jc6BJLgaqcJA=,ysIQ1VWF2v0+kZNHk8IeXO5gbTw=
32,-51,+hC/Rpl9wXodvk3jc6BJLgaqcJA=,ysIQ1VWF2v0+kZNHk8IeXO5gbTw=
47,-52,+hC/Rpl9wXodvk3jc6BJLgaqcJA=,ysIQ1VWF2v0+kZNHk8IeXO5gbTw=
46,-52,+hC/Rpl9wXodvk3jc6BJLgaqcJA=,ysIQ1VWF2v0+kZNHk8IeXO5gbTw=
32,-57,+hC/Rpl9wXodvk3jc6BJLgaqcJA=,ysIQ1VWF2v0+kZNHk8IeXO5gbTw=
45,-52,+hC/Rpl9wXodvk3jc6BJLgaqcJA=,ysIQ1VWF2v0+kZNHk8IeXO5gbTw=
44,-52,+hC/Rpl9wXodvk3jc6BJLgaqcJA=,ysIQ1VWF2v0+kZNHk8IeXO5gbTw=
43,-52,+hC/Rpl9wXodvk3jc6BJLgaqcJA=,ysIQ1VWF2v0+kZNHk8IeXO5gbTw=
42,-52,+hC/Rpl9wXodvk3jc6BJLgaqcJA=,ysIQ1VWF2v0+kZNHk8IeXO5gbTw=
33,-57,+hC/Rpl9wXodvk3jc6BJLgaqcJA=,ysIQ1VWF2v0+kZNHk8IeXO5gbTw=
41,-52,+hC/Rpl9wXodvk3jc6BJLgaqcJA=,ysIQ1VWF2v0+kZNHk8IeXO5gbTw=
34,-57,+hC/Rpl9wXodvk3jc6BJLgaqcJA=,ysIQ1VWF2v0+kZNHk8IeXO5gbTw=
40,-52,+hC/Rpl9wXodvk3jc6BJLgaqcJA=,ysIQ1VWF2v0+kZNHk8IeXO5gbTw=
39,-52,+hC/Rpl9wXodvk3jc6BJLgaqcJA=,ysIQ1VWF2v0+kZNHk8IeXO5gbTw=
38,-52,+hC/Rpl9wXodvk3jc6BJLgaqcJA=,ysIQ1VWF2v0+kZNHk8IeXO5gbTw=
35,-57,+hC/Rpl9wXodvk3jc6BJLgaqcJA=,ysIQ1VWF2v0+kZNHk8IeXO5gbTw=
37,-52,+hC/Rpl9wXodvk3jc6BJLgaqcJA=,ysIQ1VWF2v0+kZNHk8IeXO5gbTw=
36,-57,+hC/Rpl9wXodvk3jc6BJLgaqcJA=,ysIQ1VWF2v0+kZNHk8IeXO5gbTw=
37,-57,+hC/Rpl9wXodvk3jc6BJLgaqcJA=,ysIQ1VWF2v0+kZNHk8IeXO5gbTw=
36,-52,+hC/Rpl9wXodvk3jc6BJLgaqcJA=,ysIQ1VWF2v0+kZNHk8IeXO5gbTw=
38,-57,+hC/Rpl9wXodvk3jc6BJLgaqcJA=,ysIQ1VWF2v0+kZNHk8IeXO5gbTw=
42,-63,+hC/Rpl9wXodvk3jc6BJLgaqcJA=,ysIQ1VWF2v0+kZNHk8IeXO5gbTw=
39,-57,+hC/Rpl9wXodvk3jc6BJLgaqcJA=,ysIQ1VWF2v0+kZNHk8IeXO5gbTw=
40,-57,+hC/Rpl9wXodvk3jc6BJLgaqcJA=,ysIQ1VWF2v0+kZNHk8IeXO5gbTw=
35,-52,+hC/Rpl9wXodvk3jc6BJLgaqcJA=,ysIQ1VWF2v0+kZNHk8IeXO5gbTw=
37,-63,+hC/Rpl9wXodvk3jc6BJLgaqcJA=,ysIQ1VWF2v0+kZNHk8IeXO5gbTw=
34,-52,+hC/Rpl9wXodvk3jc6BJLgaqcJA=,ysIQ1VWF2v0+kZNHk8IeXO5gbTw=
41,-57,+hC/Rpl9wXodvk3jc6BJLgaqcJA=,ysIQ1VWF2v0+kZNHk8IeXO5gbTw=
33,-52,+hC/Rpl9wXodvk3jc6BJLgaqcJA=,ysIQ1VWF2v0+kZNHk8IeXO5gbTw=
42,-57,+hC/Rpl9wXodvk3jc6BJLgaqcJA=,ysIQ1VWF2v0+kZNHk8IeXO5gbTw=
43,-57,+hC/Rpl9wXodvk3jc6BJLgaqcJA=,ysIQ1VWF2v0+kZNHk8IeXO5gbTw=
32,-52,+hC/Rpl9wXodvk3jc6BJLgaqcJA=,ysIQ1VWF2v0+kZNHk8IeXO5gbTw=
47,-53,+hC/Rpl9wXodvk3jc6BJLgaqcJA=,ysIQ1VWF2v0+kZNHk8IeXO5gbTw=
46,-53,+hC/Rpl9wXodvk3jc6BJLgaqcJA=,ysIQ1VWF2v0+kZNHk8IeXO5gbTw=
45,-53,+hC/Rpl9wXodvk3jc6BJLgaqcJA=,ysIQ1VWF2v0+kZNHk8IeXO5gbTw=
44,-53,+hC/Rpl9wXodvk3jc6BJLgaqcJA=,ysIQ1VWF2v0+kZNHk8IeXO5gbTw=
44,-57,+hC/Rpl9wXodvk3jc6BJLgaqcJA=,ysIQ1VWF2v0+kZNHk8IeXO5gbTw=
43,-53,+hC/Rpl9wXodvk3jc6BJLgaqcJA=,ysIQ1VWF2v0+kZNHk8IeXO5gbTw=
42,-53,+hC/Rpl9wXodvk3jc6BJLgaqcJA=,ysIQ1VWF2v0+kZNHk8IeXO5gbTw=
41,-53,+hC/Rpl9wXodvk3jc6BJLgaqcJA=,ysIQ1VWF2v0+kZNHk8IeXO5gbTw=
40,-53,+hC/Rpl9wXodvk3jc6BJLgaqcJA=,ysIQ1VWF2v0+kZNHk8IeXO5gbTw=
39,-53,+hC/Rpl9wXodvk3jc6BJLgaqcJA=,ysIQ1VWF2v0+kZNHk8IeXO5gbTw=
38,-53,+hC/Rpl9wXodvk3jc6BJLgaqcJA=,ysIQ1VWF2v0+kZNHk8IeXO5gbTw=
45,-57,+hC/Rpl9wXodvk3jc6BJLgaqcJA=,ysIQ1VWF2v0+kZNHk8IeXO5gbTw=
46,-57,+hC/Rpl9wXodvk3jc6BJLgaqcJA=,ysIQ1VWF2v0+kZNHk8IeXO5gbTw=
37,-53,+hC/Rpl9wXodvk3jc6BJLgaqcJA=,ysIQ1VWF2v0+kZNHk8IeXO5gbTw=
47,-57,+hC/Rpl9wXodvk3jc6BJLgaqcJA=,ysIQ1VWF2v0+kZNHk8IeXO5gbTw=
41,-63,+hC/Rpl9wXodvk3jc6BJLgaqcJA=,ysIQ1VWF2v0+kZNHk8IeXO5gbTw=
32,-56,+hC/Rpl9wXodvk3jc6BJLgaqcJA=,ysIQ1VWF2v0+kZNHk8IeXO5gbTw=
36,-53,+hC/Rpl9wXodvk3jc6BJLgaqcJA=,ysIQ1VWF2v0+kZNHk8IeXO5gbTw=
35,-53,+hC/Rpl9wXodvk3jc6BJLgaqcJA=,ysIQ1VWF2v0+kZNHk8IeXO5gbTw=
34,-53,+hC/Rpl9wXodvk3jc6BJLgaqcJA=,ysIQ1VWF2v0+kZNHk8IeXO5gbTw=
33,-56,+hC/Rpl9wXodvk3jc6BJLgaqcJA=,ysIQ1VWF2v0+kZNHk8IeXO5gbTw=
34,-56,+hC/Rpl9wXodvk3jc6BJLgaqcJA=,ysIQ1VWF2v0+kZNHk8IeXO5gbTw=
33,-53,+hC/Rpl9wXodvk3jc6BJLgaqcJA=,ysIQ1VWF2v0+kZNHk8IeXO5gbTw=
35,-56,+hC/Rpl9wXodvk3jc6BJLgaqcJA=,ysIQ1VWF2v0+kZNHk8IeXO5gbTw=
36,-56,+hC/Rpl9wXodvk3jc6BJLgaqcJA=,ysIQ1VWF2v0+kZNHk8IeXO5gbTw=
32,-53,+hC/Rpl9wXodvk3jc6BJLgaqcJA=,ysIQ1VWF2v0+kZNHk8IeXO5gbTw=
47,-54,+hC/Rpl9wXodvk3jc6BJLgaqcJA=,ysIQ1VWF2v0+kZNHk8IeXO5gbTw=
37,-56,+hC/Rpl9wXodvk3jc6BJLgaqcJA=,ysIQ1VWF2v0+kZNHk8IeXO5gbTw=
38,-56,+hC/Rpl9wXodvk3jc6BJLgaqcJA=,ysIQ1VWF2v0+kZNHk8IeXO5gbTw=
39,-56,+hC/Rpl9wXodvk3jc6BJLgaqcJA=,ysIQ1VWF2v0+kZNHk8IeXO5gbTw=
46,-54,+hC/Rpl9wXodvk3jc6BJLgaqcJA=,ysIQ1VWF2v0+kZNHk8IeXO5gbTw=
38,-63,+hC/Rpl9wXodvk3jc6BJLgaqcJA=,ysIQ1VWF2v0+kZNHk8IeXO5gbTw=
45,-54,+hC/Rpl9wXodvk3jc6BJLgaqcJA=,ysIQ1VWF2v0+kZNHk8IeXO5gbTw=
40,-56,+hC/Rpl9wXodvk3jc6BJLgaqcJA=,ysIQ1VWF2v0+kZNHk8IeXO5gbTw=
41,-56,+hC/Rpl9wXodvk3jc6BJLgaqcJA=,ysIQ1VWF2v0+kZNHk8IeXO5gbTw=
44,-54,+hC/Rpl9wXodvk3jc6BJLgaqcJA=,ysIQ1VWF2v0+kZNHk8IeXO5gbTw=
42,-56,+hC/Rpl9wXodvk3jc6BJLgaqcJA=,ysIQ1VWF2v0+kZNHk8IeXO5gbTw=
43,-56,+hC/Rpl9wXodvk3jc6BJLgaqcJA=,ysIQ1VWF2v0+kZNHk8IeXO5gbTw=
43,-54,+hC/Rpl9wXodvk3jc6BJLgaqcJA=,ysIQ1VWF2v0+kZNHk8IeXO5gbTw=
44,-56,+hC/Rpl9wXodvk3jc6BJLgaqcJA=,ysIQ1VWF2v0+kZNHk8IeXO5gbTw=
45,-56,+hC/Rpl9wXodvk3jc6BJLgaqcJA=,ysIQ1VWF2v0+kZNHk8IeXO5gbTw=
42,-54,+hC/Rpl9wXodvk3jc6BJLgaqcJA=,ysIQ1VWF2v0+kZNHk8IeXO5gbTw=
46,-56,+hC/Rpl9wXodvk3jc6BJLgaqcJA=,ysIQ1VWF2v0+kZNHk8IeXO5gbTw=
47,-56,+hC/Rpl9wXodvk3jc6BJLgaqcJA=,ysIQ1VWF2v0+kZNHk8IeXO5gbTw=
41,-54,+hC/Rpl9wXodvk3jc6BJLgaqcJA=,ysIQ1VWF2v0+kZNHk8IeXO5gbTw=
32,-55,+hC/Rpl9wXodvk3jc6BJLgaqcJA=,ysIQ1VWF2v0+kZNHk8IeXO5gbTw=
33,-55,+hC/Rpl9wXodvk3jc6BJLgaqcJA=,ysIQ1VWF2v0+kZNHk8IeXO5gbTw=
34,-55,+hC/Rpl9wXodvk3jc6BJLgaqcJA=,ysIQ1VWF2v0+kZNHk8IeXO5gbTw=
35,-55,+hC/Rpl9wXodvk3jc6BJLgaqcJA=,ysIQ1VWF2v0+kZNHk8IeXO5gbTw=
36,-55,+hC/Rpl9wXodvk3jc6BJLgaqcJA=,ysIQ1VWF2v0+kZNHk8IeXO5gbTw=
40,-54,+hC/Rpl9wXodvk3jc6BJLgaqcJA=,ysIQ1VWF2v0+kZNHk8IeXO5gbTw=
39,-54,+hC/Rpl9wXodvk3jc6BJLgaqcJA=,ysIQ1VWF2v0+kZNHk8IeXO5gbTw=
37,-55,+hC/Rpl9wXodvk3jc6BJLgaqcJA=,ysIQ1VWF2v0+kZNHk8IeXO5gbTw=
38,-55,+hC/Rpl9wXodvk3jc6BJLgaqcJA=,ysIQ1VWF2v0+kZNHk8IeXO5gbTw=
38,-54,+hC/Rpl9wXodvk3jc6BJLgaqcJA=,ysIQ1VWF2v0+kZNHk8IeXO5gbTw=
39,-63,+hC/Rpl9wXodvk3jc6BJLgaqcJA=,ysIQ1VWF2v0+kZNHk8IeXO5gbTw=
40,-63,+hC/Rpl9wXodvk3jc6BJLgaqcJA=,ysIQ1VWF2v0+kZNHk8IeXO5gbTw=
39,-55,+hC/Rpl9wXodvk3jc6BJLgaqcJA=,ysIQ1VWF2v0+kZNHk8IeXO5gbTw=
37,-54,+hC/Rpl9wXodvk3jc6BJLgaqcJA=,ysIQ1VWF2v0+kZNHk8IeXO5gbTw=
40,-55,+hC/Rpl9wXodvk3jc6BJLgaqcJA=,ysIQ1VWF2v0+kZNHk8IeXO5gbTw=
36,-54,+hC/Rpl9wXodvk3jc6BJLgaqcJA=,ysIQ1VWF2v0+kZNHk8IeXO5gbTw=
41,-55,+hC/Rpl9wXodvk3jc6BJLgaqcJA=,ysIQ1VWF2v0+kZNHk8IeXO5gbTw=
42,-55,+hC/Rpl9wXodvk3jc6BJLgaqcJA=,ysIQ1VWF2v0+kZNHk8IeXO5gbTw=
43,-55,+hC/Rpl9wXodvk3jc6BJLgaqcJA=,ysIQ1VWF2v0+kZNHk8IeXO5gbTw=
44,-55,+hC/Rpl9wXodvk3jc6BJLgaqcJA=,ysIQ1VWF2v0+kZNHk8IeXO5gbTw=
35,-54,+hC/Rpl9wXodvk3jc6BJLgaqcJA=,ysIQ1VWF2v0+kZNHk8IeXO5gbTw=
45,-55,+hC/Rpl9wXodvk3jc6BJLgaqcJA=,ysIQ1VWF2v0+kZNHk8IeXO5gbTw=
34,-54,+hC/Rpl9wXodvk3jc6BJLgaqcJA=,ysIQ1VWF2v0+kZNHk8IeXO5gbTw=
46,-55,+hC/Rpl9wXodvk3jc6BJLgaqcJA=,ysIQ1VWF2v0+kZNHk8IeXO5gbTw=
47,-55,+hC/Rpl9wXodvk3jc6BJLgaqcJA=,ysIQ1VWF2v0+kZNHk8IeXO5gbTw=
33,-54,+hC/Rpl9wXodvk3jc6BJLgaqcJA=,ysIQ1VWF2v0+kZNHk8IeXO5gbTw=
32,-54,+hC/Rpl9wXodvk3jc6BJLgaqcJA=,ysIQ1VWF2v0+kZNHk8IeXO5gbTw=
48,-63,+hC/Rpl9wXodvk3jc6BJLgaqcJA=,ysIQ1VWF2v0+kZNHk8IeXO5gbTw=
63,-64,+hC/Rpl9wXodvk3jc6BJLgaqcJA=,ysIQ1VWF2v0+kZNHk8IeXO5gbTw=
63,-49,+hC/Rpl9wXodvk3jc6BJLgaqcJA=,ysIQ1VWF2v0+kZNHk8IeXO5gbTw=
61,-49,+hC/Rpl9wXodvk3jc6BJLgaqcJA=,ysIQ1VWF2v0+kZNHk8IeXO5gbTw=
62,-49,+hC/Rpl9wXodvk3jc6BJLgaqcJA=,ysIQ1VWF2v0+kZNHk8IeXO5gbTw=
60,-49,+hC/Rpl9wXodvk3jc6BJLgaqcJA=,ysIQ1VWF2v0+kZNHk8IeXO5gbTw=
58,-49,+hC/Rpl9wXodvk3jc6BJLgaqcJA=,ysIQ1VWF2v0+kZNHk8IeXO5gbTw=
57,-49,+hC/Rpl9wXodvk3jc6BJLgaqcJA=,ysIQ1VWF2v0+kZNHk8IeXO5gbTw=
56,-49,+hC/Rpl9wXodvk3jc6BJLgaqcJA=,ysIQ1VWF2v0+kZNHk8IeXO5gbTw=
55,-49,+hC/Rpl9wXodvk3jc6BJLgaqcJA=,ysIQ1VWF2v0+kZNHk8IeXO5gbTw=
54,-49,+hC/Rpl9wXodvk3jc6BJLgaqcJA=,ysIQ1VWF2v0+kZNHk8IeXO5gbTw=
59,-49,+hC/Rpl9wXodvk3jc6BJLgaqcJA=,ysIQ1VWF2v0+kZNHk8IeXO5gbTw=
52,-49,+hC/Rpl9wXodvk3jc6BJLgaqcJA=,ysIQ1VWF2v0+kZNHk8IeXO5gbTw=
51,-49,+hC/Rpl9wXodvk3jc6BJLgaqcJA=,ysIQ1VWF2v0+kZNHk8IeXO5gbTw=
50,-49,+hC/Rpl9wXodvk3jc6BJLgaqcJA=,ysIQ1VWF2v0+kZNHk8IeXO5gbTw=
53,-49,+hC/Rpl9wXodvk3jc6BJLgaqcJA=,ysIQ1VWF2v0+kZNHk8IeXO5gbTw=
49,-49,+hC/Rpl9wXodvk3jc6BJLgaqcJA=,ysIQ1VWF2v0+kZNHk8IeXO5gbTw=
48,-49,+hC/Rpl9wXodvk3jc6BJLgaqcJA=,ysIQ1VWF2v0+kZNHk8IeXO5gbTw=
63,-50,+hC/Rpl9wXodvk3jc6BJLgaqcJA=,ysIQ1VWF2v0+kZNHk8IeXO5gbTw=
62,-50,+hC/Rpl9wXodvk3jc6BJLgaqcJA=,ysIQ1VWF2v0+kZNHk8IeXO5gbTw=
60,-50,+hC/Rpl9wXodvk3jc6BJLgaqcJA=,ysIQ1VWF2v0+kZNHk8IeXO5gbTw=
61,-50,+hC/Rpl9wXodvk3jc6BJLgaqcJA=,ysIQ1VWF2v0+kZNHk8IeXO5gbTw=
59,-50,+hC/Rpl9wXodvk3jc6BJLgaqcJA=,ysIQ1VWF2v0+kZNHk8IeXO5gbTw=
57,-50,+hC/Rpl9wXodvk3jc6BJLgaqcJA=,ysIQ1VWF2v0+kZNHk8IeXO5gbTw=
56,-50,+hC/Rpl9wXodvk3jc6BJLgaqcJA=,ysIQ1VWF2v0+kZNHk8IeXO5gbTw=
55,-50,+hC/Rpl9wXodvk3jc6BJLgaqcJA=,ysIQ1VWF2v0+kZNHk8IeXO5gbTw=
54,-50,+hC/Rpl9wXodvk3jc6BJLgaqcJA=,ysIQ1VWF2v0+kZNHk8IeXO5gbTw=
53,-50,+hC/Rpl9wXodvk3jc6BJLgaqcJA=,ysIQ1VWF2v0+kZNHk8IeXO5gbTw=
52,-50,+hC/Rpl9wXodvk3jc6BJLgaqcJA=,ysIQ1VWF2v0+kZNHk8IeXO5gbTw=
58,-50,+hC/Rpl9wXodvk3jc6BJLgaqcJA=,ysIQ1VWF2v0+kZNHk8IeXO5gbTw=
51,-50,+hC/Rpl9wXodvk3jc6BJLgaqcJA=,ysIQ1VWF2v0+kZNHk8IeXO5gbTw=
50,-50,+hC/Rpl9wXodvk3jc6BJLgaqcJA=,ysIQ1VWF2v0+kZNHk8IeXO5gbTw=
49,-50,+hC/Rpl9wXodvk3jc6BJLgaqcJA=,ysIQ1VWF2v0+kZNHk8IeXO5gbTw=
48,-50,+hC/Rpl9wXodvk3jc6BJLgaqcJA=,ysIQ1VWF2v0+kZNHk8IeXO5gbTw=
62,-64,+hC/Rpl9wXodvk3jc6BJLgaqcJA=,ysIQ1VWF2v0+kZNHk8IeXO5gbTw=
63,-51,+hC/Rpl9wXodvk3jc6BJLgaqcJA=,ysIQ1VWF2v0+kZNHk8IeXO5gbTw=
62,-51,+hC/Rpl9wXodvk3jc6BJLgaqcJA=,ysIQ1VWF2v0+kZNHk8IeXO5gbTw=
61,-51,+hC/Rpl9wXodvk3jc6BJLgaqcJA=,ysIQ1VWF2v0+kZNHk8IeXO5gbTw=
59,-51,+hC/Rpl9wXodvk3jc6BJLgaqcJA=,ysIQ1VWF2v0+kZNHk8IeXO5gbTw=
60,-51,+hC/Rpl9wXodvk3jc6BJLgaqcJA=,ysIQ1VWF2v0+kZNHk8IeXO5gbTw=
57,-51,+hC/Rpl9wXodvk3jc6BJLgaqcJA=,ysIQ1VWF2v0+kZNHk8IeXO5gbTw=
56,-51,+hC/Rpl9wXodvk3jc6BJLgaqcJA=,ysIQ1VWF2v0+kZNHk8IeXO5gbTw=
55,-51,+hC/Rpl9wXodvk3jc6BJLgaqcJA=,ysIQ1VWF2v0+kZNHk8IeXO5gbTw=
54,-51,+hC/Rpl9wXodvk3jc6BJLgaqcJA=,ysIQ1VWF2v0+kZNHk8IeXO5gbTw=
53,-51,+hC/Rpl9wXodvk3jc6BJLgaqcJA=,ysIQ1VWF2v0+kZNHk8IeXO5gbTw=
52,-51,+hC/Rpl9wXodvk3jc6BJLgaqcJA=,ysIQ1VWF2v0+kZNHk8IeXO5gbTw=
51,-51,+hC/Rpl9wXodvk3jc6BJLgaqcJA=,ysIQ1VWF2v0+kZNHk8IeXO5gbTw=
50,-51,+hC/Rpl9wXodvk3jc6BJLgaqcJA=,ysIQ1VWF2v0+kZNHk8IeXO5gbTw=
58,-51,+hC/Rpl9wXodvk3jc6BJLgaqcJA=,ysIQ1VWF2v0+kZNHk8IeXO5gbTw=
48,-51,+hC/Rpl9wXodvk3jc6BJLgaqcJA=,ysIQ1VWF2v0+kZNHk8IeXO5gbTw=
49,-51,+hC/Rpl9wXodvk3jc6BJLgaqcJA=,ysIQ1VWF2v0+kZNHk8IeXO5gbTw=
61,-64,+hC/Rpl9wXodvk3jc6BJLgaqcJA=,ysIQ1VWF2v0+kZNHk8IeXO5gbTw=
63,-52,+hC/Rpl9wXodvk3jc6BJLgaqcJA=,ysIQ1VWF2v0+kZNHk8IeXO5gbTw=
62,-52,+hC/Rpl9wXodvk3jc6BJLgaqcJA=,ysIQ1VWF2v0+kZNHk8IeXO5gbTw=
60,-52,+hC/Rpl9wXodvk3jc6BJLgaqcJA=,ysIQ1VWF2v0+kZNHk8IeXO5gbTw=
61,-52,+hC/Rpl9wXodvk3jc6BJLgaqcJA=,ysIQ1VWF2v0+kZNHk8IeXO5gbTw=
59,-52,+hC/Rpl9wXodvk3jc6BJLgaqcJA=,ysIQ1VWF2v0+kZNHk8IeXO5gbTw=
57,-52,+hC/Rpl9wXodvk3jc6BJLgaqcJA=,ysIQ1VWF2v0+kZNHk8IeXO5gbTw=
58,-52,+hC/Rpl9wXodvk3jc6BJLgaqcJA=,ysIQ1VWF2v0+kZNHk8IeXO5gbTw=
56,-52,+hC/Rpl9wXodvk3jc6BJLgaqcJA=,ysIQ1VWF2v0+kZNHk8IeXO5gbTw=
55,-52,+hC/Rpl9wXodvk3jc6BJLgaqcJA=,ysIQ1VWF2v0+kZNHk8IeXO5gbTw=
54,-52,+hC/Rpl9wXodvk3jc6BJLgaqcJA=,ysIQ1VWF2v0+kZNHk8IeXO5gbTw=
53,-52,+hC/Rpl9wXodvk3jc6BJLgaqcJA=,ysIQ1VWF2v0+kZNHk8IeXO5gbTw=
52,-52,+hC/Rpl9wXodvk3jc6BJLgaqcJA=,ysIQ1VWF2v0+kZNHk8IeXO5gbTw=
51,-52,+hC/Rpl9wXodvk3jc6BJLgaqcJA=,ysIQ1VWF2v0+kZNHk8IeXO5gbTw=
49,-52,+hC/Rpl9wXodvk3jc6BJLgaqcJA=,ysIQ1VWF2v0+kZNHk8IeXO5gbTw=
50,-52,+hC/Rpl9wXodvk3jc6BJLgaqcJA=,ysIQ1VWF2v0+kZNHk8IeXO5gbTw=
48,-52,+hC/Rpl9wXodvk3jc6BJLgaqcJA=,ysIQ1VWF2v0+kZNHk8IeXO5gbTw=
60,-64,+hC/Rpl9wXodvk3jc6BJLgaqcJA=,ysIQ1VWF2v0+kZNHk8IeXO5gbTw=
63,-53,+hC/Rpl9wXodvk3jc6BJLgaqcJA=,ysIQ1VWF2v0+kZNHk8IeXO5gbTw=
62,-53,+hC/Rpl9wXodvk3jc6BJLgaqcJA=,ysIQ1VWF2v0+kZNHk8IeXO5gbTw=
61,-53,+hC/Rpl9wXodvk3jc6BJLgaqcJA=,ysIQ1VWF2v0+kZNHk8IeXO5gbTw=
60,-53,+hC/Rpl9wXodvk3jc6BJLgaqcJA=,ysIQ1VWF2v0+kZNHk8IeXO5gbTw=
59,-53,+hC/Rpl9wXodvk3jc6BJLgaqcJA=,ysIQ1VWF2v0+kZNHk8IeXO5gbTw=
58,-53,+hC/Rpl9wXodvk3jc6BJLgaqcJA=,ysIQ1VWF2v0+kZNHk8IeXO5gbTw=
57,-53,+hC/Rpl9wXodvk3jc6BJLgaqcJA=,ysIQ1VWF2v0+kZNHk8IeXO5gbTw=
55,-53,+hC/Rpl9wXodvk3jc6BJLgaqcJA=,ysIQ1VWF2v0+kZNHk8IeXO5gbTw=
54,-53,+hC/Rpl9wXodvk3jc6BJLgaqcJA=,ysIQ1VWF2v0+kZNHk8IeXO5gbTw=
56,-53,+hC/Rpl9wXodvk3jc6BJLgaqcJA=,ysIQ1VWF2v0+kZNHk8IeXO5gbTw=
53,-53,+hC/Rpl9wXodvk3jc6BJLgaqcJA=,ysIQ1VWF2v0+kZNHk8IeXO5gbTw=
52,-53,+hC/Rpl9wXodvk3jc6BJLgaqcJA=,ysIQ1VWF2v0+kZNHk8IeXO5gbTw=
51,-53,+hC/Rpl9wXodvk3jc6BJLgaqcJA=,ysIQ1VWF2v0+kZNHk8IeXO5gbTw=
49,-53,+hC/Rpl9wXodvk3jc6BJLgaqcJA=,ysIQ1VWF2v0+kZNHk8IeXO5gbTw=
50,-53,+hC/Rpl9wXodvk3jc6BJLgaqcJA=,ysIQ1VWF2v0+kZNHk8IeXO5gbTw=
59,-64,+hC/Rpl9wXodvk3jc6BJLgaqcJA=,ysIQ1VWF2v0+kZNHk8IeXO5gbTw=
48,-53,+hC/Rpl9wXodvk3jc6BJLgaqcJA=,ysIQ1VWF2v0+kZNHk8IeXO5gbTw=
63,-54,+hC/Rpl9wXodvk3jc6BJLgaqcJA=,ysIQ1VWF2v0+kZNHk8IeXO5gbTw=
62,-54,+hC/Rpl9wXodvk3jc6BJLgaqcJA=,ysIQ1VWF2v0+kZNHk8IeXO5gbTw=
61,-54,+hC/Rpl9wXodvk3jc6BJLgaqcJA=,ysIQ1VWF2v0+kZNHk8IeXO5gbTw=
60,-54,+hC/Rpl9wXodvk3jc6BJLgaqcJA=,ysIQ1VWF2v0+kZNHk8IeXO5gbTw=
59,-54,+hC/Rpl9wXodvk3jc6BJLgaqcJA=,ysIQ1VWF2v0+kZNHk8IeXO5gbTw=
58,-54,+hC/Rpl9wXodvk3jc6BJLgaqcJA=,ysIQ1VWF2v0+kZNHk8IeXO5gbTw=
57,-54,+hC/Rpl9wXodvk3jc6BJLgaqcJA=,ysIQ1VWF2v0+kZNHk8IeXO5gbTw=
56,-54,+hC/Rpl9wXodvk3jc6BJLgaqcJA=,ysIQ1VWF2v0+kZNHk8IeXO5gbTw=
54,-54,+hC/Rpl9wXodvk3jc6BJLgaqcJA=,ysIQ1VWF2v0+kZNHk8IeXO5gbTw=
53,-54,+hC/Rpl9wXodvk3jc6BJLgaqcJA=,ysIQ1VWF2v0+kZNHk8IeXO5gbTw=
52,-54,+hC/Rpl9wXodvk3jc6BJLgaqcJA=,ysIQ1VWF2v0+kZNHk8IeXO5gbTw=
51,-54,+hC/Rpl9wXodvk3jc6BJLgaqcJA=,ysIQ1VWF2v0+kZNHk8IeXO5gbTw=
50,-54,+hC/Rpl9wXodvk3jc6BJLgaqcJA=,ysIQ1VWF2v0+kZNHk8IeXO5gbTw=
55,-54,+hC/Rpl9wXodvk3jc6BJLgaqcJA=,ysIQ1VWF2v0+kZNHk8IeXO5gbTw=
49,-54,+hC/Rpl9wXodvk3jc6BJLgaqcJA=,ysIQ1VWF2v0+kZNHk8IeXO5gbTw=
48,-54,+hC/Rpl9wXodvk3jc6BJLgaqcJA=,ysIQ1VWF2v0+kZNHk8IeXO5gbTw=
58,-64,+hC/Rpl9wXodvk3jc6BJLgaqcJA=,ysIQ1VWF2v0+kZNHk8IeXO5gbTw=
63,-55,+hC/Rpl9wXodvk3jc6BJLgaqcJA=,ysIQ1VWF2v0+kZNHk8IeXO5gbTw=
62,-55,+hC/Rpl9wXodvk3jc6BJLgaqcJA=,ysIQ1VWF2v0+kZNHk8IeXO5gbTw=
61,-55,+hC/Rpl9wXodvk3jc6BJLgaqcJA=,ysIQ1VWF2v0+kZNHk8IeXO5gbTw=
60,-55,+hC/Rpl9wXodvk3jc6BJLgaqcJA=,ysIQ1VWF2v0+kZNHk8IeXO5gbTw=
59,-55,+hC/Rpl9wXodvk3jc6BJLgaqcJA=,ysIQ1VWF2v0+kZNHk8IeXO5gbTw=
58,-55,+hC/Rpl9wXodvk3jc6BJLgaqcJA=,ysIQ1VWF2v0+kZNHk8IeXO5gbTw=
57,-55,+hC/Rpl9wXodvk3jc6BJLgaqcJA=,ysIQ1VWF2v0+kZNHk8IeXO5gbTw=
56,-55,+hC/Rpl9wXodvk3jc6BJLgaqcJA=,ysIQ1VWF2v0+kZNHk8IeXO5gbTw=
54,-55,+hC/Rpl9wXodvk3jc6BJLgaqcJA=,ysIQ1VWF2v0+kZNHk8IeXO5gbTw=
53,-55,+hC/Rpl9wXodvk3jc6BJLgaqcJA=,ysIQ1VWF2v0+kZNHk8IeXO5gbTw=
55,-55,+hC/Rpl9wXodvk3jc6BJLgaqcJA=,ysIQ1VWF2v0+kZNHk8IeXO5gbTw=
52,-55,+hC/Rpl9wXodvk3jc6BJLgaqcJA=,ysIQ1VWF2v0+kZNHk8IeXO5gbTw=
51,-55,+hC/Rpl9wXodvk3jc6BJLgaqcJA=,ysIQ1VWF2v0+kZNHk8IeXO5gbTw=
50,-55,+hC/Rpl9wXodvk3jc6BJLgaqcJA=,ysIQ1VWF2v0+kZNHk8IeXO5gbTw=
48,-55,+hC/Rpl9wXodvk3jc6BJLgaqcJA=,ysIQ1VWF2v0+kZNHk8IeXO5gbTw=
49,-55,+hC/Rpl9wXodvk3jc6BJLgaqcJA=,ysIQ1VWF2v0+kZNHk8IeXO5gbTw=
57,-64,+hC/Rpl9wXodvk3jc6BJLgaqcJA=,ysIQ1VWF2v0+kZNHk8IeXO5gbTw=
63,-56,+hC/Rpl9wXodvk3jc6BJLgaqcJA=,ysIQ1VWF2v0+kZNHk8IeXO5gbTw=
62,-56,+hC/Rpl9wXodvk3jc6BJLgaqcJA=,ysIQ1VWF2v0+kZNHk8IeXO5gbTw=
60,-56,+hC/Rpl9wXodvk3jc6BJLgaqcJA=,ysIQ1VWF2v0+kZNHk8IeXO5gbTw=
61,-56,+hC/Rpl9wXodvk3jc6BJLgaqcJA=,ysIQ1VWF2v0+kZNHk8IeXO5gbTw=
59,-56,+hC/Rpl9wXodvk3jc6BJLgaqcJA=,ysIQ1VWF2v0+kZNHk8IeXO5gbTw=
58,-56,+hC/Rpl9wXodvk3jc6BJLgaqcJA=,ysIQ1VWF2v0+kZNHk8IeXO5gbTw=
57,-56,+hC/Rpl9wXodvk3jc6BJLgaqcJA=,ysIQ1VWF2v0+kZNHk8IeXO5gbTw=
56,-56,+hC/Rpl9wXodvk3jc6BJLgaqcJA=,ysIQ1VWF2v0+kZNHk8IeXO5gbTw=
55,-56,+hC/Rpl9wXodvk3jc6BJLgaqcJA=,ysIQ1VWF2v0+kZNHk8IeXO5gbTw=
54,-56,+hC/Rpl9wXodvk3jc6BJLgaqcJA=,ysIQ1VWF2v0+kZNHk8IeXO5gbTw=
53,-56,+hC/Rpl9wXodvk3jc6BJLgaqcJA=,ysIQ1VWF2v0+kZNHk8IeXO5gbTw=
51,-56,+hC/Rpl9wXodvk3jc6BJLgaqcJA=,ysIQ1VWF2v0+kZNHk8IeXO5gbTw=
52,-56,+hC/Rpl9wXodvk3jc6BJLgaqcJA=,ysIQ1VWF2v0+kZNHk8IeXO5gbTw=
49,-56,+hC/Rpl9wXodvk3jc6BJLgaqcJA=,ysIQ1VWF2v0+kZNHk8IeXO5gbTw=
50,-56,+hC/Rpl9wXodvk3jc6BJLgaqcJA=,ysIQ1VWF2v0+kZNHk8IeXO5gbTw=
48,-56,+hC/Rpl9wXodvk3jc6BJLgaqcJA=,ysIQ1VWF2v0+kZNHk8IeXO5gbTw=
56,-64,+hC/Rpl9wXodvk3jc6BJLgaqcJA=,ysIQ1VWF2v0+kZNHk8IeXO5gbTw=
63,-57,+hC/Rpl9wXodvk3jc6BJLgaqcJA=,ysIQ1VWF2v0+kZNHk8IeXO5gbTw=
62,-57,+hC/Rpl9wXodvk3jc6BJLgaqcJA=,ysIQ1VWF2v0+kZNHk8IeXO5gbTw=
61,-57,+hC/Rpl9wXodvk3jc6BJLgaqcJA=,ysIQ1VWF2v0+kZNHk8IeXO5gbTw=
59,-57,+hC/Rpl9wXodvk3jc6BJLgaqcJA=,ysIQ1VWF2v0+kZNHk8IeXO5gbTw=
60,-57,+hC/Rpl9wXodvk3jc6BJLgaqcJA=,ysIQ1VWF2v0+kZNHk8IeXO5gbTw=
58,-57,+hC/Rpl9wXodvk3jc6BJLgaqcJA=,ysIQ1VWF2v0+kZNHk8IeXO5gbTw=
57,-57,+hC/Rpl9wXodvk3jc6BJLgaqcJA=,ysIQ1VWF2v0+kZNHk8IeXO5gbTw=
56,-57,+hC/Rpl9wXodvk3jc6BJLgaqcJA=,ysIQ1VWF2v0+kZNHk8IeXO5gbTw=
55,-57,+hC/Rpl9wXodvk3jc6BJLgaqcJA=,ysIQ1VWF2v0+kZNHk8IeXO5gbTw=
54,-57,+hC/Rpl9wXodvk3jc6BJLgaqcJA=,ysIQ1VWF2v0+kZNHk8IeXO5gbTw=
53,-57,+hC/Rpl9wXodvk3jc6BJLgaqcJA=,ysIQ1VWF2v0+kZNHk8IeXO5gbTw=
52,-57,+hC/Rpl9wXodvk3jc6BJLgaqcJA=,ysIQ1VWF2v0+kZNHk8IeXO5gbTw=
51,-57,+hC/Rpl9wXodvk3jc6BJLgaqcJA=,ysIQ1VWF2v0+kZNHk8IeXO5gbTw=
50,-57,+hC/Rpl9wXodvk3jc6BJLgaqcJA=,ysIQ1VWF2v0+kZNHk8IeXO5gbTw=
49,-57,+hC/Rpl9wXodvk3jc6BJLgaqcJA=,ysIQ1VWF2v0+kZNHk8IeXO5gbTw=
48,-57,+hC/Rpl9wXodvk3jc6BJLgaqcJA=,ysIQ1VWF2v0+kZNHk8IeXO5gbTw=
55,-64,+hC/Rpl9wXodvk3jc6BJLgaqcJA=,ysIQ1VWF2v0+kZNHk8IeXO5gbTw=
63,-58,+hC/Rpl9wXodvk3jc6BJLgaqcJA=,ysIQ1VWF2v0+kZNHk8IeXO5gbTw=
62,-58,+hC/Rpl9wXodvk3jc6BJLgaqcJA=,ysIQ1VWF2v0+kZNHk8IeXO5gbTw=
61,-58,+hC/Rpl9wXodvk3jc6BJLgaqcJA=,ysIQ1VWF2v0+kZNHk8IeXO5gbTw=
60,-58,+hC/Rpl9wXodvk3jc6BJLgaqcJA=,ysIQ1VWF2v0+kZNHk8IeXO5gbTw=
59,-58,+hC/Rpl9wXodvk3jc6BJLgaqcJA=,ysIQ1VWF2v0+kZNHk8IeXO5gbTw=
58,-58,+hC/Rpl9wXodvk3jc6BJLgaqcJA=,ysIQ1VWF2v0+kZNHk8IeXO5gbTw=
57,-58,+hC/Rpl9wXodvk3jc6BJLgaqcJA=,ysIQ1VWF2v0+kZNHk8IeXO5gbTw=
56,-58,+hC/Rpl9wXodvk3jc6BJLgaqcJA=,ysIQ1VWF2v0+kZNHk8IeXO5gbTw=
54,-58,+hC/Rpl9wXodvk3jc6BJLgaqcJA=,ysIQ1VWF2v0+kZNHk8IeXO5gbTw=
55,-58,+hC/Rpl9wXodvk3jc6BJLgaqcJA=,ysIQ1VWF2v0+kZNHk8IeXO5gbTw=
53,-58,+hC/Rpl9wXodvk3jc6BJLgaqcJA=,ysIQ1VWF2v0+kZNHk8IeXO5gbTw=
51,-58,+hC/Rpl9wXodvk3jc6BJLgaqcJA=,ysIQ1VWF2v0+kZNHk8IeXO5gbTw=
52,-58,+hC/Rpl9wXodvk3jc6BJLgaqcJA=,ysIQ1VWF2v0+kZNHk8IeXO5gbTw=
50,-58,+hC/Rpl9wXodvk3jc6BJLgaqcJA=,ysIQ1VWF2v0+kZNHk8IeXO5gbTw=
49,-58,+hC/Rpl9wXodvk3jc6BJLgaqcJA=,ysIQ1VWF2v0+kZNHk8IeXO5gbTw=
48,-58,+hC/Rpl9wXodvk3jc6BJLgaqcJA=,ysIQ1VWF2v0+kZNHk8IeXO5gbTw=
54,-64,+hC/Rpl9wXodvk3jc6BJLgaqcJA=,ysIQ1VWF2v0+kZNHk8IeXO5gbTw=
63,-59,+hC/Rpl9wXodvk3jc6BJLgaqcJA=,ysIQ1VWF2v0+kZNHk8IeXO5gbTw=
62,-59,+hC/Rpl9wXodvk3jc6BJLgaqcJA=,ysIQ1VWF2v0+kZNHk8IeXO5gbTw=
61,-59,+hC/Rpl9wXodvk3jc6BJLgaqcJA=,ysIQ1VWF2v0+kZNHk8IeXO5gbTw=
60,-59,+hC/Rpl9wXodvk3jc6BJLgaqcJA=,ysIQ1VWF2v0+kZNHk8IeXO5gbTw=
58,-59,+hC/Rpl9wXodvk3jc6BJLgaqcJA=,ysIQ1VWF2v0+kZNHk8IeXO5gbTw=
59,-59,+hC/Rpl9wXodvk3jc6BJLgaqcJA=,ysIQ1VWF2v0+kZNHk8IeXO5gbTw=
56,-59,+hC/Rpl9wXodvk3jc6BJLgaqcJA=,ysIQ1VWF2v0+kZNHk8IeXO5gbTw=
54,-59,+hC/Rpl9wXodvk3jc6BJLgaqcJA=,ysIQ1VWF2v0+kZNHk8IeXO5gbTw=
53,-59,+hC/Rpl9wXodvk3jc6BJLgaqcJA=,ysIQ1VWF2v0+kZNHk8IeXO5gbTw=
52,-59,+hC/Rpl9wXodvk3jc6BJLgaqcJA=,ysIQ1VWF2v0+kZNHk8IeXO5gbTw=
57,-59,+hC/Rpl9wXodvk3jc6BJLgaqcJA=,ysIQ1VWF2v0+kZNHk8IeXO5gbTw=
55,-59,+hC/Rpl9wXodvk3jc6BJLgaqcJA=,ysIQ1VWF2v0+kZNHk8IeXO5gbTw=
51,-59,+hC/Rpl9wXodvk3jc6BJLgaqcJA=,ysIQ1VWF2v0+kZNHk8IeXO5gbTw=
50,-59,+hC/Rpl9wXodvk3jc6BJLgaqcJA=,ysIQ1VWF2v0+kZNHk8IeXO5gbTw=
49,-59,+hC/Rpl9wXodvk3jc6BJLgaqcJA=,ysIQ1VWF2v0+kZNHk8IeXO5gbTw=
48,-59,+hC/Rpl9wXodvk3jc6BJLgaqcJA=,ysIQ1VWF2v0+kZNHk8IeXO5gbTw=
53,-64,+hC/Rpl9wXodvk3jc6BJLgaqcJA=,ysIQ1VWF2v0+kZNHk8IeXO5gbTw=
63,-60,+hC/Rpl9wXodvk3jc6BJLgaqcJA=,ysIQ1VWF2v0+kZNHk8IeXO5gbTw=
62,-60,+hC/Rpl9wXodvk3jc6BJLgaqcJA=,ysIQ1VWF2v0+kZNHk8IeXO5gbTw=
61,-60,+hC/Rpl9wXodvk3jc6BJLgaqcJA=,ysIQ1VWF2v0+kZNHk8IeXO5gbTw=
60,-60,+hC/Rpl9wXodvk3jc6BJLgaqcJA=,ysIQ1VWF2v0+kZNHk8IeXO5gbTw=
59,-60,+hC/Rpl9wXodvk3jc6BJLgaqcJA=,ysIQ1VWF2v0+kZNHk8IeXO5gbTw=
58,-60,+hC/Rpl9wXodvk3jc6BJLgaqcJA=,ysIQ1VWF2v0+kZNHk8IeXO5gbTw=
57,-60,+hC/Rpl9wXodvk3jc6BJLgaqcJA=,ysIQ1VWF2v0+kZNHk8IeXO5gbTw=
56,-60,+hC/Rpl9wXodvk3jc6BJLgaqcJA=,ysIQ1VWF2v0+kZNHk8IeXO5gbTw=
55,-60,+hC/Rpl9wXodvk3jc6BJLgaqcJA=,ysIQ1VWF2v0+kZNHk8IeXO5gbTw=
54,-60,+hC/Rpl9wXodvk3jc6BJLgaqcJA=,ysIQ1VWF2v0+kZNHk8IeXO5gbTw=
53,-60,+hC/Rpl9wXodvk3jc6BJLgaqcJA=,ysIQ1VWF2v0+kZNHk8IeXO5gbTw=
52,-60,+hC/Rpl9wXodvk3jc6BJLgaqcJA=,ysIQ1VWF2v0+kZNHk8IeXO5gbTw=
51,-60,+hC/Rpl9wXodvk3jc6BJLgaqcJA=,ysIQ1VWF2v0+kZNHk8IeXO5gbTw=
50,-60,+hC/Rpl9wXodvk3jc6BJLgaqcJA=,ysIQ1VWF2v0+kZNHk8IeXO5gbTw=
49,-60,+hC/Rpl9wXodvk3jc6BJLgaqcJA=,ysIQ1VWF2v0+kZNHk8IeXO5gbTw=
48,-60,+hC/Rpl9wXodvk3jc6BJLgaqcJA=,ysIQ1VWF2v0+kZNHk8IeXO5gbTw=
52,-64,+hC/Rpl9wXodvk3jc6BJLgaqcJA=,ysIQ1VWF2v0+kZNHk8IeXO5gbTw=
62,-61,+hC/Rpl9wXodvk3jc6BJLgaqcJA=,ysIQ1VWF2v0+kZNHk8IeXO5gbTw=
63,-61,+hC/Rpl9wXodvk3jc6BJLgaqcJA=,ysIQ1VWF2v0+kZNHk8IeXO5gbTw=
60,-61,+hC/Rpl9wXodvk3jc6BJLgaqcJA=,ysIQ1VWF2v0+kZNHk8IeXO5gbTw=
61,-61,+hC/Rpl9wXodvk3jc6BJLgaqcJA=,ysIQ1VWF2v0+kZNHk8IeXO5gbTw=
59,-61,+hC/Rpl9wXodvk3jc6BJLgaqcJA=,ysIQ1VWF2v0+kZNHk8IeXO5gbTw=
58,-61,+hC/Rpl9wXodvk3jc6BJLgaqcJA=,ysIQ1VWF2v0+kZNHk8IeXO5gbTw=
57,-61,+hC/Rpl9wXodvk3jc6BJLgaqcJA=,ysIQ1VWF2v0+kZNHk8IeXO5gbTw=
56,-61,+hC/Rpl9wXodvk3jc6BJLgaqcJA=,ysIQ1VWF2v0+kZNHk8IeXO5gbTw=
54,-61,+hC/Rpl9wXodvk3jc6BJLgaqcJA=,ysIQ1VWF2v0+kZNHk8IeXO5gbTw=
55,-61,+hC/Rpl9wXodvk3jc6BJLgaqcJA=,ysIQ1VWF2v0+kZNHk8IeXO5gbTw=
53,-61,+hC/Rpl9wXodvk3jc6BJLgaqcJA=,ysIQ1VWF2v0+kZNHk8IeXO5gbTw=
52,-61,+hC/Rpl9wXodvk3jc6BJLgaqcJA=,ysIQ1VWF2v0+kZNHk8IeXO5gbTw=
51,-61,+hC/Rpl9wXodvk3jc6BJLgaqcJA=,ysIQ1VWF2v0+kZNHk8IeXO5gbTw=
50,-61,+hC/Rpl9wXodvk3jc6BJLgaqcJA=,ysIQ1VWF2v0+kZNHk8IeXO5gbTw=
49,-61,+hC/Rpl9wXodvk3jc6BJLgaqcJA=,ysIQ1VWF2v0+kZNHk8IeXO5gbTw=
48,-61,+hC/Rpl9wXodvk3jc6BJLgaqcJA=,ysIQ1VWF2v0+kZNHk8IeXO5gbTw=
51,-64,+hC/Rpl9wXodvk3jc6BJLgaqcJA=,ysIQ1VWF2v0+kZNHk8IeXO5gbTw=
63,-62,+hC/Rpl9wXodvk3jc6BJLgaqcJA=,ysIQ1VWF2v0+kZNHk8IeXO5gbTw=
62,-62,+hC/Rpl9wXodvk3jc6BJLgaqcJA=,ysIQ1VWF2v0+kZNHk8IeXO5gbTw=
61,-62,+hC/Rpl9wXodvk3jc6BJLgaqcJA=,ysIQ1VWF2v0+kZNHk8IeXO5gbTw=
60,-62,+hC/Rpl9wXodvk3jc6BJLgaqcJA=,ysIQ1VWF2v0+kZNHk8IeXO5gbTw=
58,-62,+hC/Rpl9wXodvk3jc6BJLgaqcJA=,ysIQ1VWF2v0+kZNHk8IeXO5gbTw=
57,-62,+hC/Rpl9wXodvk3jc6BJLgaqcJA=,ysIQ1VWF2v0+kZNHk8IeXO5gbTw=
56,-62,+hC/Rpl9wXodvk3jc6BJLgaqcJA=,ysIQ1VWF2v0+kZNHk8IeXO5gbTw=
55,-62,+hC/Rpl9wXodvk3jc6BJLgaqcJA=,ysIQ1VWF2v0+kZNHk8IeXO5gbTw=
54,-62,+hC/Rpl9wXodvk3jc6BJLgaqcJA=,ysIQ1VWF2v0+kZNHk8IeXO5gbTw=
53,-62,+hC/Rpl9wXodvk3jc6BJLgaqcJA=,ysIQ1VWF2v0+kZNHk8IeXO5gbTw=
59,-62,+hC/Rpl9wXodvk3jc6BJLgaqcJA=,ysIQ1VWF2v0+kZNHk8IeXO5gbTw=
52,-62,+hC/Rpl9wXodvk3jc6BJLgaqcJA=,ysIQ1VWF2v0+kZNHk8IeXO5gbTw=
51,-62,+hC/Rpl9wXodvk3jc6BJLgaqcJA=,ysIQ1VWF2v0+kZNHk8IeXO5gbTw=
50,-62,+hC/Rpl9wXodvk3jc6BJLgaqcJA=,ysIQ1VWF2v0+kZNHk8IeXO5gbTw=
49,-62,+hC/Rpl9wXodvk3jc6BJLgaqcJA=,ysIQ1VWF2v0+kZNHk8IeXO5gbTw=
48,-62,+hC/Rpl9wXodvk3jc6BJLgaqcJA=,ysIQ1VWF2v0+kZNHk8IeXO5gbTw=
50,-64,+hC/Rpl9wXodvk3jc6BJLgaqcJA=,ysIQ1VWF2v0+kZNHk8IeXO5gbTw=
63,-63,+hC/Rpl9wXodvk3jc6BJLgaqcJA=,ysIQ1VWF2v0+kZNHk8IeXO5gbTw=
49,-64,+hC/Rpl9wXodvk3jc6BJLgaqcJA=,ysIQ1VWF2v0+kZNHk8IeXO5gbTw=
62,-63,+hC/Rpl9wXodvk3jc6BJLgaqcJA=,ysIQ1VWF2v0+kZNHk8IeXO5gbTw=
61,-63,+hC/Rpl9wXodvk3jc6BJLgaqcJA=,ysIQ1VWF2v0+kZNHk8IeXO5gbTw=
60,-63,+hC/Rpl9wXodvk3jc6BJLgaqcJA=,ysIQ1VWF2v0+kZNHk8IeXO5gbTw=
59,-63,+hC/Rpl9wXodvk3jc6BJLgaqcJA=,ysIQ1VWF2v0+kZNHk8IeXO5gbTw=
58,-63,+hC/Rpl9wXodvk3jc6BJLgaqcJA=,ysIQ1VWF2v0+kZNHk8IeXO5gbTw=
57,-63,+hC/Rpl9wXodvk3jc6BJLgaqcJA=,ysIQ1VWF2v0+kZNHk8IeXO5gbTw=
56,-63,+hC/Rpl9wXodvk3jc6BJLgaqcJA=,ysIQ1VWF2v0+kZNHk8IeXO5gbTw=
55,-63,+hC/Rpl9wXodvk3jc6BJLgaqcJA=,ysIQ1VWF2v0+kZNHk8IeXO5gbTw=
54,-63,+hC/Rpl9wXodvk3jc6BJLgaqcJA=,ysIQ1VWF2v0+kZNHk8IeXO5gbTw=
52,-63,+hC/Rpl9wXodvk3jc6BJLgaqcJA=,ysIQ1VWF2v0+kZNHk8IeXO5gbTw=
53,-63,+hC/Rpl9wXodvk3jc6BJLgaqcJA=,ysIQ1VWF2v0+kZNHk8IeXO5gbTw=
50,-63,+hC/Rpl9wXodvk3jc6BJLgaqcJA=,ysIQ1VWF2v0+kZNHk8IeXO5gbTw=
51,-63,+hC/Rpl9wXodvk3jc6BJLgaqcJA=,ysIQ1VWF2v0+kZNHk8IeXO5gbTw=
48,-64,+hC/Rpl9wXodvk3jc6BJLgaqcJA=,ysIQ1VWF2v0+kZNHk8IeXO5gbTw=
49,-63,+hC/Rpl9wXodvk3jc6BJLgaqcJA=,ysIQ1VWF2v0+kZNHk8IeXO5gbTw=
47,-48,Uo0vfiN6OEkoWu3EX2pzp6nDVAo=,ysIQ1VWF2v0+kZNHk8IeXO5gbTw=
32,-47,Uo0vfiN6OEkoWu3EX2pzp6nDVAo=,ysIQ1VWF2v0+kZNHk8IeXO5gbTw=
32,-48,Uo0vfiN6OEkoWu3EX2pzp6nDVAo=,ysIQ1VWF2v0+kZNHk8IeXO5gbTw=
47,-33,Uo0vfiN6OEkoWu3EX2pzp6nDVAo=,ysIQ1VWF2v0+kZNHk8IeXO5gbTw=
46,-33,Uo0vfiN6OEkoWu3EX2pzp6nDVAo=,ysIQ1VWF2v0+kZNHk8IeXO5gbTw=
45,-33,Uo0vfiN6OEkoWu3EX2pzp6nDVAo=,ysIQ1VWF2v0+kZNHk8IeXO5gbTw=
44,-33,Uo0vfiN6OEkoWu3EX2pzp6nDVAo=,ysIQ1VWF2v0+kZNHk8IeXO5gbTw=
43,-33,Uo0vfiN6OEkoWu3EX2pzp6nDVAo=,ysIQ1VWF2v0+kZNHk8IeXO5gbTw=
33,-47,Uo0vfiN6OEkoWu3EX2pzp6nDVAo=,ysIQ1VWF2v0+kZNHk8IeXO5gbTw=
42,-33,Uo0vfiN6OEkoWu3EX2pzp6nDVAo=,ysIQ1VWF2v0+kZNHk8IeXO5gbTw=
41,-33,Uo0vfiN6OEkoWu3EX2pzp6nDVAo=,ysIQ1VWF2v0+kZNHk8IeXO5gbTw=
40,-33,Uo0vfiN6OEkoWu3EX2pzp6nDVAo=,ysIQ1VWF2v0+kZNHk8IeXO5gbTw=
39,-33,Uo0vfiN6OEkoWu3EX2pzp6nDVAo=,ysIQ1VWF2v0+kZNHk8IeXO5gbTw=
34,-47,Uo0vfiN6OEkoWu3EX2pzp6nDVAo=,ysIQ1VWF2v0+kZNHk8IeXO5gbTw=
38,-33,Uo0vfiN6OEkoWu3EX2pzp6nDVAo=,ysIQ1VWF2v0+kZNHk8IeXO5gbTw=
35,-47,Uo0vfiN6OEkoWu3EX2pzp6nDVAo=,ysIQ1VWF2v0+kZNHk8IeXO5gbTw=
36,-47,Uo0vfiN6OEkoWu3EX2pzp6nDVAo=,ysIQ1VWF2v0+kZNHk8IeXO5gbTw=
37,-33,Uo0vfiN6OEkoWu3EX2pzp6nDVAo=,ysIQ1VWF2v0+kZNHk8IeXO5gbTw=
37,-47,Uo0vfiN6OEkoWu3EX2pzp6nDVAo=,ysIQ1VWF2v0+kZNHk8IeXO5gbTw=
36,-33,Uo0vfiN6OEkoWu3EX2pzp6nDVAo=,ysIQ1VWF2v0+kZNHk8IeXO5gbTw=
35,-33,Uo0vfiN6OEkoWu3EX2pzp6nDVAo=,ysIQ1VWF2v0+kZNHk8IeXO5gbTw=
38,-47,Uo0vfiN6OEkoWu3EX2pzp6nDVAo=,ysIQ1VWF2v0+kZNHk8IeXO5gbTw=
34,-33,Uo0vfiN6OEkoWu3EX2pzp6nDVAo=,ysIQ1VWF2v0+kZNHk8IeXO5gbTw=
39,-47,Uo0vfiN6OEkoWu3EX2pzp6nDVAo=,ysIQ1VWF2v0+kZNHk8IeXO5gbTw=
33,-33,Uo0vfiN6OEkoWu3EX2pzp6nDVAo=,ysIQ1VWF2v0+kZNHk8IeXO5gbTw=
46,-48,Uo0vfiN6OEkoWu3EX2pzp6nDVAo=,ysIQ1VWF2v0+kZNHk8IeXO5gbTw=
40,-47,Uo0vfiN6OEkoWu3EX2pzp6nDVAo=,ysIQ1VWF2v0+kZNHk8IeXO5gbTw=
32,-33,Uo0vfiN6OEkoWu3EX2pzp6nDVAo=,ysIQ1VWF2v0+kZNHk8IeXO5gbTw=
47,-34,Uo0vfiN6OEkoWu3EX2pzp6nDVAo=,ysIQ1VWF2v0+kZNHk8IeXO5gbTw=
46,-34,Uo0vfiN6OEkoWu3EX2pzp6nDVAo=,ysIQ1VWF2v0+kZNHk8IeXO5gbTw=
41,-47,Uo0vfiN6OEkoWu3EX2pzp6nDVAo=,ysIQ1VWF2v0+kZNHk8IeXO5gbTw=
45,-34,Uo0vfiN6OEkoWu3EX2pzp6nDVAo=,ysIQ1VWF2v0+kZNHk8IeXO5gbTw=
42,-47,Uo0vfiN6OEkoWu3EX2pzp6nDVAo=,ysIQ1VWF2v0+kZNHk8IeXO5gbTw=
44,-34,Uo0vfiN6OEkoWu3EX2pzp6nDVAo=,ysIQ1VWF2v0+kZNHk8IeXO5gbTw=
43,-34,Uo0vfiN6OEkoWu3EX2pzp6nDVAo=,ysIQ1VWF2v0+kZNHk8IeXO5gbTw=
42,-34,Uo0vfiN6OEkoWu3EX2pzp6nDVAo=,ysIQ1VWF2v0+kZNHk8IeXO5gbTw=
41,-34,Uo0vfiN6OEkoWu3EX2pzp6nDVAo=,ysIQ1VWF2v0+kZNHk8IeXO5gbTw=
43,-47,Uo0vfiN6OEkoWu3EX2pzp6nDVAo=,ysIQ1VWF2v0+kZNHk8IeXO5gbTw=
40,-34,Uo0vfiN6OEkoWu3EX2pzp6nDVAo=,ysIQ1VWF2v0+kZNHk8IeXO5gbTw=
44,-47,Uo0vfiN6OEkoWu3EX2pzp6nDVAo=,ysIQ1VWF2v0+kZNHk8IeXO5gbTw=
39,-34,Uo0vfiN6OEkoWu3EX2pzp6nDVAo=,ysIQ1VWF2v0+kZNHk8IeXO5gbTw=
45,-47,Uo0vfiN6OEkoWu3EX2pzp6nDVAo=,ysIQ1VWF2v0+kZNHk8IeXO5gbTw=
38,-34,Uo0vfiN6OEkoWu3EX2pzp6nDVAo=,ysIQ1VWF2v0+kZNHk8IeXO5gbTw=
46,-47,Uo0vfiN6OEkoWu3EX2pzp6nDVAo=,ysIQ1VWF2v0+kZNHk8IeXO5gbTw=
47,-47,Uo0vfiN6OEkoWu3EX2pzp6nDVAo=,ysIQ1VWF2v0+kZNHk8IeXO5gbTw=
37,-34,Uo0vfiN6OEkoWu3EX2pzp6nDVAo=,ysIQ1VWF2v0+kZNHk8IeXO5gbTw=
36,-34,Uo0vfiN6OEkoWu3EX2pzp6nDVAo=,ysIQ1VWF2v0+kZNHk8IeXO5gbTw=
35,-34,Uo0vfiN6OEkoWu3EX2pzp6nDVAo=,ysIQ1VWF2v0+kZNHk8IeXO5gbTw=
32,-46,Uo0vfiN6OEkoWu3EX2pzp6nDVAo=,ysIQ1VWF2v0+kZNHk8IeXO5gbTw=
34,-34,Uo0vfiN6OEkoWu3EX2pzp6nDVAo=,ysIQ1VWF2v0+kZNHk8IeXO5gbTw=
33,-34,Uo0vfiN6OEkoWu3EX2pzp6nDVAo=,ysIQ1VWF2v0+kZNHk8IeXO5gbTw=
33,-48,Uo0vfiN6OEkoWu3EX2pzp6nDVAo=,ysIQ1VWF2v0+kZNHk8IeXO5gbTw=
45,-48,Uo0vfiN6OEkoWu3EX2pzp6nDVAo=,ysIQ1VWF2v0+kZNHk8IeXO5gbTw=
33,-46,Uo0vfiN6OEkoWu3EX2pzp6nDVAo=,ysIQ1VWF2v0+kZNHk8IeXO5gbTw=
32,-34,Uo0vfiN6OEkoWu3EX2pzp6nDVAo=,ysIQ1VWF2v0+kZNHk8IeXO5gbTw=
47,-35,Uo0vfiN6OEkoWu3EX2pzp6nDVAo=,ysIQ1VWF2v0+kZNHk8IeXO5gbTw=
46,-35,Uo0vfiN6OEkoWu3EX2pzp6nDVAo=,ysIQ1VWF2v0+kZNHk8IeXO5gbTw=
34,-46,Uo0vfiN6OEkoWu3EX2pzp6nDVAo=,ysIQ1VWF2v0+kZNHk8IeXO5gbTw=
45,-35,Uo0vfiN6OEkoWu3EX2pzp6nDVAo=,ysIQ1VWF2v0+kZNHk8IeXO5gbTw=
43,-35,Uo0vfiN6OEkoWu3EX2pzp6nDVAo=,ysIQ1VWF2v0+kZNHk8IeXO5gbTw=
44,-35,Uo0vfiN6OEkoWu3EX2pzp6nDVAo=,ysIQ1VWF2v0+kZNHk8IeXO5gbTw=
42,-35,Uo0vfiN6OEkoWu3EX2pzp6nDVAo=,ysIQ1VWF2v0+kZNHk8IeXO5gbTw=
41,-35,Uo0vfiN6OEkoWu3EX2pzp6nDVAo=,ysIQ1VWF2v0+kZNHk8IeXO5gbTw=
35,-46,Uo0vfiN6OEkoWu3EX2pzp6nDVAo=,ysIQ1VWF2v0+kZNHk8IeXO5gbTw=
40,-35,Uo0vfiN6OEkoWu3EX2pzp6nDVAo=,ysIQ1VWF2v0+kZNHk8IeXO5gbTw=
36,-46,Uo0vfiN6OEkoWu3EX2pzp6nDVAo=,ysIQ1VWF2v0+kZNHk8IeXO5gbTw=
39,-35,Uo0vfiN6OEkoWu3EX2pzp6nDVAo=,ysIQ1VWF2v0+kZNHk8IeXO5gbTw=
38,-35,Uo0vfiN6OEkoWu3EX2pzp6nDVAo=,ysIQ1VWF2v0+kZNHk8IeXO5gbTw=
37,-35,Uo0vfiN6OEkoWu3EX2pzp6nDVAo=,ysIQ1VWF2v0+kZNHk8IeXO5gbTw=
36,-35,Uo0vfiN6OEkoWu3EX2pzp6nDVAo=,ysIQ1VWF2v0+kZNHk8IeXO5gbTw=
35,-35,Uo0vfiN6OEkoWu3EX2pzp6nDVAo=,ysIQ1VWF2v0+kZNHk8IeXO5gbTw=
37,-46,Uo0vfiN6OEkoWu3EX2pzp6nDVAo=,ysIQ1VWF2v0+kZNHk8IeXO5gbTw=
34,-35,Uo0vfiN6OEkoWu3EX2pzp6nDVAo=,ysIQ1VWF2v0+kZNHk8IeXO5gbTw=
33,-35,Uo0vfiN6OEkoWu3EX2pzp6nDVAo=,ysIQ1VWF2v0+kZNHk8IeXO5gbTw=
38,-46,Uo0vfiN6OEkoWu3EX2pzp6nDVAo=,ysIQ1VWF2v0+kZNHk8IeXO5gbTw=
44,-48,Uo0vfiN6OEkoWu3EX2pzp6nDVAo=,ysIQ1VWF2v0+kZNHk8IeXO5gbTw=
32,-35,Uo0vfiN6OEkoWu3EX2pzp6nDVAo=,ysIQ1VWF2v0+kZNHk8IeXO5gbTw=
39,-46,Uo0vfiN6OEkoWu3EX2pzp6nDVAo=,ysIQ1VWF2v0+kZNHk8IeXO5gbTw=
47,-36,Uo0vfiN6OEkoWu3EX2pzp6nDVAo=,ysIQ1VWF2v0+kZNHk8IeXO5gbTw=
46,-36,Uo0vfiN6OEkoWu3EX2pzp6nDVAo=,ysIQ1VWF2v0+kZNHk8IeXO5gbTw=
40,-46,Uo0vfiN6OEkoWu3EX2pzp6nDVAo=,ysIQ1VWF2v0+kZNHk8IeXO5gbTw=
45,-36,Uo0vfiN6OEkoWu3EX2pzp6nDVAo=,ysIQ1VWF2v0+kZNHk8IeXO5gbTw=
44,-36,Uo0vfiN6OEkoWu3EX2pzp6nDVAo=,ysIQ1VWF2v0+kZNHk8IeXO5gbTw=
43,-36,Uo0vfiN6OEkoWu3EX2pzp6nDVAo=,ysIQ1VWF2v0+kZNHk8IeXO5gbTw=
41,-46,Uo0vfiN6OEkoWu3EX2pzp6nDVAo=,ysIQ1VWF2v0+kZNHk8IeXO5gbTw=
42,-46,Uo0vfiN6OEkoWu3EX2pzp6nDVAo=,ysIQ1VWF2v0+kZNHk8IeXO5gbTw=
42,-36,Uo0vfiN6OEkoWu3EX2pzp6nDVAo=,ysIQ1VWF2v0+kZNHk8IeXO5gbTw=
41,-36,Uo0vfiN6OEkoWu3EX2pzp6nDVAo=,ysIQ1VWF2v0+kZNHk8IeXO5gbTw=
43,-46,Uo0vfiN6OEkoWu3EX2pzp6nDVAo=,ysIQ1VWF2v0+kZNHk8IeXO5gbTw=
40,-36,Uo0vfiN6OEkoWu3EX2pzp6nDVAo=,ysIQ1VWF2v0+kZNHk8IeXO5gbTw=
44,-46,Uo0vfiN6OEkoWu3EX2pzp6nDVAo=,ysIQ1VWF2v0+kZNHk8IeXO5gbTw=
45,-46,Uo0vfiN6OEkoWu3EX2pzp6nDVAo=,ysIQ1VWF2v0+kZNHk8IeXO5gbTw=
39,-36,Uo0vfiN6OEkoWu3EX2pzp6nDVAo=,ysIQ1VWF2v0+kZNHk8IeXO5gbTw=
46,-46,Uo0vfiN6OEkoWu3EX2pzp6nDVAo=,ysIQ1VWF2v0+kZNHk8IeXO5gbTw=
38,-36,Uo0vfiN6OEkoWu3EX2pzp6nDVAo=,ysIQ1VWF2v0+kZNHk8IeXO5gbTw=
47,-46,Uo0vfiN6OEkoWu3EX2pzp6nDVAo=,ysIQ1VWF2v0+kZNHk8IeXO5gbTw=
37,-36,Uo0vfiN6OEkoWu3EX2pzp6nDVAo=,ysIQ1VWF2v0+kZNHk8IeXO5gbTw=
36,-36,Uo0vfiN6OEkoWu3EX2pzp6nDVAo=,ysIQ1VWF2v0+kZNHk8IeXO5gbTw=
32,-45,Uo0vfiN6OEkoWu3EX2pzp6nDVAo=,ysIQ1VWF2v0+kZNHk8IeXO5gbTw=
35,-36,Uo0vfiN6OEkoWu3EX2pzp6nDVAo=,ysIQ1VWF2v0+kZNHk8IeXO5gbTw=
34,-36,Uo0vfiN6OEkoWu3EX2pzp6nDVAo=,ysIQ1VWF2v0+kZNHk8IeXO5gbTw=
34,-48,Uo0vfiN6OEkoWu3EX2pzp6nDVAo=,ysIQ1VWF2v0+kZNHk8IeXO5gbTw=
33,-45,Uo0vfiN6OEkoWu3EX2pzp6nDVAo=,ysIQ1VWF2v0+kZNHk8IeXO5gbTw=
34,-45,Uo0vfiN6OEkoWu3EX2pzp6nDVAo=,ysIQ1VWF2v0+kZNHk8IeXO5gbTw=
33,-36,Uo0vfiN6OEkoWu3EX2pzp6nDVAo=,ysIQ1VWF2v0+kZNHk8IeXO5gbTw=
35,-45,Uo0vfiN6OEkoWu3EX2pzp6nDVAo=,ysIQ1VWF2v0+kZNHk8IeXO5gbTw=
43,-48,Uo0vfiN6OEkoWu3EX2pzp6nDVAo=,ysIQ1VWF2v0+kZNHk8IeXO5gbTw=
32,-36,Uo0vfiN6OEkoWu3EX2pzp6nDVAo=,ysIQ1VWF2v0+kZNHk8IeXO5gbTw=
47,-37,Uo0vfiN6OEkoWu3EX2pzp6nDVAo=,ysIQ1VWF2v0+kZNHk8IeXO5gbTw=
36,-45,Uo0vfiN6OEkoWu3EX2pzp6nDVAo=,ysIQ1VWF2v0+kZNHk8IeXO5gbTw=
46,-37,Uo0vfiN6OEkoWu3EX2pzp6nDVAo=,ysIQ1VWF2v0+kZNHk8IeXO5gbTw=
43,-37,Uo0vfiN6OEkoWu3EX2pzp6nDVAo=,ysIQ1VWF2v0+kZNHk8IeXO5gbTw=
44,-37,Uo0vfiN6OEkoWu3EX2pzp6nDVAo=,ysIQ1VWF2v0+kZNHk8IeXO5gbTw=
45,-37,Uo0vfiN6OEkoWu3EX2pzp6nDVAo=,ysIQ1VWF2v0+kZNHk8IeXO5gbTw=
41,-37,Uo0vfiN6OEkoWu3EX2pzp6nDVAo=,ysIQ1VWF2v0+kZNHk8IeXO5gbTw=
42,-37,Uo0vfiN6OEkoWu3EX2pzp6nDVAo=,ysIQ1VWF2v0+kZNHk8IeXO5gbTw=
40,-37,Uo0vfiN6OEkoWu3EX2pzp6nDVAo=,ysIQ1VWF2v0+kZNHk8IeXO5gbTw=
39,-37,Uo0vfiN6OEkoWu3EX2pzp6nDVAo=,ysIQ1VWF2v0+kZNHk8IeXO5gbTw=
38,-37,Uo0vfiN6OEkoWu3EX2pzp6nDVAo=,ysIQ1VWF2v0+kZNHk8IeXO5gbTw=
36,-37,Uo0vfiN6OEkoWu3EX2pzp6nDVAo=,ysIQ1VWF2v0+kZNHk8IeXO5gbTw=
35,-37,Uo0vfiN6OEkoWu3EX2pzp6nDVAo=,ysIQ1VWF2v0+kZNHk8IeXO5gbTw=
37,-37,Uo0vfiN6OEkoWu3EX2pzp6nDVAo=,ysIQ1VWF2v0+kZNHk8IeXO5gbTw=
34,-37,Uo0vfiN6OEkoWu3EX2pzp6nDVAo=,ysIQ1VWF2v0+kZNHk8IeXO5gbTw=
33,-37,Uo0vfiN6OEkoWu3EX2pzp6nDVAo=,ysIQ1VWF2v0+kZNHk8IeXO5gbTw=
32,-37,Uo0vfiN6OEkoWu3EX2pzp6nDVAo=,ysIQ1VWF2v0+kZNHk8IeXO5gbTw=
46,-38,Uo0vfiN6OEkoWu3EX2pzp6nDVAo=,ysIQ1VWF2v0+kZNHk8IeXO5gbTw=
45,-38,Uo0vfiN6OEkoWu3EX2pzp6nDVAo=,ysIQ1VWF2v0+kZNHk8IeXO5gbTw=
44,-38,Uo0vfiN6OEkoWu3EX2pzp6nDVAo=,ysIQ1VWF2v0+kZNHk8IeXO5gbTw=
37,-45,Uo0vfiN6OEkoWu3EX2pzp6nDVAo=,ysIQ1VWF2v0+kZNHk8IeXO5gbTw=
43,-38,Uo0vfiN6OEkoWu3EX2pzp6nDVAo=,ysIQ1VWF2v0+kZNHk8IeXO5gbTw=
38,-45,Uo0vfiN6OEkoWu3EX2pzp6nDVAo=,ysIQ1VWF2v0+kZNHk8IeXO5gbTw=
42,-48,Uo0vfiN6OEkoWu3EX2pzp6nDVAo=,ysIQ1VWF2v0+kZNHk8IeXO5gbTw=
41,-38,Uo0vfiN6OEkoWu3EX2pzp6nDVAo=,ysIQ1VWF2v0+kZNHk8IeXO5gbTw=
39,-45,Uo0vfiN6OEkoWu3EX2pzp6nDVAo=,ysIQ1VWF2v0+kZNHk8IeXO5gbTw=
40,-38,Uo0vfiN6OEkoWu3EX2pzp6nDVAo=,ysIQ1VWF2v0+kZNHk8IeXO5gbTw=
40,-45,Uo0vfiN6OEkoWu3EX2pzp6nDVAo=,ysIQ1VWF2v0+kZNHk8IeXO5gbTw=
39,-38,Uo0vfiN6OEkoWu3EX2pzp6nDVAo=,ysIQ1VWF2v0+kZNHk8IeXO5gbTw=
41,-45,Uo0vfiN6OEkoWu3EX2pzp6nDVAo=,ysIQ1VWF2v0+kZNHk8IeXO5gbTw=
38,-38,Uo0vfiN6OEkoWu3EX2pzp6nDVAo=,ysIQ1VWF2v0+kZNHk8IeXO5gbTw=
47,-38,Uo0vfiN6OEkoWu3EX2pzp6nDVAo=,ysIQ1VWF2v0+kZNHk8IeXO5gbTw=
42,-38,Uo0vfiN6OEkoWu3EX2pzp6nDVAo=,ysIQ1VWF2v0+kZNHk8IeXO5gbTw=
34,-38,Uo0vfiN6OEkoWu3EX2pzp6nDVAo=,ysIQ1VWF2v0+kZNHk8IeXO5gbTw=
33,-38,Uo0vfiN6OEkoWu3EX2pzp6nDVAo=,ysIQ1VWF2v0+kZNHk8IeXO5gbTw=
32,-38,Uo0vfiN6OEkoWu3EX2pzp6nDVAo=,ysIQ1VWF2v0+kZNHk8IeXO5gbTw=
37,-38,Uo0vfiN6OEkoWu3EX2pzp6nDVAo=,ysIQ1VWF2v0+kZNHk8IeXO5gbTw=
35,-38,Uo0vfiN6OEkoWu3EX2pzp6nDVAo=,ysIQ1VWF2v0+kZNHk8IeXO5gbTw=
36,-38,Uo0vfiN6OEkoWu3EX2pzp6nDVAo=,ysIQ1VWF2v0+kZNHk8IeXO5gbTw=
47,-39,Uo0vfiN6OEkoWu3EX2pzp6nDVAo=,ysIQ1VWF2v0+kZNHk8IeXO5gbTw=
45,-39,Uo0vfiN6OEkoWu3EX2pzp6nDVAo=,ysIQ1VWF2v0+kZNHk8IeXO5gbTw=
44,-39,Uo0vfiN6OEkoWu3EX2pzp6nDVAo=,ysIQ1VWF2v0+kZNHk8IeXO5gbTw=
43,-39,Uo0vfiN6OEkoWu3EX2pzp6nDVAo=,ysIQ1VWF2v0+kZNHk8IeXO5gbTw=
42,-39,Uo0vfiN6OEkoWu3EX2pzp6nDVAo=,ysIQ1VWF2v0+kZNHk8IeXO5gbTw=
41,-39,Uo0vfiN6OEkoWu3EX2pzp6nDVAo=,ysIQ1VWF2v0+kZNHk8IeXO5gbTw=
41,-48,Uo0vfiN6OEkoWu3EX2pzp6nDVAo=,ysIQ1VWF2v0+kZNHk8IeXO5gbTw=
40,-39,Uo0vfiN6OEkoWu3EX2pzp6nDVAo=,ysIQ1VWF2v0+kZNHk8IeXO5gbTw=
46,-39,Uo0vfiN6OEkoWu3EX2pzp6nDVAo=,ysIQ1VWF2v0+kZNHk8IeXO5gbTw=
38,-39,Uo0vfiN6OEkoWu3EX2pzp6nDVAo=,ysIQ1VWF2v0+kZNHk8IeXO5gbTw=
36,-39,Uo0vfiN6OEkoWu3EX2pzp6nDVAo=,ysIQ1VWF2v0+kZNHk8IeXO5gbTw=
39,-39,Uo0vfiN6OEkoWu3EX2pzp6nDVAo=,ysIQ1VWF2v0+kZNHk8IeXO5gbTw=
34,-39,Uo0vfiN6OEkoWu3EX2pzp6nDVAo=,ysIQ1VWF2v0+kZNHk8IeXO5gbTw=
33,-39,Uo0vfiN6OEkoWu3EX2pzp6nDVAo=,ysIQ1VWF2v0+kZNHk8IeXO5gbTw=
35,-39,Uo0vfiN6OEkoWu3EX2pzp6nDVAo=,ysIQ1VWF2v0+kZNHk8IeXO5gbTw=
32,-39,Uo0vfiN6OEkoWu3EX2pzp6nDVAo=,ysIQ1VWF2v0+kZNHk8IeXO5gbTw=
42,-45,Uo0vfiN6OEkoWu3EX2pzp6nDVAo=,ysIQ1VWF2v0+kZNHk8IeXO5gbTw=
37,-39,Uo0vfiN6OEkoWu3EX2pzp6nDVAo=,ysIQ1VWF2v0+kZNHk8IeXO5gbTw=
43,-45,Uo0vfiN6OEkoWu3EX2pzp6nDVAo=,ysIQ1VWF2v0+kZNHk8IeXO5gbTw=
44,-45,Uo0vfiN6OEkoWu3EX2pzp6nDVAo=,ysIQ1VWF2v0+kZNHk8IeXO5gbTw=
40,-48,Uo0vfiN6OEkoWu3EX2pzp6nDVAo=,ysIQ1VWF2v0+kZNHk8IeXO5gbTw=
46,-40,Uo0vfiN6OEkoWu3EX2pzp6nDVAo=,ysIQ1VWF2v0+kZNHk8IeXO5gbTw=
44,-40,Uo0vfiN6OEkoWu3EX2pzp6nDVAo=,ysIQ1VWF2v0+kZNHk8IeXO5gbTw=
43,-40,Uo0vfiN6OEkoWu3EX2pzp6nDVAo=,ysIQ1VWF2v0+kZNHk8IeXO5gbTw=
47,-40,Uo0vfiN6OEkoWu3EX2pzp6nDVAo=,ysIQ1VWF2v0+kZNHk8IeXO5gbTw=
41,-40,Uo0vfiN6OEkoWu3EX2pzp6nDVAo=,ysIQ1VWF2v0+kZNHk8IeXO5gbTw=
45,-40,Uo0vfiN6OEkoWu3EX2pzp6nDVAo=,ysIQ1VWF2v0+kZNHk8IeXO5gbTw=
42,-40,Uo0vfiN6OEkoWu3EX2pzp6nDVAo=,ysIQ1VWF2v0+kZNHk8IeXO5gbTw=
38,-40,Uo0vfiN6OEkoWu3EX2pzp6nDVAo=,ysIQ1VWF2v0+kZNHk8IeXO5gbTw=
37,-40,Uo0vfiN6OEkoWu3EX2pzp6nDVAo=,ysIQ1VWF2v0+kZNHk8IeXO5gbTw=
40,-40,Uo0vfiN6OEkoWu3EX2pzp6nDVAo=,ysIQ1VWF2v0+kZNHk8IeXO5gbTw=
36,-40,Uo0vfiN6OEkoWu3EX2pzp6nDVAo=,ysIQ1VWF2v0+kZNHk8IeXO5gbTw=
33,-40,Uo0vfiN6OEkoWu3EX2pzp6nDVAo=,ysIQ1VWF2v0+kZNHk8IeXO5gbTw=
39,-48,Uo0vfiN6OEkoWu3EX2pzp6nDVAo=,ysIQ1VWF2v0+kZNHk8IeXO5gbTw=
34,-40,Uo0vfiN6OEkoWu3EX2pzp6nDVAo=,ysIQ1VWF2v0+kZNHk8IeXO5gbTw=
32,-40,Uo0vfiN6OEkoWu3EX2pzp6nDVAo=,ysIQ1VWF2v0+kZNHk8IeXO5gbTw=
45,-45,Uo0vfiN6OEkoWu3EX2pzp6nDVAo=,ysIQ1VWF2v0+kZNHk8IeXO5gbTw=
47,-41,Uo0vfiN6OEkoWu3EX2pzp6nDVAo=,ysIQ1VWF2v0+kZNHk8IeXO5gbTw=
46,-45,Uo0vfiN6OEkoWu3EX2pzp6nDVAo=,ysIQ1VWF2v0+kZNHk8IeXO5gbTw=
46,-41,Uo0vfiN6OEkoWu3EX2pzp6nDVAo=,ysIQ1VWF2v0+kZNHk8IeXO5gbTw=
47,-45,Uo0vfiN6OEkoWu3EX2pzp6nDVAo=,ysIQ1VWF2v0+kZNHk8IeXO5gbTw=
32,-44,Uo0vfiN6OEkoWu3EX2pzp6nDVAo=,ysIQ1VWF2v0+kZNHk8IeXO5gbTw=
35,-48,Uo0vfiN6OEkoWu3EX2pzp6nDVAo=,ysIQ1VWF2v0+kZNHk8IeXO5gbTw=
45,-41,Uo0vfiN6OEkoWu3EX2pzp6nDVAo=,ysIQ1VWF2v0+kZNHk8IeXO5gbTw=
33,-44,Uo0vfiN6OEkoWu3EX2pzp6nDVAo=,ysIQ1VWF2v0+kZNHk8IeXO5gbTw=
44,-41,Uo0vfiN6OEkoWu3EX2pzp6nDVAo=,ysIQ1VWF2v0+kZNHk8IeXO5gbTw=
34,-44,Uo0vfiN6OEkoWu3EX2pzp6nDVAo=,ysIQ1VWF2v0+kZNHk8IeXO5gbTw=
43,-41,Uo0vfiN6OEkoWu3EX2pzp6nDVAo=,ysIQ1VWF2v0+kZNHk8IeXO5gbTw=
35,-44,Uo0vfiN6OEkoWu3EX2pzp6nDVAo=,ysIQ1VWF2v0+kZNHk8IeXO5gbTw=
39,-40,Uo0vfiN6OEkoWu3EX2pzp6nDVAo=,ysIQ1VWF2v0+kZNHk8IeXO5gbTw=
42,-41,Uo0vfiN6OEkoWu3EX2pzp6nDVAo=,ysIQ1VWF2v0+kZNHk8IeXO5gbTw=
36,-44,Uo0vfiN6OEkoWu3EX2pzp6nDVAo=,ysIQ1VWF2v0+kZNHk8IeXO5gbTw=
41,-41,Uo0vfiN6OEkoWu3EX2pzp6nDVAo=,ysIQ1VWF2v0+kZNHk8IeXO5gbTw=
38,-44,Uo0vfiN6OEkoWu3EX2pzp6nDVAo=,ysIQ1VWF2v0+kZNHk8IeXO5gbTw=
40,-41,Uo0vfiN6OEkoWu3EX2pzp6nDVAo=,ysIQ1VWF2v0+kZNHk8IeXO5gbTw=
38,-41,Uo0vfiN6OEkoWu3EX2pzp6nDVAo=,ysIQ1VWF2v0+kZNHk8IeXO5gbTw=
37,-44,Uo0vfiN6OEkoWu3EX2pzp6nDVAo=,ysIQ1VWF2v0+kZNHk8IeXO5gbTw=
35,-40,Uo0vfiN6OEkoWu3EX2pzp6nDVAo=,ysIQ1VWF2v0+kZNHk8IeXO5gbTw=
39,-44,Uo0vfiN6OEkoWu3EX2pzp6nDVAo=,ysIQ1VWF2v0+kZNHk8IeXO5gbTw=
40,-44,Uo0vfiN6OEkoWu3EX2pzp6nDVAo=,ysIQ1VWF2v0+kZNHk8IeXO5gbTw=
39,-41,Uo0vfiN6OEkoWu3EX2pzp6nDVAo=,ysIQ1VWF2v0+kZNHk8IeXO5gbTw=
41,-44,Uo0vfiN6OEkoWu3EX2pzp6nDVAo=,ysIQ1VWF2v0+kZNHk8IeXO5gbTw=
37,-41,Uo0vfiN6OEkoWu3EX2pzp6nDVAo=,ysIQ1VWF2v0+kZNHk8IeXO5gbTw=
35,-41,Uo0vfiN6OEkoWu3EX2pzp6nDVAo=,ysIQ1VWF2v0+kZNHk8IeXO5gbTw=
36,-41,Uo0vfiN6OEkoWu3EX2pzp6nDVAo=,ysIQ1VWF2v0+kZNHk8IeXO5gbTw=
34,-41,Uo0vfiN6OEkoWu3EX2pzp6nDVAo=,ysIQ1VWF2v0+kZNHk8IeXO5gbTw=
42,-44,Uo0vfiN6OEkoWu3EX2pzp6nDVAo=,ysIQ1VWF2v0+kZNHk8IeXO5gbTw=
38,-48,Uo0vfiN6OEkoWu3EX2pzp6nDVAo=,ysIQ1VWF2v0+kZNHk8IeXO5gbTw=
33,-41,Uo0vfiN6OEkoWu3EX2pzp6nDVAo=,ysIQ1VWF2v0+kZNHk8IeXO5gbTw=
32,-41,Uo0vfiN6OEkoWu3EX2pzp6nDVAo=,ysIQ1VWF2v0+kZNHk8IeXO5gbTw=
43,-44,Uo0vfiN6OEkoWu3EX2pzp6nDVAo=,ysIQ1VWF2v0+kZNHk8IeXO5gbTw=
44,-44,Uo0vfiN6OEkoWu3EX2pzp6nDVAo=,ysIQ1VWF2v0+kZNHk8IeXO5gbTw=
47,-42,Uo0vfiN6OEkoWu3EX2pzp6nDVAo=,ysIQ1VWF2v0+kZNHk8IeXO5gbTw=
45,-44,Uo0vfiN6OEkoWu3EX2pzp6nDVAo=,ysIQ1VWF2v0+kZNHk8IeXO5gbTw=
46,-42,Uo0vfiN6OEkoWu3EX2pzp6nDVAo=,ysIQ1VWF2v0+kZNHk8IeXO5gbTw=
45,-42,Uo0vfiN6OEkoWu3EX2pzp6nDVAo=,ysIQ1VWF2v0+kZNHk8IeXO5gbTw=
44,-42,Uo0vfiN6OEkoWu3EX2pzp6nDVAo=,ysIQ1VWF2v0+kZNHk8IeXO5gbTw=
43,-42,Uo0vfiN6OEkoWu3EX2pzp6nDVAo=,ysIQ1VWF2v0+kZNHk8IeXO5gbTw=
46,-44,Uo0vfiN6OEkoWu3EX2pzp6nDVAo=,ysIQ1VWF2v0+kZNHk8IeXO5gbTw=
41,-42,Uo0vfiN6OEkoWu3EX2pzp6nDVAo=,ysIQ1VWF2v0+kZNHk8IeXO5gbTw=
32,-43,Uo0vfiN6OEkoWu3EX2pzp6nDVAo=,ysIQ1VWF2v0+kZNHk8IeXO5gbTw=
47,-44,Uo0vfiN6OEkoWu3EX2pzp6nDVAo=,ysIQ1VWF2v0+kZNHk8IeXO5gbTw=
36,-48,Uo0vfiN6OEkoWu3EX2pzp6nDVAo=,ysIQ1VWF2v0+kZNHk8IeXO5gbTw=
33,-43,Uo0vfiN6OEkoWu3EX2pzp6nDVAo=,ysIQ1VWF2v0+kZNHk8IeXO5gbTw=
34,-43,Uo0vfiN6OEkoWu3EX2pzp6nDVAo=,ysIQ1VWF2v0+kZNHk8IeXO5gbTw=
35,-43,Uo0vfiN6OEkoWu3EX2pzp6nDVAo=,ysIQ1VWF2v0+kZNHk8IeXO5gbTw=
40,-42,Uo0vfiN6OEkoWu3EX2pzp6nDVAo=,ysIQ1VWF2v0+kZNHk8IeXO5gbTw=
36,-43,Uo0vfiN6OEkoWu3EX2pzp6nDVAo=,ysIQ1VWF2v0+kZNHk8IeXO5gbTw=
39,-42,Uo0vfiN6OEkoWu3EX2pzp6nDVAo=,ysIQ1VWF2v0+kZNHk8IeXO5gbTw=
38,-42,Uo0vfiN6OEkoWu3EX2pzp6nDVAo=,ysIQ1VWF2v0+kZNHk8IeXO5gbTw=
35,-42,Uo0vfiN6OEkoWu3EX2pzp6nDVAo=,ysIQ1VWF2v0+kZNHk8IeXO5gbTw=
36,-42,Uo0vfiN6OEkoWu3EX2pzp6nDVAo=,ysIQ1VWF2v0+kZNHk8IeXO5gbTw=
34,-42,Uo0vfiN6OEkoWu3EX2pzp6nDVAo=,ysIQ1VWF2v0+kZNHk8IeXO5gbTw=
37,-43,Uo0vfiN6OEkoWu3EX2pzp6nDVAo=,ysIQ1VWF2v0+kZNHk8IeXO5gbTw=
33,-42,Uo0vfiN6OEkoWu3EX2pzp6nDVAo=,ysIQ1VWF2v0+kZNHk8IeXO5gbTw=
32,-42,Uo0vfiN6OEkoWu3EX2pzp6nDVAo=,ysIQ1VWF2v0+kZNHk8IeXO5gbTw=
37,-42,Uo0vfiN6OEkoWu3EX2pzp6nDVAo=,ysIQ1VWF2v0+kZNHk8IeXO5gbTw=
38,-43,Uo0vfiN6OEkoWu3EX2pzp6nDVAo=,ysIQ1VWF2v0+kZNHk8IeXO5gbTw=
37,-48,Uo0vfiN6OEkoWu3EX2pzp6nDVAo=,ysIQ1VWF2v0+kZNHk8IeXO5gbTw=
39,-43,Uo0vfiN6OEkoWu3EX2pzp6nDVAo=,ysIQ1VWF2v0+kZNHk8IeXO5gbTw=
40,-43,Uo0vfiN6OEkoWu3EX2pzp6nDVAo=,ysIQ1VWF2v0+kZNHk8IeXO5gbTw=
47,-43,Uo0vfiN6OEkoWu3EX2pzp6nDVAo=,ysIQ1VWF2v0+kZNHk8IeXO5gbTw=
41,-43,Uo0vfiN6OEkoWu3EX2pzp6nDVAo=,ysIQ1VWF2v0+kZNHk8IeXO5gbTw=
46,-43,Uo0vfiN6OEkoWu3EX2pzp6nDVAo=,ysIQ1VWF2v0+kZNHk8IeXO5gbTw=
45,-43,Uo0vfiN6OEkoWu3EX2pzp6nDVAo=,ysIQ1VWF2v0+kZNHk8IeXO5gbTw=
42,-43,Uo0vfiN6OEkoWu3EX2pzp6nDVAo=,ysIQ1VWF2v0+kZNHk8IeXO5gbTw=
44,-43,Uo0vfiN6OEkoWu3EX2pzp6nDVAo=,ysIQ1VWF2v0+kZNHk8IeXO5gbTw=
43,-43,Uo0vfiN6OEkoWu3EX2pzp6nDVAo=,ysIQ1VWF2v0+kZNHk8IeXO5gbTw=
42,-42,Uo0vfiN6OEkoWu3EX2pzp6nDVAo=,ysIQ1VWF2v0+kZNHk8IeXO5gbTw=
48,-47,Uo0vfiN6OEkoWu3EX2pzp6nDVAo=,ysIQ1VWF2v0+kZNHk8IeXO5gbTw=
49,-47,Uo0vfiN6OEkoWu3EX2pzp6nDVAo=,ysIQ1VWF2v0+kZNHk8IeXO5gbTw=
62,-33,Uo0vfiN6OEkoWu3EX2pzp6nDVAo=,ysIQ1VWF2v0+kZNHk8IeXO5gbTw=
63,-33,Uo0vfiN6OEkoWu3EX2pzp6nDVAo=,ysIQ1VWF2v0+kZNHk8IeXO5gbTw=
62,-48,Uo0vfiN6OEkoWu3EX2pzp6nDVAo=,ysIQ1VWF2v0+kZNHk8IeXO5gbTw=
63,-48,Uo0vfiN6OEkoWu3EX2pzp6nDVAo=,ysIQ1VWF2v0+kZNHk8IeXO5gbTw=
60,-48,Uo0vfiN6OEkoWu3EX2pzp6nDVAo=,ysIQ1VWF2v0+kZNHk8IeXO5gbTw=
61,-48,Uo0vfiN6OEkoWu3EX2pzp6nDVAo=,ysIQ1VWF2v0+kZNHk8IeXO5gbTw=
58,-48,Uo0vfiN6OEkoWu3EX2pzp6nDVAo=,ysIQ1VWF2v0+kZNHk8IeXO5gbTw=
57,-48,Uo0vfiN6OEkoWu3EX2pzp6nDVAo=,ysIQ1VWF2v0+kZNHk8IeXO5gbTw=
59,-48,Uo0vfiN6OEkoWu3EX2pzp6nDVAo=,ysIQ1VWF2v0+kZNHk8IeXO5gbTw=
55,-48,Uo0vfiN6OEkoWu3EX2pzp6nDVAo=,ysIQ1VWF2v0+kZNHk8IeXO5gbTw=
56,-48,Uo0vfiN6OEkoWu3EX2pzp6nDVAo=,ysIQ1VWF2v0+kZNHk8IeXO5gbTw=
54,-48,Uo0vfiN6OEkoWu3EX2pzp6nDVAo=,ysIQ1VWF2v0+kZNHk8IeXO5gbTw=
52,-48,Uo0vfiN6OEkoWu3EX2pzp6nDVAo=,ysIQ1VWF2v0+kZNHk8IeXO5gbTw=
53,-48,Uo0vfiN6OEkoWu3EX2pzp6nDVAo=,ysIQ1VWF2v0+kZNHk8IeXO5gbTw=
51,-48,Uo0vfiN6OEkoWu3EX2pzp6nDVAo=,ysIQ1VWF2v0+kZNHk8IeXO5gbTw=
50,-48,Uo0vfiN6OEkoWu3EX2pzp6nDVAo=,ysIQ1VWF2v0+kZNHk8IeXO5gbTw=
49,-48,Uo0vfiN6OEkoWu3EX2pzp6nDVAo=,ysIQ1VWF2v0+kZNHk8IeXO5gbTw=
61,-33,Uo0vfiN6OEkoWu3EX2pzp6nDVAo=,ysIQ1VWF2v0+kZNHk8IeXO5gbTw=
48,-48,Uo0vfiN6OEkoWu3EX2pzp6nDVAo=,ysIQ1VWF2v0+kZNHk8IeXO5gbTw=
59,-33,Uo0vfiN6OEkoWu3EX2pzp6nDVAo=,ysIQ1VWF2v0+kZNHk8IeXO5gbTw=
60,-33,Uo0vfiN6OEkoWu3EX2pzp6nDVAo=,ysIQ1VWF2v0+kZNHk8IeXO5gbTw=
58,-33,Uo0vfiN6OEkoWu3EX2pzp6nDVAo=,ysIQ1VWF2v0+kZNHk8IeXO5gbTw=
57,-33,Uo0vfiN6OEkoWu3EX2pzp6nDVAo=,ysIQ1VWF2v0+kZNHk8IeXO5gbTw=
56,-33,Uo0vfiN6OEkoWu3EX2pzp6nDVAo=,ysIQ1VWF2v0+kZNHk8IeXO5gbTw=
55,-33,Uo0vfiN6OEkoWu3EX2pzp6nDVAo=,ysIQ1VWF2v0+kZNHk8IeXO5gbTw=
54,-33,Uo0vfiN6OEkoWu3EX2pzp6nDVAo=,ysIQ1VWF2v0+kZNHk8IeXO5gbTw=
52,-33,Uo0vfiN6OEkoWu3EX2pzp6nDVAo=,ysIQ1VWF2v0+kZNHk8IeXO5gbTw=
51,-33,Uo0vfiN6OEkoWu3EX2pzp6nDVAo=,ysIQ1VWF2v0+kZNHk8IeXO5gbTw=
50,-33,Uo0vfiN6OEkoWu3EX2pzp6nDVAo=,ysIQ1VWF2v0+kZNHk8IeXO5gbTw=
49,-33,Uo0vfiN6OEkoWu3EX2pzp6nDVAo=,ysIQ1VWF2v0+kZNHk8IeXO5gbTw=
48,-33,Uo0vfiN6OEkoWu3EX2pzp6nDVAo=,ysIQ1VWF2v0+kZNHk8IeXO5gbTw=
53,-33,Uo0vfiN6OEkoWu3EX2pzp6nDVAo=,ysIQ1VWF2v0+kZNHk8IeXO5gbTw=
63,-34,Uo0vfiN6OEkoWu3EX2pzp6nDVAo=,ysIQ1VWF2v0+kZNHk8IeXO5gbTw=
62,-34,Uo0vfiN6OEkoWu3EX2pzp6nDVAo=,ysIQ1VWF2v0+kZNHk8IeXO5gbTw=
60,-34,Uo0vfiN6OEkoWu3EX2pzp6nDVAo=,ysIQ1VWF2v0+kZNHk8IeXO5gbTw=
61,-34,Uo0vfiN6OEkoWu3EX2pzp6nDVAo=,ysIQ1VWF2v0+kZNHk8IeXO5gbTw=
58,-34,Uo0vfiN6OEkoWu3EX2pzp6nDVAo=,ysIQ1VWF2v0+kZNHk8IeXO5gbTw=
59,-34,Uo0vfiN6OEkoWu3EX2pzp6nDVAo=,ysIQ1VWF2v0+kZNHk8IeXO5gbTw=
57,-34,Uo0vfiN6OEkoWu3EX2pzp6nDVAo=,ysIQ1VWF2v0+kZNHk8IeXO5gbTw=
55,-34,Uo0vfiN6OEkoWu3EX2pzp6nDVAo=,ysIQ1VWF2v0+kZNHk8IeXO5gbTw=
56,-34,Uo0vfiN6OEkoWu3EX2pzp6nDVAo=,ysIQ1VWF2v0+kZNHk8IeXO5gbTw=
54,-34,Uo0vfiN6OEkoWu3EX2pzp6nDVAo=,ysIQ1VWF2v0+kZNHk8IeXO5gbTw=
53,-34,Uo0vfiN6OEkoWu3EX2pzp6nDVAo=,ysIQ1VWF2v0+kZNHk8IeXO5gbTw=
51,-34,Uo0vfiN6OEkoWu3EX2pzp6nDVAo=,ysIQ1VWF2v0+kZNHk8IeXO5gbTw=
50,-34,Uo0vfiN6OEkoWu3EX2pzp6nDVAo=,ysIQ1VWF2v0+kZNHk8IeXO5gbTw=
52,-34,Uo0vfiN6OEkoWu3EX2pzp6nDVAo=,ysIQ1VWF2v0+kZNHk8IeXO5gbTw=
48,-34,Uo0vfiN6OEkoWu3EX2pzp6nDVAo=,ysIQ1VWF2v0+kZNHk8IeXO5gbTw=
49,-34,Uo0vfiN6OEkoWu3EX2pzp6nDVAo=,ysIQ1VWF2v0+kZNHk8IeXO5gbTw=
63,-35,Uo0vfiN6OEkoWu3EX2pzp6nDVAo=,ysIQ1VWF2v0+kZNHk8IeXO5gbTw=
62,-35,Uo0vfiN6OEkoWu3EX2pzp6nDVAo=,ysIQ1VWF2v0+kZNHk8IeXO5gbTw=
60,-35,Uo0vfiN6OEkoWu3EX2pzp6nDVAo=,ysIQ1VWF2v0+kZNHk8IeXO5gbTw=
61,-35,Uo0vfiN6OEkoWu3EX2pzp6nDVAo=,ysIQ1VWF2v0+kZNHk8IeXO5gbTw=
59,-35,Uo0vfiN6OEkoWu3EX2pzp6nDVAo=,ysIQ1VWF2v0+kZNHk8IeXO5gbTw=
58,-35,Uo0vfiN6OEkoWu3EX2pzp6nDVAo=,ysIQ1VWF2v0+kZNHk8IeXO5gbTw=
57,-35,Uo0vfiN6OEkoWu3EX2pzp6nDVAo=,ysIQ1VWF2v0+kZNHk8IeXO5gbTw=
56,-35,Uo0vfiN6OEkoWu3EX2pzp6nDVAo=,ysIQ1VWF2v0+kZNHk8IeXO5gbTw=
55,-35,Uo0vfiN6OEkoWu3EX2pzp6nDVAo=,ysIQ1VWF2v0+kZNHk8IeXO5gbTw=
53,-35,Uo0vfiN6OEkoWu3EX2pzp6nDVAo=,ysIQ1VWF2v0+kZNHk8IeXO5gbTw=
52,-35,Uo0vfiN6OEkoWu3EX2pzp6nDVAo=,ysIQ1VWF2v0+kZNHk8IeXO5gbTw=
54,-35,Uo0vfiN6OEkoWu3EX2pzp6nDVAo=,ysIQ1VWF2v0+kZNHk8IeXO5gbTw=
51,-35,Uo0vfiN6OEkoWu3EX2pzp6nDVAo=,ysIQ1VWF2v0+kZNHk8IeXO5gbTw=
50,-35,Uo0vfiN6OEkoWu3EX2pzp6nDVAo=,ysIQ1VWF2v0+kZNHk8IeXO5gbTw=
48,-35,Uo0vfiN6OEkoWu3EX2pzp6nDVAo=,ysIQ1VWF2v0+kZNHk8IeXO5gbTw=
49,-35,Uo0vfiN6OEkoWu3EX2pzp6nDVAo=,ysIQ1VWF2v0+kZNHk8IeXO5gbTw=
63,-36,Uo0vfiN6OEkoWu3EX2pzp6nDVAo=,ysIQ1VWF2v0+kZNHk8IeXO5gbTw=
62,-36,Uo0vfiN6OEkoWu3EX2pzp6nDVAo=,ysIQ1VWF2v0+kZNHk8IeXO5gbTw=
61,-36,Uo0vfiN6OEkoWu3EX2pzp6nDVAo=,ysIQ1VWF2v0+kZNHk8IeXO5gbTw=
60,-36,Uo0vfiN6OEkoWu3EX2pzp6nDVAo=,ysIQ1VWF2v0+kZNHk8IeXO5gbTw=
58,-36,Uo0vfiN6OEkoWu3EX2pzp6nDVAo=,ysIQ1VWF2v0+kZNHk8IeXO5gbTw=
59,-36,Uo0vfiN6OEkoWu3EX2pzp6nDVAo=,ysIQ1VWF2v0+kZNHk8IeXO5gbTw=
57,-36,Uo0vfiN6OEkoWu3EX2pzp6nDVAo=,ysIQ1VWF2v0+kZNHk8IeXO5gbTw=
56,-36,Uo0vfiN6OEkoWu3EX2pzp6nDVAo=,ysIQ1VWF2v0+kZNHk8IeXO5gbTw=
55,-36,Uo0vfiN6OEkoWu3EX2pzp6nDVAo=,ysIQ1VWF2v0+kZNHk8IeXO5gbTw=
54,-36,Uo0vfiN6OEkoWu3EX2pzp6nDVAo=,ysIQ1VWF2v0+kZNHk8IeXO5gbTw=
53,-36,Uo0vfiN6OEkoWu3EX2pzp6nDVAo=,ysIQ1VWF2v0+kZNHk8IeXO5gbTw=
52,-36,Uo0vfiN6OEkoWu3EX2pzp6nDVAo=,ysIQ1VWF2v0+kZNHk8IeXO5gbTw=
51,-36,Uo0vfiN6OEkoWu3EX2pzp6nDVAo=,ysIQ1VWF2v0+kZNHk8IeXO5gbTw=
50,-36,Uo0vfiN6OEkoWu3EX2pzp6nDVAo=,ysIQ1VWF2v0+kZNHk8IeXO5gbTw=
48,-36,Uo0vfiN6OEkoWu3EX2pzp6nDVAo=,ysIQ1VWF2v0+kZNHk8IeXO5gbTw=
49,-36,Uo0vfiN6OEkoWu3EX2pzp6nDVAo=,ysIQ1VWF2v0+kZNHk8IeXO5gbTw=
63,-37,Uo0vfiN6OEkoWu3EX2pzp6nDVAo=,ysIQ1VWF2v0+kZNHk8IeXO5gbTw=
62,-37,Uo0vfiN6OEkoWu3EX2pzp6nDVAo=,ysIQ1VWF2v0+kZNHk8IeXO5gbTw=
61,-37,Uo0vfiN6OEkoWu3EX2pzp6nDVAo=,ysIQ1VWF2v0+kZNHk8IeXO5gbTw=
60,-37,Uo0vfiN6OEkoWu3EX2pzp6nDVAo=,ysIQ1VWF2v0+kZNHk8IeXO5gbTw=
58,-37,Uo0vfiN6OEkoWu3EX2pzp6nDVAo=,ysIQ1VWF2v0+kZNHk8IeXO5gbTw=
59,-37,Uo0vfiN6OEkoWu3EX2pzp6nDVAo=,ysIQ1VWF2v0+kZNHk8IeXO5gbTw=
57,-37,Uo0vfiN6OEkoWu3EX2pzp6nDVAo=,ysIQ1VWF2v0+kZNHk8IeXO5gbTw=
56,-37,Uo0vfiN6OEkoWu3EX2pzp6nDVAo=,ysIQ1VWF2v0+kZNHk8IeXO5gbTw=
55,-37,Uo0vfiN6OEkoWu3EX2pzp6nDVAo=,ysIQ1VWF2v0+kZNHk8IeXO5gbTw=
54,-37,Uo0vfiN6OEkoWu3EX2pzp6nDVAo=,ysIQ1VWF2v0+kZNHk8IeXO5gbTw=
52,-37,Uo0vfiN6OEkoWu3EX2pzp6nDVAo=,ysIQ1VWF2v0+kZNHk8IeXO5gbTw=
51,-37,Uo0vfiN6OEkoWu3EX2pzp6nDVAo=,ysIQ1VWF2v0+kZNHk8IeXO5gbTw=
53,-37,Uo0vfiN6OEkoWu3EX2pzp6nDVAo=,ysIQ1VWF2v0+kZNHk8IeXO5gbTw=
50,-37,Uo0vfiN6OEkoWu3EX2pzp6nDVAo=,ysIQ1VWF2v0+kZNHk8IeXO5gbTw=
48,-37,Uo0vfiN6OEkoWu3EX2pzp6nDVAo=,ysIQ1VWF2v0+kZNHk8IeXO5gbTw=
49,-37,Uo0vfiN6OEkoWu3EX2pzp6nDVAo=,ysIQ1VWF2v0+kZNHk8IeXO5gbTw=
63,-38,Uo0vfiN6OEkoWu3EX2pzp6nDVAo=,ysIQ1VWF2v0+kZNHk8IeXO5gbTw=
62,-38,Uo0vfiN6OEkoWu3EX2pzp6nDVAo=,ysIQ1VWF2v0+kZNHk8IeXO5gbTw=
61,-38,Uo0vfiN6OEkoWu3EX2pzp6nDVAo=,ysIQ1VWF2v0+kZNHk8IeXO5gbTw=
60,-38,Uo0vfiN6OEkoWu3EX2pzp6nDVAo=,ysIQ1VWF2v0+kZNHk8IeXO5gbTw=
59,-38,Uo0vfiN6OEkoWu3EX2pzp6nDVAo=,ysIQ1VWF2v0+kZNHk8IeXO5gbTw=
58,-38,Uo0vfiN6OEkoWu3EX2pzp6nDVAo=,ysIQ1VWF2v0+kZNHk8IeXO5gbTw=
57,-38,Uo0vfiN6OEkoWu3EX2pzp6nDVAo=,ysIQ1VWF2v0+kZNHk8IeXO5gbTw=
56,-38,Uo0vfiN6OEkoWu3EX2pzp6nDVAo=,ysIQ1VWF2v0+kZNHk8IeXO5gbTw=
55,-38,Uo0vfiN6OEkoWu3EX2pzp6nDVAo=,ysIQ1VWF2v0+kZNHk8IeXO5gbTw=
54,-38,Uo0vfiN6OEkoWu3EX2pzp6nDVAo=,ysIQ1VWF2v0+kZNHk8IeXO5gbTw=
53,-38,Uo0vfiN6OEkoWu3EX2pzp6nDVAo=,ysIQ1VWF2v0+kZNHk8IeXO5gbTw=
51,-38,0ZT0n9EXh8zTkk/EOsFRZmupzWo=,ysIQ1VWF2v0+kZNHk8IeXO5gbTw=
50,-38,0ZT0n9EXh8zTkk/EOsFRZmupzWo=,ysIQ1VWF2v0+kZNHk8IeXO5gbTw=
49,-38,0ZT0n9EXh8zTkk/EOsFRZmupzWo=,ysIQ1VWF2v0+kZNHk8IeXO5gbTw=
52,-38,0ZT0n9EXh8zTkk/EOsFRZmupzWo=,ysIQ1VWF2v0+kZNHk8IeXO5gbTw=
48,-38,0ZT0n9EXh8zTkk/EOsFRZmupzWo=,ysIQ1VWF2v0+kZNHk8IeXO5gbTw=
63,-39,0ZT0n9EXh8zTkk/EOsFRZmupzWo=,ysIQ1VWF2v0+kZNHk8IeXO5gbTw=
62,-39,0ZT0n9EXh8zTkk/EOsFRZmupzWo=,ysIQ1VWF2v0+kZNHk8IeXO5gbTw=
61,-39,0ZT0n9EXh8zTkk/EOsFRZmupzWo=,ysIQ1VWF2v0+kZNHk8IeXO5gbTw=
60,-39,0ZT0n9EXh8zTkk/EOsFRZmupzWo=,ysIQ1VWF2v0+kZNHk8IeXO5gbTw=
59,-39,0ZT0n9EXh8zTkk/EOsFRZmupzWo=,ysIQ1VWF2v0+kZNHk8IeXO5gbTw=
58,-39,0ZT0n9EXh8zTkk/EOsFRZmupzWo=,ysIQ1VWF2v0+kZNHk8IeXO5gbTw=
57,-39,0ZT0n9EXh8zTkk/EOsFRZmupzWo=,ysIQ1VWF2v0+kZNHk8IeXO5gbTw=
56,-39,0ZT0n9EXh8zTkk/EOsFRZmupzWo=,ysIQ1VWF2v0+kZNHk8IeXO5gbTw=
54,-39,0ZT0n9EXh8zTkk/EOsFRZmupzWo=,ysIQ1VWF2v0+kZNHk8IeXO5gbTw=
55,-39,0ZT0n9EXh8zTkk/EOsFRZmupzWo=,ysIQ1VWF2v0+kZNHk8IeXO5gbTw=
53,-39,0ZT0n9EXh8zTkk/EOsFRZmupzWo=,ysIQ1VWF2v0+kZNHk8IeXO5gbTw=
50,-39,0ZT0n9EXh8zTkk/EOsFRZmupzWo=,ysIQ1VWF2v0+kZNHk8IeXO5gbTw=
49,-39,0ZT0n9EXh8zTkk/EOsFRZmupzWo=,ysIQ1VWF2v0+kZNHk8IeXO5gbTw=
51,-39,0ZT0n9EXh8zTkk/EOsFRZmupzWo=,ysIQ1VWF2v0+kZNHk8IeXO5gbTw=
48,-39,0ZT0n9EXh8zTkk/EOsFRZmupzWo=,ysIQ1VWF2v0+kZNHk8IeXO5gbTw=
63,-40,0ZT0n9EXh8zTkk/EOsFRZmupzWo=,ysIQ1VWF2v0+kZNHk8IeXO5gbTw=
52,-39,0ZT0n9EXh8zTkk/EOsFRZmupzWo=,ysIQ1VWF2v0+kZNHk8IeXO5gbTw=
62,-40,0ZT0n9EXh8zTkk/EOsFRZmupzWo=,ysIQ1VWF2v0+kZNHk8IeXO5gbTw=
58,-40,0ZT0n9EXh8zTkk/EOsFRZmupzWo=,ysIQ1VWF2v0+kZNHk8IeXO5gbTw=
59,-40,0ZT0n9EXh8zTkk/EOsFRZmupzWo=,ysIQ1VWF2v0+kZNHk8IeXO5gbTw=
60,-40,0ZT0n9EXh8zTkk/EOsFRZmupzWo=,ysIQ1VWF2v0+kZNHk8IeXO5gbTw=
56,-40,0ZT0n9EXh8zTkk/EOsFRZmupzWo=,ysIQ1VWF2v0+kZNHk8IeXO5gbTw=
57,-40,0ZT0n9EXh8zTkk/EOsFRZmupzWo=,ysIQ1VWF2v0+kZNHk8IeXO5gbTw=
55,-40,0ZT0n9EXh8zTkk/EOsFRZmupzWo=,ysIQ1VWF2v0+kZNHk8IeXO5gbTw=
54,-40,0ZT0n9EXh8zTkk/EOsFRZmupzWo=,ysIQ1VWF2v0+kZNHk8IeXO5gbTw=
53,-40,0ZT0n9EXh8zTkk/EOsFRZmupzWo=,ysIQ1VWF2v0+kZNHk8IeXO5gbTw=
50,-40,0ZT0n9EXh8zTkk/EOsFRZmupzWo=,ysIQ1VWF2v0+kZNHk8IeXO5gbTw=
49,-40,0ZT0n9EXh8zTkk/EOsFRZmupzWo=,ysIQ1VWF2v0+kZNHk8IeXO5gbTw=
51,-40,0ZT0n9EXh8zTkk/EOsFRZmupzWo=,ysIQ1VWF2v0+kZNHk8IeXO5gbTw=
48,-40,0ZT0n9EXh8zTkk/EOsFRZmupzWo=,ysIQ1VWF2v0+kZNHk8IeXO5gbTw=
61,-40,0ZT0n9EXh8zTkk/EOsFRZmupzWo=,ysIQ1VWF2v0+kZNHk8IeXO5gbTw=
52,-40,0ZT0n9EXh8zTkk/EOsFRZmupzWo=,ysIQ1VWF2v0+kZNHk8IeXO5gbTw=
62,-41,0ZT0n9EXh8zTkk/EOsFRZmupzWo=,ysIQ1VWF2v0+kZNHk8IeXO5gbTw=
59,-41,0ZT0n9EXh8zTkk/EOsFRZmupzWo=,ysIQ1VWF2v0+kZNHk8IeXO5gbTw=
60,-41,0ZT0n9EXh8zTkk/EOsFRZmupzWo=,ysIQ1VWF2v0+kZNHk8IeXO5gbTw=
61,-41,0ZT0n9EXh8zTkk/EOsFRZmupzWo=,ysIQ1VWF2v0+kZNHk8IeXO5gbTw=
58,-41,0ZT0n9EXh8zTkk/EOsFRZmupzWo=,ysIQ1VWF2v0+kZNHk8IeXO5gbTw=
55,-41,0ZT0n9EXh8zTkk/EOsFRZmupzWo=,ysIQ1VWF2v0+kZNHk8IeXO5gbTw=
54,-41,0ZT0n9EXh8zTkk/EOsFRZmupzWo=,ysIQ1VWF2v0+kZNHk8IeXO5gbTw=
56,-41,0ZT0n9EXh8zTkk/EOsFRZmupzWo=,ysIQ1VWF2v0+kZNHk8IeXO5gbTw=
53,-41,0ZT0n9EXh8zTkk/EOsFRZmupzWo=,ysIQ1VWF2v0+kZNHk8IeXO5gbTw=
57,-41,0ZT0n9EXh8zTkk/EOsFRZmupzWo=,ysIQ1VWF2v0+kZNHk8IeXO5gbTw=
50,-41,0ZT0n9EXh8zTkk/EOsFRZmupzWo=,ysIQ1VWF2v0+kZNHk8IeXO5gbTw=
49,-41,0ZT0n9EXh8zTkk/EOsFRZmupzWo=,ysIQ1VWF2v0+kZNHk8IeXO5gbTw=
48,-41,0ZT0n9EXh8zTkk/EOsFRZmupzWo=,ysIQ1VWF2v0+kZNHk8IeXO5gbTw=
63,-41,0ZT0n9EXh8zTkk/EOsFRZmupzWo=,ysIQ1VWF2v0+kZNHk8IeXO5gbTw=
51,-41,0ZT0n9EXh8zTkk/EOsFRZmupzWo=,ysIQ1VWF2v0+kZNHk8IeXO5gbTw=
63,-42,0ZT0n9EXh8zTkk/EOsFRZmupzWo=,ysIQ1VWF2v0+kZNHk8IeXO5gbTw=
62,-42,0ZT0n9EXh8zTkk/EOsFRZmupzWo=,ysIQ1VWF2v0+kZNHk8IeXO5gbTw=
61,-42,0ZT0n9EXh8zTkk/EOsFRZmupzWo=,ysIQ1VWF2v0+kZNHk8IeXO5gbTw=
60,-42,0ZT0n9EXh8zTkk/EOsFRZmupzWo=,ysIQ1VWF2v0+kZNHk8IeXO5gbTw=
59,-42,0ZT0n9EXh8zTkk/EOsFRZmupzWo=,ysIQ1VWF2v0+kZNHk8IeXO5gbTw=
57,-42,0ZT0n9EXh8zTkk/EOsFRZmupzWo=,ysIQ1VWF2v0+kZNHk8IeXO5gbTw=
56,-42,0ZT0n9EXh8zTkk/EOsFRZmupzWo=,ysIQ1VWF2v0+kZNHk8IeXO5gbTw=
55,-42,0ZT0n9EXh8zTkk/EOsFRZmupzWo=,ysIQ1VWF2v0+kZNHk8IeXO5gbTw=
54,-42,0ZT0n9EXh8zTkk/EOsFRZmupzWo=,ysIQ1VWF2v0+kZNHk8IeXO5gbTw=
53,-42,0ZT0n9EXh8zTkk/EOsFRZmupzWo=,ysIQ1VWF2v0+kZNHk8IeXO5gbTw=
52,-42,0ZT0n9EXh8zTkk/EOsFRZmupzWo=,ysIQ1VWF2v0+kZNHk8IeXO5gbTw=
50,-42,0ZT0n9EXh8zTkk/EOsFRZmupzWo=,ysIQ1VWF2v0+kZNHk8IeXO5gbTw=
49,-42,0ZT0n9EXh8zTkk/EOsFRZmupzWo=,ysIQ1VWF2v0+kZNHk8IeXO5gbTw=
48,-42,0ZT0n9EXh8zTkk/EOsFRZmupzWo=,ysIQ1VWF2v0+kZNHk8IeXO5gbTw=
51,-42,0ZT0n9EXh8zTkk/EOsFRZmupzWo=,ysIQ1VWF2v0+kZNHk8IeXO5gbTw=
52,-41,0ZT0n9EXh8zTkk/EOsFRZmupzWo=,ysIQ1VWF2v0+kZNHk8IeXO5gbTw=
61,-43,0ZT0n9EXh8zTkk/EOsFRZmupzWo=,ysIQ1VWF2v0+kZNHk8IeXO5gbTw=
62,-43,0ZT0n9EXh8zTkk/EOsFRZmupzWo=,ysIQ1VWF2v0+kZNHk8IeXO5gbTw=
60,-43,0ZT0n9EXh8zTkk/EOsFRZmupzWo=,ysIQ1VWF2v0+kZNHk8IeXO5gbTw=
58,-43,0ZT0n9EXh8zTkk/EOsFRZmupzWo=,ysIQ1VWF2v0+kZNHk8IeXO5gbTw=
59,-43,0ZT0n9EXh8zTkk/EOsFRZmupzWo=,ysIQ1VWF2v0+kZNHk8IeXO5gbTw=
57,-43,0ZT0n9EXh8zTkk/EOsFRZmupzWo=,ysIQ1VWF2v0+kZNHk8IeXO5gbTw=
58,-42,0ZT0n9EXh8zTkk/EOsFRZmupzWo=,ysIQ1VWF2v0+kZNHk8IeXO5gbTw=
55,-43,0ZT0n9EXh8zTkk/EOsFRZmupzWo=,ysIQ1VWF2v0+kZNHk8IeXO5gbTw=
54,-43,0ZT0n9EXh8zTkk/EOsFRZmupzWo=,ysIQ1VWF2v0+kZNHk8IeXO5gbTw=
56,-43,0ZT0n9EXh8zTkk/EOsFRZmupzWo=,ysIQ1VWF2v0+kZNHk8IeXO5gbTw=
52,-43,0ZT0n9EXh8zTkk/EOsFRZmupzWo=,ysIQ1VWF2v0+kZNHk8IeXO5gbTw=
53,-43,0ZT0n9EXh8zTkk/EOsFRZmupzWo=,ysIQ1VWF2v0+kZNHk8IeXO5gbTw=
49,-43,0ZT0n9EXh8zTkk/EOsFRZmupzWo=,ysIQ1VWF2v0+kZNHk8IeXO5gbTw=
50,-43,0ZT0n9EXh8zTkk/EOsFRZmupzWo=,ysIQ1VWF2v0+kZNHk8IeXO5gbTw=
51,-43,0ZT0n9EXh8zTkk/EOsFRZmupzWo=,ysIQ1VWF2v0+kZNHk8IeXO5gbTw=
63,-44,0ZT0n9EXh8zTkk/EOsFRZmupzWo=,ysIQ1VWF2v0+kZNHk8IeXO5gbTw=
63,-43,0ZT0n9EXh8zTkk/EOsFRZmupzWo=,ysIQ1VWF2v0+kZNHk8IeXO5gbTw=
61,-44,0ZT0n9EXh8zTkk/EOsFRZmupzWo=,ysIQ1VWF2v0+kZNHk8IeXO5gbTw=
62,-44,0ZT0n9EXh8zTkk/EOsFRZmupzWo=,ysIQ1VWF2v0+kZNHk8IeXO5gbTw=
60,-44,0ZT0n9EXh8zTkk/EOsFRZmupzWo=,ysIQ1VWF2v0+kZNHk8IeXO5gbTw=
57,-44,0ZT0n9EXh8zTkk/EOsFRZmupzWo=,ysIQ1VWF2v0+kZNHk8IeXO5gbTw=
56,-44,0ZT0n9EXh8zTkk/EOsFRZmupzWo=,ysIQ1VWF2v0+kZNHk8IeXO5gbTw=
55,-44,0ZT0n9EXh8zTkk/EOsFRZmupzWo=,ysIQ1VWF2v0+kZNHk8IeXO5gbTw=
59,-44,0ZT0n9EXh8zTkk/EOsFRZmupzWo=,ysIQ1VWF2v0+kZNHk8IeXO5gbTw=
58,-44,0ZT0n9EXh8zTkk/EOsFRZmupzWo=,ysIQ1VWF2v0+kZNHk8IeXO5gbTw=
54,-44,0ZT0n9EXh8zTkk/EOsFRZmupzWo=,ysIQ1VWF2v0+kZNHk8IeXO5gbTw=
52,-44,0ZT0n9EXh8zTkk/EOsFRZmupzWo=,ysIQ1VWF2v0+kZNHk8IeXO5gbTw=
53,-44,0ZT0n9EXh8zTkk/EOsFRZmupzWo=,ysIQ1VWF2v0+kZNHk8IeXO5gbTw=
51,-44,0ZT0n9EXh8zTkk/EOsFRZmupzWo=,ysIQ1VWF2v0+kZNHk8IeXO5gbTw=
50,-44,0ZT0n9EXh8zTkk/EOsFRZmupzWo=,ysIQ1VWF2v0+kZNHk8IeXO5gbTw=
48,-44,0ZT0n9EXh8zTkk/EOsFRZmupzWo=,ysIQ1VWF2v0+kZNHk8IeXO5gbTw=
63,-45,0ZT0n9EXh8zTkk/EOsFRZmupzWo=,ysIQ1VWF2v0+kZNHk8IeXO5gbTw=
62,-45,0ZT0n9EXh8zTkk/EOsFRZmupzWo=,ysIQ1VWF2v0+kZNHk8IeXO5gbTw=
60,-45,0ZT0n9EXh8zTkk/EOsFRZmupzWo=,ysIQ1VWF2v0+kZNHk8IeXO5gbTw=
61,-45,0ZT0n9EXh8zTkk/EOsFRZmupzWo=,ysIQ1VWF2v0+kZNHk8IeXO5gbTw=
48,-43,0ZT0n9EXh8zTkk/EOsFRZmupzWo=,ysIQ1VWF2v0+kZNHk8IeXO5gbTw=
58,-45,0ZT0n9EXh8zTkk/EOsFRZmupzWo=,ysIQ1VWF2v0+kZNHk8IeXO5gbTw=
57,-45,0ZT0n9EXh8zTkk/EOsFRZmupzWo=,ysIQ1VWF2v0+kZNHk8IeXO5gbTw=
56,-45,0ZT0n9EXh8zTkk/EOsFRZmupzWo=,ysIQ1VWF2v0+kZNHk8IeXO5gbTw=
54,-45,0ZT0n9EXh8zTkk/EOsFRZmupzWo=,ysIQ1VWF2v0+kZNHk8IeXO5gbTw=
53,-45,0ZT0n9EXh8zTkk/EOsFRZmupzWo=,ysIQ1VWF2v0+kZNHk8IeXO5gbTw=
55,-45,0ZT0n9EXh8zTkk/EOsFRZmupzWo=,ysIQ1VWF2v0+kZNHk8IeXO5gbTw=
52,-45,0ZT0n9EXh8zTkk/EOsFRZmupzWo=,ysIQ1VWF2v0+kZNHk8IeXO5gbTw=
51,-45,0ZT0n9EXh8zTkk/EOsFRZmupzWo=,ysIQ1VWF2v0+kZNHk8IeXO5gbTw=
49,-45,0ZT0n9EXh8zTkk/EOsFRZmupzWo=,ysIQ1VWF2v0+kZNHk8IeXO5gbTw=
48,-45,0ZT0n9EXh8zTkk/EOsFRZmupzWo=,ysIQ1VWF2v0+kZNHk8IeXO5gbTw=
50,-45,0ZT0n9EXh8zTkk/EOsFRZmupzWo=,ysIQ1VWF2v0+kZNHk8IeXO5gbTw=
49,-44,0ZT0n9EXh8zTkk/EOsFRZmupzWo=,ysIQ1VWF2v0+kZNHk8IeXO5gbTw=
61,-46,0ZT0n9EXh8zTkk/EOsFRZmupzWo=,ysIQ1VWF2v0+kZNHk8IeXO5gbTw=
63,-46,0ZT0n9EXh8zTkk/EOsFRZmupzWo=,ysIQ1VWF2v0+kZNHk8IeXO5gbTw=
59,-46,0ZT0n9EXh8zTkk/EOsFRZmupzWo=,ysIQ1VWF2v0+kZNHk8IeXO5gbTw=
58,-46,0ZT0n9EXh8zTkk/EOsFRZmupzWo=,ysIQ1VWF2v0+kZNHk8IeXO5gbTw=
62,-46,0ZT0n9EXh8zTkk/EOsFRZmupzWo=,ysIQ1VWF2v0+kZNHk8IeXO5gbTw=
60,-46,0ZT0n9EXh8zTkk/EOsFRZmupzWo=,ysIQ1VWF2v0+kZNHk8IeXO5gbTw=
59,-45,0ZT0n9EXh8zTkk/EOsFRZmupzWo=,ysIQ1VWF2v0+kZNHk8IeXO5gbTw=
54,-46,0ZT0n9EXh8zTkk/EOsFRZmupzWo=,ysIQ1VWF2v0+kZNHk8IeXO5gbTw=
53,-46,0ZT0n9EXh8zTkk/EOsFRZmupzWo=,ysIQ1VWF2v0+kZNHk8IeXO5gbTw=
56,-46,0ZT0n9EXh8zTkk/EOsFRZmupzWo=,ysIQ1VWF2v0+kZNHk8IeXO5gbTw=
52,-46,0ZT0n9EXh8zTkk/EOsFRZmupzWo=,ysIQ1VWF2v0+kZNHk8IeXO5gbTw=
51,-46,0ZT0n9EXh8zTkk/EOsFRZmupzWo=,ysIQ1VWF2v0+kZNHk8IeXO5gbTw=
49,-46,0ZT0n9EXh8zTkk/EOsFRZmupzWo=,ysIQ1VWF2v0+kZNHk8IeXO5gbTw=
48,-46,0ZT0n9EXh8zTkk/EOsFRZmupzWo=,ysIQ1VWF2v0+kZNHk8IeXO5gbTw=
50,-46,0ZT0n9EXh8zTkk/EOsFRZmupzWo=,ysIQ1VWF2v0+kZNHk8IeXO5gbTw=
62,-47,0ZT0n9EXh8zTkk/EOsFRZmupzWo=,ysIQ1VWF2v0+kZNHk8IeXO5gbTw=
63,-47,0ZT0n9EXh8zTkk/EOsFRZmupzWo=,ysIQ1VWF2v0+kZNHk8IeXO5gbTw=
61,-47,0ZT0n9EXh8zTkk/EOsFRZmupzWo=,ysIQ1VWF2v0+kZNHk8IeXO5gbTw=
59,-47,0ZT0n9EXh8zTkk/EOsFRZmupzWo=,ysIQ1VWF2v0+kZNHk8IeXO5gbTw=
58,-47,0ZT0n9EXh8zTkk/EOsFRZmupzWo=,ysIQ1VWF2v0+kZNHk8IeXO5gbTw=
57,-46,0ZT0n9EXh8zTkk/EOsFRZmupzWo=,ysIQ1VWF2v0+kZNHk8IeXO5gbTw=
60,-47,0ZT0n9EXh8zTkk/EOsFRZmupzWo=,ysIQ1VWF2v0+kZNHk8IeXO5gbTw=
55,-47,0ZT0n9EXh8zTkk/EOsFRZmupzWo=,ysIQ1VWF2v0+kZNHk8IeXO5gbTw=
56,-47,0ZT0n9EXh8zTkk/EOsFRZmupzWo=,ysIQ1VWF2v0+kZNHk8IeXO5gbTw=
54,-47,0ZT0n9EXh8zTkk/EOsFRZmupzWo=,ysIQ1VWF2v0+kZNHk8IeXO5gbTw=
53,-47,0ZT0n9EXh8zTkk/EOsFRZmupzWo=,ysIQ1VWF2v0+kZNHk8IeXO5gbTw=
52,-47,0ZT0n9EXh8zTkk/EOsFRZmupzWo=,ysIQ1VWF2v0+kZNHk8IeXO5gbTw=
55,-46,0ZT0n9EXh8zTkk/EOsFRZmupzWo=,ysIQ1VWF2v0+kZNHk8IeXO5gbTw=
50,-47,0ZT0n9EXh8zTkk/EOsFRZmupzWo=,ysIQ1VWF2v0+kZNHk8IeXO5gbTw=
51,-47,0ZT0n9EXh8zTkk/EOsFRZmupzWo=,ysIQ1VWF2v0+kZNHk8IeXO5gbTw=
57,-47,0ZT0n9EXh8zTkk/EOsFRZmupzWo=,ysIQ1VWF2v0+kZNHk8IeXO5gbTw=
