64,256,IOGIXbAUKp1C7y7plopHdNNNV10=,zjrOKt/KTINPD6DVO3NvnViqqXE=
79,271,IOGIXbAUKp1C7y7plopHdNNNV10=,zjrOKt/KTINPD6DVO3NvnViqqXE=
78,271,IOGIXbAUKp1C7y7plopHdNNNV10=,zjrOKt/KTINPD6DVO3NvnViqqXE=
78,257,IOGIXbAUKp1C7y7plopHdNNNV10=,zjrOKt/KTINPD6DVO3NvnViqqXE=
79,256,IOGIXbAUKp1C7y7plopHdNNNV10=,zjrOKt/KTINPD6DVO3NvnViqqXE=
77,271,IOGIXbAUKp1C7y7plopHdNNNV10=,zjrOKt/KTINPD6DVO3NvnViqqXE=
76,271,IOGIXbAUKp1C7y7plopHdNNNV10=,zjrOKt/KTINPD6DVO3NvnViqqXE=
75,271,IOGIXbAUKp1C7y7plopHdNNNV10=,zjrOKt/KTINPD6DVO3NvnViqqXE=
73,271,IOGIXbAUKp1C7y7plopHdNNNV10=,zjrOKt/KTINPD6DVO3NvnViqqXE=
71,271,IOGIXbAUKp1C7y7plopHdNNNV10=,zjrOKt/KTINPD6DVO3NvnViqqXE=
72,271,IOGIXbAUKp1C7y7plopHdNNNV10=,zjrOKt/KTINPD6DVO3NvnViqqXE=
74,271,IOGIXbAUKp1C7y7plopHdNNNV10=,zjrOKt/KTINPD6DVO3NvnViqqXE=
66,271,IOGIXbAUKp1C7y7plopHdNNNV10=,zjrOKt/KTINPD6DVO3NvnViqqXE=
68,271,IOGIXbAUKp1C7y7plopHdNNNV10=,zjrOKt/KTINPD6DVO3NvnViqqXE=
69,271,IOGIXbAUKp1C7y7plopHdNNNV10=,zjrOKt/KTINPD6DVO3NvnViqqXE=
70,271,IOGIXbAUKp1C7y7plopHdNNNV10=,zjrOKt/KTINPD6DVO3NvnViqqXE=
65,271,IOGIXbAUKp1C7y7plopHdNNNV10=,zjrOKt/KTINPD6DVO3NvnViqqXE=
67,271,IOGIXbAUKp1C7y7plopHdNNNV10=,zjrOKt/KTINPD6DVO3NvnViqqXE=
78,256,IOGIXbAUKp1C7y7plopHdNNNV10=,zjrOKt/KTINPD6DVO3NvnViqqXE=
75,256,IOGIXbAUKp1C7y7plopHdNNNV10=,zjrOKt/KTINPD6DVO3NvnViqqXE=
76,256,IOGIXbAUKp1C7y7plopHdNNNV10=,zjrOKt/KTINPD6DVO3NvnViqqXE=
72,256,IOGIXbAUKp1C7y7plopHdNNNV10=,zjrOKt/KTINPD6DVO3NvnViqqXE=
74,256,IOGIXbAUKp1C7y7plopHdNNNV10=,zjrOKt/KTINPD6DVO3NvnViqqXE=
73,256,IOGIXbAUKp1C7y7plopHdNNNV10=,zjrOKt/KTINPD6DVO3NvnViqqXE=
71,256,IOGIXbAUKp1C7y7plopHdNNNV10=,zjrOKt/KTINPD6DVO3NvnViqqXE=
70,256,IOGIXbAUKp1C7y7plopHdNNNV10=,zjrOKt/KTINPD6DVO3NvnViqqXE=
69,256,IOGIXbAUKp1C7y7plopHdNNNV10=,zjrOKt/KTINPD6DVO3NvnViqqXE=
68,256,IOGIXbAUKp1C7y7plopHdNNNV10=,zjrOKt/KTINPD6DVO3NvnViqqXE=
77,256,IOGIXbAUKp1C7y7plopHdNNNV10=,zjrOKt/KTINPD6DVO3NvnViqqXE=
65,256,IOGIXbAUKp1C7y7plopHdNNNV10=,zjrOKt/KTINPD6DVO3NvnViqqXE=
77,257,IOGIXbAUKp1C7y7plopHdNNNV10=,zjrOKt/KTINPD6DVO3NvnViqqXE=
79,270,IOGIXbAUKp1C7y7plopHdNNNV10=,zjrOKt/KTINPD6DVO3NvnViqqXE=
67,256,IOGIXbAUKp1C7y7plopHdNNNV10=,zjrOKt/KTINPD6DVO3NvnViqqXE=
66,256,IOGIXbAUKp1C7y7plopHdNNNV10=,zjrOKt/KTINPD6DVO3NvnViqqXE=
64,271,IOGIXbAUKp1C7y7plopHdNNNV10=,zjrOKt/KTINPD6DVO3NvnViqqXE=
78,270,IOGIXbAUKp1C7y7plopHdNNNV10=,zjrOKt/KTINPD6DVO3NvnViqqXE=
77,270,IOGIXbAUKp1C7y7plopHdNNNV10=,zjrOKt/KTINPD6DVO3NvnViqqXE=
76,270,IOGIXbAUKp1C7y7plopHdNNNV10=,zjrOKt/KTINPD6DVO3NvnViqqXE=
73,270,IOGIXbAUKp1C7y7plopHdNNNV10=,zjrOKt/KTINPD6DVO3NvnViqqXE=
69,270,IOGIXbAUKp1C7y7plopHdNNNV10=,zjrOKt/KTINPD6DVO3NvnViqqXE=
71,270,IOGIXbAUKp1C7y7plopHdNNNV10=,zjrOKt/KTINPD6DVO3NvnViqqXE=
74,270,IOGIXbAUKp1C7y7plopHdNNNV10=,zjrOKt/KTINPD6DVO3NvnViqqXE=
67,270,IOGIXbAUKp1C7y7plopHdNNNV10=,zjrOKt/KTINPD6DVO3NvnViqqXE=
68,270,IOGIXbAUKp1C7y7plopHdNNNV10=,zjrOKt/KTINPD6DVO3NvnViqqXE=
70,270,IOGIXbAUKp1C7y7plopHdNNNV10=,zjrOKt/KTINPD6DVO3NvnViqqXE=
66,270,IOGIXbAUKp1C7y7plopHdNNNV10=,zjrOKt/KTINPD6DVO3NvnViqqXE=
76,257,IOGIXbAUKp1C7y7plopHdNNNV10=,zjrOKt/KTINPD6DVO3NvnViqqXE=
64,270,IOGIXbAUKp1C7y7plopHdNNNV10=,zjrOKt/KTINPD6DVO3NvnViqqXE=
78,269,IOGIXbAUKp1C7y7plopHdNNNV10=,zjrOKt/KTINPD6DVO3NvnViqqXE=
76,269,IOGIXbAUKp1C7y7plopHdNNNV10=,zjrOKt/KTINPD6DVO3NvnViqqXE=
75,269,IOGIXbAUKp1C7y7plopHdNNNV10=,zjrOKt/KTINPD6DVO3NvnViqqXE=
77,269,IOGIXbAUKp1C7y7plopHdNNNV10=,zjrOKt/KTINPD6DVO3NvnViqqXE=
79,269,IOGIXbAUKp1C7y7plopHdNNNV10=,zjrOKt/KTINPD6DVO3NvnViqqXE=
65,270,IOGIXbAUKp1C7y7plopHdNNNV10=,zjrOKt/KTINPD6DVO3NvnViqqXE=
73,269,IOGIXbAUKp1C7y7plopHdNNNV10=,zjrOKt/KTINPD6DVO3NvnViqqXE=
74,269,IOGIXbAUKp1C7y7plopHdNNNV10=,zjrOKt/KTINPD6DVO3NvnViqqXE=
72,269,IOGIXbAUKp1C7y7plopHdNNNV10=,zjrOKt/KTINPD6DVO3NvnViqqXE=
71,269,IOGIXbAUKp1C7y7plopHdNNNV10=,zjrOKt/KTINPD6DVO3NvnViqqXE=
70,269,IOGIXbAUKp1C7y7plopHdNNNV10=,zjrOKt/KTINPD6DVO3NvnViqqXE=
68,269,IOGIXbAUKp1C7y7plopHdNNNV10=,zjrOKt/KTINPD6DVO3NvnViqqXE=
69,269,IOGIXbAUKp1C7y7plopHdNNNV10=,zjrOKt/KTINPD6DVO3NvnViqqXE=
66,269,IOGIXbAUKp1C7y7plopHdNNNV10=,zjrOKt/KTINPD6DVO3NvnViqqXE=
67,269,IOGIXbAUKp1C7y7plopHdNNNV10=,zjrOKt/KTINPD6DVO3NvnViqqXE=
75,257,IOGIXbAUKp1C7y7plopHdNNNV10=,zjrOKt/KTINPD6DVO3NvnViqqXE=
65,269,IOGIXbAUKp1C7y7plopHdNNNV10=,zjrOKt/KTINPD6DVO3NvnViqqXE=
64,269,IOGIXbAUKp1C7y7plopHdNNNV10=,zjrOKt/KTINPD6DVO3NvnViqqXE=
79,268,IOGIXbAUKp1C7y7plopHdNNNV10=,zjrOKt/KTINPD6DVO3NvnViqqXE=
78,268,IOGIXbAUKp1C7y7plopHdNNNV10=,zjrOKt/KTINPD6DVO3NvnViqqXE=
75,270,IOGIXbAUKp1C7y7plopHdNNNV10=,zjrOKt/KTINPD6DVO3NvnViqqXE=
77,268,IOGIXbAUKp1C7y7plopHdNNNV10=,zjrOKt/KTINPD6DVO3NvnViqqXE=
72,270,IOGIXbAUKp1C7y7plopHdNNNV10=,zjrOKt/KTINPD6DVO3NvnViqqXE=
76,268,IOGIXbAUKp1C7y7plopHdNNNV10=,zjrOKt/KTINPD6DVO3NvnViqqXE=
74,268,IOGIXbAUKp1C7y7plopHdNNNV10=,zjrOKt/KTINPD6DVO3NvnViqqXE=
75,268,IOGIXbAUKp1C7y7plopHdNNNV10=,zjrOKt/KTINPD6DVO3NvnViqqXE=
70,268,IOGIXbAUKp1C7y7plopHdNNNV10=,zjrOKt/KTINPD6DVO3NvnViqqXE=
71,268,IOGIXbAUKp1C7y7plopHdNNNV10=,zjrOKt/KTINPD6DVO3NvnViqqXE=
72,268,IOGIXbAUKp1C7y7plopHdNNNV10=,zjrOKt/KTINPD6DVO3NvnViqqXE=
73,268,IOGIXbAUKp1C7y7plopHdNNNV10=,zjrOKt/KTINPD6DVO3NvnViqqXE=
68,268,IOGIXbAUKp1C7y7plopHdNNNV10=,zjrOKt/KTINPD6DVO3NvnViqqXE=
69,268,IOGIXbAUKp1C7y7plopHdNNNV10=,zjrOKt/KTINPD6DVO3NvnViqqXE=
67,268,IOGIXbAUKp1C7y7plopHdNNNV10=,zjrOKt/KTINPD6DVO3NvnViqqXE=
74,257,IOGIXbAUKp1C7y7plopHdNNNV10=,zjrOKt/KTINPD6DVO3NvnViqqXE=
77,267,IOGIXbAUKp1C7y7plopHdNNNV10=,zjrOKt/KTINPD6DVO3NvnViqqXE=
65,268,IOGIXbAUKp1C7y7plopHdNNNV10=,zjrOKt/KTINPD6DVO3NvnViqqXE=
64,268,IOGIXbAUKp1C7y7plopHdNNNV10=,zjrOKt/KTINPD6DVO3NvnViqqXE=
66,268,IOGIXbAUKp1C7y7plopHdNNNV10=,zjrOKt/KTINPD6DVO3NvnViqqXE=
79,267,IOGIXbAUKp1C7y7plopHdNNNV10=,zjrOKt/KTINPD6DVO3NvnViqqXE=
78,267,IOGIXbAUKp1C7y7plopHdNNNV10=,zjrOKt/KTINPD6DVO3NvnViqqXE=
75,267,IOGIXbAUKp1C7y7plopHdNNNV10=,zjrOKt/KTINPD6DVO3NvnViqqXE=
76,267,IOGIXbAUKp1C7y7plopHdNNNV10=,zjrOKt/KTINPD6DVO3NvnViqqXE=
73,267,IOGIXbAUKp1C7y7plopHdNNNV10=,zjrOKt/KTINPD6DVO3NvnViqqXE=
74,267,IOGIXbAUKp1C7y7plopHdNNNV10=,zjrOKt/KTINPD6DVO3NvnViqqXE=
79,257,IOGIXbAUKp1C7y7plopHdNNNV10=,zjrOKt/KTINPD6DVO3NvnViqqXE=
70,267,IOGIXbAUKp1C7y7plopHdNNNV10=,zjrOKt/KTINPD6DVO3NvnViqqXE=
72,267,IOGIXbAUKp1C7y7plopHdNNNV10=,zjrOKt/KTINPD6DVO3NvnViqqXE=
71,267,IOGIXbAUKp1C7y7plopHdNNNV10=,zjrOKt/KTINPD6DVO3NvnViqqXE=
68,267,IOGIXbAUKp1C7y7plopHdNNNV10=,zjrOKt/KTINPD6DVO3NvnViqqXE=
69,267,IOGIXbAUKp1C7y7plopHdNNNV10=,zjrOKt/KTINPD6DVO3NvnViqqXE=
73,257,IOGIXbAUKp1C7y7plopHdNNNV10=,zjrOKt/KTINPD6DVO3NvnViqqXE=
67,267,IOGIXbAUKp1C7y7plopHdNNNV10=,zjrOKt/KTINPD6DVO3NvnViqqXE=
64,258,IOGIXbAUKp1C7y7plopHdNNNV10=,zjrOKt/KTINPD6DVO3NvnViqqXE=
66,267,IOGIXbAUKp1C7y7plopHdNNNV10=,zjrOKt/KTINPD6DVO3NvnViqqXE=
65,267,IOGIXbAUKp1C7y7plopHdNNNV10=,zjrOKt/KTINPD6DVO3NvnViqqXE=
64,267,IOGIXbAUKp1C7y7plopHdNNNV10=,zjrOKt/KTINPD6DVO3NvnViqqXE=
78,266,IOGIXbAUKp1C7y7plopHdNNNV10=,zjrOKt/KTINPD6DVO3NvnViqqXE=
77,266,IOGIXbAUKp1C7y7plopHdNNNV10=,zjrOKt/KTINPD6DVO3NvnViqqXE=
79,266,IOGIXbAUKp1C7y7plopHdNNNV10=,zjrOKt/KTINPD6DVO3NvnViqqXE=
76,266,IOGIXbAUKp1C7y7plopHdNNNV10=,zjrOKt/KTINPD6DVO3NvnViqqXE=
65,258,IOGIXbAUKp1C7y7plopHdNNNV10=,zjrOKt/KTINPD6DVO3NvnViqqXE=
75,266,IOGIXbAUKp1C7y7plopHdNNNV10=,zjrOKt/KTINPD6DVO3NvnViqqXE=
74,266,IOGIXbAUKp1C7y7plopHdNNNV10=,zjrOKt/KTINPD6DVO3NvnViqqXE=
71,266,IOGIXbAUKp1C7y7plopHdNNNV10=,zjrOKt/KTINPD6DVO3NvnViqqXE=
72,266,IOGIXbAUKp1C7y7plopHdNNNV10=,zjrOKt/KTINPD6DVO3NvnViqqXE=
73,266,IOGIXbAUKp1C7y7plopHdNNNV10=,zjrOKt/KTINPD6DVO3NvnViqqXE=
66,258,IOGIXbAUKp1C7y7plopHdNNNV10=,zjrOKt/KTINPD6DVO3NvnViqqXE=
72,257,IOGIXbAUKp1C7y7plopHdNNNV10=,zjrOKt/KTINPD6DVO3NvnViqqXE=
69,266,IOGIXbAUKp1C7y7plopHdNNNV10=,zjrOKt/KTINPD6DVO3NvnViqqXE=
67,266,IOGIXbAUKp1C7y7plopHdNNNV10=,zjrOKt/KTINPD6DVO3NvnViqqXE=
70,266,IOGIXbAUKp1C7y7plopHdNNNV10=,zjrOKt/KTINPD6DVO3NvnViqqXE=
68,266,IOGIXbAUKp1C7y7plopHdNNNV10=,zjrOKt/KTINPD6DVO3NvnViqqXE=
66,266,IOGIXbAUKp1C7y7plopHdNNNV10=,zjrOKt/KTINPD6DVO3NvnViqqXE=
64,266,IOGIXbAUKp1C7y7plopHdNNNV10=,zjrOKt/KTINPD6DVO3NvnViqqXE=
65,266,IOGIXbAUKp1C7y7plopHdNNNV10=,zjrOKt/KTINPD6DVO3NvnViqqXE=
67,258,IOGIXbAUKp1C7y7plopHdNNNV10=,zjrOKt/KTINPD6DVO3NvnViqqXE=
79,265,IOGIXbAUKp1C7y7plopHdNNNV10=,zjrOKt/KTINPD6DVO3NvnViqqXE=
77,265,IOGIXbAUKp1C7y7plopHdNNNV10=,zjrOKt/KTINPD6DVO3NvnViqqXE=
75,265,IOGIXbAUKp1C7y7plopHdNNNV10=,zjrOKt/KTINPD6DVO3NvnViqqXE=
76,265,IOGIXbAUKp1C7y7plopHdNNNV10=,zjrOKt/KTINPD6DVO3NvnViqqXE=
78,265,IOGIXbAUKp1C7y7plopHdNNNV10=,zjrOKt/KTINPD6DVO3NvnViqqXE=
72,265,IOGIXbAUKp1C7y7plopHdNNNV10=,zjrOKt/KTINPD6DVO3NvnViqqXE=
73,265,IOGIXbAUKp1C7y7plopHdNNNV10=,zjrOKt/KTINPD6DVO3NvnViqqXE=
74,265,IOGIXbAUKp1C7y7plopHdNNNV10=,zjrOKt/KTINPD6DVO3NvnViqqXE=
71,257,IOGIXbAUKp1C7y7plopHdNNNV10=,zjrOKt/KTINPD6DVO3NvnViqqXE=
68,258,IOGIXbAUKp1C7y7plopHdNNNV10=,zjrOKt/KTINPD6DVO3NvnViqqXE=
71,265,IOGIXbAUKp1C7y7plopHdNNNV10=,zjrOKt/KTINPD6DVO3NvnViqqXE=
70,265,IOGIXbAUKp1C7y7plopHdNNNV10=,zjrOKt/KTINPD6DVO3NvnViqqXE=
69,265,IOGIXbAUKp1C7y7plopHdNNNV10=,zjrOKt/KTINPD6DVO3NvnViqqXE=
67,265,IOGIXbAUKp1C7y7plopHdNNNV10=,zjrOKt/KTINPD6DVO3NvnViqqXE=
68,265,IOGIXbAUKp1C7y7plopHdNNNV10=,zjrOKt/KTINPD6DVO3NvnViqqXE=
65,265,IOGIXbAUKp1C7y7plopHdNNNV10=,zjrOKt/KTINPD6DVO3NvnViqqXE=
64,265,IOGIXbAUKp1C7y7plopHdNNNV10=,zjrOKt/KTINPD6DVO3NvnViqqXE=
66,265,IOGIXbAUKp1C7y7plopHdNNNV10=,zjrOKt/KTINPD6DVO3NvnViqqXE=
79,264,IOGIXbAUKp1C7y7plopHdNNNV10=,zjrOKt/KTINPD6DVO3NvnViqqXE=
78,264,IOGIXbAUKp1C7y7plopHdNNNV10=,zjrOKt/KTINPD6DVO3NvnViqqXE=
69,258,IOGIXbAUKp1C7y7plopHdNNNV10=,zjrOKt/KTINPD6DVO3NvnViqqXE=
76,264,IOGIXbAUKp1C7y7plopHdNNNV10=,zjrOKt/KTINPD6DVO3NvnViqqXE=
77,264,IOGIXbAUKp1C7y7plopHdNNNV10=,zjrOKt/KTINPD6DVO3NvnViqqXE=
75,264,IOGIXbAUKp1C7y7plopHdNNNV10=,zjrOKt/KTINPD6DVO3NvnViqqXE=
70,257,IOGIXbAUKp1C7y7plopHdNNNV10=,zjrOKt/KTINPD6DVO3NvnViqqXE=
74,264,IOGIXbAUKp1C7y7plopHdNNNV10=,zjrOKt/KTINPD6DVO3NvnViqqXE=
72,264,IOGIXbAUKp1C7y7plopHdNNNV10=,zjrOKt/KTINPD6DVO3NvnViqqXE=
73,264,IOGIXbAUKp1C7y7plopHdNNNV10=,zjrOKt/KTINPD6DVO3NvnViqqXE=
70,264,IOGIXbAUKp1C7y7plopHdNNNV10=,zjrOKt/KTINPD6DVO3NvnViqqXE=
70,258,IOGIXbAUKp1C7y7plopHdNNNV10=,zjrOKt/KTINPD6DVO3NvnViqqXE=
71,264,IOGIXbAUKp1C7y7plopHdNNNV10=,zjrOKt/KTINPD6DVO3NvnViqqXE=
69,264,IOGIXbAUKp1C7y7plopHdNNNV10=,zjrOKt/KTINPD6DVO3NvnViqqXE=
67,264,IOGIXbAUKp1C7y7plopHdNNNV10=,zjrOKt/KTINPD6DVO3NvnViqqXE=
68,264,IOGIXbAUKp1C7y7plopHdNNNV10=,zjrOKt/KTINPD6DVO3NvnViqqXE=
66,264,IOGIXbAUKp1C7y7plopHdNNNV10=,zjrOKt/KTINPD6DVO3NvnViqqXE=
64,264,IOGIXbAUKp1C7y7plopHdNNNV10=,zjrOKt/KTINPD6DVO3NvnViqqXE=
71,258,IOGIXbAUKp1C7y7plopHdNNNV10=,zjrOKt/KTINPD6DVO3NvnViqqXE=
79,263,IOGIXbAUKp1C7y7plopHdNNNV10=,zjrOKt/KTINPD6DVO3NvnViqqXE=
76,263,IOGIXbAUKp1C7y7plopHdNNNV10=,zjrOKt/KTINPD6DVO3NvnViqqXE=
77,263,IOGIXbAUKp1C7y7plopHdNNNV10=,zjrOKt/KTINPD6DVO3NvnViqqXE=
78,263,IOGIXbAUKp1C7y7plopHdNNNV10=,zjrOKt/KTINPD6DVO3NvnViqqXE=
65,264,IOGIXbAUKp1C7y7plopHdNNNV10=,zjrOKt/KTINPD6DVO3NvnViqqXE=
75,263,IOGIXbAUKp1C7y7plopHdNNNV10=,zjrOKt/KTINPD6DVO3NvnViqqXE=
74,263,IOGIXbAUKp1C7y7plopHdNNNV10=,zjrOKt/KTINPD6DVO3NvnViqqXE=
69,257,IOGIXbAUKp1C7y7plopHdNNNV10=,zjrOKt/KTINPD6DVO3NvnViqqXE=
73,263,IOGIXbAUKp1C7y7plopHdNNNV10=,zjrOKt/KTINPD6DVO3NvnViqqXE=
72,258,IOGIXbAUKp1C7y7plopHdNNNV10=,zjrOKt/KTINPD6DVO3NvnViqqXE=
72,263,IOGIXbAUKp1C7y7plopHdNNNV10=,zjrOKt/KTINPD6DVO3NvnViqqXE=
70,263,IOGIXbAUKp1C7y7plopHdNNNV10=,zjrOKt/KTINPD6DVO3NvnViqqXE=
71,263,IOGIXbAUKp1C7y7plopHdNNNV10=,zjrOKt/KTINPD6DVO3NvnViqqXE=
69,263,IOGIXbAUKp1C7y7plopHdNNNV10=,zjrOKt/KTINPD6DVO3NvnViqqXE=
67,263,IOGIXbAUKp1C7y7plopHdNNNV10=,zjrOKt/KTINPD6DVO3NvnViqqXE=
66,263,IOGIXbAUKp1C7y7plopHdNNNV10=,zjrOKt/KTINPD6DVO3NvnViqqXE=
65,263,IOGIXbAUKp1C7y7plopHdNNNV10=,zjrOKt/KTINPD6DVO3NvnViqqXE=
68,263,IOGIXbAUKp1C7y7plopHdNNNV10=,zjrOKt/KTINPD6DVO3NvnViqqXE=
64,263,IOGIXbAUKp1C7y7plopHdNNNV10=,zjrOKt/KTINPD6DVO3NvnViqqXE=
77,262,IOGIXbAUKp1C7y7plopHdNNNV10=,zjrOKt/KTINPD6DVO3NvnViqqXE=
76,262,IOGIXbAUKp1C7y7plopHdNNNV10=,zjrOKt/KTINPD6DVO3NvnViqqXE=
79,262,IOGIXbAUKp1C7y7plopHdNNNV10=,zjrOKt/KTINPD6DVO3NvnViqqXE=
75,262,IOGIXbAUKp1C7y7plopHdNNNV10=,zjrOKt/KTINPD6DVO3NvnViqqXE=
78,262,IOGIXbAUKp1C7y7plopHdNNNV10=,zjrOKt/KTINPD6DVO3NvnViqqXE=
74,258,IOGIXbAUKp1C7y7plopHdNNNV10=,zjrOKt/KTINPD6DVO3NvnViqqXE=
74,262,IOGIXbAUKp1C7y7plopHdNNNV10=,zjrOKt/KTINPD6DVO3NvnViqqXE=
72,262,IOGIXbAUKp1C7y7plopHdNNNV10=,zjrOKt/KTINPD6DVO3NvnViqqXE=
73,262,IOGIXbAUKp1C7y7plopHdNNNV10=,zjrOKt/KTINPD6DVO3NvnViqqXE=
68,257,IOGIXbAUKp1C7y7plopHdNNNV10=,zjrOKt/KTINPD6DVO3NvnViqqXE=
70,262,IOGIXbAUKp1C7y7plopHdNNNV10=,zjrOKt/KTINPD6DVO3NvnViqqXE=
67,262,IOGIXbAUKp1C7y7plopHdNNNV10=,zjrOKt/KTINPD6DVO3NvnViqqXE=
69,262,IOGIXbAUKp1C7y7plopHdNNNV10=,zjrOKt/KTINPD6DVO3NvnViqqXE=
73,258,IOGIXbAUKp1C7y7plopHdNNNV10=,zjrOKt/KTINPD6DVO3NvnViqqXE=
71,262,IOGIXbAUKp1C7y7plopHdNNNV10=,zjrOKt/KTINPD6DVO3NvnViqqXE=
66,262,IOGIXbAUKp1C7y7plopHdNNNV10=,zjrOKt/KTINPD6DVO3NvnViqqXE=
75,258,IOGIXbAUKp1C7y7plopHdNNNV10=,zjrOKt/KTINPD6DVO3NvnViqqXE=
64,262,IOGIXbAUKp1C7y7plopHdNNNV10=,zjrOKt/KTINPD6DVO3NvnViqqXE=
68,262,IOGIXbAUKp1C7y7plopHdNNNV10=,zjrOKt/KTINPD6DVO3NvnViqqXE=
79,261,IOGIXbAUKp1C7y7plopHdNNNV10=,zjrOKt/KTINPD6DVO3NvnViqqXE=
65,262,IOGIXbAUKp1C7y7plopHdNNNV10=,zjrOKt/KTINPD6DVO3NvnViqqXE=
78,261,IOGIXbAUKp1C7y7plopHdNNNV10=,zjrOKt/KTINPD6DVO3NvnViqqXE=
77,261,IOGIXbAUKp1C7y7plopHdNNNV10=,zjrOKt/KTINPD6DVO3NvnViqqXE=
76,261,IOGIXbAUKp1C7y7plopHdNNNV10=,zjrOKt/KTINPD6DVO3NvnViqqXE=
67,257,IOGIXbAUKp1C7y7plopHdNNNV10=,zjrOKt/KTINPD6DVO3NvnViqqXE=
74,261,IOGIXbAUKp1C7y7plopHdNNNV10=,zjrOKt/KTINPD6DVO3NvnViqqXE=
75,261,IOGIXbAUKp1C7y7plopHdNNNV10=,zjrOKt/KTINPD6DVO3NvnViqqXE=
73,261,IOGIXbAUKp1C7y7plopHdNNNV10=,zjrOKt/KTINPD6DVO3NvnViqqXE=
76,258,IOGIXbAUKp1C7y7plopHdNNNV10=,zjrOKt/KTINPD6DVO3NvnViqqXE=
71,261,IOGIXbAUKp1C7y7plopHdNNNV10=,zjrOKt/KTINPD6DVO3NvnViqqXE=
72,261,IOGIXbAUKp1C7y7plopHdNNNV10=,zjrOKt/KTINPD6DVO3NvnViqqXE=
70,261,IOGIXbAUKp1C7y7plopHdNNNV10=,zjrOKt/KTINPD6DVO3NvnViqqXE=
68,261,IOGIXbAUKp1C7y7plopHdNNNV10=,zjrOKt/KTINPD6DVO3NvnViqqXE=
69,261,IOGIXbAUKp1C7y7plopHdNNNV10=,zjrOKt/KTINPD6DVO3NvnViqqXE=
66,261,IOGIXbAUKp1C7y7plopHdNNNV10=,zjrOKt/KTINPD6DVO3NvnViqqXE=
67,261,IOGIXbAUKp1C7y7plopHdNNNV10=,zjrOKt/KTINPD6DVO3NvnViqqXE=
65,261,IOGIXbAUKp1C7y7plopHdNNNV10=,zjrOKt/KTINPD6DVO3NvnViqqXE=
77,258,IOGIXbAUKp1C7y7plopHdNNNV10=,zjrOKt/KTINPD6DVO3NvnViqqXE=
64,261,IOGIXbAUKp1C7y7plopHdNNNV10=,zjrOKt/KTINPD6DVO3NvnViqqXE=
78,260,IOGIXbAUKp1C7y7plopHdNNNV10=,zjrOKt/KTINPD6DVO3NvnViqqXE=
77,260,IOGIXbAUKp1C7y7plopHdNNNV10=,zjrOKt/KTINPD6DVO3NvnViqqXE=
75,260,IOGIXbAUKp1C7y7plopHdNNNV10=,zjrOKt/KTINPD6DVO3NvnViqqXE=
76,260,IOGIXbAUKp1C7y7plopHdNNNV10=,zjrOKt/KTINPD6DVO3NvnViqqXE=
79,260,IOGIXbAUKp1C7y7plopHdNNNV10=,zjrOKt/KTINPD6DVO3NvnViqqXE=
66,257,IOGIXbAUKp1C7y7plopHdNNNV10=,zjrOKt/KTINPD6DVO3NvnViqqXE=
64,257,IOGIXbAUKp1C7y7plopHdNNNV10=,zjrOKt/KTINPD6DVO3NvnViqqXE=
74,260,IOGIXbAUKp1C7y7plopHdNNNV10=,zjrOKt/KTINPD6DVO3NvnViqqXE=
73,260,IOGIXbAUKp1C7y7plopHdNNNV10=,zjrOKt/KTINPD6DVO3NvnViqqXE=
71,260,IOGIXbAUKp1C7y7plopHdNNNV10=,zjrOKt/KTINPD6DVO3NvnViqqXE=
69,260,IOGIXbAUKp1C7y7plopHdNNNV10=,zjrOKt/KTINPD6DVO3NvnViqqXE=
70,260,IOGIXbAUKp1C7y7plopHdNNNV10=,zjrOKt/KTINPD6DVO3NvnViqqXE=
72,260,IOGIXbAUKp1C7y7plopHdNNNV10=,zjrOKt/KTINPD6DVO3NvnViqqXE=
68,260,IOGIXbAUKp1C7y7plopHdNNNV10=,zjrOKt/KTINPD6DVO3NvnViqqXE=
78,258,IOGIXbAUKp1C7y7plopHdNNNV10=,zjrOKt/KTINPD6DVO3NvnViqqXE=
67,260,IOGIXbAUKp1C7y7plopHdNNNV10=,zjrOKt/KTINPD6DVO3NvnViqqXE=
66,260,IOGIXbAUKp1C7y7plopHdNNNV10=,zjrOKt/KTINPD6DVO3NvnViqqXE=
65,260,IOGIXbAUKp1C7y7plopHdNNNV10=,zjrOKt/KTINPD6DVO3NvnViqqXE=
64,260,IOGIXbAUKp1C7y7plopHdNNNV10=,zjrOKt/KTINPD6DVO3NvnViqqXE=
79,259,IOGIXbAUKp1C7y7plopHdNNNV10=,zjrOKt/KTINPD6DVO3NvnViqqXE=
77,259,IOGIXbAUKp1C7y7plopHdNNNV10=,zjrOKt/KTINPD6DVO3NvnViqqXE=
76,259,IOGIXbAUKp1C7y7plopHdNNNV10=,zjrOKt/KTINPD6DVO3NvnViqqXE=
78,259,IOGIXbAUKp1C7y7plopHdNNNV10=,zjrOKt/KTINPD6DVO3NvnViqqXE=
79,258,IOGIXbAUKp1C7y7plopHdNNNV10=,zjrOKt/KTINPD6DVO3NvnViqqXE=
65,257,IOGIXbAUKp1C7y7plopHdNNNV10=,zjrOKt/KTINPD6DVO3NvnViqqXE=
75,259,IOGIXbAUKp1C7y7plopHdNNNV10=,zjrOKt/KTINPD6DVO3NvnViqqXE=
74,259,IOGIXbAUKp1C7y7plopHdNNNV10=,zjrOKt/KTINPD6DVO3NvnViqqXE=
73,259,IOGIXbAUKp1C7y7plopHdNNNV10=,zjrOKt/KTINPD6DVO3NvnViqqXE=
72,259,IOGIXbAUKp1C7y7plopHdNNNV10=,zjrOKt/KTINPD6DVO3NvnViqqXE=
71,259,IOGIXbAUKp1C7y7plopHdNNNV10=,zjrOKt/KTINPD6DVO3NvnViqqXE=
69,259,IOGIXbAUKp1C7y7plopHdNNNV10=,zjrOKt/KTINPD6DVO3NvnViqqXE=
70,259,IOGIXbAUKp1C7y7plopHdNNNV10=,zjrOKt/KTINPD6DVO3NvnViqqXE=
64,259,IOGIXbAUKp1C7y7plopHdNNNV10=,zjrOKt/KTINPD6DVO3NvnViqqXE=
68,259,IOGIXbAUKp1C7y7plopHdNNNV10=,zjrOKt/KTINPD6DVO3NvnViqqXE=
66,259,IOGIXbAUKp1C7y7plopHdNNNV10=,zjrOKt/KTINPD6DVO3NvnViqqXE=
65,259,IOGIXbAUKp1C7y7plopHdNNNV10=,zjrOKt/KTINPD6DVO3NvnViqqXE=
67,259,IOGIXbAUKp1C7y7plopHdNNNV10=,zjrOKt/KTINPD6DVO3NvnViqqXE=
95,271,IOGIXbAUKp1C7y7plopHdNNNV10=,zjrOKt/KTINPD6DVO3NvnViqqXE=
80,257,IOGIXbAUKp1C7y7plopHdNNNV10=,zjrOKt/KTINPD6DVO3NvnViqqXE=
95,256,IOGIXbAUKp1C7y7plopHdNNNV10=,zjrOKt/KTINPD6DVO3NvnViqqXE=
80,256,IOGIXbAUKp1C7y7plopHdNNNV10=,zjrOKt/KTINPD6DVO3NvnViqqXE=
81,257,IOGIXbAUKp1C7y7plopHdNNNV10=,zjrOKt/KTINPD6DVO3NvnViqqXE=
94,271,IOGIXbAUKp1C7y7plopHdNNNV10=,zjrOKt/KTINPD6DVO3NvnViqqXE=
82,257,IOGIXbAUKp1C7y7plopHdNNNV10=,zjrOKt/KTINPD6DVO3NvnViqqXE=
91,271,IOGIXbAUKp1C7y7plopHdNNNV10=,zjrOKt/KTINPD6DVO3NvnViqqXE=
92,271,IOGIXbAUKp1C7y7plopHdNNNV10=,zjrOKt/KTINPD6DVO3NvnViqqXE=
93,271,IOGIXbAUKp1C7y7plopHdNNNV10=,zjrOKt/KTINPD6DVO3NvnViqqXE=
83,257,IOGIXbAUKp1C7y7plopHdNNNV10=,zjrOKt/KTINPD6DVO3NvnViqqXE=
84,257,IOGIXbAUKp1C7y7plopHdNNNV10=,zjrOKt/KTINPD6DVO3NvnViqqXE=
90,271,IOGIXbAUKp1C7y7plopHdNNNV10=,zjrOKt/KTINPD6DVO3NvnViqqXE=
85,257,IOGIXbAUKp1C7y7plopHdNNNV10=,zjrOKt/KTINPD6DVO3NvnViqqXE=
87,271,IOGIXbAUKp1C7y7plopHdNNNV10=,zjrOKt/KTINPD6DVO3NvnViqqXE=
86,257,IOGIXbAUKp1C7y7plopHdNNNV10=,zjrOKt/KTINPD6DVO3NvnViqqXE=
85,271,IOGIXbAUKp1C7y7plopHdNNNV10=,zjrOKt/KTINPD6DVO3NvnViqqXE=
86,271,IOGIXbAUKp1C7y7plopHdNNNV10=,zjrOKt/KTINPD6DVO3NvnViqqXE=
89,271,IOGIXbAUKp1C7y7plopHdNNNV10=,zjrOKt/KTINPD6DVO3NvnViqqXE=
87,257,IOGIXbAUKp1C7y7plopHdNNNV10=,zjrOKt/KTINPD6DVO3NvnViqqXE=
88,257,IOGIXbAUKp1C7y7plopHdNNNV10=,zjrOKt/KTINPD6DVO3NvnViqqXE=
88,271,IOGIXbAUKp1C7y7plopHdNNNV10=,zjrOKt/KTINPD6DVO3NvnViqqXE=
84,271,IOGIXbAUKp1C7y7plopHdNNNV10=,zjrOKt/KTINPD6DVO3NvnViqqXE=
83,271,IOGIXbAUKp1C7y7plopHdNNNV10=,zjrOKt/KTINPD6DVO3NvnViqqXE=
81,271,IOGIXbAUKp1C7y7plopHdNNNV10=,zjrOKt/KTINPD6DVO3NvnViqqXE=
89,257,IOGIXbAUKp1C7y7plopHdNNNV10=,zjrOKt/KTINPD6DVO3NvnViqqXE=
80,271,IOGIXbAUKp1C7y7plopHdNNNV10=,zjrOKt/KTINPD6DVO3NvnViqqXE=
82,271,IOGIXbAUKp1C7y7plopHdNNNV10=,zjrOKt/KTINPD6DVO3NvnViqqXE=
94,270,IOGIXbAUKp1C7y7plopHdNNNV10=,zjrOKt/KTINPD6DVO3NvnViqqXE=
93,270,IOGIXbAUKp1C7y7plopHdNNNV10=,zjrOKt/KTINPD6DVO3NvnViqqXE=
90,257,IOGIXbAUKp1C7y7plopHdNNNV10=,zjrOKt/KTINPD6DVO3NvnViqqXE=
91,270,IOGIXbAUKp1C7y7plopHdNNNV10=,zjrOKt/KTINPD6DVO3NvnViqqXE=
95,270,IOGIXbAUKp1C7y7plopHdNNNV10=,zjrOKt/KTINPD6DVO3NvnViqqXE=
92,270,IOGIXbAUKp1C7y7plopHdNNNV10=,zjrOKt/KTINPD6DVO3NvnViqqXE=
92,257,IOGIXbAUKp1C7y7plopHdNNNV10=,zjrOKt/KTINPD6DVO3NvnViqqXE=
90,270,IOGIXbAUKp1C7y7plopHdNNNV10=,zjrOKt/KTINPD6DVO3NvnViqqXE=
91,257,IOGIXbAUKp1C7y7plopHdNNNV10=,zjrOKt/KTINPD6DVO3NvnViqqXE=
85,270,IOGIXbAUKp1C7y7plopHdNNNV10=,zjrOKt/KTINPD6DVO3NvnViqqXE=
93,257,IOGIXbAUKp1C7y7plopHdNNNV10=,zjrOKt/KTINPD6DVO3NvnViqqXE=
89,270,IOGIXbAUKp1C7y7plopHdNNNV10=,zjrOKt/KTINPD6DVO3NvnViqqXE=
88,270,IOGIXbAUKp1C7y7plopHdNNNV10=,zjrOKt/KTINPD6DVO3NvnViqqXE=
84,270,IOGIXbAUKp1C7y7plopHdNNNV10=,zjrOKt/KTINPD6DVO3NvnViqqXE=
81,256,IOGIXbAUKp1C7y7plopHdNNNV10=,zjrOKt/KTINPD6DVO3NvnViqqXE=
86,270,IOGIXbAUKp1C7y7plopHdNNNV10=,zjrOKt/KTINPD6DVO3NvnViqqXE=
87,270,IOGIXbAUKp1C7y7plopHdNNNV10=,zjrOKt/KTINPD6DVO3NvnViqqXE=
81,270,IOGIXbAUKp1C7y7plopHdNNNV10=,zjrOKt/KTINPD6DVO3NvnViqqXE=
94,257,IOGIXbAUKp1C7y7plopHdNNNV10=,zjrOKt/KTINPD6DVO3NvnViqqXE=
82,270,IOGIXbAUKp1C7y7plopHdNNNV10=,zjrOKt/KTINPD6DVO3NvnViqqXE=
95,257,IOGIXbAUKp1C7y7plopHdNNNV10=,zjrOKt/KTINPD6DVO3NvnViqqXE=
83,270,IOGIXbAUKp1C7y7plopHdNNNV10=,zjrOKt/KTINPD6DVO3NvnViqqXE=
93,269,IOGIXbAUKp1C7y7plopHdNNNV10=,zjrOKt/KTINPD6DVO3NvnViqqXE=
91,269,IOGIXbAUKp1C7y7plopHdNNNV10=,zjrOKt/KTINPD6DVO3NvnViqqXE=
94,256,IOGIXbAUKp1C7y7plopHdNNNV10=,zjrOKt/KTINPD6DVO3NvnViqqXE=
92,269,IOGIXbAUKp1C7y7plopHdNNNV10=,zjrOKt/KTINPD6DVO3NvnViqqXE=
94,269,IOGIXbAUKp1C7y7plopHdNNNV10=,zjrOKt/KTINPD6DVO3NvnViqqXE=
80,270,IOGIXbAUKp1C7y7plopHdNNNV10=,zjrOKt/KTINPD6DVO3NvnViqqXE=
82,256,IOGIXbAUKp1C7y7plopHdNNNV10=,zjrOKt/KTINPD6DVO3NvnViqqXE=
95,269,IOGIXbAUKp1C7y7plopHdNNNV10=,zjrOKt/KTINPD6DVO3NvnViqqXE=
88,269,IOGIXbAUKp1C7y7plopHdNNNV10=,zjrOKt/KTINPD6DVO3NvnViqqXE=
90,269,IOGIXbAUKp1C7y7plopHdNNNV10=,zjrOKt/KTINPD6DVO3NvnViqqXE=
89,269,IOGIXbAUKp1C7y7plopHdNNNV10=,zjrOKt/KTINPD6DVO3NvnViqqXE=
80,258,IOGIXbAUKp1C7y7plopHdNNNV10=,zjrOKt/KTINPD6DVO3NvnViqqXE=
87,269,IOGIXbAUKp1C7y7plopHdNNNV10=,zjrOKt/KTINPD6DVO3NvnViqqXE=
86,269,IOGIXbAUKp1C7y7plopHdNNNV10=,zjrOKt/KTINPD6DVO3NvnViqqXE=
85,269,IOGIXbAUKp1C7y7plopHdNNNV10=,zjrOKt/KTINPD6DVO3NvnViqqXE=
84,269,IOGIXbAUKp1C7y7plopHdNNNV10=,zjrOKt/KTINPD6DVO3NvnViqqXE=
83,269,IOGIXbAUKp1C7y7plopHdNNNV10=,zjrOKt/KTINPD6DVO3NvnViqqXE=
81,269,IOGIXbAUKp1C7y7plopHdNNNV10=,zjrOKt/KTINPD6DVO3NvnViqqXE=
82,269,IOGIXbAUKp1C7y7plopHdNNNV10=,zjrOKt/KTINPD6DVO3NvnViqqXE=
81,258,IOGIXbAUKp1C7y7plopHdNNNV10=,zjrOKt/KTINPD6DVO3NvnViqqXE=
93,256,IOGIXbAUKp1C7y7plopHdNNNV10=,zjrOKt/KTINPD6DVO3NvnViqqXE=
95,268,IOGIXbAUKp1C7y7plopHdNNNV10=,zjrOKt/KTINPD6DVO3NvnViqqXE=
94,268,IOGIXbAUKp1C7y7plopHdNNNV10=,zjrOKt/KTINPD6DVO3NvnViqqXE=
80,269,IOGIXbAUKp1C7y7plopHdNNNV10=,zjrOKt/KTINPD6DVO3NvnViqqXE=
82,258,IOGIXbAUKp1C7y7plopHdNNNV10=,zjrOKt/KTINPD6DVO3NvnViqqXE=
91,268,IOGIXbAUKp1C7y7plopHdNNNV10=,zjrOKt/KTINPD6DVO3NvnViqqXE=
93,268,IOGIXbAUKp1C7y7plopHdNNNV10=,zjrOKt/KTINPD6DVO3NvnViqqXE=
88,268,IOGIXbAUKp1C7y7plopHdNNNV10=,zjrOKt/KTINPD6DVO3NvnViqqXE=
90,268,IOGIXbAUKp1C7y7plopHdNNNV10=,zjrOKt/KTINPD6DVO3NvnViqqXE=
89,268,IOGIXbAUKp1C7y7plopHdNNNV10=,zjrOKt/KTINPD6DVO3NvnViqqXE=
87,268,IOGIXbAUKp1C7y7plopHdNNNV10=,zjrOKt/KTINPD6DVO3NvnViqqXE=
85,268,IOGIXbAUKp1C7y7plopHdNNNV10=,zjrOKt/KTINPD6DVO3NvnViqqXE=
83,258,IOGIXbAUKp1C7y7plopHdNNNV10=,zjrOKt/KTINPD6DVO3NvnViqqXE=
82,268,IOGIXbAUKp1C7y7plopHdNNNV10=,zjrOKt/KTINPD6DVO3NvnViqqXE=
84,268,IOGIXbAUKp1C7y7plopHdNNNV10=,zjrOKt/KTINPD6DVO3NvnViqqXE=
80,268,IOGIXbAUKp1C7y7plopHdNNNV10=,zjrOKt/KTINPD6DVO3NvnViqqXE=
86,268,IOGIXbAUKp1C7y7plopHdNNNV10=,zjrOKt/KTINPD6DVO3NvnViqqXE=
83,268,IOGIXbAUKp1C7y7plopHdNNNV10=,zjrOKt/KTINPD6DVO3NvnViqqXE=
81,268,IOGIXbAUKp1C7y7plopHdNNNV10=,zjrOKt/KTINPD6DVO3NvnViqqXE=
94,267,IOGIXbAUKp1C7y7plopHdNNNV10=,zjrOKt/KTINPD6DVO3NvnViqqXE=
92,268,IOGIXbAUKp1C7y7plopHdNNNV10=,zjrOKt/KTINPD6DVO3NvnViqqXE=
84,258,IOGIXbAUKp1C7y7plopHdNNNV10=,zjrOKt/KTINPD6DVO3NvnViqqXE=
92,256,IOGIXbAUKp1C7y7plopHdNNNV10=,zjrOKt/KTINPD6DVO3NvnViqqXE=
95,267,IOGIXbAUKp1C7y7plopHdNNNV10=,zjrOKt/KTINPD6DVO3NvnViqqXE=
90,267,IOGIXbAUKp1C7y7plopHdNNNV10=,zjrOKt/KTINPD6DVO3NvnViqqXE=
92,267,IOGIXbAUKp1C7y7plopHdNNNV10=,zjrOKt/KTINPD6DVO3NvnViqqXE=
89,267,IOGIXbAUKp1C7y7plopHdNNNV10=,zjrOKt/KTINPD6DVO3NvnViqqXE=
91,267,IOGIXbAUKp1C7y7plopHdNNNV10=,zjrOKt/KTINPD6DVO3NvnViqqXE=
87,267,IOGIXbAUKp1C7y7plopHdNNNV10=,zjrOKt/KTINPD6DVO3NvnViqqXE=
85,258,IOGIXbAUKp1C7y7plopHdNNNV10=,zjrOKt/KTINPD6DVO3NvnViqqXE=
93,267,IOGIXbAUKp1C7y7plopHdNNNV10=,zjrOKt/KTINPD6DVO3NvnViqqXE=
85,267,IOGIXbAUKp1C7y7plopHdNNNV10=,zjrOKt/KTINPD6DVO3NvnViqqXE=
86,258,IOGIXbAUKp1C7y7plopHdNNNV10=,zjrOKt/KTINPD6DVO3NvnViqqXE=
86,267,IOGIXbAUKp1C7y7plopHdNNNV10=,zjrOKt/KTINPD6DVO3NvnViqqXE=
88,267,IOGIXbAUKp1C7y7plopHdNNNV10=,zjrOKt/KTINPD6DVO3NvnViqqXE=
84,267,IOGIXbAUKp1C7y7plopHdNNNV10=,zjrOKt/KTINPD6DVO3NvnViqqXE=
87,258,IOGIXbAUKp1C7y7plopHdNNNV10=,zjrOKt/KTINPD6DVO3NvnViqqXE=
83,267,IOGIXbAUKp1C7y7plopHdNNNV10=,zjrOKt/KTINPD6DVO3NvnViqqXE=
81,267,IOGIXbAUKp1C7y7plopHdNNNV10=,zjrOKt/KTINPD6DVO3NvnViqqXE=
80,267,IOGIXbAUKp1C7y7plopHdNNNV10=,zjrOKt/KTINPD6DVO3NvnViqqXE=
82,267,IOGIXbAUKp1C7y7plopHdNNNV10=,zjrOKt/KTINPD6DVO3NvnViqqXE=
91,256,IOGIXbAUKp1C7y7plopHdNNNV10=,zjrOKt/KTINPD6DVO3NvnViqqXE=
93,266,IOGIXbAUKp1C7y7plopHdNNNV10=,zjrOKt/KTINPD6DVO3NvnViqqXE=
92,266,IOGIXbAUKp1C7y7plopHdNNNV10=,zjrOKt/KTINPD6DVO3NvnViqqXE=
94,266,IOGIXbAUKp1C7y7plopHdNNNV10=,zjrOKt/KTINPD6DVO3NvnViqqXE=
88,258,IOGIXbAUKp1C7y7plopHdNNNV10=,zjrOKt/KTINPD6DVO3NvnViqqXE=
95,266,IOGIXbAUKp1C7y7plopHdNNNV10=,zjrOKt/KTINPD6DVO3NvnViqqXE=
91,266,IOGIXbAUKp1C7y7plopHdNNNV10=,zjrOKt/KTINPD6DVO3NvnViqqXE=
89,266,IOGIXbAUKp1C7y7plopHdNNNV10=,zjrOKt/KTINPD6DVO3NvnViqqXE=
90,266,IOGIXbAUKp1C7y7plopHdNNNV10=,zjrOKt/KTINPD6DVO3NvnViqqXE=
89,258,IOGIXbAUKp1C7y7plopHdNNNV10=,zjrOKt/KTINPD6DVO3NvnViqqXE=
88,266,IOGIXbAUKp1C7y7plopHdNNNV10=,zjrOKt/KTINPD6DVO3NvnViqqXE=
87,266,IOGIXbAUKp1C7y7plopHdNNNV10=,zjrOKt/KTINPD6DVO3NvnViqqXE=
86,266,IOGIXbAUKp1C7y7plopHdNNNV10=,zjrOKt/KTINPD6DVO3NvnViqqXE=
85,266,IOGIXbAUKp1C7y7plopHdNNNV10=,zjrOKt/KTINPD6DVO3NvnViqqXE=
83,266,IOGIXbAUKp1C7y7plopHdNNNV10=,zjrOKt/KTINPD6DVO3NvnViqqXE=
90,258,IOGIXbAUKp1C7y7plopHdNNNV10=,zjrOKt/KTINPD6DVO3NvnViqqXE=
80,266,IOGIXbAUKp1C7y7plopHdNNNV10=,zjrOKt/KTINPD6DVO3NvnViqqXE=
81,266,IOGIXbAUKp1C7y7plopHdNNNV10=,zjrOKt/KTINPD6DVO3NvnViqqXE=
84,266,IOGIXbAUKp1C7y7plopHdNNNV10=,zjrOKt/KTINPD6DVO3NvnViqqXE=
95,265,IOGIXbAUKp1C7y7plopHdNNNV10=,zjrOKt/KTINPD6DVO3NvnViqqXE=
82,266,IOGIXbAUKp1C7y7plopHdNNNV10=,zjrOKt/KTINPD6DVO3NvnViqqXE=
94,265,IOGIXbAUKp1C7y7plopHdNNNV10=,zjrOKt/KTINPD6DVO3NvnViqqXE=
93,265,IOGIXbAUKp1C7y7plopHdNNNV10=,zjrOKt/KTINPD6DVO3NvnViqqXE=
92,265,IOGIXbAUKp1C7y7plopHdNNNV10=,zjrOKt/KTINPD6DVO3NvnViqqXE=
91,265,IOGIXbAUKp1C7y7plopHdNNNV10=,zjrOKt/KTINPD6DVO3NvnViqqXE=
90,256,IOGIXbAUKp1C7y7plopHdNNNV10=,zjrOKt/KTINPD6DVO3NvnViqqXE=
91,258,IOGIXbAUKp1C7y7plopHdNNNV10=,zjrOKt/KTINPD6DVO3NvnViqqXE=
89,265,IOGIXbAUKp1C7y7plopHdNNNV10=,zjrOKt/KTINPD6DVO3NvnViqqXE=
90,265,IOGIXbAUKp1C7y7plopHdNNNV10=,zjrOKt/KTINPD6DVO3NvnViqqXE=
88,265,IOGIXbAUKp1C7y7plopHdNNNV10=,zjrOKt/KTINPD6DVO3NvnViqqXE=
85,265,IOGIXbAUKp1C7y7plopHdNNNV10=,zjrOKt/KTINPD6DVO3NvnViqqXE=
87,265,IOGIXbAUKp1C7y7plopHdNNNV10=,zjrOKt/KTINPD6DVO3NvnViqqXE=
86,265,IOGIXbAUKp1C7y7plopHdNNNV10=,zjrOKt/KTINPD6DVO3NvnViqqXE=
82,265,IOGIXbAUKp1C7y7plopHdNNNV10=,zjrOKt/KTINPD6DVO3NvnViqqXE=
83,265,IOGIXbAUKp1C7y7plopHdNNNV10=,zjrOKt/KTINPD6DVO3NvnViqqXE=
84,265,IOGIXbAUKp1C7y7plopHdNNNV10=,zjrOKt/KTINPD6DVO3NvnViqqXE=
92,258,IOGIXbAUKp1C7y7plopHdNNNV10=,zjrOKt/KTINPD6DVO3NvnViqqXE=
80,265,IOGIXbAUKp1C7y7plopHdNNNV10=,zjrOKt/KTINPD6DVO3NvnViqqXE=
81,265,IOGIXbAUKp1C7y7plopHdNNNV10=,zjrOKt/KTINPD6DVO3NvnViqqXE=
94,264,IOGIXbAUKp1C7y7plopHdNNNV10=,zjrOKt/KTINPD6DVO3NvnViqqXE=
95,264,IOGIXbAUKp1C7y7plopHdNNNV10=,zjrOKt/KTINPD6DVO3NvnViqqXE=
89,256,IOGIXbAUKp1C7y7plopHdNNNV10=,zjrOKt/KTINPD6DVO3NvnViqqXE=
92,264,IOGIXbAUKp1C7y7plopHdNNNV10=,zjrOKt/KTINPD6DVO3NvnViqqXE=
93,264,IOGIXbAUKp1C7y7plopHdNNNV10=,zjrOKt/KTINPD6DVO3NvnViqqXE=
90,264,IOGIXbAUKp1C7y7plopHdNNNV10=,zjrOKt/KTINPD6DVO3NvnViqqXE=
91,264,IOGIXbAUKp1C7y7plopHdNNNV10=,zjrOKt/KTINPD6DVO3NvnViqqXE=
89,264,IOGIXbAUKp1C7y7plopHdNNNV10=,zjrOKt/KTINPD6DVO3NvnViqqXE=
93,258,IOGIXbAUKp1C7y7plopHdNNNV10=,zjrOKt/KTINPD6DVO3NvnViqqXE=
87,264,IOGIXbAUKp1C7y7plopHdNNNV10=,zjrOKt/KTINPD6DVO3NvnViqqXE=
84,264,IOGIXbAUKp1C7y7plopHdNNNV10=,zjrOKt/KTINPD6DVO3NvnViqqXE=
88,264,IOGIXbAUKp1C7y7plopHdNNNV10=,zjrOKt/KTINPD6DVO3NvnViqqXE=
81,264,IOGIXbAUKp1C7y7plopHdNNNV10=,zjrOKt/KTINPD6DVO3NvnViqqXE=
85,264,IOGIXbAUKp1C7y7plopHdNNNV10=,zjrOKt/KTINPD6DVO3NvnViqqXE=
82,264,IOGIXbAUKp1C7y7plopHdNNNV10=,zjrOKt/KTINPD6DVO3NvnViqqXE=
94,258,IOGIXbAUKp1C7y7plopHdNNNV10=,zjrOKt/KTINPD6DVO3NvnViqqXE=
94,263,IOGIXbAUKp1C7y7plopHdNNNV10=,zjrOKt/KTINPD6DVO3NvnViqqXE=
80,264,IOGIXbAUKp1C7y7plopHdNNNV10=,zjrOKt/KTINPD6DVO3NvnViqqXE=
83,264,IOGIXbAUKp1C7y7plopHdNNNV10=,zjrOKt/KTINPD6DVO3NvnViqqXE=
86,264,IOGIXbAUKp1C7y7plopHdNNNV10=,zjrOKt/KTINPD6DVO3NvnViqqXE=
95,263,IOGIXbAUKp1C7y7plopHdNNNV10=,zjrOKt/KTINPD6DVO3NvnViqqXE=
92,263,IOGIXbAUKp1C7y7plopHdNNNV10=,zjrOKt/KTINPD6DVO3NvnViqqXE=
93,263,IOGIXbAUKp1C7y7plopHdNNNV10=,zjrOKt/KTINPD6DVO3NvnViqqXE=
88,256,IOGIXbAUKp1C7y7plopHdNNNV10=,zjrOKt/KTINPD6DVO3NvnViqqXE=
91,263,IOGIXbAUKp1C7y7plopHdNNNV10=,zjrOKt/KTINPD6DVO3NvnViqqXE=
95,258,IOGIXbAUKp1C7y7plopHdNNNV10=,zjrOKt/KTINPD6DVO3NvnViqqXE=
90,263,IOGIXbAUKp1C7y7plopHdNNNV10=,zjrOKt/KTINPD6DVO3NvnViqqXE=
89,263,IOGIXbAUKp1C7y7plopHdNNNV10=,zjrOKt/KTINPD6DVO3NvnViqqXE=
87,263,IOGIXbAUKp1C7y7plopHdNNNV10=,zjrOKt/KTINPD6DVO3NvnViqqXE=
86,263,IOGIXbAUKp1C7y7plopHdNNNV10=,zjrOKt/KTINPD6DVO3NvnViqqXE=
85,263,IOGIXbAUKp1C7y7plopHdNNNV10=,zjrOKt/KTINPD6DVO3NvnViqqXE=
88,263,IOGIXbAUKp1C7y7plopHdNNNV10=,zjrOKt/KTINPD6DVO3NvnViqqXE=
84,263,IOGIXbAUKp1C7y7plopHdNNNV10=,zjrOKt/KTINPD6DVO3NvnViqqXE=
83,256,IOGIXbAUKp1C7y7plopHdNNNV10=,zjrOKt/KTINPD6DVO3NvnViqqXE=
83,263,IOGIXbAUKp1C7y7plopHdNNNV10=,zjrOKt/KTINPD6DVO3NvnViqqXE=
82,263,IOGIXbAUKp1C7y7plopHdNNNV10=,zjrOKt/KTINPD6DVO3NvnViqqXE=
95,262,IOGIXbAUKp1C7y7plopHdNNNV10=,zjrOKt/KTINPD6DVO3NvnViqqXE=
80,263,IOGIXbAUKp1C7y7plopHdNNNV10=,zjrOKt/KTINPD6DVO3NvnViqqXE=
94,262,IOGIXbAUKp1C7y7plopHdNNNV10=,zjrOKt/KTINPD6DVO3NvnViqqXE=
93,262,IOGIXbAUKp1C7y7plopHdNNNV10=,zjrOKt/KTINPD6DVO3NvnViqqXE=
80,259,IOGIXbAUKp1C7y7plopHdNNNV10=,zjrOKt/KTINPD6DVO3NvnViqqXE=
87,256,IOGIXbAUKp1C7y7plopHdNNNV10=,zjrOKt/KTINPD6DVO3NvnViqqXE=
92,262,IOGIXbAUKp1C7y7plopHdNNNV10=,zjrOKt/KTINPD6DVO3NvnViqqXE=
91,262,IOGIXbAUKp1C7y7plopHdNNNV10=,zjrOKt/KTINPD6DVO3NvnViqqXE=
81,263,IOGIXbAUKp1C7y7plopHdNNNV10=,zjrOKt/KTINPD6DVO3NvnViqqXE=
89,262,IOGIXbAUKp1C7y7plopHdNNNV10=,zjrOKt/KTINPD6DVO3NvnViqqXE=
87,262,IOGIXbAUKp1C7y7plopHdNNNV10=,zjrOKt/KTINPD6DVO3NvnViqqXE=
88,262,IOGIXbAUKp1C7y7plopHdNNNV10=,zjrOKt/KTINPD6DVO3NvnViqqXE=
81,259,IOGIXbAUKp1C7y7plopHdNNNV10=,zjrOKt/KTINPD6DVO3NvnViqqXE=
86,262,IOGIXbAUKp1C7y7plopHdNNNV10=,zjrOKt/KTINPD6DVO3NvnViqqXE=
90,262,IOGIXbAUKp1C7y7plopHdNNNV10=,zjrOKt/KTINPD6DVO3NvnViqqXE=
83,262,IOGIXbAUKp1C7y7plopHdNNNV10=,zjrOKt/KTINPD6DVO3NvnViqqXE=
85,262,IOGIXbAUKp1C7y7plopHdNNNV10=,zjrOKt/KTINPD6DVO3NvnViqqXE=
82,262,IOGIXbAUKp1C7y7plopHdNNNV10=,zjrOKt/KTINPD6DVO3NvnViqqXE=
84,262,IOGIXbAUKp1C7y7plopHdNNNV10=,zjrOKt/KTINPD6DVO3NvnViqqXE=
81,262,IOGIXbAUKp1C7y7plopHdNNNV10=,zjrOKt/KTINPD6DVO3NvnViqqXE=
94,261,IOGIXbAUKp1C7y7plopHdNNNV10=,zjrOKt/KTINPD6DVO3NvnViqqXE=
86,256,IOGIXbAUKp1C7y7plopHdNNNV10=,zjrOKt/KTINPD6DVO3NvnViqqXE=
82,259,IOGIXbAUKp1C7y7plopHdNNNV10=,zjrOKt/KTINPD6DVO3NvnViqqXE=
93,261,IOGIXbAUKp1C7y7plopHdNNNV10=,zjrOKt/KTINPD6DVO3NvnViqqXE=
80,262,IOGIXbAUKp1C7y7plopHdNNNV10=,zjrOKt/KTINPD6DVO3NvnViqqXE=
92,261,IOGIXbAUKp1C7y7plopHdNNNV10=,zjrOKt/KTINPD6DVO3NvnViqqXE=
91,261,IOGIXbAUKp1C7y7plopHdNNNV10=,zjrOKt/KTINPD6DVO3NvnViqqXE=
95,261,IOGIXbAUKp1C7y7plopHdNNNV10=,zjrOKt/KTINPD6DVO3NvnViqqXE=
90,261,IOGIXbAUKp1C7y7plopHdNNNV10=,zjrOKt/KTINPD6DVO3NvnViqqXE=
83,259,IOGIXbAUKp1C7y7plopHdNNNV10=,zjrOKt/KTINPD6DVO3NvnViqqXE=
89,261,IOGIXbAUKp1C7y7plopHdNNNV10=,zjrOKt/KTINPD6DVO3NvnViqqXE=
86,261,IOGIXbAUKp1C7y7plopHdNNNV10=,zjrOKt/KTINPD6DVO3NvnViqqXE=
88,261,IOGIXbAUKp1C7y7plopHdNNNV10=,zjrOKt/KTINPD6DVO3NvnViqqXE=
87,261,IOGIXbAUKp1C7y7plopHdNNNV10=,zjrOKt/KTINPD6DVO3NvnViqqXE=
84,261,IOGIXbAUKp1C7y7plopHdNNNV10=,zjrOKt/KTINPD6DVO3NvnViqqXE=
83,261,IOGIXbAUKp1C7y7plopHdNNNV10=,zjrOKt/KTINPD6DVO3NvnViqqXE=
85,261,IOGIXbAUKp1C7y7plopHdNNNV10=,zjrOKt/KTINPD6DVO3NvnViqqXE=
81,261,IOGIXbAUKp1C7y7plopHdNNNV10=,zjrOKt/KTINPD6DVO3NvnViqqXE=
82,261,IOGIXbAUKp1C7y7plopHdNNNV10=,zjrOKt/KTINPD6DVO3NvnViqqXE=
85,256,IOGIXbAUKp1C7y7plopHdNNNV10=,zjrOKt/KTINPD6DVO3NvnViqqXE=
80,261,IOGIXbAUKp1C7y7plopHdNNNV10=,zjrOKt/KTINPD6DVO3NvnViqqXE=
94,260,IOGIXbAUKp1C7y7plopHdNNNV10=,zjrOKt/KTINPD6DVO3NvnViqqXE=
84,259,IOGIXbAUKp1C7y7plopHdNNNV10=,zjrOKt/KTINPD6DVO3NvnViqqXE=
95,260,IOGIXbAUKp1C7y7plopHdNNNV10=,zjrOKt/KTINPD6DVO3NvnViqqXE=
92,260,IOGIXbAUKp1C7y7plopHdNNNV10=,zjrOKt/KTINPD6DVO3NvnViqqXE=
93,260,IOGIXbAUKp1C7y7plopHdNNNV10=,zjrOKt/KTINPD6DVO3NvnViqqXE=
85,259,IOGIXbAUKp1C7y7plopHdNNNV10=,zjrOKt/KTINPD6DVO3NvnViqqXE=
91,260,IOGIXbAUKp1C7y7plopHdNNNV10=,zjrOKt/KTINPD6DVO3NvnViqqXE=
90,260,IOGIXbAUKp1C7y7plopHdNNNV10=,zjrOKt/KTINPD6DVO3NvnViqqXE=
88,260,IOGIXbAUKp1C7y7plopHdNNNV10=,zjrOKt/KTINPD6DVO3NvnViqqXE=
89,260,IOGIXbAUKp1C7y7plopHdNNNV10=,zjrOKt/KTINPD6DVO3NvnViqqXE=
87,260,IOGIXbAUKp1C7y7plopHdNNNV10=,zjrOKt/KTINPD6DVO3NvnViqqXE=
84,260,IOGIXbAUKp1C7y7plopHdNNNV10=,zjrOKt/KTINPD6DVO3NvnViqqXE=
85,260,IOGIXbAUKp1C7y7plopHdNNNV10=,zjrOKt/KTINPD6DVO3NvnViqqXE=
83,260,IOGIXbAUKp1C7y7plopHdNNNV10=,zjrOKt/KTINPD6DVO3NvnViqqXE=
80,260,IOGIXbAUKp1C7y7plopHdNNNV10=,zjrOKt/KTINPD6DVO3NvnViqqXE=
86,259,IOGIXbAUKp1C7y7plopHdNNNV10=,zjrOKt/KTINPD6DVO3NvnViqqXE=
86,260,IOGIXbAUKp1C7y7plopHdNNNV10=,zjrOKt/KTINPD6DVO3NvnViqqXE=
82,260,IOGIXbAUKp1C7y7plopHdNNNV10=,zjrOKt/KTINPD6DVO3NvnViqqXE=
81,260,IOGIXbAUKp1C7y7plopHdNNNV10=,zjrOKt/KTINPD6DVO3NvnViqqXE=
95,259,IOGIXbAUKp1C7y7plopHdNNNV10=,zjrOKt/KTINPD6DVO3NvnViqqXE=
84,256,IOGIXbAUKp1C7y7plopHdNNNV10=,zjrOKt/KTINPD6DVO3NvnViqqXE=
93,259,IOGIXbAUKp1C7y7plopHdNNNV10=,zjrOKt/KTINPD6DVO3NvnViqqXE=
94,259,IOGIXbAUKp1C7y7plopHdNNNV10=,zjrOKt/KTINPD6DVO3NvnViqqXE=
87,259,IOGIXbAUKp1C7y7plopHdNNNV10=,zjrOKt/KTINPD6DVO3NvnViqqXE=
90,259,IOGIXbAUKp1C7y7plopHdNNNV10=,zjrOKt/KTINPD6DVO3NvnViqqXE=
92,259,IOGIXbAUKp1C7y7plopHdNNNV10=,zjrOKt/KTINPD6DVO3NvnViqqXE=
91,259,IOGIXbAUKp1C7y7plopHdNNNV10=,zjrOKt/KTINPD6DVO3NvnViqqXE=
88,259,IOGIXbAUKp1C7y7plopHdNNNV10=,zjrOKt/KTINPD6DVO3NvnViqqXE=
89,259,IOGIXbAUKp1C7y7plopHdNNNV10=,zjrOKt/KTINPD6DVO3NvnViqqXE=
64,272,IOGIXbAUKp1C7y7plopHdNNNV10=,zjrOKt/KTINPD6DVO3NvnViqqXE=
64,273,IOGIXbAUKp1C7y7plopHdNNNV10=,zjrOKt/KTINPD6DVO3NvnViqqXE=
65,273,IOGIXbAUKp1C7y7plopHdNNNV10=,zjrOKt/KTINPD6DVO3NvnViqqXE=
67,273,IOGIXbAUKp1C7y7plopHdNNNV10=,zjrOKt/KTINPD6DVO3NvnViqqXE=
66,273,IOGIXbAUKp1C7y7plopHdNNNV10=,zjrOKt/KTINPD6DVO3NvnViqqXE=
68,273,IOGIXbAUKp1C7y7plopHdNNNV10=,zjrOKt/KTINPD6DVO3NvnViqqXE=
69,273,IOGIXbAUKp1C7y7plopHdNNNV10=,zjrOKt/KTINPD6DVO3NvnViqqXE=
70,273,IOGIXbAUKp1C7y7plopHdNNNV10=,zjrOKt/KTINPD6DVO3NvnViqqXE=
71,273,IOGIXbAUKp1C7y7plopHdNNNV10=,zjrOKt/KTINPD6DVO3NvnViqqXE=
72,273,IOGIXbAUKp1C7y7plopHdNNNV10=,zjrOKt/KTINPD6DVO3NvnViqqXE=
79,272,IOGIXbAUKp1C7y7plopHdNNNV10=,zjrOKt/KTINPD6DVO3NvnViqqXE=
73,273,IOGIXbAUKp1C7y7plopHdNNNV10=,zjrOKt/KTINPD6DVO3NvnViqqXE=
74,273,IOGIXbAUKp1C7y7plopHdNNNV10=,zjrOKt/KTINPD6DVO3NvnViqqXE=
79,287,IOGIXbAUKp1C7y7plopHdNNNV10=,zjrOKt/KTINPD6DVO3NvnViqqXE=
75,273,IOGIXbAUKp1C7y7plopHdNNNV10=,zjrOKt/KTINPD6DVO3NvnViqqXE=
78,287,IOGIXbAUKp1C7y7plopHdNNNV10=,zjrOKt/KTINPD6DVO3NvnViqqXE=
76,273,IOGIXbAUKp1C7y7plopHdNNNV10=,zjrOKt/KTINPD6DVO3NvnViqqXE=
77,273,IOGIXbAUKp1C7y7plopHdNNNV10=,zjrOKt/KTINPD6DVO3NvnViqqXE=
78,273,IOGIXbAUKp1C7y7plopHdNNNV10=,zjrOKt/KTINPD6DVO3NvnViqqXE=
77,287,IOGIXbAUKp1C7y7plopHdNNNV10=,zjrOKt/KTINPD6DVO3NvnViqqXE=
76,287,IOGIXbAUKp1C7y7plopHdNNNV10=,zjrOKt/KTINPD6DVO3NvnViqqXE=
75,287,IOGIXbAUKp1C7y7plopHdNNNV10=,zjrOKt/KTINPD6DVO3NvnViqqXE=
64,274,IOGIXbAUKp1C7y7plopHdNNNV10=,zjrOKt/KTINPD6DVO3NvnViqqXE=
79,273,IOGIXbAUKp1C7y7plopHdNNNV10=,zjrOKt/KTINPD6DVO3NvnViqqXE=
73,287,IOGIXbAUKp1C7y7plopHdNNNV10=,zjrOKt/KTINPD6DVO3NvnViqqXE=
65,272,IOGIXbAUKp1C7y7plopHdNNNV10=,zjrOKt/KTINPD6DVO3NvnViqqXE=
72,287,IOGIXbAUKp1C7y7plopHdNNNV10=,zjrOKt/KTINPD6DVO3NvnViqqXE=
71,287,IOGIXbAUKp1C7y7plopHdNNNV10=,zjrOKt/KTINPD6DVO3NvnViqqXE=
66,274,IOGIXbAUKp1C7y7plopHdNNNV10=,zjrOKt/KTINPD6DVO3NvnViqqXE=
65,274,IOGIXbAUKp1C7y7plopHdNNNV10=,zjrOKt/KTINPD6DVO3NvnViqqXE=
74,287,IOGIXbAUKp1C7y7plopHdNNNV10=,zjrOKt/KTINPD6DVO3NvnViqqXE=
67,274,IOGIXbAUKp1C7y7plopHdNNNV10=,zjrOKt/KTINPD6DVO3NvnViqqXE=
70,287,IOGIXbAUKp1C7y7plopHdNNNV10=,zjrOKt/KTINPD6DVO3NvnViqqXE=
68,287,IOGIXbAUKp1C7y7plopHdNNNV10=,zjrOKt/KTINPD6DVO3NvnViqqXE=
68,274,IOGIXbAUKp1C7y7plopHdNNNV10=,zjrOKt/KTINPD6DVO3NvnViqqXE=
67,287,IOGIXbAUKp1C7y7plopHdNNNV10=,zjrOKt/KTINPD6DVO3NvnViqqXE=
69,287,IOGIXbAUKp1C7y7plopHdNNNV10=,zjrOKt/KTINPD6DVO3NvnViqqXE=
65,287,IOGIXbAUKp1C7y7plopHdNNNV10=,zjrOKt/KTINPD6DVO3NvnViqqXE=
78,272,IOGIXbAUKp1C7y7plopHdNNNV10=,zjrOKt/KTINPD6DVO3NvnViqqXE=
64,287,IOGIXbAUKp1C7y7plopHdNNNV10=,zjrOKt/KTINPD6DVO3NvnViqqXE=
78,286,IOGIXbAUKp1C7y7plopHdNNNV10=,zjrOKt/KTINPD6DVO3NvnViqqXE=
77,286,IOGIXbAUKp1C7y7plopHdNNNV10=,zjrOKt/KTINPD6DVO3NvnViqqXE=
69,274,IOGIXbAUKp1C7y7plopHdNNNV10=,zjrOKt/KTINPD6DVO3NvnViqqXE=
76,286,IOGIXbAUKp1C7y7plopHdNNNV10=,zjrOKt/KTINPD6DVO3NvnViqqXE=
75,286,IOGIXbAUKp1C7y7plopHdNNNV10=,zjrOKt/KTINPD6DVO3NvnViqqXE=
70,274,IOGIXbAUKp1C7y7plopHdNNNV10=,zjrOKt/KTINPD6DVO3NvnViqqXE=
66,287,IOGIXbAUKp1C7y7plopHdNNNV10=,zjrOKt/KTINPD6DVO3NvnViqqXE=
73,286,IOGIXbAUKp1C7y7plopHdNNNV10=,zjrOKt/KTINPD6DVO3NvnViqqXE=
74,286,IOGIXbAUKp1C7y7plopHdNNNV10=,zjrOKt/KTINPD6DVO3NvnViqqXE=
72,286,IOGIXbAUKp1C7y7plopHdNNNV10=,zjrOKt/KTINPD6DVO3NvnViqqXE=
71,274,IOGIXbAUKp1C7y7plopHdNNNV10=,zjrOKt/KTINPD6DVO3NvnViqqXE=
79,286,IOGIXbAUKp1C7y7plopHdNNNV10=,zjrOKt/KTINPD6DVO3NvnViqqXE=
71,286,IOGIXbAUKp1C7y7plopHdNNNV10=,zjrOKt/KTINPD6DVO3NvnViqqXE=
68,286,IOGIXbAUKp1C7y7plopHdNNNV10=,zjrOKt/KTINPD6DVO3NvnViqqXE=
69,286,IOGIXbAUKp1C7y7plopHdNNNV10=,zjrOKt/KTINPD6DVO3NvnViqqXE=
67,286,IOGIXbAUKp1C7y7plopHdNNNV10=,zjrOKt/KTINPD6DVO3NvnViqqXE=
70,286,IOGIXbAUKp1C7y7plopHdNNNV10=,zjrOKt/KTINPD6DVO3NvnViqqXE=
72,274,IOGIXbAUKp1C7y7plopHdNNNV10=,zjrOKt/KTINPD6DVO3NvnViqqXE=
77,272,IOGIXbAUKp1C7y7plopHdNNNV10=,zjrOKt/KTINPD6DVO3NvnViqqXE=
65,286,IOGIXbAUKp1C7y7plopHdNNNV10=,zjrOKt/KTINPD6DVO3NvnViqqXE=
78,285,IOGIXbAUKp1C7y7plopHdNNNV10=,zjrOKt/KTINPD6DVO3NvnViqqXE=
77,285,IOGIXbAUKp1C7y7plopHdNNNV10=,zjrOKt/KTINPD6DVO3NvnViqqXE=
66,286,IOGIXbAUKp1C7y7plopHdNNNV10=,zjrOKt/KTINPD6DVO3NvnViqqXE=
79,285,IOGIXbAUKp1C7y7plopHdNNNV10=,zjrOKt/KTINPD6DVO3NvnViqqXE=
76,285,IOGIXbAUKp1C7y7plopHdNNNV10=,zjrOKt/KTINPD6DVO3NvnViqqXE=
75,285,IOGIXbAUKp1C7y7plopHdNNNV10=,zjrOKt/KTINPD6DVO3NvnViqqXE=
73,274,IOGIXbAUKp1C7y7plopHdNNNV10=,zjrOKt/KTINPD6DVO3NvnViqqXE=
64,286,IOGIXbAUKp1C7y7plopHdNNNV10=,zjrOKt/KTINPD6DVO3NvnViqqXE=
71,285,IOGIXbAUKp1C7y7plopHdNNNV10=,zjrOKt/KTINPD6DVO3NvnViqqXE=
72,285,IOGIXbAUKp1C7y7plopHdNNNV10=,zjrOKt/KTINPD6DVO3NvnViqqXE=
74,274,IOGIXbAUKp1C7y7plopHdNNNV10=,zjrOKt/KTINPD6DVO3NvnViqqXE=
73,285,IOGIXbAUKp1C7y7plopHdNNNV10=,zjrOKt/KTINPD6DVO3NvnViqqXE=
74,285,IOGIXbAUKp1C7y7plopHdNNNV10=,zjrOKt/KTINPD6DVO3NvnViqqXE=
70,285,IOGIXbAUKp1C7y7plopHdNNNV10=,zjrOKt/KTINPD6DVO3NvnViqqXE=
68,285,IOGIXbAUKp1C7y7plopHdNNNV10=,zjrOKt/KTINPD6DVO3NvnViqqXE=
69,285,IOGIXbAUKp1C7y7plopHdNNNV10=,zjrOKt/KTINPD6DVO3NvnViqqXE=
75,274,IOGIXbAUKp1C7y7plopHdNNNV10=,zjrOKt/KTINPD6DVO3NvnViqqXE=
67,285,IOGIXbAUKp1C7y7plopHdNNNV10=,zjrOKt/KTINPD6DVO3NvnViqqXE=
76,272,IOGIXbAUKp1C7y7plopHdNNNV10=,zjrOKt/KTINPD6DVO3NvnViqqXE=
66,285,IOGIXbAUKp1C7y7plopHdNNNV10=,zjrOKt/KTINPD6DVO3NvnViqqXE=
79,284,IOGIXbAUKp1C7y7plopHdNNNV10=,zjrOKt/KTINPD6DVO3NvnViqqXE=
64,285,IOGIXbAUKp1C7y7plopHdNNNV10=,zjrOKt/KTINPD6DVO3NvnViqqXE=
76,274,IOGIXbAUKp1C7y7plopHdNNNV10=,zjrOKt/KTINPD6DVO3NvnViqqXE=
78,284,IOGIXbAUKp1C7y7plopHdNNNV10=,zjrOKt/KTINPD6DVO3NvnViqqXE=
75,284,IOGIXbAUKp1C7y7plopHdNNNV10=,zjrOKt/KTINPD6DVO3NvnViqqXE=
77,274,IOGIXbAUKp1C7y7plopHdNNNV10=,zjrOKt/KTINPD6DVO3NvnViqqXE=
74,284,IOGIXbAUKp1C7y7plopHdNNNV10=,zjrOKt/KTINPD6DVO3NvnViqqXE=
76,284,IOGIXbAUKp1C7y7plopHdNNNV10=,zjrOKt/KTINPD6DVO3NvnViqqXE=
78,274,IOGIXbAUKp1C7y7plopHdNNNV10=,zjrOKt/KTINPD6DVO3NvnViqqXE=
71,284,IOGIXbAUKp1C7y7plopHdNNNV10=,zjrOKt/KTINPD6DVO3NvnViqqXE=
72,284,IOGIXbAUKp1C7y7plopHdNNNV10=,zjrOKt/KTINPD6DVO3NvnViqqXE=
70,284,IOGIXbAUKp1C7y7plopHdNNNV10=,zjrOKt/KTINPD6DVO3NvnViqqXE=
73,284,IOGIXbAUKp1C7y7plopHdNNNV10=,zjrOKt/KTINPD6DVO3NvnViqqXE=
65,285,IOGIXbAUKp1C7y7plopHdNNNV10=,zjrOKt/KTINPD6DVO3NvnViqqXE=
77,284,IOGIXbAUKp1C7y7plopHdNNNV10=,zjrOKt/KTINPD6DVO3NvnViqqXE=
79,274,IOGIXbAUKp1C7y7plopHdNNNV10=,zjrOKt/KTINPD6DVO3NvnViqqXE=
69,284,IOGIXbAUKp1C7y7plopHdNNNV10=,zjrOKt/KTINPD6DVO3NvnViqqXE=
68,284,IOGIXbAUKp1C7y7plopHdNNNV10=,zjrOKt/KTINPD6DVO3NvnViqqXE=
66,284,IOGIXbAUKp1C7y7plopHdNNNV10=,zjrOKt/KTINPD6DVO3NvnViqqXE=
67,284,IOGIXbAUKp1C7y7plopHdNNNV10=,zjrOKt/KTINPD6DVO3NvnViqqXE=
64,284,IOGIXbAUKp1C7y7plopHdNNNV10=,zjrOKt/KTINPD6DVO3NvnViqqXE=
75,272,IOGIXbAUKp1C7y7plopHdNNNV10=,zjrOKt/KTINPD6DVO3NvnViqqXE=
64,275,IOGIXbAUKp1C7y7plopHdNNNV10=,zjrOKt/KTINPD6DVO3NvnViqqXE=
65,284,IOGIXbAUKp1C7y7plopHdNNNV10=,zjrOKt/KTINPD6DVO3NvnViqqXE=
78,283,IOGIXbAUKp1C7y7plopHdNNNV10=,zjrOKt/KTINPD6DVO3NvnViqqXE=
76,283,IOGIXbAUKp1C7y7plopHdNNNV10=,zjrOKt/KTINPD6DVO3NvnViqqXE=
77,283,IOGIXbAUKp1C7y7plopHdNNNV10=,zjrOKt/KTINPD6DVO3NvnViqqXE=
66,272,IOGIXbAUKp1C7y7plopHdNNNV10=,zjrOKt/KTINPD6DVO3NvnViqqXE=
74,283,IOGIXbAUKp1C7y7plopHdNNNV10=,zjrOKt/KTINPD6DVO3NvnViqqXE=
71,283,IOGIXbAUKp1C7y7plopHdNNNV10=,zjrOKt/KTINPD6DVO3NvnViqqXE=
75,283,IOGIXbAUKp1C7y7plopHdNNNV10=,zjrOKt/KTINPD6DVO3NvnViqqXE=
73,283,IOGIXbAUKp1C7y7plopHdNNNV10=,zjrOKt/KTINPD6DVO3NvnViqqXE=
70,283,IOGIXbAUKp1C7y7plopHdNNNV10=,zjrOKt/KTINPD6DVO3NvnViqqXE=
69,283,IOGIXbAUKp1C7y7plopHdNNNV10=,zjrOKt/KTINPD6DVO3NvnViqqXE=
68,283,IOGIXbAUKp1C7y7plopHdNNNV10=,zjrOKt/KTINPD6DVO3NvnViqqXE=
67,283,IOGIXbAUKp1C7y7plopHdNNNV10=,zjrOKt/KTINPD6DVO3NvnViqqXE=
79,283,IOGIXbAUKp1C7y7plopHdNNNV10=,zjrOKt/KTINPD6DVO3NvnViqqXE=
65,283,IOGIXbAUKp1C7y7plopHdNNNV10=,zjrOKt/KTINPD6DVO3NvnViqqXE=
65,275,IOGIXbAUKp1C7y7plopHdNNNV10=,zjrOKt/KTINPD6DVO3NvnViqqXE=
66,283,IOGIXbAUKp1C7y7plopHdNNNV10=,zjrOKt/KTINPD6DVO3NvnViqqXE=
64,283,IOGIXbAUKp1C7y7plopHdNNNV10=,zjrOKt/KTINPD6DVO3NvnViqqXE=
74,272,IOGIXbAUKp1C7y7plopHdNNNV10=,zjrOKt/KTINPD6DVO3NvnViqqXE=
78,282,IOGIXbAUKp1C7y7plopHdNNNV10=,zjrOKt/KTINPD6DVO3NvnViqqXE=
79,282,IOGIXbAUKp1C7y7plopHdNNNV10=,zjrOKt/KTINPD6DVO3NvnViqqXE=
77,282,IOGIXbAUKp1C7y7plopHdNNNV10=,zjrOKt/KTINPD6DVO3NvnViqqXE=
72,283,IOGIXbAUKp1C7y7plopHdNNNV10=,zjrOKt/KTINPD6DVO3NvnViqqXE=
76,282,IOGIXbAUKp1C7y7plopHdNNNV10=,zjrOKt/KTINPD6DVO3NvnViqqXE=
66,275,IOGIXbAUKp1C7y7plopHdNNNV10=,zjrOKt/KTINPD6DVO3NvnViqqXE=
74,282,IOGIXbAUKp1C7y7plopHdNNNV10=,zjrOKt/KTINPD6DVO3NvnViqqXE=
73,282,IOGIXbAUKp1C7y7plopHdNNNV10=,zjrOKt/KTINPD6DVO3NvnViqqXE=
75,282,IOGIXbAUKp1C7y7plopHdNNNV10=,zjrOKt/KTINPD6DVO3NvnViqqXE=
67,275,IOGIXbAUKp1C7y7plopHdNNNV10=,zjrOKt/KTINPD6DVO3NvnViqqXE=
71,282,IOGIXbAUKp1C7y7plopHdNNNV10=,zjrOKt/KTINPD6DVO3NvnViqqXE=
68,282,IOGIXbAUKp1C7y7plopHdNNNV10=,zjrOKt/KTINPD6DVO3NvnViqqXE=
72,282,IOGIXbAUKp1C7y7plopHdNNNV10=,zjrOKt/KTINPD6DVO3NvnViqqXE=
69,282,IOGIXbAUKp1C7y7plopHdNNNV10=,zjrOKt/KTINPD6DVO3NvnViqqXE=
67,282,IOGIXbAUKp1C7y7plopHdNNNV10=,zjrOKt/KTINPD6DVO3NvnViqqXE=
66,282,IOGIXbAUKp1C7y7plopHdNNNV10=,zjrOKt/KTINPD6DVO3NvnViqqXE=
68,275,IOGIXbAUKp1C7y7plopHdNNNV10=,zjrOKt/KTINPD6DVO3NvnViqqXE=
70,282,IOGIXbAUKp1C7y7plopHdNNNV10=,zjrOKt/KTINPD6DVO3NvnViqqXE=
65,282,IOGIXbAUKp1C7y7plopHdNNNV10=,zjrOKt/KTINPD6DVO3NvnViqqXE=
73,272,IOGIXbAUKp1C7y7plopHdNNNV10=,zjrOKt/KTINPD6DVO3NvnViqqXE=
69,275,IOGIXbAUKp1C7y7plopHdNNNV10=,zjrOKt/KTINPD6DVO3NvnViqqXE=
79,281,IOGIXbAUKp1C7y7plopHdNNNV10=,zjrOKt/KTINPD6DVO3NvnViqqXE=
78,281,IOGIXbAUKp1C7y7plopHdNNNV10=,zjrOKt/KTINPD6DVO3NvnViqqXE=
77,281,IOGIXbAUKp1C7y7plopHdNNNV10=,zjrOKt/KTINPD6DVO3NvnViqqXE=
76,281,IOGIXbAUKp1C7y7plopHdNNNV10=,zjrOKt/KTINPD6DVO3NvnViqqXE=
75,281,IOGIXbAUKp1C7y7plopHdNNNV10=,zjrOKt/KTINPD6DVO3NvnViqqXE=
74,281,IOGIXbAUKp1C7y7plopHdNNNV10=,zjrOKt/KTINPD6DVO3NvnViqqXE=
70,275,IOGIXbAUKp1C7y7plopHdNNNV10=,zjrOKt/KTINPD6DVO3NvnViqqXE=
72,281,IOGIXbAUKp1C7y7plopHdNNNV10=,zjrOKt/KTINPD6DVO3NvnViqqXE=
73,281,IOGIXbAUKp1C7y7plopHdNNNV10=,zjrOKt/KTINPD6DVO3NvnViqqXE=
71,281,IOGIXbAUKp1C7y7plopHdNNNV10=,zjrOKt/KTINPD6DVO3NvnViqqXE=
70,281,IOGIXbAUKp1C7y7plopHdNNNV10=,zjrOKt/KTINPD6DVO3NvnViqqXE=
69,281,IOGIXbAUKp1C7y7plopHdNNNV10=,zjrOKt/KTINPD6DVO3NvnViqqXE=
71,275,IOGIXbAUKp1C7y7plopHdNNNV10=,zjrOKt/KTINPD6DVO3NvnViqqXE=
66,281,IOGIXbAUKp1C7y7plopHdNNNV10=,zjrOKt/KTINPD6DVO3NvnViqqXE=
68,281,IOGIXbAUKp1C7y7plopHdNNNV10=,zjrOKt/KTINPD6DVO3NvnViqqXE=
64,281,IOGIXbAUKp1C7y7plopHdNNNV10=,zjrOKt/KTINPD6DVO3NvnViqqXE=
65,281,IOGIXbAUKp1C7y7plopHdNNNV10=,zjrOKt/KTINPD6DVO3NvnViqqXE=
77,280,IOGIXbAUKp1C7y7plopHdNNNV10=,zjrOKt/KTINPD6DVO3NvnViqqXE=
78,280,IOGIXbAUKp1C7y7plopHdNNNV10=,zjrOKt/KTINPD6DVO3NvnViqqXE=
72,275,IOGIXbAUKp1C7y7plopHdNNNV10=,zjrOKt/KTINPD6DVO3NvnViqqXE=
72,272,IOGIXbAUKp1C7y7plopHdNNNV10=,zjrOKt/KTINPD6DVO3NvnViqqXE=
73,275,IOGIXbAUKp1C7y7plopHdNNNV10=,zjrOKt/KTINPD6DVO3NvnViqqXE=
76,280,IOGIXbAUKp1C7y7plopHdNNNV10=,zjrOKt/KTINPD6DVO3NvnViqqXE=
74,280,IOGIXbAUKp1C7y7plopHdNNNV10=,zjrOKt/KTINPD6DVO3NvnViqqXE=
75,280,IOGIXbAUKp1C7y7plopHdNNNV10=,zjrOKt/KTINPD6DVO3NvnViqqXE=
73,280,IOGIXbAUKp1C7y7plopHdNNNV10=,zjrOKt/KTINPD6DVO3NvnViqqXE=
67,281,IOGIXbAUKp1C7y7plopHdNNNV10=,zjrOKt/KTINPD6DVO3NvnViqqXE=
79,280,IOGIXbAUKp1C7y7plopHdNNNV10=,zjrOKt/KTINPD6DVO3NvnViqqXE=
74,275,IOGIXbAUKp1C7y7plopHdNNNV10=,zjrOKt/KTINPD6DVO3NvnViqqXE=
70,280,IOGIXbAUKp1C7y7plopHdNNNV10=,zjrOKt/KTINPD6DVO3NvnViqqXE=
71,280,IOGIXbAUKp1C7y7plopHdNNNV10=,zjrOKt/KTINPD6DVO3NvnViqqXE=
69,280,IOGIXbAUKp1C7y7plopHdNNNV10=,zjrOKt/KTINPD6DVO3NvnViqqXE=
68,280,IOGIXbAUKp1C7y7plopHdNNNV10=,zjrOKt/KTINPD6DVO3NvnViqqXE=
67,280,IOGIXbAUKp1C7y7plopHdNNNV10=,zjrOKt/KTINPD6DVO3NvnViqqXE=
66,280,IOGIXbAUKp1C7y7plopHdNNNV10=,zjrOKt/KTINPD6DVO3NvnViqqXE=
65,280,IOGIXbAUKp1C7y7plopHdNNNV10=,zjrOKt/KTINPD6DVO3NvnViqqXE=
64,280,IOGIXbAUKp1C7y7plopHdNNNV10=,zjrOKt/KTINPD6DVO3NvnViqqXE=
71,272,IOGIXbAUKp1C7y7plopHdNNNV10=,zjrOKt/KTINPD6DVO3NvnViqqXE=
75,275,IOGIXbAUKp1C7y7plopHdNNNV10=,zjrOKt/KTINPD6DVO3NvnViqqXE=
72,280,IOGIXbAUKp1C7y7plopHdNNNV10=,zjrOKt/KTINPD6DVO3NvnViqqXE=
78,279,IOGIXbAUKp1C7y7plopHdNNNV10=,zjrOKt/KTINPD6DVO3NvnViqqXE=
76,279,IOGIXbAUKp1C7y7plopHdNNNV10=,zjrOKt/KTINPD6DVO3NvnViqqXE=
75,279,IOGIXbAUKp1C7y7plopHdNNNV10=,zjrOKt/KTINPD6DVO3NvnViqqXE=
77,279,IOGIXbAUKp1C7y7plopHdNNNV10=,zjrOKt/KTINPD6DVO3NvnViqqXE=
74,279,IOGIXbAUKp1C7y7plopHdNNNV10=,zjrOKt/KTINPD6DVO3NvnViqqXE=
73,279,IOGIXbAUKp1C7y7plopHdNNNV10=,zjrOKt/KTINPD6DVO3NvnViqqXE=
71,279,IOGIXbAUKp1C7y7plopHdNNNV10=,zjrOKt/KTINPD6DVO3NvnViqqXE=
72,279,IOGIXbAUKp1C7y7plopHdNNNV10=,zjrOKt/KTINPD6DVO3NvnViqqXE=
68,279,IOGIXbAUKp1C7y7plopHdNNNV10=,zjrOKt/KTINPD6DVO3NvnViqqXE=
69,279,IOGIXbAUKp1C7y7plopHdNNNV10=,zjrOKt/KTINPD6DVO3NvnViqqXE=
70,279,IOGIXbAUKp1C7y7plopHdNNNV10=,zjrOKt/KTINPD6DVO3NvnViqqXE=
67,279,IOGIXbAUKp1C7y7plopHdNNNV10=,zjrOKt/KTINPD6DVO3NvnViqqXE=
79,279,IOGIXbAUKp1C7y7plopHdNNNV10=,zjrOKt/KTINPD6DVO3NvnViqqXE=
66,279,IOGIXbAUKp1C7y7plopHdNNNV10=,zjrOKt/KTINPD6DVO3NvnViqqXE=
65,279,IOGIXbAUKp1C7y7plopHdNNNV10=,zjrOKt/KTINPD6DVO3NvnViqqXE=
70,272,IOGIXbAUKp1C7y7plopHdNNNV10=,zjrOKt/KTINPD6DVO3NvnViqqXE=
64,279,IOGIXbAUKp1C7y7plopHdNNNV10=,zjrOKt/KTINPD6DVO3NvnViqqXE=
79,278,IOGIXbAUKp1C7y7plopHdNNNV10=,zjrOKt/KTINPD6DVO3NvnViqqXE=
76,278,IOGIXbAUKp1C7y7plopHdNNNV10=,zjrOKt/KTINPD6DVO3NvnViqqXE=
73,278,IOGIXbAUKp1C7y7plopHdNNNV10=,zjrOKt/KTINPD6DVO3NvnViqqXE=
78,278,IOGIXbAUKp1C7y7plopHdNNNV10=,zjrOKt/KTINPD6DVO3NvnViqqXE=
75,278,IOGIXbAUKp1C7y7plopHdNNNV10=,zjrOKt/KTINPD6DVO3NvnViqqXE=
72,278,IOGIXbAUKp1C7y7plopHdNNNV10=,zjrOKt/KTINPD6DVO3NvnViqqXE=
74,278,IOGIXbAUKp1C7y7plopHdNNNV10=,zjrOKt/KTINPD6DVO3NvnViqqXE=
71,278,IOGIXbAUKp1C7y7plopHdNNNV10=,zjrOKt/KTINPD6DVO3NvnViqqXE=
69,278,IOGIXbAUKp1C7y7plopHdNNNV10=,zjrOKt/KTINPD6DVO3NvnViqqXE=
68,278,IOGIXbAUKp1C7y7plopHdNNNV10=,zjrOKt/KTINPD6DVO3NvnViqqXE=
70,278,IOGIXbAUKp1C7y7plopHdNNNV10=,zjrOKt/KTINPD6DVO3NvnViqqXE=
66,278,IOGIXbAUKp1C7y7plopHdNNNV10=,zjrOKt/KTINPD6DVO3NvnViqqXE=
65,278,IOGIXbAUKp1C7y7plopHdNNNV10=,zjrOKt/KTINPD6DVO3NvnViqqXE=
77,278,IOGIXbAUKp1C7y7plopHdNNNV10=,zjrOKt/KTINPD6DVO3NvnViqqXE=
67,278,IOGIXbAUKp1C7y7plopHdNNNV10=,zjrOKt/KTINPD6DVO3NvnViqqXE=
69,272,IOGIXbAUKp1C7y7plopHdNNNV10=,zjrOKt/KTINPD6DVO3NvnViqqXE=
79,277,IOGIXbAUKp1C7y7plopHdNNNV10=,zjrOKt/KTINPD6DVO3NvnViqqXE=
64,278,IOGIXbAUKp1C7y7plopHdNNNV10=,zjrOKt/KTINPD6DVO3NvnViqqXE=
77,277,IOGIXbAUKp1C7y7plopHdNNNV10=,zjrOKt/KTINPD6DVO3NvnViqqXE=
76,277,IOGIXbAUKp1C7y7plopHdNNNV10=,zjrOKt/KTINPD6DVO3NvnViqqXE=
75,277,IOGIXbAUKp1C7y7plopHdNNNV10=,zjrOKt/KTINPD6DVO3NvnViqqXE=
78,277,IOGIXbAUKp1C7y7plopHdNNNV10=,zjrOKt/KTINPD6DVO3NvnViqqXE=
72,277,IOGIXbAUKp1C7y7plopHdNNNV10=,zjrOKt/KTINPD6DVO3NvnViqqXE=
74,277,IOGIXbAUKp1C7y7plopHdNNNV10=,zjrOKt/KTINPD6DVO3NvnViqqXE=
70,277,IOGIXbAUKp1C7y7plopHdNNNV10=,zjrOKt/KTINPD6DVO3NvnViqqXE=
69,277,IOGIXbAUKp1C7y7plopHdNNNV10=,zjrOKt/KTINPD6DVO3NvnViqqXE=
71,277,IOGIXbAUKp1C7y7plopHdNNNV10=,zjrOKt/KTINPD6DVO3NvnViqqXE=
68,277,IOGIXbAUKp1C7y7plopHdNNNV10=,zjrOKt/KTINPD6DVO3NvnViqqXE=
67,277,IOGIXbAUKp1C7y7plopHdNNNV10=,zjrOKt/KTINPD6DVO3NvnViqqXE=
73,277,IOGIXbAUKp1C7y7plopHdNNNV10=,zjrOKt/KTINPD6DVO3NvnViqqXE=
66,277,IOGIXbAUKp1C7y7plopHdNNNV10=,zjrOKt/KTINPD6DVO3NvnViqqXE=
68,272,IOGIXbAUKp1C7y7plopHdNNNV10=,zjrOKt/KTINPD6DVO3NvnViqqXE=
64,277,IOGIXbAUKp1C7y7plopHdNNNV10=,zjrOKt/KTINPD6DVO3NvnViqqXE=
78,276,IOGIXbAUKp1C7y7plopHdNNNV10=,zjrOKt/KTINPD6DVO3NvnViqqXE=
76,276,IOGIXbAUKp1C7y7plopHdNNNV10=,zjrOKt/KTINPD6DVO3NvnViqqXE=
65,277,IOGIXbAUKp1C7y7plopHdNNNV10=,zjrOKt/KTINPD6DVO3NvnViqqXE=
75,276,IOGIXbAUKp1C7y7plopHdNNNV10=,zjrOKt/KTINPD6DVO3NvnViqqXE=
74,276,IOGIXbAUKp1C7y7plopHdNNNV10=,zjrOKt/KTINPD6DVO3NvnViqqXE=
77,276,IOGIXbAUKp1C7y7plopHdNNNV10=,zjrOKt/KTINPD6DVO3NvnViqqXE=
79,276,IOGIXbAUKp1C7y7plopHdNNNV10=,zjrOKt/KTINPD6DVO3NvnViqqXE=
73,276,IOGIXbAUKp1C7y7plopHdNNNV10=,zjrOKt/KTINPD6DVO3NvnViqqXE=
72,276,IOGIXbAUKp1C7y7plopHdNNNV10=,zjrOKt/KTINPD6DVO3NvnViqqXE=
71,276,IOGIXbAUKp1C7y7plopHdNNNV10=,zjrOKt/KTINPD6DVO3NvnViqqXE=
68,276,IOGIXbAUKp1C7y7plopHdNNNV10=,zjrOKt/KTINPD6DVO3NvnViqqXE=
70,276,IOGIXbAUKp1C7y7plopHdNNNV10=,zjrOKt/KTINPD6DVO3NvnViqqXE=
69,276,IOGIXbAUKp1C7y7plopHdNNNV10=,zjrOKt/KTINPD6DVO3NvnViqqXE=
67,276,IOGIXbAUKp1C7y7plopHdNNNV10=,zjrOKt/KTINPD6DVO3NvnViqqXE=
66,276,IOGIXbAUKp1C7y7plopHdNNNV10=,zjrOKt/KTINPD6DVO3NvnViqqXE=
65,276,IOGIXbAUKp1C7y7plopHdNNNV10=,zjrOKt/KTINPD6DVO3NvnViqqXE=
67,272,IOGIXbAUKp1C7y7plopHdNNNV10=,zjrOKt/KTINPD6DVO3NvnViqqXE=
78,275,IOGIXbAUKp1C7y7plopHdNNNV10=,zjrOKt/KTINPD6DVO3NvnViqqXE=
79,275,IOGIXbAUKp1C7y7plopHdNNNV10=,zjrOKt/KTINPD6DVO3NvnViqqXE=
77,275,IOGIXbAUKp1C7y7plopHdNNNV10=,zjrOKt/KTINPD6DVO3NvnViqqXE=
64,276,IOGIXbAUKp1C7y7plopHdNNNV10=,zjrOKt/KTINPD6DVO3NvnViqqXE=
76,275,IOGIXbAUKp1C7y7plopHdNNNV10=,zjrOKt/KTINPD6DVO3NvnViqqXE=
64,282,IOGIXbAUKp1C7y7plopHdNNNV10=,zjrOKt/KTINPD6DVO3NvnViqqXE=
95,287,n43GMzrqikm+mDX5PDN4CitNPJk=,zjrOKt/KTINPD6DVO3NvnViqqXE=
94,287,n43GMzrqikm+mDX5PDN4CitNPJk=,zjrOKt/KTINPD6DVO3NvnViqqXE=
94,272,n43GMzrqikm+mDX5PDN4CitNPJk=,zjrOKt/KTINPD6DVO3NvnViqqXE=
92,272,n43GMzrqikm+mDX5PDN4CitNPJk=,zjrOKt/KTINPD6DVO3NvnViqqXE=
93,272,n43GMzrqikm+mDX5PDN4CitNPJk=,zjrOKt/KTINPD6DVO3NvnViqqXE=
91,272,n43GMzrqikm+mDX5PDN4CitNPJk=,zjrOKt/KTINPD6DVO3NvnViqqXE=
95,272,n43GMzrqikm+mDX5PDN4CitNPJk=,zjrOKt/KTINPD6DVO3NvnViqqXE=
90,272,n43GMzrqikm+mDX5PDN4CitNPJk=,zjrOKt/KTINPD6DVO3NvnViqqXE=
80,273,n43GMzrqikm+mDX5PDN4CitNPJk=,zjrOKt/KTINPD6DVO3NvnViqqXE=
81,273,n43GMzrqikm+mDX5PDN4CitNPJk=,zjrOKt/KTINPD6DVO3NvnViqqXE=
88,272,n43GMzrqikm+mDX5PDN4CitNPJk=,zjrOKt/KTINPD6DVO3NvnViqqXE=
89,272,n43GMzrqikm+mDX5PDN4CitNPJk=,zjrOKt/KTINPD6DVO3NvnViqqXE=
82,273,n43GMzrqikm+mDX5PDN4CitNPJk=,zjrOKt/KTINPD6DVO3NvnViqqXE=
87,272,n43GMzrqikm+mDX5PDN4CitNPJk=,zjrOKt/KTINPD6DVO3NvnViqqXE=
85,272,n43GMzrqikm+mDX5PDN4CitNPJk=,zjrOKt/KTINPD6DVO3NvnViqqXE=
86,272,n43GMzrqikm+mDX5PDN4CitNPJk=,zjrOKt/KTINPD6DVO3NvnViqqXE=
83,273,n43GMzrqikm+mDX5PDN4CitNPJk=,zjrOKt/KTINPD6DVO3NvnViqqXE=
84,272,n43GMzrqikm+mDX5PDN4CitNPJk=,zjrOKt/KTINPD6DVO3NvnViqqXE=
84,273,n43GMzrqikm+mDX5PDN4CitNPJk=,zjrOKt/KTINPD6DVO3NvnViqqXE=
83,272,n43GMzrqikm+mDX5PDN4CitNPJk=,zjrOKt/KTINPD6DVO3NvnViqqXE=
81,272,n43GMzrqikm+mDX5PDN4CitNPJk=,zjrOKt/KTINPD6DVO3NvnViqqXE=
82,272,n43GMzrqikm+mDX5PDN4CitNPJk=,zjrOKt/KTINPD6DVO3NvnViqqXE=
85,273,n43GMzrqikm+mDX5PDN4CitNPJk=,zjrOKt/KTINPD6DVO3NvnViqqXE=
80,272,n43GMzrqikm+mDX5PDN4CitNPJk=,zjrOKt/KTINPD6DVO3NvnViqqXE=
92,287,n43GMzrqikm+mDX5PDN4CitNPJk=,zjrOKt/KTINPD6DVO3NvnViqqXE=
86,273,n43GMzrqikm+mDX5PDN4CitNPJk=,zjrOKt/KTINPD6DVO3NvnViqqXE=
93,287,n43GMzrqikm+mDX5PDN4CitNPJk=,zjrOKt/KTINPD6DVO3NvnViqqXE=
91,287,n43GMzrqikm+mDX5PDN4CitNPJk=,zjrOKt/KTINPD6DVO3NvnViqqXE=
90,287,n43GMzrqikm+mDX5PDN4CitNPJk=,zjrOKt/KTINPD6DVO3NvnViqqXE=
89,287,n43GMzrqikm+mDX5PDN4CitNPJk=,zjrOKt/KTINPD6DVO3NvnViqqXE=
87,273,n43GMzrqikm+mDX5PDN4CitNPJk=,zjrOKt/KTINPD6DVO3NvnViqqXE=
86,287,n43GMzrqikm+mDX5PDN4CitNPJk=,zjrOKt/KTINPD6DVO3NvnViqqXE=
88,273,n43GMzrqikm+mDX5PDN4CitNPJk=,zjrOKt/KTINPD6DVO3NvnViqqXE=
87,287,n43GMzrqikm+mDX5PDN4CitNPJk=,zjrOKt/KTINPD6DVO3NvnViqqXE=
85,287,n43GMzrqikm+mDX5PDN4CitNPJk=,zjrOKt/KTINPD6DVO3NvnViqqXE=
84,287,n43GMzrqikm+mDX5PDN4CitNPJk=,zjrOKt/KTINPD6DVO3NvnViqqXE=
83,287,n43GMzrqikm+mDX5PDN4CitNPJk=,zjrOKt/KTINPD6DVO3NvnViqqXE=
89,273,n43GMzrqikm+mDX5PDN4CitNPJk=,zjrOKt/KTINPD6DVO3NvnViqqXE=
90,273,n43GMzrqikm+mDX5PDN4CitNPJk=,zjrOKt/KTINPD6DVO3NvnViqqXE=
81,287,n43GMzrqikm+mDX5PDN4CitNPJk=,zjrOKt/KTINPD6DVO3NvnViqqXE=
80,287,n43GMzrqikm+mDX5PDN4CitNPJk=,zjrOKt/KTINPD6DVO3NvnViqqXE=
82,287,n43GMzrqikm+mDX5PDN4CitNPJk=,zjrOKt/KTINPD6DVO3NvnViqqXE=
88,287,n43GMzrqikm+mDX5PDN4CitNPJk=,zjrOKt/KTINPD6DVO3NvnViqqXE=
95,286,n43GMzrqikm+mDX5PDN4CitNPJk=,zjrOKt/KTINPD6DVO3NvnViqqXE=
93,286,n43GMzrqikm+mDX5PDN4CitNPJk=,zjrOKt/KTINPD6DVO3NvnViqqXE=
92,286,n43GMzrqikm+mDX5PDN4CitNPJk=,zjrOKt/KTINPD6DVO3NvnViqqXE=
91,273,n43GMzrqikm+mDX5PDN4CitNPJk=,zjrOKt/KTINPD6DVO3NvnViqqXE=
94,286,n43GMzrqikm+mDX5PDN4CitNPJk=,zjrOKt/KTINPD6DVO3NvnViqqXE=
91,286,n43GMzrqikm+mDX5PDN4CitNPJk=,zjrOKt/KTINPD6DVO3NvnViqqXE=
90,286,n43GMzrqikm+mDX5PDN4CitNPJk=,zjrOKt/KTINPD6DVO3NvnViqqXE=
92,273,n43GMzrqikm+mDX5PDN4CitNPJk=,zjrOKt/KTINPD6DVO3NvnViqqXE=
88,286,n43GMzrqikm+mDX5PDN4CitNPJk=,zjrOKt/KTINPD6DVO3NvnViqqXE=
93,273,n43GMzrqikm+mDX5PDN4CitNPJk=,zjrOKt/KTINPD6DVO3NvnViqqXE=
86,286,n43GMzrqikm+mDX5PDN4CitNPJk=,zjrOKt/KTINPD6DVO3NvnViqqXE=
85,286,n43GMzrqikm+mDX5PDN4CitNPJk=,zjrOKt/KTINPD6DVO3NvnViqqXE=
83,286,n43GMzrqikm+mDX5PDN4CitNPJk=,zjrOKt/KTINPD6DVO3NvnViqqXE=
89,286,n43GMzrqikm+mDX5PDN4CitNPJk=,zjrOKt/KTINPD6DVO3NvnViqqXE=
82,286,n43GMzrqikm+mDX5PDN4CitNPJk=,zjrOKt/KTINPD6DVO3NvnViqqXE=
84,286,n43GMzrqikm+mDX5PDN4CitNPJk=,zjrOKt/KTINPD6DVO3NvnViqqXE=
94,273,n43GMzrqikm+mDX5PDN4CitNPJk=,zjrOKt/KTINPD6DVO3NvnViqqXE=
87,286,n43GMzrqikm+mDX5PDN4CitNPJk=,zjrOKt/KTINPD6DVO3NvnViqqXE=
81,286,n43GMzrqikm+mDX5PDN4CitNPJk=,zjrOKt/KTINPD6DVO3NvnViqqXE=
94,285,n43GMzrqikm+mDX5PDN4CitNPJk=,zjrOKt/KTINPD6DVO3NvnViqqXE=
80,286,n43GMzrqikm+mDX5PDN4CitNPJk=,zjrOKt/KTINPD6DVO3NvnViqqXE=
93,285,n43GMzrqikm+mDX5PDN4CitNPJk=,zjrOKt/KTINPD6DVO3NvnViqqXE=
92,285,n43GMzrqikm+mDX5PDN4CitNPJk=,zjrOKt/KTINPD6DVO3NvnViqqXE=
95,273,n43GMzrqikm+mDX5PDN4CitNPJk=,zjrOKt/KTINPD6DVO3NvnViqqXE=
95,285,n43GMzrqikm+mDX5PDN4CitNPJk=,zjrOKt/KTINPD6DVO3NvnViqqXE=
90,285,n43GMzrqikm+mDX5PDN4CitNPJk=,zjrOKt/KTINPD6DVO3NvnViqqXE=
80,274,n43GMzrqikm+mDX5PDN4CitNPJk=,zjrOKt/KTINPD6DVO3NvnViqqXE=
89,285,n43GMzrqikm+mDX5PDN4CitNPJk=,zjrOKt/KTINPD6DVO3NvnViqqXE=
87,285,n43GMzrqikm+mDX5PDN4CitNPJk=,zjrOKt/KTINPD6DVO3NvnViqqXE=
88,285,n43GMzrqikm+mDX5PDN4CitNPJk=,zjrOKt/KTINPD6DVO3NvnViqqXE=
81,274,n43GMzrqikm+mDX5PDN4CitNPJk=,zjrOKt/KTINPD6DVO3NvnViqqXE=
91,285,n43GMzrqikm+mDX5PDN4CitNPJk=,zjrOKt/KTINPD6DVO3NvnViqqXE=
86,285,n43GMzrqikm+mDX5PDN4CitNPJk=,zjrOKt/KTINPD6DVO3NvnViqqXE=
84,285,n43GMzrqikm+mDX5PDN4CitNPJk=,zjrOKt/KTINPD6DVO3NvnViqqXE=
82,274,n43GMzrqikm+mDX5PDN4CitNPJk=,zjrOKt/KTINPD6DVO3NvnViqqXE=
83,285,n43GMzrqikm+mDX5PDN4CitNPJk=,zjrOKt/KTINPD6DVO3NvnViqqXE=
85,285,n43GMzrqikm+mDX5PDN4CitNPJk=,zjrOKt/KTINPD6DVO3NvnViqqXE=
82,285,n43GMzrqikm+mDX5PDN4CitNPJk=,zjrOKt/KTINPD6DVO3NvnViqqXE=
95,284,n43GMzrqikm+mDX5PDN4CitNPJk=,zjrOKt/KTINPD6DVO3NvnViqqXE=
80,285,n43GMzrqikm+mDX5PDN4CitNPJk=,zjrOKt/KTINPD6DVO3NvnViqqXE=
81,285,n43GMzrqikm+mDX5PDN4CitNPJk=,zjrOKt/KTINPD6DVO3NvnViqqXE=
83,274,n43GMzrqikm+mDX5PDN4CitNPJk=,zjrOKt/KTINPD6DVO3NvnViqqXE=
94,284,n43GMzrqikm+mDX5PDN4CitNPJk=,zjrOKt/KTINPD6DVO3NvnViqqXE=
84,274,n43GMzrqikm+mDX5PDN4CitNPJk=,zjrOKt/KTINPD6DVO3NvnViqqXE=
89,284,n43GMzrqikm+mDX5PDN4CitNPJk=,zjrOKt/KTINPD6DVO3NvnViqqXE=
93,284,n43GMzrqikm+mDX5PDN4CitNPJk=,zjrOKt/KTINPD6DVO3NvnViqqXE=
88,284,n43GMzrqikm+mDX5PDN4CitNPJk=,zjrOKt/KTINPD6DVO3NvnViqqXE=
87,284,n43GMzrqikm+mDX5PDN4CitNPJk=,zjrOKt/KTINPD6DVO3NvnViqqXE=
85,274,n43GMzrqikm+mDX5PDN4CitNPJk=,zjrOKt/KTINPD6DVO3NvnViqqXE=
90,284,n43GMzrqikm+mDX5PDN4CitNPJk=,zjrOKt/KTINPD6DVO3NvnViqqXE=
91,284,n43GMzrqikm+mDX5PDN4CitNPJk=,zjrOKt/KTINPD6DVO3NvnViqqXE=
84,284,n43GMzrqikm+mDX5PDN4CitNPJk=,zjrOKt/KTINPD6DVO3NvnViqqXE=
85,284,n43GMzrqikm+mDX5PDN4CitNPJk=,zjrOKt/KTINPD6DVO3NvnViqqXE=
86,284,n43GMzrqikm+mDX5PDN4CitNPJk=,zjrOKt/KTINPD6DVO3NvnViqqXE=
83,284,n43GMzrqikm+mDX5PDN4CitNPJk=,zjrOKt/KTINPD6DVO3NvnViqqXE=
92,284,n43GMzrqikm+mDX5PDN4CitNPJk=,zjrOKt/KTINPD6DVO3NvnViqqXE=
86,274,n43GMzrqikm+mDX5PDN4CitNPJk=,zjrOKt/KTINPD6DVO3NvnViqqXE=
82,284,n43GMzrqikm+mDX5PDN4CitNPJk=,zjrOKt/KTINPD6DVO3NvnViqqXE=
80,284,n43GMzrqikm+mDX5PDN4CitNPJk=,zjrOKt/KTINPD6DVO3NvnViqqXE=
87,274,n43GMzrqikm+mDX5PDN4CitNPJk=,zjrOKt/KTINPD6DVO3NvnViqqXE=
95,283,n43GMzrqikm+mDX5PDN4CitNPJk=,zjrOKt/KTINPD6DVO3NvnViqqXE=
81,284,n43GMzrqikm+mDX5PDN4CitNPJk=,zjrOKt/KTINPD6DVO3NvnViqqXE=
93,283,n43GMzrqikm+mDX5PDN4CitNPJk=,zjrOKt/KTINPD6DVO3NvnViqqXE=
90,283,n43GMzrqikm+mDX5PDN4CitNPJk=,zjrOKt/KTINPD6DVO3NvnViqqXE=
92,283,n43GMzrqikm+mDX5PDN4CitNPJk=,zjrOKt/KTINPD6DVO3NvnViqqXE=
88,274,n43GMzrqikm+mDX5PDN4CitNPJk=,zjrOKt/KTINPD6DVO3NvnViqqXE=
91,283,n43GMzrqikm+mDX5PDN4CitNPJk=,zjrOKt/KTINPD6DVO3NvnViqqXE=
89,283,n43GMzrqikm+mDX5PDN4CitNPJk=,zjrOKt/KTINPD6DVO3NvnViqqXE=
89,274,n43GMzrqikm+mDX5PDN4CitNPJk=,zjrOKt/KTINPD6DVO3NvnViqqXE=
86,283,n43GMzrqikm+mDX5PDN4CitNPJk=,zjrOKt/KTINPD6DVO3NvnViqqXE=
87,283,n43GMzrqikm+mDX5PDN4CitNPJk=,zjrOKt/KTINPD6DVO3NvnViqqXE=
83,283,n43GMzrqikm+mDX5PDN4CitNPJk=,zjrOKt/KTINPD6DVO3NvnViqqXE=
84,283,n43GMzrqikm+mDX5PDN4CitNPJk=,zjrOKt/KTINPD6DVO3NvnViqqXE=
88,283,n43GMzrqikm+mDX5PDN4CitNPJk=,zjrOKt/KTINPD6DVO3NvnViqqXE=
85,283,n43GMzrqikm+mDX5PDN4CitNPJk=,zjrOKt/KTINPD6DVO3NvnViqqXE=
82,283,n43GMzrqikm+mDX5PDN4CitNPJk=,zjrOKt/KTINPD6DVO3NvnViqqXE=
90,274,n43GMzrqikm+mDX5PDN4CitNPJk=,zjrOKt/KTINPD6DVO3NvnViqqXE=
81,283,n43GMzrqikm+mDX5PDN4CitNPJk=,zjrOKt/KTINPD6DVO3NvnViqqXE=
94,282,n43GMzrqikm+mDX5PDN4CitNPJk=,zjrOKt/KTINPD6DVO3NvnViqqXE=
95,282,n43GMzrqikm+mDX5PDN4CitNPJk=,zjrOKt/KTINPD6DVO3NvnViqqXE=
93,282,n43GMzrqikm+mDX5PDN4CitNPJk=,zjrOKt/KTINPD6DVO3NvnViqqXE=
92,282,n43GMzrqikm+mDX5PDN4CitNPJk=,zjrOKt/KTINPD6DVO3NvnViqqXE=
80,283,n43GMzrqikm+mDX5PDN4CitNPJk=,zjrOKt/KTINPD6DVO3NvnViqqXE=
91,274,n43GMzrqikm+mDX5PDN4CitNPJk=,zjrOKt/KTINPD6DVO3NvnViqqXE=
90,282,n43GMzrqikm+mDX5PDN4CitNPJk=,zjrOKt/KTINPD6DVO3NvnViqqXE=
89,282,n43GMzrqikm+mDX5PDN4CitNPJk=,zjrOKt/KTINPD6DVO3NvnViqqXE=
91,282,n43GMzrqikm+mDX5PDN4CitNPJk=,zjrOKt/KTINPD6DVO3NvnViqqXE=
92,274,n43GMzrqikm+mDX5PDN4CitNPJk=,zjrOKt/KTINPD6DVO3NvnViqqXE=
87,282,n43GMzrqikm+mDX5PDN4CitNPJk=,zjrOKt/KTINPD6DVO3NvnViqqXE=
86,282,n43GMzrqikm+mDX5PDN4CitNPJk=,zjrOKt/KTINPD6DVO3NvnViqqXE=
82,282,n43GMzrqikm+mDX5PDN4CitNPJk=,zjrOKt/KTINPD6DVO3NvnViqqXE=
84,282,n43GMzrqikm+mDX5PDN4CitNPJk=,zjrOKt/KTINPD6DVO3NvnViqqXE=
88,282,n43GMzrqikm+mDX5PDN4CitNPJk=,zjrOKt/KTINPD6DVO3NvnViqqXE=
93,274,n43GMzrqikm+mDX5PDN4CitNPJk=,zjrOKt/KTINPD6DVO3NvnViqqXE=
81,282,n43GMzrqikm+mDX5PDN4CitNPJk=,zjrOKt/KTINPD6DVO3NvnViqqXE=
85,282,n43GMzrqikm+mDX5PDN4CitNPJk=,zjrOKt/KTINPD6DVO3NvnViqqXE=
94,281,n43GMzrqikm+mDX5PDN4CitNPJk=,zjrOKt/KTINPD6DVO3NvnViqqXE=
92,281,n43GMzrqikm+mDX5PDN4CitNPJk=,zjrOKt/KTINPD6DVO3NvnViqqXE=
80,282,n43GMzrqikm+mDX5PDN4CitNPJk=,zjrOKt/KTINPD6DVO3NvnViqqXE=
93,281,n43GMzrqikm+mDX5PDN4CitNPJk=,zjrOKt/KTINPD6DVO3NvnViqqXE=
95,281,n43GMzrqikm+mDX5PDN4CitNPJk=,zjrOKt/KTINPD6DVO3NvnViqqXE=
94,274,n43GMzrqikm+mDX5PDN4CitNPJk=,zjrOKt/KTINPD6DVO3NvnViqqXE=
83,282,n43GMzrqikm+mDX5PDN4CitNPJk=,zjrOKt/KTINPD6DVO3NvnViqqXE=
91,281,n43GMzrqikm+mDX5PDN4CitNPJk=,zjrOKt/KTINPD6DVO3NvnViqqXE=
90,281,n43GMzrqikm+mDX5PDN4CitNPJk=,zjrOKt/KTINPD6DVO3NvnViqqXE=
86,281,n43GMzrqikm+mDX5PDN4CitNPJk=,zjrOKt/KTINPD6DVO3NvnViqqXE=
89,281,n43GMzrqikm+mDX5PDN4CitNPJk=,zjrOKt/KTINPD6DVO3NvnViqqXE=
87,281,n43GMzrqikm+mDX5PDN4CitNPJk=,zjrOKt/KTINPD6DVO3NvnViqqXE=
95,274,n43GMzrqikm+mDX5PDN4CitNPJk=,zjrOKt/KTINPD6DVO3NvnViqqXE=
85,281,n43GMzrqikm+mDX5PDN4CitNPJk=,zjrOKt/KTINPD6DVO3NvnViqqXE=
84,281,n43GMzrqikm+mDX5PDN4CitNPJk=,zjrOKt/KTINPD6DVO3NvnViqqXE=
88,281,n43GMzrqikm+mDX5PDN4CitNPJk=,zjrOKt/KTINPD6DVO3NvnViqqXE=
83,281,n43GMzrqikm+mDX5PDN4CitNPJk=,zjrOKt/KTINPD6DVO3NvnViqqXE=
81,281,n43GMzrqikm+mDX5PDN4CitNPJk=,zjrOKt/KTINPD6DVO3NvnViqqXE=
80,275,n43GMzrqikm+mDX5PDN4CitNPJk=,zjrOKt/KTINPD6DVO3NvnViqqXE=
82,281,n43GMzrqikm+mDX5PDN4CitNPJk=,zjrOKt/KTINPD6DVO3NvnViqqXE=
80,281,n43GMzrqikm+mDX5PDN4CitNPJk=,zjrOKt/KTINPD6DVO3NvnViqqXE=
95,280,n43GMzrqikm+mDX5PDN4CitNPJk=,zjrOKt/KTINPD6DVO3NvnViqqXE=
81,275,n43GMzrqikm+mDX5PDN4CitNPJk=,zjrOKt/KTINPD6DVO3NvnViqqXE=
92,280,n43GMzrqikm+mDX5PDN4CitNPJk=,zjrOKt/KTINPD6DVO3NvnViqqXE=
94,280,n43GMzrqikm+mDX5PDN4CitNPJk=,zjrOKt/KTINPD6DVO3NvnViqqXE=
93,280,n43GMzrqikm+mDX5PDN4CitNPJk=,zjrOKt/KTINPD6DVO3NvnViqqXE=
89,280,n43GMzrqikm+mDX5PDN4CitNPJk=,zjrOKt/KTINPD6DVO3NvnViqqXE=
88,280,n43GMzrqikm+mDX5PDN4CitNPJk=,zjrOKt/KTINPD6DVO3NvnViqqXE=
90,280,n43GMzrqikm+mDX5PDN4CitNPJk=,zjrOKt/KTINPD6DVO3NvnViqqXE=
91,280,n43GMzrqikm+mDX5PDN4CitNPJk=,zjrOKt/KTINPD6DVO3NvnViqqXE=
82,275,n43GMzrqikm+mDX5PDN4CitNPJk=,zjrOKt/KTINPD6DVO3NvnViqqXE=
87,280,n43GMzrqikm+mDX5PDN4CitNPJk=,zjrOKt/KTINPD6DVO3NvnViqqXE=
86,280,n43GMzrqikm+mDX5PDN4CitNPJk=,zjrOKt/KTINPD6DVO3NvnViqqXE=
84,280,n43GMzrqikm+mDX5PDN4CitNPJk=,zjrOKt/KTINPD6DVO3NvnViqqXE=
85,280,n43GMzrqikm+mDX5PDN4CitNPJk=,zjrOKt/KTINPD6DVO3NvnViqqXE=
82,280,n43GMzrqikm+mDX5PDN4CitNPJk=,zjrOKt/KTINPD6DVO3NvnViqqXE=
83,275,n43GMzrqikm+mDX5PDN4CitNPJk=,zjrOKt/KTINPD6DVO3NvnViqqXE=
83,280,n43GMzrqikm+mDX5PDN4CitNPJk=,zjrOKt/KTINPD6DVO3NvnViqqXE=
80,280,n43GMzrqikm+mDX5PDN4CitNPJk=,zjrOKt/KTINPD6DVO3NvnViqqXE=
95,279,n43GMzrqikm+mDX5PDN4CitNPJk=,zjrOKt/KTINPD6DVO3NvnViqqXE=
84,275,n43GMzrqikm+mDX5PDN4CitNPJk=,zjrOKt/KTINPD6DVO3NvnViqqXE=
94,279,n43GMzrqikm+mDX5PDN4CitNPJk=,zjrOKt/KTINPD6DVO3NvnViqqXE=
81,280,n43GMzrqikm+mDX5PDN4CitNPJk=,zjrOKt/KTINPD6DVO3NvnViqqXE=
93,279,n43GMzrqikm+mDX5PDN4CitNPJk=,zjrOKt/KTINPD6DVO3NvnViqqXE=
92,279,n43GMzrqikm+mDX5PDN4CitNPJk=,zjrOKt/KTINPD6DVO3NvnViqqXE=
85,275,n43GMzrqikm+mDX5PDN4CitNPJk=,zjrOKt/KTINPD6DVO3NvnViqqXE=
91,279,n43GMzrqikm+mDX5PDN4CitNPJk=,zjrOKt/KTINPD6DVO3NvnViqqXE=
87,279,n43GMzrqikm+mDX5PDN4CitNPJk=,zjrOKt/KTINPD6DVO3NvnViqqXE=
90,279,n43GMzrqikm+mDX5PDN4CitNPJk=,zjrOKt/KTINPD6DVO3NvnViqqXE=
89,279,n43GMzrqikm+mDX5PDN4CitNPJk=,zjrOKt/KTINPD6DVO3NvnViqqXE=
88,279,n43GMzrqikm+mDX5PDN4CitNPJk=,zjrOKt/KTINPD6DVO3NvnViqqXE=
85,279,n43GMzrqikm+mDX5PDN4CitNPJk=,zjrOKt/KTINPD6DVO3NvnViqqXE=
86,279,n43GMzrqikm+mDX5PDN4CitNPJk=,zjrOKt/KTINPD6DVO3NvnViqqXE=
84,279,n43GMzrqikm+mDX5PDN4CitNPJk=,zjrOKt/KTINPD6DVO3NvnViqqXE=
83,279,n43GMzrqikm+mDX5PDN4CitNPJk=,zjrOKt/KTINPD6DVO3NvnViqqXE=
86,275,n43GMzrqikm+mDX5PDN4CitNPJk=,zjrOKt/KTINPD6DVO3NvnViqqXE=
81,279,n43GMzrqikm+mDX5PDN4CitNPJk=,zjrOKt/KTINPD6DVO3NvnViqqXE=
82,279,n43GMzrqikm+mDX5PDN4CitNPJk=,zjrOKt/KTINPD6DVO3NvnViqqXE=
94,278,n43GMzrqikm+mDX5PDN4CitNPJk=,zjrOKt/KTINPD6DVO3NvnViqqXE=
95,278,n43GMzrqikm+mDX5PDN4CitNPJk=,zjrOKt/KTINPD6DVO3NvnViqqXE=
87,275,n43GMzrqikm+mDX5PDN4CitNPJk=,zjrOKt/KTINPD6DVO3NvnViqqXE=
93,278,n43GMzrqikm+mDX5PDN4CitNPJk=,zjrOKt/KTINPD6DVO3NvnViqqXE=
92,278,n43GMzrqikm+mDX5PDN4CitNPJk=,zjrOKt/KTINPD6DVO3NvnViqqXE=
90,278,n43GMzrqikm+mDX5PDN4CitNPJk=,zjrOKt/KTINPD6DVO3NvnViqqXE=
80,279,n43GMzrqikm+mDX5PDN4CitNPJk=,zjrOKt/KTINPD6DVO3NvnViqqXE=
88,275,n43GMzrqikm+mDX5PDN4CitNPJk=,zjrOKt/KTINPD6DVO3NvnViqqXE=
89,278,n43GMzrqikm+mDX5PDN4CitNPJk=,zjrOKt/KTINPD6DVO3NvnViqqXE=
91,278,n43GMzrqikm+mDX5PDN4CitNPJk=,zjrOKt/KTINPD6DVO3NvnViqqXE=
88,278,n43GMzrqikm+mDX5PDN4CitNPJk=,zjrOKt/KTINPD6DVO3NvnViqqXE=
87,278,n43GMzrqikm+mDX5PDN4CitNPJk=,zjrOKt/KTINPD6DVO3NvnViqqXE=
84,278,n43GMzrqikm+mDX5PDN4CitNPJk=,zjrOKt/KTINPD6DVO3NvnViqqXE=
86,278,n43GMzrqikm+mDX5PDN4CitNPJk=,zjrOKt/KTINPD6DVO3NvnViqqXE=
85,278,n43GMzrqikm+mDX5PDN4CitNPJk=,zjrOKt/KTINPD6DVO3NvnViqqXE=
83,278,n43GMzrqikm+mDX5PDN4CitNPJk=,zjrOKt/KTINPD6DVO3NvnViqqXE=
89,275,n43GMzrqikm+mDX5PDN4CitNPJk=,zjrOKt/KTINPD6DVO3NvnViqqXE=
81,278,n43GMzrqikm+mDX5PDN4CitNPJk=,zjrOKt/KTINPD6DVO3NvnViqqXE=
80,278,n43GMzrqikm+mDX5PDN4CitNPJk=,zjrOKt/KTINPD6DVO3NvnViqqXE=
82,278,n43GMzrqikm+mDX5PDN4CitNPJk=,zjrOKt/KTINPD6DVO3NvnViqqXE=
94,277,n43GMzrqikm+mDX5PDN4CitNPJk=,zjrOKt/KTINPD6DVO3NvnViqqXE=
95,277,n43GMzrqikm+mDX5PDN4CitNPJk=,zjrOKt/KTINPD6DVO3NvnViqqXE=
93,277,n43GMzrqikm+mDX5PDN4CitNPJk=,zjrOKt/KTINPD6DVO3NvnViqqXE=
92,277,n43GMzrqikm+mDX5PDN4CitNPJk=,zjrOKt/KTINPD6DVO3NvnViqqXE=
90,275,n43GMzrqikm+mDX5PDN4CitNPJk=,zjrOKt/KTINPD6DVO3NvnViqqXE=
91,277,n43GMzrqikm+mDX5PDN4CitNPJk=,zjrOKt/KTINPD6DVO3NvnViqqXE=
88,277,n43GMzrqikm+mDX5PDN4CitNPJk=,zjrOKt/KTINPD6DVO3NvnViqqXE=
91,275,n43GMzrqikm+mDX5PDN4CitNPJk=,zjrOKt/KTINPD6DVO3NvnViqqXE=
90,277,n43GMzrqikm+mDX5PDN4CitNPJk=,zjrOKt/KTINPD6DVO3NvnViqqXE=
89,277,n43GMzrqikm+mDX5PDN4CitNPJk=,zjrOKt/KTINPD6DVO3NvnViqqXE=
87,277,n43GMzrqikm+mDX5PDN4CitNPJk=,zjrOKt/KTINPD6DVO3NvnViqqXE=
86,277,n43GMzrqikm+mDX5PDN4CitNPJk=,zjrOKt/KTINPD6DVO3NvnViqqXE=
84,277,n43GMzrqikm+mDX5PDN4CitNPJk=,zjrOKt/KTINPD6DVO3NvnViqqXE=
92,275,n43GMzrqikm+mDX5PDN4CitNPJk=,zjrOKt/KTINPD6DVO3NvnViqqXE=
83,277,n43GMzrqikm+mDX5PDN4CitNPJk=,zjrOKt/KTINPD6DVO3NvnViqqXE=
80,277,n43GMzrqikm+mDX5PDN4CitNPJk=,zjrOKt/KTINPD6DVO3NvnViqqXE=
81,277,n43GMzrqikm+mDX5PDN4CitNPJk=,zjrOKt/KTINPD6DVO3NvnViqqXE=
82,277,n43GMzrqikm+mDX5PDN4CitNPJk=,zjrOKt/KTINPD6DVO3NvnViqqXE=
95,276,n43GMzrqikm+mDX5PDN4CitNPJk=,zjrOKt/KTINPD6DVO3NvnViqqXE=
85,277,n43GMzrqikm+mDX5PDN4CitNPJk=,zjrOKt/KTINPD6DVO3NvnViqqXE=
93,276,n43GMzrqikm+mDX5PDN4CitNPJk=,zjrOKt/KTINPD6DVO3NvnViqqXE=
94,276,n43GMzrqikm+mDX5PDN4CitNPJk=,zjrOKt/KTINPD6DVO3NvnViqqXE=
92,276,n43GMzrqikm+mDX5PDN4CitNPJk=,zjrOKt/KTINPD6DVO3NvnViqqXE=
93,275,n43GMzrqikm+mDX5PDN4CitNPJk=,zjrOKt/KTINPD6DVO3NvnViqqXE=
89,276,n43GMzrqikm+mDX5PDN4CitNPJk=,zjrOKt/KTINPD6DVO3NvnViqqXE=
88,276,n43GMzrqikm+mDX5PDN4CitNPJk=,zjrOKt/KTINPD6DVO3NvnViqqXE=
90,276,n43GMzrqikm+mDX5PDN4CitNPJk=,zjrOKt/KTINPD6DVO3NvnViqqXE=
87,276,n43GMzrqikm+mDX5PDN4CitNPJk=,zjrOKt/KTINPD6DVO3NvnViqqXE=
86,276,n43GMzrqikm+mDX5PDN4CitNPJk=,zjrOKt/KTINPD6DVO3NvnViqqXE=
91,276,n43GMzrqikm+mDX5PDN4CitNPJk=,zjrOKt/KTINPD6DVO3NvnViqqXE=
94,275,n43GMzrqikm+mDX5PDN4CitNPJk=,zjrOKt/KTINPD6DVO3NvnViqqXE=
85,276,n43GMzrqikm+mDX5PDN4CitNPJk=,zjrOKt/KTINPD6DVO3NvnViqqXE=
84,276,n43GMzrqikm+mDX5PDN4CitNPJk=,zjrOKt/KTINPD6DVO3NvnViqqXE=
82,276,n43GMzrqikm+mDX5PDN4CitNPJk=,zjrOKt/KTINPD6DVO3NvnViqqXE=
83,276,n43GMzrqikm+mDX5PDN4CitNPJk=,zjrOKt/KTINPD6DVO3NvnViqqXE=
81,276,n43GMzrqikm+mDX5PDN4CitNPJk=,zjrOKt/KTINPD6DVO3NvnViqqXE=
95,275,n43GMzrqikm+mDX5PDN4CitNPJk=,zjrOKt/KTINPD6DVO3NvnViqqXE=
80,276,n43GMzrqikm+mDX5PDN4CitNPJk=,zjrOKt/KTINPD6DVO3NvnViqqXE=
94,283,n43GMzrqikm+mDX5PDN4CitNPJk=,zjrOKt/KTINPD6DVO3NvnViqqXE=
