-178,-191,qGsHjqRG93B/l2h0i0lXVKN5ZLo=,SBTEnGdaQs4k4T5lmYCnZJFBqz4=
-177,-191,qGsHjqRG93B/l2h0i0lXVKN5ZLo=,SBTEnGdaQs4k4T5lmYCnZJFBqz4=
-178,-177,qGsHjqRG93B/l2h0i0lXVKN5ZLo=,SBTEnGdaQs4k4T5lmYCnZJFBqz4=
-177,-177,qGsHjqRG93B/l2h0i0lXVKN5ZLo=,SBTEnGdaQs4k4T5lmYCnZJFBqz4=
-179,-177,qGsHjqRG93B/l2h0i0lXVKN5ZLo=,SBTEnGdaQs4k4T5lmYCnZJFBqz4=
-180,-177,qGsHjqRG93B/l2h0i0lXVKN5ZLo=,SBTEnGdaQs4k4T5lmYCnZJFBqz4=
-181,-177,qGsHjqRG93B/l2h0i0lXVKN5ZLo=,SBTEnGdaQs4k4T5lmYCnZJFBqz4=
-182,-177,qGsHjqRG93B/l2h0i0lXVKN5ZLo=,SBTEnGdaQs4k4T5lmYCnZJFBqz4=
-183,-177,qGsHjqRG93B/l2h0i0lXVKN5ZLo=,SBTEnGdaQs4k4T5lmYCnZJFBqz4=
-184,-177,qGsHjqRG93B/l2h0i0lXVKN5ZLo=,SBTEnGdaQs4k4T5lmYCnZJFBqz4=
-185,-177,qGsHjqRG93B/l2h0i0lXVKN5ZLo=,SBTEnGdaQs4k4T5lmYCnZJFBqz4=
-186,-177,qGsHjqRG93B/l2h0i0lXVKN5ZLo=,SBTEnGdaQs4k4T5lmYCnZJFBqz4=
-192,-192,qGsHjqRG93B/l2h0i0lXVKN5ZLo=,SBTEnGdaQs4k4T5lmYCnZJFBqz4=
-177,-192,qGsHjqRG93B/l2h0i0lXVKN5ZLo=,SBTEnGdaQs4k4T5lmYCnZJFBqz4=
-189,-177,qGsHjqRG93B/l2h0i0lXVKN5ZLo=,SBTEnGdaQs4k4T5lmYCnZJFBqz4=
-178,-192,qGsHjqRG93B/l2h0i0lXVKN5ZLo=,SBTEnGdaQs4k4T5lmYCnZJFBqz4=
-190,-177,qGsHjqRG93B/l2h0i0lXVKN5ZLo=,SBTEnGdaQs4k4T5lmYCnZJFBqz4=
-191,-177,qGsHjqRG93B/l2h0i0lXVKN5ZLo=,SBTEnGdaQs4k4T5lmYCnZJFBqz4=
-180,-192,qGsHjqRG93B/l2h0i0lXVKN5ZLo=,SBTEnGdaQs4k4T5lmYCnZJFBqz4=
-181,-192,qGsHjqRG93B/l2h0i0lXVKN5ZLo=,SBTEnGdaQs4k4T5lmYCnZJFBqz4=
-182,-192,qGsHjqRG93B/l2h0i0lXVKN5ZLo=,SBTEnGdaQs4k4T5lmYCnZJFBqz4=
-179,-192,qGsHjqRG93B/l2h0i0lXVKN5ZLo=,SBTEnGdaQs4k4T5lmYCnZJFBqz4=
-183,-192,qGsHjqRG93B/l2h0i0lXVKN5ZLo=,SBTEnGdaQs4k4T5lmYCnZJFBqz4=
-184,-192,qGsHjqRG93B/l2h0i0lXVKN5ZLo=,SBTEnGdaQs4k4T5lmYCnZJFBqz4=
-186,-192,qGsHjqRG93B/l2h0i0lXVKN5ZLo=,SBTEnGdaQs4k4T5lmYCnZJFBqz4=
-187,-192,qGsHjqRG93B/l2h0i0lXVKN5ZLo=,SBTEnGdaQs4k4T5lmYCnZJFBqz4=
-188,-192,qGsHjqRG93B/l2h0i0lXVKN5ZLo=,SBTEnGdaQs4k4T5lmYCnZJFBqz4=
-187,-177,qGsHjqRG93B/l2h0i0lXVKN5ZLo=,SBTEnGdaQs4k4T5lmYCnZJFBqz4=
-189,-192,qGsHjqRG93B/l2h0i0lXVKN5ZLo=,SBTEnGdaQs4k4T5lmYCnZJFBqz4=
-191,-192,qGsHjqRG93B/l2h0i0lXVKN5ZLo=,SBTEnGdaQs4k4T5lmYCnZJFBqz4=
-179,-191,qGsHjqRG93B/l2h0i0lXVKN5ZLo=,SBTEnGdaQs4k4T5lmYCnZJFBqz4=
-192,-177,qGsHjqRG93B/l2h0i0lXVKN5ZLo=,SBTEnGdaQs4k4T5lmYCnZJFBqz4=
-177,-178,qGsHjqRG93B/l2h0i0lXVKN5ZLo=,SBTEnGdaQs4k4T5lmYCnZJFBqz4=
-178,-178,qGsHjqRG93B/l2h0i0lXVKN5ZLo=,SBTEnGdaQs4k4T5lmYCnZJFBqz4=
-180,-178,qGsHjqRG93B/l2h0i0lXVKN5ZLo=,SBTEnGdaQs4k4T5lmYCnZJFBqz4=
-179,-178,qGsHjqRG93B/l2h0i0lXVKN5ZLo=,SBTEnGdaQs4k4T5lmYCnZJFBqz4=
-181,-178,qGsHjqRG93B/l2h0i0lXVKN5ZLo=,SBTEnGdaQs4k4T5lmYCnZJFBqz4=
-182,-178,qGsHjqRG93B/l2h0i0lXVKN5ZLo=,SBTEnGdaQs4k4T5lmYCnZJFBqz4=
-183,-178,qGsHjqRG93B/l2h0i0lXVKN5ZLo=,SBTEnGdaQs4k4T5lmYCnZJFBqz4=
-185,-192,qGsHjqRG93B/l2h0i0lXVKN5ZLo=,SBTEnGdaQs4k4T5lmYCnZJFBqz4=
-185,-178,qGsHjqRG93B/l2h0i0lXVKN5ZLo=,SBTEnGdaQs4k4T5lmYCnZJFBqz4=
-186,-178,qGsHjqRG93B/l2h0i0lXVKN5ZLo=,SBTEnGdaQs4k4T5lmYCnZJFBqz4=
-188,-178,qGsHjqRG93B/l2h0i0lXVKN5ZLo=,SBTEnGdaQs4k4T5lmYCnZJFBqz4=
-190,-192,qGsHjqRG93B/l2h0i0lXVKN5ZLo=,SBTEnGdaQs4k4T5lmYCnZJFBqz4=
-188,-177,qGsHjqRG93B/l2h0i0lXVKN5ZLo=,SBTEnGdaQs4k4T5lmYCnZJFBqz4=
-180,-191,qGsHjqRG93B/l2h0i0lXVKN5ZLo=,SBTEnGdaQs4k4T5lmYCnZJFBqz4=
-190,-178,qGsHjqRG93B/l2h0i0lXVKN5ZLo=,SBTEnGdaQs4k4T5lmYCnZJFBqz4=
-192,-178,qGsHjqRG93B/l2h0i0lXVKN5ZLo=,SBTEnGdaQs4k4T5lmYCnZJFBqz4=
-191,-178,qGsHjqRG93B/l2h0i0lXVKN5ZLo=,SBTEnGdaQs4k4T5lmYCnZJFBqz4=
-177,-179,qGsHjqRG93B/l2h0i0lXVKN5ZLo=,SBTEnGdaQs4k4T5lmYCnZJFBqz4=
-178,-179,qGsHjqRG93B/l2h0i0lXVKN5ZLo=,SBTEnGdaQs4k4T5lmYCnZJFBqz4=
-179,-179,qGsHjqRG93B/l2h0i0lXVKN5ZLo=,SBTEnGdaQs4k4T5lmYCnZJFBqz4=
-180,-179,qGsHjqRG93B/l2h0i0lXVKN5ZLo=,SBTEnGdaQs4k4T5lmYCnZJFBqz4=
-181,-179,qGsHjqRG93B/l2h0i0lXVKN5ZLo=,SBTEnGdaQs4k4T5lmYCnZJFBqz4=
-182,-179,qGsHjqRG93B/l2h0i0lXVKN5ZLo=,SBTEnGdaQs4k4T5lmYCnZJFBqz4=
-183,-179,qGsHjqRG93B/l2h0i0lXVKN5ZLo=,SBTEnGdaQs4k4T5lmYCnZJFBqz4=
-184,-179,qGsHjqRG93B/l2h0i0lXVKN5ZLo=,SBTEnGdaQs4k4T5lmYCnZJFBqz4=
-185,-179,qGsHjqRG93B/l2h0i0lXVKN5ZLo=,SBTEnGdaQs4k4T5lmYCnZJFBqz4=
-186,-179,qGsHjqRG93B/l2h0i0lXVKN5ZLo=,SBTEnGdaQs4k4T5lmYCnZJFBqz4=
-187,-179,qGsHjqRG93B/l2h0i0lXVKN5ZLo=,SBTEnGdaQs4k4T5lmYCnZJFBqz4=
-187,-178,qGsHjqRG93B/l2h0i0lXVKN5ZLo=,SBTEnGdaQs4k4T5lmYCnZJFBqz4=
-181,-191,qGsHjqRG93B/l2h0i0lXVKN5ZLo=,SBTEnGdaQs4k4T5lmYCnZJFBqz4=
-189,-178,qGsHjqRG93B/l2h0i0lXVKN5ZLo=,SBTEnGdaQs4k4T5lmYCnZJFBqz4=
-191,-179,qGsHjqRG93B/l2h0i0lXVKN5ZLo=,SBTEnGdaQs4k4T5lmYCnZJFBqz4=
-190,-179,qGsHjqRG93B/l2h0i0lXVKN5ZLo=,SBTEnGdaQs4k4T5lmYCnZJFBqz4=
-192,-179,qGsHjqRG93B/l2h0i0lXVKN5ZLo=,SBTEnGdaQs4k4T5lmYCnZJFBqz4=
-178,-180,qGsHjqRG93B/l2h0i0lXVKN5ZLo=,SBTEnGdaQs4k4T5lmYCnZJFBqz4=
-177,-180,qGsHjqRG93B/l2h0i0lXVKN5ZLo=,SBTEnGdaQs4k4T5lmYCnZJFBqz4=
-179,-180,qGsHjqRG93B/l2h0i0lXVKN5ZLo=,SBTEnGdaQs4k4T5lmYCnZJFBqz4=
-180,-180,qGsHjqRG93B/l2h0i0lXVKN5ZLo=,SBTEnGdaQs4k4T5lmYCnZJFBqz4=
-181,-180,qGsHjqRG93B/l2h0i0lXVKN5ZLo=,SBTEnGdaQs4k4T5lmYCnZJFBqz4=
-183,-180,qGsHjqRG93B/l2h0i0lXVKN5ZLo=,SBTEnGdaQs4k4T5lmYCnZJFBqz4=
-182,-180,qGsHjqRG93B/l2h0i0lXVKN5ZLo=,SBTEnGdaQs4k4T5lmYCnZJFBqz4=
-184,-180,qGsHjqRG93B/l2h0i0lXVKN5ZLo=,SBTEnGdaQs4k4T5lmYCnZJFBqz4=
-184,-178,qGsHjqRG93B/l2h0i0lXVKN5ZLo=,SBTEnGdaQs4k4T5lmYCnZJFBqz4=
-186,-180,qGsHjqRG93B/l2h0i0lXVKN5ZLo=,SBTEnGdaQs4k4T5lmYCnZJFBqz4=
-185,-180,qGsHjqRG93B/l2h0i0lXVKN5ZLo=,SBTEnGdaQs4k4T5lmYCnZJFBqz4=
-182,-191,qGsHjqRG93B/l2h0i0lXVKN5ZLo=,SBTEnGdaQs4k4T5lmYCnZJFBqz4=
-187,-180,qGsHjqRG93B/l2h0i0lXVKN5ZLo=,SBTEnGdaQs4k4T5lmYCnZJFBqz4=
-188,-179,qGsHjqRG93B/l2h0i0lXVKN5ZLo=,SBTEnGdaQs4k4T5lmYCnZJFBqz4=
-191,-180,qGsHjqRG93B/l2h0i0lXVKN5ZLo=,SBTEnGdaQs4k4T5lmYCnZJFBqz4=
-189,-179,qGsHjqRG93B/l2h0i0lXVKN5ZLo=,SBTEnGdaQs4k4T5lmYCnZJFBqz4=
-177,-181,qGsHjqRG93B/l2h0i0lXVKN5ZLo=,SBTEnGdaQs4k4T5lmYCnZJFBqz4=
-192,-180,qGsHjqRG93B/l2h0i0lXVKN5ZLo=,SBTEnGdaQs4k4T5lmYCnZJFBqz4=
-178,-181,qGsHjqRG93B/l2h0i0lXVKN5ZLo=,SBTEnGdaQs4k4T5lmYCnZJFBqz4=
-179,-181,qGsHjqRG93B/l2h0i0lXVKN5ZLo=,SBTEnGdaQs4k4T5lmYCnZJFBqz4=
-180,-181,qGsHjqRG93B/l2h0i0lXVKN5ZLo=,SBTEnGdaQs4k4T5lmYCnZJFBqz4=
-190,-180,qGsHjqRG93B/l2h0i0lXVKN5ZLo=,SBTEnGdaQs4k4T5lmYCnZJFBqz4=
-182,-181,qGsHjqRG93B/l2h0i0lXVKN5ZLo=,SBTEnGdaQs4k4T5lmYCnZJFBqz4=
-181,-181,qGsHjqRG93B/l2h0i0lXVKN5ZLo=,SBTEnGdaQs4k4T5lmYCnZJFBqz4=
-183,-181,qGsHjqRG93B/l2h0i0lXVKN5ZLo=,SBTEnGdaQs4k4T5lmYCnZJFBqz4=
-184,-181,qGsHjqRG93B/l2h0i0lXVKN5ZLo=,SBTEnGdaQs4k4T5lmYCnZJFBqz4=
-187,-181,qGsHjqRG93B/l2h0i0lXVKN5ZLo=,SBTEnGdaQs4k4T5lmYCnZJFBqz4=
-186,-181,qGsHjqRG93B/l2h0i0lXVKN5ZLo=,SBTEnGdaQs4k4T5lmYCnZJFBqz4=
-188,-180,qGsHjqRG93B/l2h0i0lXVKN5ZLo=,SBTEnGdaQs4k4T5lmYCnZJFBqz4=
-188,-181,qGsHjqRG93B/l2h0i0lXVKN5ZLo=,SBTEnGdaQs4k4T5lmYCnZJFBqz4=
-183,-191,qGsHjqRG93B/l2h0i0lXVKN5ZLo=,SBTEnGdaQs4k4T5lmYCnZJFBqz4=
-190,-181,qGsHjqRG93B/l2h0i0lXVKN5ZLo=,SBTEnGdaQs4k4T5lmYCnZJFBqz4=
-189,-181,qGsHjqRG93B/l2h0i0lXVKN5ZLo=,SBTEnGdaQs4k4T5lmYCnZJFBqz4=
-177,-182,qGsHjqRG93B/l2h0i0lXVKN5ZLo=,SBTEnGdaQs4k4T5lmYCnZJFBqz4=
-179,-182,qGsHjqRG93B/l2h0i0lXVKN5ZLo=,SBTEnGdaQs4k4T5lmYCnZJFBqz4=
-192,-181,qGsHjqRG93B/l2h0i0lXVKN5ZLo=,SBTEnGdaQs4k4T5lmYCnZJFBqz4=
-189,-180,qGsHjqRG93B/l2h0i0lXVKN5ZLo=,SBTEnGdaQs4k4T5lmYCnZJFBqz4=
-180,-182,qGsHjqRG93B/l2h0i0lXVKN5ZLo=,SBTEnGdaQs4k4T5lmYCnZJFBqz4=
-182,-182,qGsHjqRG93B/l2h0i0lXVKN5ZLo=,SBTEnGdaQs4k4T5lmYCnZJFBqz4=
-181,-182,qGsHjqRG93B/l2h0i0lXVKN5ZLo=,SBTEnGdaQs4k4T5lmYCnZJFBqz4=
-183,-182,qGsHjqRG93B/l2h0i0lXVKN5ZLo=,SBTEnGdaQs4k4T5lmYCnZJFBqz4=
-178,-182,qGsHjqRG93B/l2h0i0lXVKN5ZLo=,SBTEnGdaQs4k4T5lmYCnZJFBqz4=
-184,-182,qGsHjqRG93B/l2h0i0lXVKN5ZLo=,SBTEnGdaQs4k4T5lmYCnZJFBqz4=
-185,-182,qGsHjqRG93B/l2h0i0lXVKN5ZLo=,SBTEnGdaQs4k4T5lmYCnZJFBqz4=
-184,-191,qGsHjqRG93B/l2h0i0lXVKN5ZLo=,SBTEnGdaQs4k4T5lmYCnZJFBqz4=
-187,-182,qGsHjqRG93B/l2h0i0lXVKN5ZLo=,SBTEnGdaQs4k4T5lmYCnZJFBqz4=
-186,-182,qGsHjqRG93B/l2h0i0lXVKN5ZLo=,SBTEnGdaQs4k4T5lmYCnZJFBqz4=
-189,-182,qGsHjqRG93B/l2h0i0lXVKN5ZLo=,SBTEnGdaQs4k4T5lmYCnZJFBqz4=
-188,-182,qGsHjqRG93B/l2h0i0lXVKN5ZLo=,SBTEnGdaQs4k4T5lmYCnZJFBqz4=
-192,-182,qGsHjqRG93B/l2h0i0lXVKN5ZLo=,SBTEnGdaQs4k4T5lmYCnZJFBqz4=
-191,-182,qGsHjqRG93B/l2h0i0lXVKN5ZLo=,SBTEnGdaQs4k4T5lmYCnZJFBqz4=
-177,-183,qGsHjqRG93B/l2h0i0lXVKN5ZLo=,SBTEnGdaQs4k4T5lmYCnZJFBqz4=
-178,-183,qGsHjqRG93B/l2h0i0lXVKN5ZLo=,SBTEnGdaQs4k4T5lmYCnZJFBqz4=
-185,-181,qGsHjqRG93B/l2h0i0lXVKN5ZLo=,SBTEnGdaQs4k4T5lmYCnZJFBqz4=
-190,-182,qGsHjqRG93B/l2h0i0lXVKN5ZLo=,SBTEnGdaQs4k4T5lmYCnZJFBqz4=
-180,-183,qGsHjqRG93B/l2h0i0lXVKN5ZLo=,SBTEnGdaQs4k4T5lmYCnZJFBqz4=
-181,-183,qGsHjqRG93B/l2h0i0lXVKN5ZLo=,SBTEnGdaQs4k4T5lmYCnZJFBqz4=
-183,-183,qGsHjqRG93B/l2h0i0lXVKN5ZLo=,SBTEnGdaQs4k4T5lmYCnZJFBqz4=
-184,-183,qGsHjqRG93B/l2h0i0lXVKN5ZLo=,SBTEnGdaQs4k4T5lmYCnZJFBqz4=
-182,-183,qGsHjqRG93B/l2h0i0lXVKN5ZLo=,SBTEnGdaQs4k4T5lmYCnZJFBqz4=
-185,-183,qGsHjqRG93B/l2h0i0lXVKN5ZLo=,SBTEnGdaQs4k4T5lmYCnZJFBqz4=
-185,-191,qGsHjqRG93B/l2h0i0lXVKN5ZLo=,SBTEnGdaQs4k4T5lmYCnZJFBqz4=
-186,-183,qGsHjqRG93B/l2h0i0lXVKN5ZLo=,SBTEnGdaQs4k4T5lmYCnZJFBqz4=
-187,-183,qGsHjqRG93B/l2h0i0lXVKN5ZLo=,SBTEnGdaQs4k4T5lmYCnZJFBqz4=
-188,-183,qGsHjqRG93B/l2h0i0lXVKN5ZLo=,SBTEnGdaQs4k4T5lmYCnZJFBqz4=
-189,-183,qGsHjqRG93B/l2h0i0lXVKN5ZLo=,SBTEnGdaQs4k4T5lmYCnZJFBqz4=
-191,-183,qGsHjqRG93B/l2h0i0lXVKN5ZLo=,SBTEnGdaQs4k4T5lmYCnZJFBqz4=
-191,-181,qGsHjqRG93B/l2h0i0lXVKN5ZLo=,SBTEnGdaQs4k4T5lmYCnZJFBqz4=
-178,-184,qGsHjqRG93B/l2h0i0lXVKN5ZLo=,SBTEnGdaQs4k4T5lmYCnZJFBqz4=
-179,-184,qGsHjqRG93B/l2h0i0lXVKN5ZLo=,SBTEnGdaQs4k4T5lmYCnZJFBqz4=
-180,-184,qGsHjqRG93B/l2h0i0lXVKN5ZLo=,SBTEnGdaQs4k4T5lmYCnZJFBqz4=
-177,-184,qGsHjqRG93B/l2h0i0lXVKN5ZLo=,SBTEnGdaQs4k4T5lmYCnZJFBqz4=
-182,-184,qGsHjqRG93B/l2h0i0lXVKN5ZLo=,SBTEnGdaQs4k4T5lmYCnZJFBqz4=
-183,-184,qGsHjqRG93B/l2h0i0lXVKN5ZLo=,SBTEnGdaQs4k4T5lmYCnZJFBqz4=
-184,-184,qGsHjqRG93B/l2h0i0lXVKN5ZLo=,SBTEnGdaQs4k4T5lmYCnZJFBqz4=
-192,-183,qGsHjqRG93B/l2h0i0lXVKN5ZLo=,SBTEnGdaQs4k4T5lmYCnZJFBqz4=
-179,-183,qGsHjqRG93B/l2h0i0lXVKN5ZLo=,SBTEnGdaQs4k4T5lmYCnZJFBqz4=
-186,-184,qGsHjqRG93B/l2h0i0lXVKN5ZLo=,SBTEnGdaQs4k4T5lmYCnZJFBqz4=
-187,-184,qGsHjqRG93B/l2h0i0lXVKN5ZLo=,SBTEnGdaQs4k4T5lmYCnZJFBqz4=
-185,-184,qGsHjqRG93B/l2h0i0lXVKN5ZLo=,SBTEnGdaQs4k4T5lmYCnZJFBqz4=
-188,-184,qGsHjqRG93B/l2h0i0lXVKN5ZLo=,SBTEnGdaQs4k4T5lmYCnZJFBqz4=
-186,-191,qGsHjqRG93B/l2h0i0lXVKN5ZLo=,SBTEnGdaQs4k4T5lmYCnZJFBqz4=
-190,-184,qGsHjqRG93B/l2h0i0lXVKN5ZLo=,SBTEnGdaQs4k4T5lmYCnZJFBqz4=
-190,-183,qGsHjqRG93B/l2h0i0lXVKN5ZLo=,SBTEnGdaQs4k4T5lmYCnZJFBqz4=
-191,-184,qGsHjqRG93B/l2h0i0lXVKN5ZLo=,SBTEnGdaQs4k4T5lmYCnZJFBqz4=
-181,-184,qGsHjqRG93B/l2h0i0lXVKN5ZLo=,SBTEnGdaQs4k4T5lmYCnZJFBqz4=
-189,-184,qGsHjqRG93B/l2h0i0lXVKN5ZLo=,SBTEnGdaQs4k4T5lmYCnZJFBqz4=
-178,-185,qGsHjqRG93B/l2h0i0lXVKN5ZLo=,SBTEnGdaQs4k4T5lmYCnZJFBqz4=
-179,-185,qGsHjqRG93B/l2h0i0lXVKN5ZLo=,SBTEnGdaQs4k4T5lmYCnZJFBqz4=
-182,-185,qGsHjqRG93B/l2h0i0lXVKN5ZLo=,SBTEnGdaQs4k4T5lmYCnZJFBqz4=
-181,-185,qGsHjqRG93B/l2h0i0lXVKN5ZLo=,SBTEnGdaQs4k4T5lmYCnZJFBqz4=
-183,-185,qGsHjqRG93B/l2h0i0lXVKN5ZLo=,SBTEnGdaQs4k4T5lmYCnZJFBqz4=
-180,-185,qGsHjqRG93B/l2h0i0lXVKN5ZLo=,SBTEnGdaQs4k4T5lmYCnZJFBqz4=
-184,-185,qGsHjqRG93B/l2h0i0lXVKN5ZLo=,SBTEnGdaQs4k4T5lmYCnZJFBqz4=
-186,-185,qGsHjqRG93B/l2h0i0lXVKN5ZLo=,SBTEnGdaQs4k4T5lmYCnZJFBqz4=
-185,-185,qGsHjqRG93B/l2h0i0lXVKN5ZLo=,SBTEnGdaQs4k4T5lmYCnZJFBqz4=
-192,-184,qGsHjqRG93B/l2h0i0lXVKN5ZLo=,SBTEnGdaQs4k4T5lmYCnZJFBqz4=
-187,-185,qGsHjqRG93B/l2h0i0lXVKN5ZLo=,SBTEnGdaQs4k4T5lmYCnZJFBqz4=
-189,-185,qGsHjqRG93B/l2h0i0lXVKN5ZLo=,SBTEnGdaQs4k4T5lmYCnZJFBqz4=
-190,-185,qGsHjqRG93B/l2h0i0lXVKN5ZLo=,SBTEnGdaQs4k4T5lmYCnZJFBqz4=
-192,-185,qGsHjqRG93B/l2h0i0lXVKN5ZLo=,SBTEnGdaQs4k4T5lmYCnZJFBqz4=
-188,-185,qGsHjqRG93B/l2h0i0lXVKN5ZLo=,SBTEnGdaQs4k4T5lmYCnZJFBqz4=
-191,-185,qGsHjqRG93B/l2h0i0lXVKN5ZLo=,SBTEnGdaQs4k4T5lmYCnZJFBqz4=
-179,-186,qGsHjqRG93B/l2h0i0lXVKN5ZLo=,SBTEnGdaQs4k4T5lmYCnZJFBqz4=
-177,-185,qGsHjqRG93B/l2h0i0lXVKN5ZLo=,SBTEnGdaQs4k4T5lmYCnZJFBqz4=
-178,-186,qGsHjqRG93B/l2h0i0lXVKN5ZLo=,SBTEnGdaQs4k4T5lmYCnZJFBqz4=
-180,-186,qGsHjqRG93B/l2h0i0lXVKN5ZLo=,SBTEnGdaQs4k4T5lmYCnZJFBqz4=
-182,-186,qGsHjqRG93B/l2h0i0lXVKN5ZLo=,SBTEnGdaQs4k4T5lmYCnZJFBqz4=
-181,-186,qGsHjqRG93B/l2h0i0lXVKN5ZLo=,SBTEnGdaQs4k4T5lmYCnZJFBqz4=
-184,-186,qGsHjqRG93B/l2h0i0lXVKN5ZLo=,SBTEnGdaQs4k4T5lmYCnZJFBqz4=
-185,-186,qGsHjqRG93B/l2h0i0lXVKN5ZLo=,SBTEnGdaQs4k4T5lmYCnZJFBqz4=
-183,-186,qGsHjqRG93B/l2h0i0lXVKN5ZLo=,SBTEnGdaQs4k4T5lmYCnZJFBqz4=
-188,-191,qGsHjqRG93B/l2h0i0lXVKN5ZLo=,SBTEnGdaQs4k4T5lmYCnZJFBqz4=
-186,-186,qGsHjqRG93B/l2h0i0lXVKN5ZLo=,SBTEnGdaQs4k4T5lmYCnZJFBqz4=
-187,-191,qGsHjqRG93B/l2h0i0lXVKN5ZLo=,SBTEnGdaQs4k4T5lmYCnZJFBqz4=
-187,-186,qGsHjqRG93B/l2h0i0lXVKN5ZLo=,SBTEnGdaQs4k4T5lmYCnZJFBqz4=
-189,-186,qGsHjqRG93B/l2h0i0lXVKN5ZLo=,SBTEnGdaQs4k4T5lmYCnZJFBqz4=
-190,-186,qGsHjqRG93B/l2h0i0lXVKN5ZLo=,SBTEnGdaQs4k4T5lmYCnZJFBqz4=
-192,-186,qGsHjqRG93B/l2h0i0lXVKN5ZLo=,SBTEnGdaQs4k4T5lmYCnZJFBqz4=
-177,-186,qGsHjqRG93B/l2h0i0lXVKN5ZLo=,SBTEnGdaQs4k4T5lmYCnZJFBqz4=
-177,-187,qGsHjqRG93B/l2h0i0lXVKN5ZLo=,SBTEnGdaQs4k4T5lmYCnZJFBqz4=
-191,-186,qGsHjqRG93B/l2h0i0lXVKN5ZLo=,SBTEnGdaQs4k4T5lmYCnZJFBqz4=
-180,-187,qGsHjqRG93B/l2h0i0lXVKN5ZLo=,SBTEnGdaQs4k4T5lmYCnZJFBqz4=
-179,-187,qGsHjqRG93B/l2h0i0lXVKN5ZLo=,SBTEnGdaQs4k4T5lmYCnZJFBqz4=
-182,-187,qGsHjqRG93B/l2h0i0lXVKN5ZLo=,SBTEnGdaQs4k4T5lmYCnZJFBqz4=
-183,-187,qGsHjqRG93B/l2h0i0lXVKN5ZLo=,SBTEnGdaQs4k4T5lmYCnZJFBqz4=
-189,-191,qGsHjqRG93B/l2h0i0lXVKN5ZLo=,SBTEnGdaQs4k4T5lmYCnZJFBqz4=
-184,-187,qGsHjqRG93B/l2h0i0lXVKN5ZLo=,SBTEnGdaQs4k4T5lmYCnZJFBqz4=
-186,-187,qGsHjqRG93B/l2h0i0lXVKN5ZLo=,SBTEnGdaQs4k4T5lmYCnZJFBqz4=
-188,-186,qGsHjqRG93B/l2h0i0lXVKN5ZLo=,SBTEnGdaQs4k4T5lmYCnZJFBqz4=
-187,-187,qGsHjqRG93B/l2h0i0lXVKN5ZLo=,SBTEnGdaQs4k4T5lmYCnZJFBqz4=
-181,-187,qGsHjqRG93B/l2h0i0lXVKN5ZLo=,SBTEnGdaQs4k4T5lmYCnZJFBqz4=
-188,-187,qGsHjqRG93B/l2h0i0lXVKN5ZLo=,SBTEnGdaQs4k4T5lmYCnZJFBqz4=
-189,-187,qGsHjqRG93B/l2h0i0lXVKN5ZLo=,SBTEnGdaQs4k4T5lmYCnZJFBqz4=
-185,-187,qGsHjqRG93B/l2h0i0lXVKN5ZLo=,SBTEnGdaQs4k4T5lmYCnZJFBqz4=
-177,-188,qGsHjqRG93B/l2h0i0lXVKN5ZLo=,SBTEnGdaQs4k4T5lmYCnZJFBqz4=
-178,-188,qGsHjqRG93B/l2h0i0lXVKN5ZLo=,SBTEnGdaQs4k4T5lmYCnZJFBqz4=
-179,-188,qGsHjqRG93B/l2h0i0lXVKN5ZLo=,SBTEnGdaQs4k4T5lmYCnZJFBqz4=
-180,-188,qGsHjqRG93B/l2h0i0lXVKN5ZLo=,SBTEnGdaQs4k4T5lmYCnZJFBqz4=
-178,-187,qGsHjqRG93B/l2h0i0lXVKN5ZLo=,SBTEnGdaQs4k4T5lmYCnZJFBqz4=
-190,-187,qGsHjqRG93B/l2h0i0lXVKN5ZLo=,SBTEnGdaQs4k4T5lmYCnZJFBqz4=
-190,-191,qGsHjqRG93B/l2h0i0lXVKN5ZLo=,SBTEnGdaQs4k4T5lmYCnZJFBqz4=
-183,-188,qGsHjqRG93B/l2h0i0lXVKN5ZLo=,SBTEnGdaQs4k4T5lmYCnZJFBqz4=
-181,-188,qGsHjqRG93B/l2h0i0lXVKN5ZLo=,SBTEnGdaQs4k4T5lmYCnZJFBqz4=
-185,-188,qGsHjqRG93B/l2h0i0lXVKN5ZLo=,SBTEnGdaQs4k4T5lmYCnZJFBqz4=
-184,-188,qGsHjqRG93B/l2h0i0lXVKN5ZLo=,SBTEnGdaQs4k4T5lmYCnZJFBqz4=
-186,-188,qGsHjqRG93B/l2h0i0lXVKN5ZLo=,SBTEnGdaQs4k4T5lmYCnZJFBqz4=
-182,-188,qGsHjqRG93B/l2h0i0lXVKN5ZLo=,SBTEnGdaQs4k4T5lmYCnZJFBqz4=
-187,-188,qGsHjqRG93B/l2h0i0lXVKN5ZLo=,SBTEnGdaQs4k4T5lmYCnZJFBqz4=
-188,-188,qGsHjqRG93B/l2h0i0lXVKN5ZLo=,SBTEnGdaQs4k4T5lmYCnZJFBqz4=
-191,-188,qGsHjqRG93B/l2h0i0lXVKN5ZLo=,SBTEnGdaQs4k4T5lmYCnZJFBqz4=
-190,-188,qGsHjqRG93B/l2h0i0lXVKN5ZLo=,SBTEnGdaQs4k4T5lmYCnZJFBqz4=
-177,-189,qGsHjqRG93B/l2h0i0lXVKN5ZLo=,SBTEnGdaQs4k4T5lmYCnZJFBqz4=
-178,-189,qGsHjqRG93B/l2h0i0lXVKN5ZLo=,SBTEnGdaQs4k4T5lmYCnZJFBqz4=
-179,-189,qGsHjqRG93B/l2h0i0lXVKN5ZLo=,SBTEnGdaQs4k4T5lmYCnZJFBqz4=
-192,-188,qGsHjqRG93B/l2h0i0lXVKN5ZLo=,SBTEnGdaQs4k4T5lmYCnZJFBqz4=
-180,-189,qGsHjqRG93B/l2h0i0lXVKN5ZLo=,SBTEnGdaQs4k4T5lmYCnZJFBqz4=
-191,-187,qGsHjqRG93B/l2h0i0lXVKN5ZLo=,SBTEnGdaQs4k4T5lmYCnZJFBqz4=
-192,-187,qGsHjqRG93B/l2h0i0lXVKN5ZLo=,SBTEnGdaQs4k4T5lmYCnZJFBqz4=
-182,-189,qGsHjqRG93B/l2h0i0lXVKN5ZLo=,SBTEnGdaQs4k4T5lmYCnZJFBqz4=
-189,-188,qGsHjqRG93B/l2h0i0lXVKN5ZLo=,SBTEnGdaQs4k4T5lmYCnZJFBqz4=
-183,-189,qGsHjqRG93B/l2h0i0lXVKN5ZLo=,SBTEnGdaQs4k4T5lmYCnZJFBqz4=
-185,-189,qGsHjqRG93B/l2h0i0lXVKN5ZLo=,SBTEnGdaQs4k4T5lmYCnZJFBqz4=
-181,-189,qGsHjqRG93B/l2h0i0lXVKN5ZLo=,SBTEnGdaQs4k4T5lmYCnZJFBqz4=
-187,-189,qGsHjqRG93B/l2h0i0lXVKN5ZLo=,SBTEnGdaQs4k4T5lmYCnZJFBqz4=
-184,-189,qGsHjqRG93B/l2h0i0lXVKN5ZLo=,SBTEnGdaQs4k4T5lmYCnZJFBqz4=
-191,-189,qGsHjqRG93B/l2h0i0lXVKN5ZLo=,SBTEnGdaQs4k4T5lmYCnZJFBqz4=
-192,-189,qGsHjqRG93B/l2h0i0lXVKN5ZLo=,SBTEnGdaQs4k4T5lmYCnZJFBqz4=
-191,-191,qGsHjqRG93B/l2h0i0lXVKN5ZLo=,SBTEnGdaQs4k4T5lmYCnZJFBqz4=
-190,-189,qGsHjqRG93B/l2h0i0lXVKN5ZLo=,SBTEnGdaQs4k4T5lmYCnZJFBqz4=
-188,-189,qGsHjqRG93B/l2h0i0lXVKN5ZLo=,SBTEnGdaQs4k4T5lmYCnZJFBqz4=
-186,-189,qGsHjqRG93B/l2h0i0lXVKN5ZLo=,SBTEnGdaQs4k4T5lmYCnZJFBqz4=
-178,-190,qGsHjqRG93B/l2h0i0lXVKN5ZLo=,SBTEnGdaQs4k4T5lmYCnZJFBqz4=
-180,-190,qGsHjqRG93B/l2h0i0lXVKN5ZLo=,SBTEnGdaQs4k4T5lmYCnZJFBqz4=
-181,-190,qGsHjqRG93B/l2h0i0lXVKN5ZLo=,SBTEnGdaQs4k4T5lmYCnZJFBqz4=
-179,-190,qGsHjqRG93B/l2h0i0lXVKN5ZLo=,SBTEnGdaQs4k4T5lmYCnZJFBqz4=
-182,-190,qGsHjqRG93B/l2h0i0lXVKN5ZLo=,SBTEnGdaQs4k4T5lmYCnZJFBqz4=
-184,-190,qGsHjqRG93B/l2h0i0lXVKN5ZLo=,SBTEnGdaQs4k4T5lmYCnZJFBqz4=
-189,-189,qGsHjqRG93B/l2h0i0lXVKN5ZLo=,SBTEnGdaQs4k4T5lmYCnZJFBqz4=
-177,-190,qGsHjqRG93B/l2h0i0lXVKN5ZLo=,SBTEnGdaQs4k4T5lmYCnZJFBqz4=
-192,-191,qGsHjqRG93B/l2h0i0lXVKN5ZLo=,SBTEnGdaQs4k4T5lmYCnZJFBqz4=
-186,-190,qGsHjqRG93B/l2h0i0lXVKN5ZLo=,SBTEnGdaQs4k4T5lmYCnZJFBqz4=
-187,-190,qGsHjqRG93B/l2h0i0lXVKN5ZLo=,SBTEnGdaQs4k4T5lmYCnZJFBqz4=
-189,-190,qGsHjqRG93B/l2h0i0lXVKN5ZLo=,SBTEnGdaQs4k4T5lmYCnZJFBqz4=
-188,-190,qGsHjqRG93B/l2h0i0lXVKN5ZLo=,SBTEnGdaQs4k4T5lmYCnZJFBqz4=
-190,-190,qGsHjqRG93B/l2h0i0lXVKN5ZLo=,SBTEnGdaQs4k4T5lmYCnZJFBqz4=
-183,-190,qGsHjqRG93B/l2h0i0lXVKN5ZLo=,SBTEnGdaQs4k4T5lmYCnZJFBqz4=
-191,-190,qGsHjqRG93B/l2h0i0lXVKN5ZLo=,SBTEnGdaQs4k4T5lmYCnZJFBqz4=
-185,-190,qGsHjqRG93B/l2h0i0lXVKN5ZLo=,SBTEnGdaQs4k4T5lmYCnZJFBqz4=
-192,-190,qGsHjqRG93B/l2h0i0lXVKN5ZLo=,SBTEnGdaQs4k4T5lmYCnZJFBqz4=
-161,-177,PJNDQOSe0Xv93khN4BhwR0XFuOg=,SBTEnGdaQs4k4T5lmYCnZJFBqz4=
-161,-192,PJNDQOSe0Xv93khN4BhwR0XFuOg=,SBTEnGdaQs4k4T5lmYCnZJFBqz4=
-162,-177,PJNDQOSe0Xv93khN4BhwR0XFuOg=,SBTEnGdaQs4k4T5lmYCnZJFBqz4=
-163,-177,PJNDQOSe0Xv93khN4BhwR0XFuOg=,SBTEnGdaQs4k4T5lmYCnZJFBqz4=
-164,-177,PJNDQOSe0Xv93khN4BhwR0XFuOg=,SBTEnGdaQs4k4T5lmYCnZJFBqz4=
-165,-177,PJNDQOSe0Xv93khN4BhwR0XFuOg=,SBTEnGdaQs4k4T5lmYCnZJFBqz4=
-176,-191,PJNDQOSe0Xv93khN4BhwR0XFuOg=,SBTEnGdaQs4k4T5lmYCnZJFBqz4=
-166,-177,PJNDQOSe0Xv93khN4BhwR0XFuOg=,SBTEnGdaQs4k4T5lmYCnZJFBqz4=
-167,-177,PJNDQOSe0Xv93khN4BhwR0XFuOg=,SBTEnGdaQs4k4T5lmYCnZJFBqz4=
-176,-192,PJNDQOSe0Xv93khN4BhwR0XFuOg=,SBTEnGdaQs4k4T5lmYCnZJFBqz4=
-175,-191,PJNDQOSe0Xv93khN4BhwR0XFuOg=,SBTEnGdaQs4k4T5lmYCnZJFBqz4=
-174,-191,PJNDQOSe0Xv93khN4BhwR0XFuOg=,SBTEnGdaQs4k4T5lmYCnZJFBqz4=
-173,-191,PJNDQOSe0Xv93khN4BhwR0XFuOg=,SBTEnGdaQs4k4T5lmYCnZJFBqz4=
-172,-191,PJNDQOSe0Xv93khN4BhwR0XFuOg=,SBTEnGdaQs4k4T5lmYCnZJFBqz4=
-168,-177,PJNDQOSe0Xv93khN4BhwR0XFuOg=,SBTEnGdaQs4k4T5lmYCnZJFBqz4=
-171,-191,PJNDQOSe0Xv93khN4BhwR0XFuOg=,SBTEnGdaQs4k4T5lmYCnZJFBqz4=
-170,-191,PJNDQOSe0Xv93khN4BhwR0XFuOg=,SBTEnGdaQs4k4T5lmYCnZJFBqz4=
-169,-177,PJNDQOSe0Xv93khN4BhwR0XFuOg=,SBTEnGdaQs4k4T5lmYCnZJFBqz4=
-169,-191,PJNDQOSe0Xv93khN4BhwR0XFuOg=,SBTEnGdaQs4k4T5lmYCnZJFBqz4=
-168,-191,PJNDQOSe0Xv93khN4BhwR0XFuOg=,SBTEnGdaQs4k4T5lmYCnZJFBqz4=
-167,-191,PJNDQOSe0Xv93khN4BhwR0XFuOg=,SBTEnGdaQs4k4T5lmYCnZJFBqz4=
-166,-191,PJNDQOSe0Xv93khN4BhwR0XFuOg=,SBTEnGdaQs4k4T5lmYCnZJFBqz4=
-170,-177,PJNDQOSe0Xv93khN4BhwR0XFuOg=,SBTEnGdaQs4k4T5lmYCnZJFBqz4=
-171,-177,PJNDQOSe0Xv93khN4BhwR0XFuOg=,SBTEnGdaQs4k4T5lmYCnZJFBqz4=
-165,-191,PJNDQOSe0Xv93khN4BhwR0XFuOg=,SBTEnGdaQs4k4T5lmYCnZJFBqz4=
-164,-191,PJNDQOSe0Xv93khN4BhwR0XFuOg=,SBTEnGdaQs4k4T5lmYCnZJFBqz4=
-172,-177,PJNDQOSe0Xv93khN4BhwR0XFuOg=,SBTEnGdaQs4k4T5lmYCnZJFBqz4=
-173,-177,PJNDQOSe0Xv93khN4BhwR0XFuOg=,SBTEnGdaQs4k4T5lmYCnZJFBqz4=
-174,-177,PJNDQOSe0Xv93khN4BhwR0XFuOg=,SBTEnGdaQs4k4T5lmYCnZJFBqz4=
-163,-191,PJNDQOSe0Xv93khN4BhwR0XFuOg=,SBTEnGdaQs4k4T5lmYCnZJFBqz4=
-161,-178,PJNDQOSe0Xv93khN4BhwR0XFuOg=,SBTEnGdaQs4k4T5lmYCnZJFBqz4=
-162,-178,PJNDQOSe0Xv93khN4BhwR0XFuOg=,SBTEnGdaQs4k4T5lmYCnZJFBqz4=
-163,-178,PJNDQOSe0Xv93khN4BhwR0XFuOg=,SBTEnGdaQs4k4T5lmYCnZJFBqz4=
-164,-178,PJNDQOSe0Xv93khN4BhwR0XFuOg=,SBTEnGdaQs4k4T5lmYCnZJFBqz4=
-165,-178,PJNDQOSe0Xv93khN4BhwR0XFuOg=,SBTEnGdaQs4k4T5lmYCnZJFBqz4=
-166,-178,PJNDQOSe0Xv93khN4BhwR0XFuOg=,SBTEnGdaQs4k4T5lmYCnZJFBqz4=
-167,-178,PJNDQOSe0Xv93khN4BhwR0XFuOg=,SBTEnGdaQs4k4T5lmYCnZJFBqz4=
-169,-178,PJNDQOSe0Xv93khN4BhwR0XFuOg=,SBTEnGdaQs4k4T5lmYCnZJFBqz4=
-168,-178,PJNDQOSe0Xv93khN4BhwR0XFuOg=,SBTEnGdaQs4k4T5lmYCnZJFBqz4=
-170,-178,PJNDQOSe0Xv93khN4BhwR0XFuOg=,SBTEnGdaQs4k4T5lmYCnZJFBqz4=
-175,-192,PJNDQOSe0Xv93khN4BhwR0XFuOg=,SBTEnGdaQs4k4T5lmYCnZJFBqz4=
-171,-178,PJNDQOSe0Xv93khN4BhwR0XFuOg=,SBTEnGdaQs4k4T5lmYCnZJFBqz4=
-172,-178,PJNDQOSe0Xv93khN4BhwR0XFuOg=,SBTEnGdaQs4k4T5lmYCnZJFBqz4=
-173,-178,PJNDQOSe0Xv93khN4BhwR0XFuOg=,SBTEnGdaQs4k4T5lmYCnZJFBqz4=
-174,-178,PJNDQOSe0Xv93khN4BhwR0XFuOg=,SBTEnGdaQs4k4T5lmYCnZJFBqz4=
-162,-191,PJNDQOSe0Xv93khN4BhwR0XFuOg=,SBTEnGdaQs4k4T5lmYCnZJFBqz4=
-175,-178,PJNDQOSe0Xv93khN4BhwR0XFuOg=,SBTEnGdaQs4k4T5lmYCnZJFBqz4=
-162,-192,PJNDQOSe0Xv93khN4BhwR0XFuOg=,SBTEnGdaQs4k4T5lmYCnZJFBqz4=
-161,-179,PJNDQOSe0Xv93khN4BhwR0XFuOg=,SBTEnGdaQs4k4T5lmYCnZJFBqz4=
-162,-179,PJNDQOSe0Xv93khN4BhwR0XFuOg=,SBTEnGdaQs4k4T5lmYCnZJFBqz4=
-176,-178,PJNDQOSe0Xv93khN4BhwR0XFuOg=,SBTEnGdaQs4k4T5lmYCnZJFBqz4=
-163,-179,PJNDQOSe0Xv93khN4BhwR0XFuOg=,SBTEnGdaQs4k4T5lmYCnZJFBqz4=
-164,-179,PJNDQOSe0Xv93khN4BhwR0XFuOg=,SBTEnGdaQs4k4T5lmYCnZJFBqz4=
-165,-179,PJNDQOSe0Xv93khN4BhwR0XFuOg=,SBTEnGdaQs4k4T5lmYCnZJFBqz4=
-166,-179,PJNDQOSe0Xv93khN4BhwR0XFuOg=,SBTEnGdaQs4k4T5lmYCnZJFBqz4=
-161,-191,PJNDQOSe0Xv93khN4BhwR0XFuOg=,SBTEnGdaQs4k4T5lmYCnZJFBqz4=
-174,-192,PJNDQOSe0Xv93khN4BhwR0XFuOg=,SBTEnGdaQs4k4T5lmYCnZJFBqz4=
-167,-179,PJNDQOSe0Xv93khN4BhwR0XFuOg=,SBTEnGdaQs4k4T5lmYCnZJFBqz4=
-168,-179,PJNDQOSe0Xv93khN4BhwR0XFuOg=,SBTEnGdaQs4k4T5lmYCnZJFBqz4=
-170,-179,PJNDQOSe0Xv93khN4BhwR0XFuOg=,SBTEnGdaQs4k4T5lmYCnZJFBqz4=
-176,-190,PJNDQOSe0Xv93khN4BhwR0XFuOg=,SBTEnGdaQs4k4T5lmYCnZJFBqz4=
-172,-179,PJNDQOSe0Xv93khN4BhwR0XFuOg=,SBTEnGdaQs4k4T5lmYCnZJFBqz4=
-171,-179,PJNDQOSe0Xv93khN4BhwR0XFuOg=,SBTEnGdaQs4k4T5lmYCnZJFBqz4=
-169,-179,PJNDQOSe0Xv93khN4BhwR0XFuOg=,SBTEnGdaQs4k4T5lmYCnZJFBqz4=
-175,-190,PJNDQOSe0Xv93khN4BhwR0XFuOg=,SBTEnGdaQs4k4T5lmYCnZJFBqz4=
-174,-190,PJNDQOSe0Xv93khN4BhwR0XFuOg=,SBTEnGdaQs4k4T5lmYCnZJFBqz4=
-173,-190,PJNDQOSe0Xv93khN4BhwR0XFuOg=,SBTEnGdaQs4k4T5lmYCnZJFBqz4=
-175,-177,PJNDQOSe0Xv93khN4BhwR0XFuOg=,SBTEnGdaQs4k4T5lmYCnZJFBqz4=
-172,-190,PJNDQOSe0Xv93khN4BhwR0XFuOg=,SBTEnGdaQs4k4T5lmYCnZJFBqz4=
-171,-190,PJNDQOSe0Xv93khN4BhwR0XFuOg=,SBTEnGdaQs4k4T5lmYCnZJFBqz4=
-170,-190,PJNDQOSe0Xv93khN4BhwR0XFuOg=,SBTEnGdaQs4k4T5lmYCnZJFBqz4=
-169,-190,PJNDQOSe0Xv93khN4BhwR0XFuOg=,SBTEnGdaQs4k4T5lmYCnZJFBqz4=
-168,-190,PJNDQOSe0Xv93khN4BhwR0XFuOg=,SBTEnGdaQs4k4T5lmYCnZJFBqz4=
-167,-190,PJNDQOSe0Xv93khN4BhwR0XFuOg=,SBTEnGdaQs4k4T5lmYCnZJFBqz4=
-176,-177,PJNDQOSe0Xv93khN4BhwR0XFuOg=,SBTEnGdaQs4k4T5lmYCnZJFBqz4=
-175,-179,PJNDQOSe0Xv93khN4BhwR0XFuOg=,SBTEnGdaQs4k4T5lmYCnZJFBqz4=
-166,-190,PJNDQOSe0Xv93khN4BhwR0XFuOg=,SBTEnGdaQs4k4T5lmYCnZJFBqz4=
-163,-192,PJNDQOSe0Xv93khN4BhwR0XFuOg=,SBTEnGdaQs4k4T5lmYCnZJFBqz4=
-161,-180,PJNDQOSe0Xv93khN4BhwR0XFuOg=,SBTEnGdaQs4k4T5lmYCnZJFBqz4=
-162,-180,PJNDQOSe0Xv93khN4BhwR0XFuOg=,SBTEnGdaQs4k4T5lmYCnZJFBqz4=
-163,-180,PJNDQOSe0Xv93khN4BhwR0XFuOg=,SBTEnGdaQs4k4T5lmYCnZJFBqz4=
-164,-180,PJNDQOSe0Xv93khN4BhwR0XFuOg=,SBTEnGdaQs4k4T5lmYCnZJFBqz4=
-165,-180,PJNDQOSe0Xv93khN4BhwR0XFuOg=,SBTEnGdaQs4k4T5lmYCnZJFBqz4=
-165,-190,PJNDQOSe0Xv93khN4BhwR0XFuOg=,SBTEnGdaQs4k4T5lmYCnZJFBqz4=
-164,-190,PJNDQOSe0Xv93khN4BhwR0XFuOg=,SBTEnGdaQs4k4T5lmYCnZJFBqz4=
-176,-179,PJNDQOSe0Xv93khN4BhwR0XFuOg=,SBTEnGdaQs4k4T5lmYCnZJFBqz4=
-166,-180,PJNDQOSe0Xv93khN4BhwR0XFuOg=,SBTEnGdaQs4k4T5lmYCnZJFBqz4=
-167,-180,PJNDQOSe0Xv93khN4BhwR0XFuOg=,SBTEnGdaQs4k4T5lmYCnZJFBqz4=
-163,-190,PJNDQOSe0Xv93khN4BhwR0XFuOg=,SBTEnGdaQs4k4T5lmYCnZJFBqz4=
-169,-180,PJNDQOSe0Xv93khN4BhwR0XFuOg=,SBTEnGdaQs4k4T5lmYCnZJFBqz4=
-174,-179,PJNDQOSe0Xv93khN4BhwR0XFuOg=,SBTEnGdaQs4k4T5lmYCnZJFBqz4=
-162,-190,PJNDQOSe0Xv93khN4BhwR0XFuOg=,SBTEnGdaQs4k4T5lmYCnZJFBqz4=
-173,-179,PJNDQOSe0Xv93khN4BhwR0XFuOg=,SBTEnGdaQs4k4T5lmYCnZJFBqz4=
-168,-180,PJNDQOSe0Xv93khN4BhwR0XFuOg=,SBTEnGdaQs4k4T5lmYCnZJFBqz4=
-172,-180,PJNDQOSe0Xv93khN4BhwR0XFuOg=,SBTEnGdaQs4k4T5lmYCnZJFBqz4=
-161,-190,PJNDQOSe0Xv93khN4BhwR0XFuOg=,SBTEnGdaQs4k4T5lmYCnZJFBqz4=
-173,-192,PJNDQOSe0Xv93khN4BhwR0XFuOg=,SBTEnGdaQs4k4T5lmYCnZJFBqz4=
-176,-189,PJNDQOSe0Xv93khN4BhwR0XFuOg=,SBTEnGdaQs4k4T5lmYCnZJFBqz4=
-175,-189,PJNDQOSe0Xv93khN4BhwR0XFuOg=,SBTEnGdaQs4k4T5lmYCnZJFBqz4=
-174,-180,PJNDQOSe0Xv93khN4BhwR0XFuOg=,SBTEnGdaQs4k4T5lmYCnZJFBqz4=
-171,-180,PJNDQOSe0Xv93khN4BhwR0XFuOg=,SBTEnGdaQs4k4T5lmYCnZJFBqz4=
-174,-189,PJNDQOSe0Xv93khN4BhwR0XFuOg=,SBTEnGdaQs4k4T5lmYCnZJFBqz4=
-173,-189,PJNDQOSe0Xv93khN4BhwR0XFuOg=,SBTEnGdaQs4k4T5lmYCnZJFBqz4=
-172,-189,PJNDQOSe0Xv93khN4BhwR0XFuOg=,SBTEnGdaQs4k4T5lmYCnZJFBqz4=
-175,-180,PJNDQOSe0Xv93khN4BhwR0XFuOg=,SBTEnGdaQs4k4T5lmYCnZJFBqz4=
-164,-192,PJNDQOSe0Xv93khN4BhwR0XFuOg=,SBTEnGdaQs4k4T5lmYCnZJFBqz4=
-171,-189,PJNDQOSe0Xv93khN4BhwR0XFuOg=,SBTEnGdaQs4k4T5lmYCnZJFBqz4=
-161,-181,PJNDQOSe0Xv93khN4BhwR0XFuOg=,SBTEnGdaQs4k4T5lmYCnZJFBqz4=
-162,-181,PJNDQOSe0Xv93khN4BhwR0XFuOg=,SBTEnGdaQs4k4T5lmYCnZJFBqz4=
-163,-181,PJNDQOSe0Xv93khN4BhwR0XFuOg=,SBTEnGdaQs4k4T5lmYCnZJFBqz4=
-164,-181,PJNDQOSe0Xv93khN4BhwR0XFuOg=,SBTEnGdaQs4k4T5lmYCnZJFBqz4=
-165,-181,PJNDQOSe0Xv93khN4BhwR0XFuOg=,SBTEnGdaQs4k4T5lmYCnZJFBqz4=
-166,-181,PJNDQOSe0Xv93khN4BhwR0XFuOg=,SBTEnGdaQs4k4T5lmYCnZJFBqz4=
-170,-189,PJNDQOSe0Xv93khN4BhwR0XFuOg=,SBTEnGdaQs4k4T5lmYCnZJFBqz4=
-173,-180,PJNDQOSe0Xv93khN4BhwR0XFuOg=,SBTEnGdaQs4k4T5lmYCnZJFBqz4=
-167,-181,PJNDQOSe0Xv93khN4BhwR0XFuOg=,SBTEnGdaQs4k4T5lmYCnZJFBqz4=
-169,-189,PJNDQOSe0Xv93khN4BhwR0XFuOg=,SBTEnGdaQs4k4T5lmYCnZJFBqz4=
-168,-189,PJNDQOSe0Xv93khN4BhwR0XFuOg=,SBTEnGdaQs4k4T5lmYCnZJFBqz4=
-167,-189,PJNDQOSe0Xv93khN4BhwR0XFuOg=,SBTEnGdaQs4k4T5lmYCnZJFBqz4=
-176,-180,PJNDQOSe0Xv93khN4BhwR0XFuOg=,SBTEnGdaQs4k4T5lmYCnZJFBqz4=
-166,-189,PJNDQOSe0Xv93khN4BhwR0XFuOg=,SBTEnGdaQs4k4T5lmYCnZJFBqz4=
-165,-189,PJNDQOSe0Xv93khN4BhwR0XFuOg=,SBTEnGdaQs4k4T5lmYCnZJFBqz4=
-164,-189,PJNDQOSe0Xv93khN4BhwR0XFuOg=,SBTEnGdaQs4k4T5lmYCnZJFBqz4=
-169,-181,PJNDQOSe0Xv93khN4BhwR0XFuOg=,SBTEnGdaQs4k4T5lmYCnZJFBqz4=
-168,-181,PJNDQOSe0Xv93khN4BhwR0XFuOg=,SBTEnGdaQs4k4T5lmYCnZJFBqz4=
-171,-181,PJNDQOSe0Xv93khN4BhwR0XFuOg=,SBTEnGdaQs4k4T5lmYCnZJFBqz4=
-172,-181,PJNDQOSe0Xv93khN4BhwR0XFuOg=,SBTEnGdaQs4k4T5lmYCnZJFBqz4=
-163,-189,PJNDQOSe0Xv93khN4BhwR0XFuOg=,SBTEnGdaQs4k4T5lmYCnZJFBqz4=
-170,-181,PJNDQOSe0Xv93khN4BhwR0XFuOg=,SBTEnGdaQs4k4T5lmYCnZJFBqz4=
-175,-181,PJNDQOSe0Xv93khN4BhwR0XFuOg=,SBTEnGdaQs4k4T5lmYCnZJFBqz4=
-173,-181,PJNDQOSe0Xv93khN4BhwR0XFuOg=,SBTEnGdaQs4k4T5lmYCnZJFBqz4=
-165,-192,PJNDQOSe0Xv93khN4BhwR0XFuOg=,SBTEnGdaQs4k4T5lmYCnZJFBqz4=
-161,-182,PJNDQOSe0Xv93khN4BhwR0XFuOg=,SBTEnGdaQs4k4T5lmYCnZJFBqz4=
-162,-182,PJNDQOSe0Xv93khN4BhwR0XFuOg=,SBTEnGdaQs4k4T5lmYCnZJFBqz4=
-163,-182,PJNDQOSe0Xv93khN4BhwR0XFuOg=,SBTEnGdaQs4k4T5lmYCnZJFBqz4=
-164,-182,PJNDQOSe0Xv93khN4BhwR0XFuOg=,SBTEnGdaQs4k4T5lmYCnZJFBqz4=
-162,-189,PJNDQOSe0Xv93khN4BhwR0XFuOg=,SBTEnGdaQs4k4T5lmYCnZJFBqz4=
-165,-182,PJNDQOSe0Xv93khN4BhwR0XFuOg=,SBTEnGdaQs4k4T5lmYCnZJFBqz4=
-174,-181,PJNDQOSe0Xv93khN4BhwR0XFuOg=,SBTEnGdaQs4k4T5lmYCnZJFBqz4=
-166,-182,PJNDQOSe0Xv93khN4BhwR0XFuOg=,SBTEnGdaQs4k4T5lmYCnZJFBqz4=
-167,-182,PJNDQOSe0Xv93khN4BhwR0XFuOg=,SBTEnGdaQs4k4T5lmYCnZJFBqz4=
-170,-180,PJNDQOSe0Xv93khN4BhwR0XFuOg=,SBTEnGdaQs4k4T5lmYCnZJFBqz4=
-176,-181,PJNDQOSe0Xv93khN4BhwR0XFuOg=,SBTEnGdaQs4k4T5lmYCnZJFBqz4=
-161,-189,PJNDQOSe0Xv93khN4BhwR0XFuOg=,SBTEnGdaQs4k4T5lmYCnZJFBqz4=
-172,-192,PJNDQOSe0Xv93khN4BhwR0XFuOg=,SBTEnGdaQs4k4T5lmYCnZJFBqz4=
-170,-182,PJNDQOSe0Xv93khN4BhwR0XFuOg=,SBTEnGdaQs4k4T5lmYCnZJFBqz4=
-169,-182,PJNDQOSe0Xv93khN4BhwR0XFuOg=,SBTEnGdaQs4k4T5lmYCnZJFBqz4=
-172,-182,PJNDQOSe0Xv93khN4BhwR0XFuOg=,SBTEnGdaQs4k4T5lmYCnZJFBqz4=
-176,-188,PJNDQOSe0Xv93khN4BhwR0XFuOg=,SBTEnGdaQs4k4T5lmYCnZJFBqz4=
-175,-188,PJNDQOSe0Xv93khN4BhwR0XFuOg=,SBTEnGdaQs4k4T5lmYCnZJFBqz4=
-174,-182,PJNDQOSe0Xv93khN4BhwR0XFuOg=,SBTEnGdaQs4k4T5lmYCnZJFBqz4=
-174,-188,PJNDQOSe0Xv93khN4BhwR0XFuOg=,SBTEnGdaQs4k4T5lmYCnZJFBqz4=
-171,-182,PJNDQOSe0Xv93khN4BhwR0XFuOg=,SBTEnGdaQs4k4T5lmYCnZJFBqz4=
-175,-182,PJNDQOSe0Xv93khN4BhwR0XFuOg=,SBTEnGdaQs4k4T5lmYCnZJFBqz4=
-176,-182,PJNDQOSe0Xv93khN4BhwR0XFuOg=,SBTEnGdaQs4k4T5lmYCnZJFBqz4=
-173,-188,PJNDQOSe0Xv93khN4BhwR0XFuOg=,SBTEnGdaQs4k4T5lmYCnZJFBqz4=
-166,-192,PJNDQOSe0Xv93khN4BhwR0XFuOg=,SBTEnGdaQs4k4T5lmYCnZJFBqz4=
-161,-183,PJNDQOSe0Xv93khN4BhwR0XFuOg=,SBTEnGdaQs4k4T5lmYCnZJFBqz4=
-162,-183,PJNDQOSe0Xv93khN4BhwR0XFuOg=,SBTEnGdaQs4k4T5lmYCnZJFBqz4=
-163,-183,PJNDQOSe0Xv93khN4BhwR0XFuOg=,SBTEnGdaQs4k4T5lmYCnZJFBqz4=
-164,-183,PJNDQOSe0Xv93khN4BhwR0XFuOg=,SBTEnGdaQs4k4T5lmYCnZJFBqz4=
-165,-183,PJNDQOSe0Xv93khN4BhwR0XFuOg=,SBTEnGdaQs4k4T5lmYCnZJFBqz4=
-166,-183,PJNDQOSe0Xv93khN4BhwR0XFuOg=,SBTEnGdaQs4k4T5lmYCnZJFBqz4=
-172,-188,PJNDQOSe0Xv93khN4BhwR0XFuOg=,SBTEnGdaQs4k4T5lmYCnZJFBqz4=
-171,-188,PJNDQOSe0Xv93khN4BhwR0XFuOg=,SBTEnGdaQs4k4T5lmYCnZJFBqz4=
-170,-188,PJNDQOSe0Xv93khN4BhwR0XFuOg=,SBTEnGdaQs4k4T5lmYCnZJFBqz4=
-169,-188,PJNDQOSe0Xv93khN4BhwR0XFuOg=,SBTEnGdaQs4k4T5lmYCnZJFBqz4=
-168,-188,PJNDQOSe0Xv93khN4BhwR0XFuOg=,SBTEnGdaQs4k4T5lmYCnZJFBqz4=
-167,-188,PJNDQOSe0Xv93khN4BhwR0XFuOg=,SBTEnGdaQs4k4T5lmYCnZJFBqz4=
-165,-188,PJNDQOSe0Xv93khN4BhwR0XFuOg=,SBTEnGdaQs4k4T5lmYCnZJFBqz4=
-164,-188,PJNDQOSe0Xv93khN4BhwR0XFuOg=,SBTEnGdaQs4k4T5lmYCnZJFBqz4=
-173,-182,PJNDQOSe0Xv93khN4BhwR0XFuOg=,SBTEnGdaQs4k4T5lmYCnZJFBqz4=
-167,-183,PJNDQOSe0Xv93khN4BhwR0XFuOg=,SBTEnGdaQs4k4T5lmYCnZJFBqz4=
-163,-188,PJNDQOSe0Xv93khN4BhwR0XFuOg=,SBTEnGdaQs4k4T5lmYCnZJFBqz4=
-168,-183,PJNDQOSe0Xv93khN4BhwR0XFuOg=,SBTEnGdaQs4k4T5lmYCnZJFBqz4=
-166,-188,PJNDQOSe0Xv93khN4BhwR0XFuOg=,SBTEnGdaQs4k4T5lmYCnZJFBqz4=
-170,-183,PJNDQOSe0Xv93khN4BhwR0XFuOg=,SBTEnGdaQs4k4T5lmYCnZJFBqz4=
-171,-183,PJNDQOSe0Xv93khN4BhwR0XFuOg=,SBTEnGdaQs4k4T5lmYCnZJFBqz4=
-162,-188,PJNDQOSe0Xv93khN4BhwR0XFuOg=,SBTEnGdaQs4k4T5lmYCnZJFBqz4=
-169,-183,PJNDQOSe0Xv93khN4BhwR0XFuOg=,SBTEnGdaQs4k4T5lmYCnZJFBqz4=
-173,-183,PJNDQOSe0Xv93khN4BhwR0XFuOg=,SBTEnGdaQs4k4T5lmYCnZJFBqz4=
-161,-188,PJNDQOSe0Xv93khN4BhwR0XFuOg=,SBTEnGdaQs4k4T5lmYCnZJFBqz4=
-171,-192,PJNDQOSe0Xv93khN4BhwR0XFuOg=,SBTEnGdaQs4k4T5lmYCnZJFBqz4=
-172,-183,PJNDQOSe0Xv93khN4BhwR0XFuOg=,SBTEnGdaQs4k4T5lmYCnZJFBqz4=
-174,-183,PJNDQOSe0Xv93khN4BhwR0XFuOg=,SBTEnGdaQs4k4T5lmYCnZJFBqz4=
-167,-192,PJNDQOSe0Xv93khN4BhwR0XFuOg=,SBTEnGdaQs4k4T5lmYCnZJFBqz4=
-161,-184,PJNDQOSe0Xv93khN4BhwR0XFuOg=,SBTEnGdaQs4k4T5lmYCnZJFBqz4=
-162,-184,PJNDQOSe0Xv93khN4BhwR0XFuOg=,SBTEnGdaQs4k4T5lmYCnZJFBqz4=
-163,-184,PJNDQOSe0Xv93khN4BhwR0XFuOg=,SBTEnGdaQs4k4T5lmYCnZJFBqz4=
-164,-184,PJNDQOSe0Xv93khN4BhwR0XFuOg=,SBTEnGdaQs4k4T5lmYCnZJFBqz4=
-165,-184,PJNDQOSe0Xv93khN4BhwR0XFuOg=,SBTEnGdaQs4k4T5lmYCnZJFBqz4=
-166,-184,PJNDQOSe0Xv93khN4BhwR0XFuOg=,SBTEnGdaQs4k4T5lmYCnZJFBqz4=
-167,-184,PJNDQOSe0Xv93khN4BhwR0XFuOg=,SBTEnGdaQs4k4T5lmYCnZJFBqz4=
-176,-187,PJNDQOSe0Xv93khN4BhwR0XFuOg=,SBTEnGdaQs4k4T5lmYCnZJFBqz4=
-176,-183,PJNDQOSe0Xv93khN4BhwR0XFuOg=,SBTEnGdaQs4k4T5lmYCnZJFBqz4=
-168,-182,PJNDQOSe0Xv93khN4BhwR0XFuOg=,SBTEnGdaQs4k4T5lmYCnZJFBqz4=
-169,-184,PJNDQOSe0Xv93khN4BhwR0XFuOg=,SBTEnGdaQs4k4T5lmYCnZJFBqz4=
-170,-184,PJNDQOSe0Xv93khN4BhwR0XFuOg=,SBTEnGdaQs4k4T5lmYCnZJFBqz4=
-175,-187,PJNDQOSe0Xv93khN4BhwR0XFuOg=,SBTEnGdaQs4k4T5lmYCnZJFBqz4=
-168,-184,PJNDQOSe0Xv93khN4BhwR0XFuOg=,SBTEnGdaQs4k4T5lmYCnZJFBqz4=
-172,-184,PJNDQOSe0Xv93khN4BhwR0XFuOg=,SBTEnGdaQs4k4T5lmYCnZJFBqz4=
-174,-184,PJNDQOSe0Xv93khN4BhwR0XFuOg=,SBTEnGdaQs4k4T5lmYCnZJFBqz4=
-171,-184,PJNDQOSe0Xv93khN4BhwR0XFuOg=,SBTEnGdaQs4k4T5lmYCnZJFBqz4=
-173,-184,PJNDQOSe0Xv93khN4BhwR0XFuOg=,SBTEnGdaQs4k4T5lmYCnZJFBqz4=
-174,-187,PJNDQOSe0Xv93khN4BhwR0XFuOg=,SBTEnGdaQs4k4T5lmYCnZJFBqz4=
-168,-192,PJNDQOSe0Xv93khN4BhwR0XFuOg=,SBTEnGdaQs4k4T5lmYCnZJFBqz4=
-161,-185,PJNDQOSe0Xv93khN4BhwR0XFuOg=,SBTEnGdaQs4k4T5lmYCnZJFBqz4=
-173,-187,PJNDQOSe0Xv93khN4BhwR0XFuOg=,SBTEnGdaQs4k4T5lmYCnZJFBqz4=
-162,-185,PJNDQOSe0Xv93khN4BhwR0XFuOg=,SBTEnGdaQs4k4T5lmYCnZJFBqz4=
-163,-185,PJNDQOSe0Xv93khN4BhwR0XFuOg=,SBTEnGdaQs4k4T5lmYCnZJFBqz4=
-164,-185,PJNDQOSe0Xv93khN4BhwR0XFuOg=,SBTEnGdaQs4k4T5lmYCnZJFBqz4=
-165,-185,PJNDQOSe0Xv93khN4BhwR0XFuOg=,SBTEnGdaQs4k4T5lmYCnZJFBqz4=
-166,-185,PJNDQOSe0Xv93khN4BhwR0XFuOg=,SBTEnGdaQs4k4T5lmYCnZJFBqz4=
-167,-185,PJNDQOSe0Xv93khN4BhwR0XFuOg=,SBTEnGdaQs4k4T5lmYCnZJFBqz4=
-168,-185,PJNDQOSe0Xv93khN4BhwR0XFuOg=,SBTEnGdaQs4k4T5lmYCnZJFBqz4=
-176,-184,PJNDQOSe0Xv93khN4BhwR0XFuOg=,SBTEnGdaQs4k4T5lmYCnZJFBqz4=
-172,-187,PJNDQOSe0Xv93khN4BhwR0XFuOg=,SBTEnGdaQs4k4T5lmYCnZJFBqz4=
-169,-185,PJNDQOSe0Xv93khN4BhwR0XFuOg=,SBTEnGdaQs4k4T5lmYCnZJFBqz4=
-175,-183,PJNDQOSe0Xv93khN4BhwR0XFuOg=,SBTEnGdaQs4k4T5lmYCnZJFBqz4=
-170,-185,PJNDQOSe0Xv93khN4BhwR0XFuOg=,SBTEnGdaQs4k4T5lmYCnZJFBqz4=
-172,-185,PJNDQOSe0Xv93khN4BhwR0XFuOg=,SBTEnGdaQs4k4T5lmYCnZJFBqz4=
-173,-185,PJNDQOSe0Xv93khN4BhwR0XFuOg=,SBTEnGdaQs4k4T5lmYCnZJFBqz4=
-171,-187,PJNDQOSe0Xv93khN4BhwR0XFuOg=,SBTEnGdaQs4k4T5lmYCnZJFBqz4=
-171,-185,PJNDQOSe0Xv93khN4BhwR0XFuOg=,SBTEnGdaQs4k4T5lmYCnZJFBqz4=
-174,-185,PJNDQOSe0Xv93khN4BhwR0XFuOg=,SBTEnGdaQs4k4T5lmYCnZJFBqz4=
-169,-192,PJNDQOSe0Xv93khN4BhwR0XFuOg=,SBTEnGdaQs4k4T5lmYCnZJFBqz4=
-170,-187,PJNDQOSe0Xv93khN4BhwR0XFuOg=,SBTEnGdaQs4k4T5lmYCnZJFBqz4=
-169,-187,PJNDQOSe0Xv93khN4BhwR0XFuOg=,SBTEnGdaQs4k4T5lmYCnZJFBqz4=
-168,-187,PJNDQOSe0Xv93khN4BhwR0XFuOg=,SBTEnGdaQs4k4T5lmYCnZJFBqz4=
-167,-187,PJNDQOSe0Xv93khN4BhwR0XFuOg=,SBTEnGdaQs4k4T5lmYCnZJFBqz4=
-166,-187,PJNDQOSe0Xv93khN4BhwR0XFuOg=,SBTEnGdaQs4k4T5lmYCnZJFBqz4=
-165,-187,PJNDQOSe0Xv93khN4BhwR0XFuOg=,SBTEnGdaQs4k4T5lmYCnZJFBqz4=
-164,-187,PJNDQOSe0Xv93khN4BhwR0XFuOg=,SBTEnGdaQs4k4T5lmYCnZJFBqz4=
-163,-187,PJNDQOSe0Xv93khN4BhwR0XFuOg=,SBTEnGdaQs4k4T5lmYCnZJFBqz4=
-161,-186,PJNDQOSe0Xv93khN4BhwR0XFuOg=,SBTEnGdaQs4k4T5lmYCnZJFBqz4=
-175,-185,PJNDQOSe0Xv93khN4BhwR0XFuOg=,SBTEnGdaQs4k4T5lmYCnZJFBqz4=
-162,-186,PJNDQOSe0Xv93khN4BhwR0XFuOg=,SBTEnGdaQs4k4T5lmYCnZJFBqz4=
-164,-186,PJNDQOSe0Xv93khN4BhwR0XFuOg=,SBTEnGdaQs4k4T5lmYCnZJFBqz4=
-162,-187,PJNDQOSe0Xv93khN4BhwR0XFuOg=,SBTEnGdaQs4k4T5lmYCnZJFBqz4=
-165,-186,PJNDQOSe0Xv93khN4BhwR0XFuOg=,SBTEnGdaQs4k4T5lmYCnZJFBqz4=
-166,-186,PJNDQOSe0Xv93khN4BhwR0XFuOg=,SBTEnGdaQs4k4T5lmYCnZJFBqz4=
-167,-186,PJNDQOSe0Xv93khN4BhwR0XFuOg=,SBTEnGdaQs4k4T5lmYCnZJFBqz4=
-176,-185,PJNDQOSe0Xv93khN4BhwR0XFuOg=,SBTEnGdaQs4k4T5lmYCnZJFBqz4=
-168,-186,PJNDQOSe0Xv93khN4BhwR0XFuOg=,SBTEnGdaQs4k4T5lmYCnZJFBqz4=
-163,-186,PJNDQOSe0Xv93khN4BhwR0XFuOg=,SBTEnGdaQs4k4T5lmYCnZJFBqz4=
-161,-187,PJNDQOSe0Xv93khN4BhwR0XFuOg=,SBTEnGdaQs4k4T5lmYCnZJFBqz4=
-175,-184,PJNDQOSe0Xv93khN4BhwR0XFuOg=,SBTEnGdaQs4k4T5lmYCnZJFBqz4=
-170,-186,PJNDQOSe0Xv93khN4BhwR0XFuOg=,SBTEnGdaQs4k4T5lmYCnZJFBqz4=
-171,-186,PJNDQOSe0Xv93khN4BhwR0XFuOg=,SBTEnGdaQs4k4T5lmYCnZJFBqz4=
-172,-186,PJNDQOSe0Xv93khN4BhwR0XFuOg=,SBTEnGdaQs4k4T5lmYCnZJFBqz4=
-170,-192,PJNDQOSe0Xv93khN4BhwR0XFuOg=,SBTEnGdaQs4k4T5lmYCnZJFBqz4=
-176,-186,PJNDQOSe0Xv93khN4BhwR0XFuOg=,SBTEnGdaQs4k4T5lmYCnZJFBqz4=
-175,-186,PJNDQOSe0Xv93khN4BhwR0XFuOg=,SBTEnGdaQs4k4T5lmYCnZJFBqz4=
-174,-186,PJNDQOSe0Xv93khN4BhwR0XFuOg=,SBTEnGdaQs4k4T5lmYCnZJFBqz4=
-169,-186,PJNDQOSe0Xv93khN4BhwR0XFuOg=,SBTEnGdaQs4k4T5lmYCnZJFBqz4=
-173,-186,PJNDQOSe0Xv93khN4BhwR0XFuOg=,SBTEnGdaQs4k4T5lmYCnZJFBqz4=
-177,-176,PJNDQOSe0Xv93khN4BhwR0XFuOg=,SBTEnGdaQs4k4T5lmYCnZJFBqz4=
-192,-175,PJNDQOSe0Xv93khN4BhwR0XFuOg=,SBTEnGdaQs4k4T5lmYCnZJFBqz4=
-177,-161,PJNDQOSe0Xv93khN4BhwR0XFuOg=,SBTEnGdaQs4k4T5lmYCnZJFBqz4=
-192,-176,PJNDQOSe0Xv93khN4BhwR0XFuOg=,SBTEnGdaQs4k4T5lmYCnZJFBqz4=
-178,-161,PJNDQOSe0Xv93khN4BhwR0XFuOg=,SBTEnGdaQs4k4T5lmYCnZJFBqz4=
-180,-161,PJNDQOSe0Xv93khN4BhwR0XFuOg=,SBTEnGdaQs4k4T5lmYCnZJFBqz4=
-179,-161,PJNDQOSe0Xv93khN4BhwR0XFuOg=,SBTEnGdaQs4k4T5lmYCnZJFBqz4=
-181,-161,PJNDQOSe0Xv93khN4BhwR0XFuOg=,SBTEnGdaQs4k4T5lmYCnZJFBqz4=
-182,-161,PJNDQOSe0Xv93khN4BhwR0XFuOg=,SBTEnGdaQs4k4T5lmYCnZJFBqz4=
-183,-161,PJNDQOSe0Xv93khN4BhwR0XFuOg=,SBTEnGdaQs4k4T5lmYCnZJFBqz4=
-184,-161,PJNDQOSe0Xv93khN4BhwR0XFuOg=,SBTEnGdaQs4k4T5lmYCnZJFBqz4=
-185,-161,PJNDQOSe0Xv93khN4BhwR0XFuOg=,SBTEnGdaQs4k4T5lmYCnZJFBqz4=
-186,-161,PJNDQOSe0Xv93khN4BhwR0XFuOg=,SBTEnGdaQs4k4T5lmYCnZJFBqz4=
-187,-161,PJNDQOSe0Xv93khN4BhwR0XFuOg=,SBTEnGdaQs4k4T5lmYCnZJFBqz4=
-188,-161,PJNDQOSe0Xv93khN4BhwR0XFuOg=,SBTEnGdaQs4k4T5lmYCnZJFBqz4=
-189,-161,PJNDQOSe0Xv93khN4BhwR0XFuOg=,SBTEnGdaQs4k4T5lmYCnZJFBqz4=
-191,-161,PJNDQOSe0Xv93khN4BhwR0XFuOg=,SBTEnGdaQs4k4T5lmYCnZJFBqz4=
-178,-176,PJNDQOSe0Xv93khN4BhwR0XFuOg=,SBTEnGdaQs4k4T5lmYCnZJFBqz4=
-190,-161,PJNDQOSe0Xv93khN4BhwR0XFuOg=,SBTEnGdaQs4k4T5lmYCnZJFBqz4=
-192,-161,PJNDQOSe0Xv93khN4BhwR0XFuOg=,SBTEnGdaQs4k4T5lmYCnZJFBqz4=
-177,-162,PJNDQOSe0Xv93khN4BhwR0XFuOg=,SBTEnGdaQs4k4T5lmYCnZJFBqz4=
-178,-162,PJNDQOSe0Xv93khN4BhwR0XFuOg=,SBTEnGdaQs4k4T5lmYCnZJFBqz4=
-180,-162,PJNDQOSe0Xv93khN4BhwR0XFuOg=,SBTEnGdaQs4k4T5lmYCnZJFBqz4=
-181,-162,PJNDQOSe0Xv93khN4BhwR0XFuOg=,SBTEnGdaQs4k4T5lmYCnZJFBqz4=
-182,-162,PJNDQOSe0Xv93khN4BhwR0XFuOg=,SBTEnGdaQs4k4T5lmYCnZJFBqz4=
-179,-162,PJNDQOSe0Xv93khN4BhwR0XFuOg=,SBTEnGdaQs4k4T5lmYCnZJFBqz4=
-183,-162,PJNDQOSe0Xv93khN4BhwR0XFuOg=,SBTEnGdaQs4k4T5lmYCnZJFBqz4=
-184,-162,PJNDQOSe0Xv93khN4BhwR0XFuOg=,SBTEnGdaQs4k4T5lmYCnZJFBqz4=
-185,-162,PJNDQOSe0Xv93khN4BhwR0XFuOg=,SBTEnGdaQs4k4T5lmYCnZJFBqz4=
-186,-162,PJNDQOSe0Xv93khN4BhwR0XFuOg=,SBTEnGdaQs4k4T5lmYCnZJFBqz4=
-188,-162,PJNDQOSe0Xv93khN4BhwR0XFuOg=,SBTEnGdaQs4k4T5lmYCnZJFBqz4=
-187,-162,PJNDQOSe0Xv93khN4BhwR0XFuOg=,SBTEnGdaQs4k4T5lmYCnZJFBqz4=
-190,-162,PJNDQOSe0Xv93khN4BhwR0XFuOg=,SBTEnGdaQs4k4T5lmYCnZJFBqz4=
-189,-162,PJNDQOSe0Xv93khN4BhwR0XFuOg=,SBTEnGdaQs4k4T5lmYCnZJFBqz4=
-179,-176,PJNDQOSe0Xv93khN4BhwR0XFuOg=,SBTEnGdaQs4k4T5lmYCnZJFBqz4=
-191,-162,PJNDQOSe0Xv93khN4BhwR0XFuOg=,SBTEnGdaQs4k4T5lmYCnZJFBqz4=
-192,-162,PJNDQOSe0Xv93khN4BhwR0XFuOg=,SBTEnGdaQs4k4T5lmYCnZJFBqz4=
-177,-163,PJNDQOSe0Xv93khN4BhwR0XFuOg=,SBTEnGdaQs4k4T5lmYCnZJFBqz4=
-178,-163,PJNDQOSe0Xv93khN4BhwR0XFuOg=,SBTEnGdaQs4k4T5lmYCnZJFBqz4=
-179,-163,PJNDQOSe0Xv93khN4BhwR0XFuOg=,SBTEnGdaQs4k4T5lmYCnZJFBqz4=
-181,-163,PJNDQOSe0Xv93khN4BhwR0XFuOg=,SBTEnGdaQs4k4T5lmYCnZJFBqz4=
-180,-163,PJNDQOSe0Xv93khN4BhwR0XFuOg=,SBTEnGdaQs4k4T5lmYCnZJFBqz4=
-182,-163,PJNDQOSe0Xv93khN4BhwR0XFuOg=,SBTEnGdaQs4k4T5lmYCnZJFBqz4=
-183,-163,PJNDQOSe0Xv93khN4BhwR0XFuOg=,SBTEnGdaQs4k4T5lmYCnZJFBqz4=
-184,-163,PJNDQOSe0Xv93khN4BhwR0XFuOg=,SBTEnGdaQs4k4T5lmYCnZJFBqz4=
-185,-163,PJNDQOSe0Xv93khN4BhwR0XFuOg=,SBTEnGdaQs4k4T5lmYCnZJFBqz4=
-186,-163,PJNDQOSe0Xv93khN4BhwR0XFuOg=,SBTEnGdaQs4k4T5lmYCnZJFBqz4=
-187,-163,PJNDQOSe0Xv93khN4BhwR0XFuOg=,SBTEnGdaQs4k4T5lmYCnZJFBqz4=
-189,-163,PJNDQOSe0Xv93khN4BhwR0XFuOg=,SBTEnGdaQs4k4T5lmYCnZJFBqz4=
-188,-163,PJNDQOSe0Xv93khN4BhwR0XFuOg=,SBTEnGdaQs4k4T5lmYCnZJFBqz4=
-191,-163,PJNDQOSe0Xv93khN4BhwR0XFuOg=,SBTEnGdaQs4k4T5lmYCnZJFBqz4=
-190,-163,PJNDQOSe0Xv93khN4BhwR0XFuOg=,SBTEnGdaQs4k4T5lmYCnZJFBqz4=
-180,-176,PJNDQOSe0Xv93khN4BhwR0XFuOg=,SBTEnGdaQs4k4T5lmYCnZJFBqz4=
-192,-163,PJNDQOSe0Xv93khN4BhwR0XFuOg=,SBTEnGdaQs4k4T5lmYCnZJFBqz4=
-177,-164,PJNDQOSe0Xv93khN4BhwR0XFuOg=,SBTEnGdaQs4k4T5lmYCnZJFBqz4=
-178,-164,PJNDQOSe0Xv93khN4BhwR0XFuOg=,SBTEnGdaQs4k4T5lmYCnZJFBqz4=
-179,-164,PJNDQOSe0Xv93khN4BhwR0XFuOg=,SBTEnGdaQs4k4T5lmYCnZJFBqz4=
-180,-164,PJNDQOSe0Xv93khN4BhwR0XFuOg=,SBTEnGdaQs4k4T5lmYCnZJFBqz4=
-181,-164,PJNDQOSe0Xv93khN4BhwR0XFuOg=,SBTEnGdaQs4k4T5lmYCnZJFBqz4=
-182,-164,PJNDQOSe0Xv93khN4BhwR0XFuOg=,SBTEnGdaQs4k4T5lmYCnZJFBqz4=
-183,-164,PJNDQOSe0Xv93khN4BhwR0XFuOg=,SBTEnGdaQs4k4T5lmYCnZJFBqz4=
-185,-164,PJNDQOSe0Xv93khN4BhwR0XFuOg=,SBTEnGdaQs4k4T5lmYCnZJFBqz4=
-184,-164,PJNDQOSe0Xv93khN4BhwR0XFuOg=,SBTEnGdaQs4k4T5lmYCnZJFBqz4=
-187,-164,PJNDQOSe0Xv93khN4BhwR0XFuOg=,SBTEnGdaQs4k4T5lmYCnZJFBqz4=
-186,-164,PJNDQOSe0Xv93khN4BhwR0XFuOg=,SBTEnGdaQs4k4T5lmYCnZJFBqz4=
-188,-164,PJNDQOSe0Xv93khN4BhwR0XFuOg=,SBTEnGdaQs4k4T5lmYCnZJFBqz4=
-189,-164,PJNDQOSe0Xv93khN4BhwR0XFuOg=,SBTEnGdaQs4k4T5lmYCnZJFBqz4=
-190,-164,PJNDQOSe0Xv93khN4BhwR0XFuOg=,SBTEnGdaQs4k4T5lmYCnZJFBqz4=
-191,-164,PJNDQOSe0Xv93khN4BhwR0XFuOg=,SBTEnGdaQs4k4T5lmYCnZJFBqz4=
-181,-176,PJNDQOSe0Xv93khN4BhwR0XFuOg=,SBTEnGdaQs4k4T5lmYCnZJFBqz4=
-192,-164,PJNDQOSe0Xv93khN4BhwR0XFuOg=,SBTEnGdaQs4k4T5lmYCnZJFBqz4=
-178,-165,PJNDQOSe0Xv93khN4BhwR0XFuOg=,SBTEnGdaQs4k4T5lmYCnZJFBqz4=
-177,-165,PJNDQOSe0Xv93khN4BhwR0XFuOg=,SBTEnGdaQs4k4T5lmYCnZJFBqz4=
-179,-165,PJNDQOSe0Xv93khN4BhwR0XFuOg=,SBTEnGdaQs4k4T5lmYCnZJFBqz4=
-180,-165,PJNDQOSe0Xv93khN4BhwR0XFuOg=,SBTEnGdaQs4k4T5lmYCnZJFBqz4=
-181,-165,PJNDQOSe0Xv93khN4BhwR0XFuOg=,SBTEnGdaQs4k4T5lmYCnZJFBqz4=
-182,-165,PJNDQOSe0Xv93khN4BhwR0XFuOg=,SBTEnGdaQs4k4T5lmYCnZJFBqz4=
-183,-165,PJNDQOSe0Xv93khN4BhwR0XFuOg=,SBTEnGdaQs4k4T5lmYCnZJFBqz4=
-184,-165,PJNDQOSe0Xv93khN4BhwR0XFuOg=,SBTEnGdaQs4k4T5lmYCnZJFBqz4=
-185,-165,PJNDQOSe0Xv93khN4BhwR0XFuOg=,SBTEnGdaQs4k4T5lmYCnZJFBqz4=
-187,-165,PJNDQOSe0Xv93khN4BhwR0XFuOg=,SBTEnGdaQs4k4T5lmYCnZJFBqz4=
-186,-165,PJNDQOSe0Xv93khN4BhwR0XFuOg=,SBTEnGdaQs4k4T5lmYCnZJFBqz4=
-188,-165,PJNDQOSe0Xv93khN4BhwR0XFuOg=,SBTEnGdaQs4k4T5lmYCnZJFBqz4=
-189,-165,PJNDQOSe0Xv93khN4BhwR0XFuOg=,SBTEnGdaQs4k4T5lmYCnZJFBqz4=
-190,-165,PJNDQOSe0Xv93khN4BhwR0XFuOg=,SBTEnGdaQs4k4T5lmYCnZJFBqz4=
-191,-165,PJNDQOSe0Xv93khN4BhwR0XFuOg=,SBTEnGdaQs4k4T5lmYCnZJFBqz4=
-192,-165,PJNDQOSe0Xv93khN4BhwR0XFuOg=,SBTEnGdaQs4k4T5lmYCnZJFBqz4=
-177,-166,PJNDQOSe0Xv93khN4BhwR0XFuOg=,SBTEnGdaQs4k4T5lmYCnZJFBqz4=
-182,-176,PJNDQOSe0Xv93khN4BhwR0XFuOg=,SBTEnGdaQs4k4T5lmYCnZJFBqz4=
-178,-166,PJNDQOSe0Xv93khN4BhwR0XFuOg=,SBTEnGdaQs4k4T5lmYCnZJFBqz4=
-179,-166,PJNDQOSe0Xv93khN4BhwR0XFuOg=,SBTEnGdaQs4k4T5lmYCnZJFBqz4=
-180,-166,PJNDQOSe0Xv93khN4BhwR0XFuOg=,SBTEnGdaQs4k4T5lmYCnZJFBqz4=
-181,-166,PJNDQOSe0Xv93khN4BhwR0XFuOg=,SBTEnGdaQs4k4T5lmYCnZJFBqz4=
-182,-166,PJNDQOSe0Xv93khN4BhwR0XFuOg=,SBTEnGdaQs4k4T5lmYCnZJFBqz4=
-183,-166,PJNDQOSe0Xv93khN4BhwR0XFuOg=,SBTEnGdaQs4k4T5lmYCnZJFBqz4=
-184,-166,PJNDQOSe0Xv93khN4BhwR0XFuOg=,SBTEnGdaQs4k4T5lmYCnZJFBqz4=
-185,-166,PJNDQOSe0Xv93khN4BhwR0XFuOg=,SBTEnGdaQs4k4T5lmYCnZJFBqz4=
-186,-166,PJNDQOSe0Xv93khN4BhwR0XFuOg=,SBTEnGdaQs4k4T5lmYCnZJFBqz4=
-187,-166,PJNDQOSe0Xv93khN4BhwR0XFuOg=,SBTEnGdaQs4k4T5lmYCnZJFBqz4=
-188,-166,PJNDQOSe0Xv93khN4BhwR0XFuOg=,SBTEnGdaQs4k4T5lmYCnZJFBqz4=
-189,-166,PJNDQOSe0Xv93khN4BhwR0XFuOg=,SBTEnGdaQs4k4T5lmYCnZJFBqz4=
-190,-166,PJNDQOSe0Xv93khN4BhwR0XFuOg=,SBTEnGdaQs4k4T5lmYCnZJFBqz4=
-191,-166,PJNDQOSe0Xv93khN4BhwR0XFuOg=,SBTEnGdaQs4k4T5lmYCnZJFBqz4=
-192,-166,PJNDQOSe0Xv93khN4BhwR0XFuOg=,SBTEnGdaQs4k4T5lmYCnZJFBqz4=
-177,-167,PJNDQOSe0Xv93khN4BhwR0XFuOg=,SBTEnGdaQs4k4T5lmYCnZJFBqz4=
-183,-176,PJNDQOSe0Xv93khN4BhwR0XFuOg=,SBTEnGdaQs4k4T5lmYCnZJFBqz4=
-178,-167,PJNDQOSe0Xv93khN4BhwR0XFuOg=,SBTEnGdaQs4k4T5lmYCnZJFBqz4=
-179,-167,PJNDQOSe0Xv93khN4BhwR0XFuOg=,SBTEnGdaQs4k4T5lmYCnZJFBqz4=
-180,-167,PJNDQOSe0Xv93khN4BhwR0XFuOg=,SBTEnGdaQs4k4T5lmYCnZJFBqz4=
-182,-167,PJNDQOSe0Xv93khN4BhwR0XFuOg=,SBTEnGdaQs4k4T5lmYCnZJFBqz4=
-181,-167,PJNDQOSe0Xv93khN4BhwR0XFuOg=,SBTEnGdaQs4k4T5lmYCnZJFBqz4=
-183,-167,PJNDQOSe0Xv93khN4BhwR0XFuOg=,SBTEnGdaQs4k4T5lmYCnZJFBqz4=
-184,-167,PJNDQOSe0Xv93khN4BhwR0XFuOg=,SBTEnGdaQs4k4T5lmYCnZJFBqz4=
-185,-167,PJNDQOSe0Xv93khN4BhwR0XFuOg=,SBTEnGdaQs4k4T5lmYCnZJFBqz4=
-186,-167,PJNDQOSe0Xv93khN4BhwR0XFuOg=,SBTEnGdaQs4k4T5lmYCnZJFBqz4=
-187,-167,PJNDQOSe0Xv93khN4BhwR0XFuOg=,SBTEnGdaQs4k4T5lmYCnZJFBqz4=
-188,-167,PJNDQOSe0Xv93khN4BhwR0XFuOg=,SBTEnGdaQs4k4T5lmYCnZJFBqz4=
-189,-167,PJNDQOSe0Xv93khN4BhwR0XFuOg=,SBTEnGdaQs4k4T5lmYCnZJFBqz4=
-190,-167,PJNDQOSe0Xv93khN4BhwR0XFuOg=,SBTEnGdaQs4k4T5lmYCnZJFBqz4=
-191,-167,PJNDQOSe0Xv93khN4BhwR0XFuOg=,SBTEnGdaQs4k4T5lmYCnZJFBqz4=
-184,-176,PJNDQOSe0Xv93khN4BhwR0XFuOg=,SBTEnGdaQs4k4T5lmYCnZJFBqz4=
-177,-168,PJNDQOSe0Xv93khN4BhwR0XFuOg=,SBTEnGdaQs4k4T5lmYCnZJFBqz4=
-178,-168,PJNDQOSe0Xv93khN4BhwR0XFuOg=,SBTEnGdaQs4k4T5lmYCnZJFBqz4=
-192,-167,PJNDQOSe0Xv93khN4BhwR0XFuOg=,SBTEnGdaQs4k4T5lmYCnZJFBqz4=
-180,-168,PJNDQOSe0Xv93khN4BhwR0XFuOg=,SBTEnGdaQs4k4T5lmYCnZJFBqz4=
-181,-168,PJNDQOSe0Xv93khN4BhwR0XFuOg=,SBTEnGdaQs4k4T5lmYCnZJFBqz4=
-179,-168,PJNDQOSe0Xv93khN4BhwR0XFuOg=,SBTEnGdaQs4k4T5lmYCnZJFBqz4=
-182,-168,PJNDQOSe0Xv93khN4BhwR0XFuOg=,SBTEnGdaQs4k4T5lmYCnZJFBqz4=
-184,-168,PJNDQOSe0Xv93khN4BhwR0XFuOg=,SBTEnGdaQs4k4T5lmYCnZJFBqz4=
-183,-168,PJNDQOSe0Xv93khN4BhwR0XFuOg=,SBTEnGdaQs4k4T5lmYCnZJFBqz4=
-185,-168,PJNDQOSe0Xv93khN4BhwR0XFuOg=,SBTEnGdaQs4k4T5lmYCnZJFBqz4=
-186,-168,PJNDQOSe0Xv93khN4BhwR0XFuOg=,SBTEnGdaQs4k4T5lmYCnZJFBqz4=
-187,-168,PJNDQOSe0Xv93khN4BhwR0XFuOg=,SBTEnGdaQs4k4T5lmYCnZJFBqz4=
-188,-168,PJNDQOSe0Xv93khN4BhwR0XFuOg=,SBTEnGdaQs4k4T5lmYCnZJFBqz4=
-189,-168,PJNDQOSe0Xv93khN4BhwR0XFuOg=,SBTEnGdaQs4k4T5lmYCnZJFBqz4=
-190,-168,PJNDQOSe0Xv93khN4BhwR0XFuOg=,SBTEnGdaQs4k4T5lmYCnZJFBqz4=
-191,-168,PJNDQOSe0Xv93khN4BhwR0XFuOg=,SBTEnGdaQs4k4T5lmYCnZJFBqz4=
-185,-176,PJNDQOSe0Xv93khN4BhwR0XFuOg=,SBTEnGdaQs4k4T5lmYCnZJFBqz4=
-192,-168,PJNDQOSe0Xv93khN4BhwR0XFuOg=,SBTEnGdaQs4k4T5lmYCnZJFBqz4=
-177,-169,PJNDQOSe0Xv93khN4BhwR0XFuOg=,SBTEnGdaQs4k4T5lmYCnZJFBqz4=
-179,-169,PJNDQOSe0Xv93khN4BhwR0XFuOg=,SBTEnGdaQs4k4T5lmYCnZJFBqz4=
-178,-169,PJNDQOSe0Xv93khN4BhwR0XFuOg=,SBTEnGdaQs4k4T5lmYCnZJFBqz4=
-181,-169,PJNDQOSe0Xv93khN4BhwR0XFuOg=,SBTEnGdaQs4k4T5lmYCnZJFBqz4=
-180,-169,PJNDQOSe0Xv93khN4BhwR0XFuOg=,SBTEnGdaQs4k4T5lmYCnZJFBqz4=
-182,-169,PJNDQOSe0Xv93khN4BhwR0XFuOg=,SBTEnGdaQs4k4T5lmYCnZJFBqz4=
-184,-169,PJNDQOSe0Xv93khN4BhwR0XFuOg=,SBTEnGdaQs4k4T5lmYCnZJFBqz4=
-183,-169,PJNDQOSe0Xv93khN4BhwR0XFuOg=,SBTEnGdaQs4k4T5lmYCnZJFBqz4=
-185,-169,PJNDQOSe0Xv93khN4BhwR0XFuOg=,SBTEnGdaQs4k4T5lmYCnZJFBqz4=
-186,-169,PJNDQOSe0Xv93khN4BhwR0XFuOg=,SBTEnGdaQs4k4T5lmYCnZJFBqz4=
-187,-169,PJNDQOSe0Xv93khN4BhwR0XFuOg=,SBTEnGdaQs4k4T5lmYCnZJFBqz4=
-188,-169,PJNDQOSe0Xv93khN4BhwR0XFuOg=,SBTEnGdaQs4k4T5lmYCnZJFBqz4=
-189,-169,PJNDQOSe0Xv93khN4BhwR0XFuOg=,SBTEnGdaQs4k4T5lmYCnZJFBqz4=
-190,-169,PJNDQOSe0Xv93khN4BhwR0XFuOg=,SBTEnGdaQs4k4T5lmYCnZJFBqz4=
-191,-169,PJNDQOSe0Xv93khN4BhwR0XFuOg=,SBTEnGdaQs4k4T5lmYCnZJFBqz4=
-192,-169,PJNDQOSe0Xv93khN4BhwR0XFuOg=,SBTEnGdaQs4k4T5lmYCnZJFBqz4=
-186,-176,PJNDQOSe0Xv93khN4BhwR0XFuOg=,SBTEnGdaQs4k4T5lmYCnZJFBqz4=
-178,-170,PJNDQOSe0Xv93khN4BhwR0XFuOg=,SBTEnGdaQs4k4T5lmYCnZJFBqz4=
-177,-170,PJNDQOSe0Xv93khN4BhwR0XFuOg=,SBTEnGdaQs4k4T5lmYCnZJFBqz4=
-179,-170,PJNDQOSe0Xv93khN4BhwR0XFuOg=,SBTEnGdaQs4k4T5lmYCnZJFBqz4=
-180,-170,PJNDQOSe0Xv93khN4BhwR0XFuOg=,SBTEnGdaQs4k4T5lmYCnZJFBqz4=
-182,-170,PJNDQOSe0Xv93khN4BhwR0XFuOg=,SBTEnGdaQs4k4T5lmYCnZJFBqz4=
-181,-170,PJNDQOSe0Xv93khN4BhwR0XFuOg=,SBTEnGdaQs4k4T5lmYCnZJFBqz4=
-183,-170,PJNDQOSe0Xv93khN4BhwR0XFuOg=,SBTEnGdaQs4k4T5lmYCnZJFBqz4=
-184,-170,PJNDQOSe0Xv93khN4BhwR0XFuOg=,SBTEnGdaQs4k4T5lmYCnZJFBqz4=
-186,-170,PJNDQOSe0Xv93khN4BhwR0XFuOg=,SBTEnGdaQs4k4T5lmYCnZJFBqz4=
-185,-170,PJNDQOSe0Xv93khN4BhwR0XFuOg=,SBTEnGdaQs4k4T5lmYCnZJFBqz4=
-188,-170,PJNDQOSe0Xv93khN4BhwR0XFuOg=,SBTEnGdaQs4k4T5lmYCnZJFBqz4=
-187,-170,PJNDQOSe0Xv93khN4BhwR0XFuOg=,SBTEnGdaQs4k4T5lmYCnZJFBqz4=
-190,-170,PJNDQOSe0Xv93khN4BhwR0XFuOg=,SBTEnGdaQs4k4T5lmYCnZJFBqz4=
-189,-170,PJNDQOSe0Xv93khN4BhwR0XFuOg=,SBTEnGdaQs4k4T5lmYCnZJFBqz4=
-191,-170,PJNDQOSe0Xv93khN4BhwR0XFuOg=,SBTEnGdaQs4k4T5lmYCnZJFBqz4=
-187,-176,PJNDQOSe0Xv93khN4BhwR0XFuOg=,SBTEnGdaQs4k4T5lmYCnZJFBqz4=
-192,-170,PJNDQOSe0Xv93khN4BhwR0XFuOg=,SBTEnGdaQs4k4T5lmYCnZJFBqz4=
-177,-171,PJNDQOSe0Xv93khN4BhwR0XFuOg=,SBTEnGdaQs4k4T5lmYCnZJFBqz4=
-178,-171,PJNDQOSe0Xv93khN4BhwR0XFuOg=,SBTEnGdaQs4k4T5lmYCnZJFBqz4=
-179,-171,PJNDQOSe0Xv93khN4BhwR0XFuOg=,SBTEnGdaQs4k4T5lmYCnZJFBqz4=
-180,-171,PJNDQOSe0Xv93khN4BhwR0XFuOg=,SBTEnGdaQs4k4T5lmYCnZJFBqz4=
-181,-171,PJNDQOSe0Xv93khN4BhwR0XFuOg=,SBTEnGdaQs4k4T5lmYCnZJFBqz4=
-182,-171,PJNDQOSe0Xv93khN4BhwR0XFuOg=,SBTEnGdaQs4k4T5lmYCnZJFBqz4=
-183,-171,PJNDQOSe0Xv93khN4BhwR0XFuOg=,SBTEnGdaQs4k4T5lmYCnZJFBqz4=
-184,-171,PJNDQOSe0Xv93khN4BhwR0XFuOg=,SBTEnGdaQs4k4T5lmYCnZJFBqz4=
-185,-171,PJNDQOSe0Xv93khN4BhwR0XFuOg=,SBTEnGdaQs4k4T5lmYCnZJFBqz4=
-186,-171,PJNDQOSe0Xv93khN4BhwR0XFuOg=,SBTEnGdaQs4k4T5lmYCnZJFBqz4=
-188,-171,PJNDQOSe0Xv93khN4BhwR0XFuOg=,SBTEnGdaQs4k4T5lmYCnZJFBqz4=
-189,-171,PJNDQOSe0Xv93khN4BhwR0XFuOg=,SBTEnGdaQs4k4T5lmYCnZJFBqz4=
-190,-171,PJNDQOSe0Xv93khN4BhwR0XFuOg=,SBTEnGdaQs4k4T5lmYCnZJFBqz4=
-191,-171,PJNDQOSe0Xv93khN4BhwR0XFuOg=,SBTEnGdaQs4k4T5lmYCnZJFBqz4=
-192,-171,PJNDQOSe0Xv93khN4BhwR0XFuOg=,SBTEnGdaQs4k4T5lmYCnZJFBqz4=
-188,-176,PJNDQOSe0Xv93khN4BhwR0XFuOg=,SBTEnGdaQs4k4T5lmYCnZJFBqz4=
-187,-171,PJNDQOSe0Xv93khN4BhwR0XFuOg=,SBTEnGdaQs4k4T5lmYCnZJFBqz4=
-177,-172,PJNDQOSe0Xv93khN4BhwR0XFuOg=,SBTEnGdaQs4k4T5lmYCnZJFBqz4=
-178,-172,PJNDQOSe0Xv93khN4BhwR0XFuOg=,SBTEnGdaQs4k4T5lmYCnZJFBqz4=
-179,-172,PJNDQOSe0Xv93khN4BhwR0XFuOg=,SBTEnGdaQs4k4T5lmYCnZJFBqz4=
-181,-172,PJNDQOSe0Xv93khN4BhwR0XFuOg=,SBTEnGdaQs4k4T5lmYCnZJFBqz4=
-180,-172,PJNDQOSe0Xv93khN4BhwR0XFuOg=,SBTEnGdaQs4k4T5lmYCnZJFBqz4=
-182,-172,PJNDQOSe0Xv93khN4BhwR0XFuOg=,SBTEnGdaQs4k4T5lmYCnZJFBqz4=
-183,-172,PJNDQOSe0Xv93khN4BhwR0XFuOg=,SBTEnGdaQs4k4T5lmYCnZJFBqz4=
-184,-172,PJNDQOSe0Xv93khN4BhwR0XFuOg=,SBTEnGdaQs4k4T5lmYCnZJFBqz4=
-185,-172,PJNDQOSe0Xv93khN4BhwR0XFuOg=,SBTEnGdaQs4k4T5lmYCnZJFBqz4=
-187,-172,PJNDQOSe0Xv93khN4BhwR0XFuOg=,SBTEnGdaQs4k4T5lmYCnZJFBqz4=
-186,-172,PJNDQOSe0Xv93khN4BhwR0XFuOg=,SBTEnGdaQs4k4T5lmYCnZJFBqz4=
-189,-172,PJNDQOSe0Xv93khN4BhwR0XFuOg=,SBTEnGdaQs4k4T5lmYCnZJFBqz4=
-188,-172,PJNDQOSe0Xv93khN4BhwR0XFuOg=,SBTEnGdaQs4k4T5lmYCnZJFBqz4=
-191,-172,PJNDQOSe0Xv93khN4BhwR0XFuOg=,SBTEnGdaQs4k4T5lmYCnZJFBqz4=
-190,-172,PJNDQOSe0Xv93khN4BhwR0XFuOg=,SBTEnGdaQs4k4T5lmYCnZJFBqz4=
-192,-172,PJNDQOSe0Xv93khN4BhwR0XFuOg=,SBTEnGdaQs4k4T5lmYCnZJFBqz4=
-177,-173,PJNDQOSe0Xv93khN4BhwR0XFuOg=,SBTEnGdaQs4k4T5lmYCnZJFBqz4=
-178,-173,PJNDQOSe0Xv93khN4BhwR0XFuOg=,SBTEnGdaQs4k4T5lmYCnZJFBqz4=
-189,-176,PJNDQOSe0Xv93khN4BhwR0XFuOg=,SBTEnGdaQs4k4T5lmYCnZJFBqz4=
-180,-173,PJNDQOSe0Xv93khN4BhwR0XFuOg=,SBTEnGdaQs4k4T5lmYCnZJFBqz4=
-179,-173,PJNDQOSe0Xv93khN4BhwR0XFuOg=,SBTEnGdaQs4k4T5lmYCnZJFBqz4=
-182,-173,PJNDQOSe0Xv93khN4BhwR0XFuOg=,SBTEnGdaQs4k4T5lmYCnZJFBqz4=
-183,-173,PJNDQOSe0Xv93khN4BhwR0XFuOg=,SBTEnGdaQs4k4T5lmYCnZJFBqz4=
-184,-173,PJNDQOSe0Xv93khN4BhwR0XFuOg=,SBTEnGdaQs4k4T5lmYCnZJFBqz4=
-181,-173,PJNDQOSe0Xv93khN4BhwR0XFuOg=,SBTEnGdaQs4k4T5lmYCnZJFBqz4=
-185,-173,PJNDQOSe0Xv93khN4BhwR0XFuOg=,SBTEnGdaQs4k4T5lmYCnZJFBqz4=
-186,-173,PJNDQOSe0Xv93khN4BhwR0XFuOg=,SBTEnGdaQs4k4T5lmYCnZJFBqz4=
-187,-173,PJNDQOSe0Xv93khN4BhwR0XFuOg=,SBTEnGdaQs4k4T5lmYCnZJFBqz4=
-188,-173,PJNDQOSe0Xv93khN4BhwR0XFuOg=,SBTEnGdaQs4k4T5lmYCnZJFBqz4=
-190,-173,PJNDQOSe0Xv93khN4BhwR0XFuOg=,SBTEnGdaQs4k4T5lmYCnZJFBqz4=
-189,-173,PJNDQOSe0Xv93khN4BhwR0XFuOg=,SBTEnGdaQs4k4T5lmYCnZJFBqz4=
-191,-173,PJNDQOSe0Xv93khN4BhwR0XFuOg=,SBTEnGdaQs4k4T5lmYCnZJFBqz4=
-190,-176,PJNDQOSe0Xv93khN4BhwR0XFuOg=,SBTEnGdaQs4k4T5lmYCnZJFBqz4=
-177,-174,PJNDQOSe0Xv93khN4BhwR0XFuOg=,SBTEnGdaQs4k4T5lmYCnZJFBqz4=
-192,-173,PJNDQOSe0Xv93khN4BhwR0XFuOg=,SBTEnGdaQs4k4T5lmYCnZJFBqz4=
-179,-174,PJNDQOSe0Xv93khN4BhwR0XFuOg=,SBTEnGdaQs4k4T5lmYCnZJFBqz4=
-178,-174,PJNDQOSe0Xv93khN4BhwR0XFuOg=,SBTEnGdaQs4k4T5lmYCnZJFBqz4=
-180,-174,PJNDQOSe0Xv93khN4BhwR0XFuOg=,SBTEnGdaQs4k4T5lmYCnZJFBqz4=
-181,-174,PJNDQOSe0Xv93khN4BhwR0XFuOg=,SBTEnGdaQs4k4T5lmYCnZJFBqz4=
-183,-174,PJNDQOSe0Xv93khN4BhwR0XFuOg=,SBTEnGdaQs4k4T5lmYCnZJFBqz4=
-184,-174,PJNDQOSe0Xv93khN4BhwR0XFuOg=,SBTEnGdaQs4k4T5lmYCnZJFBqz4=
-185,-174,PJNDQOSe0Xv93khN4BhwR0XFuOg=,SBTEnGdaQs4k4T5lmYCnZJFBqz4=
-182,-174,PJNDQOSe0Xv93khN4BhwR0XFuOg=,SBTEnGdaQs4k4T5lmYCnZJFBqz4=
-187,-174,PJNDQOSe0Xv93khN4BhwR0XFuOg=,SBTEnGdaQs4k4T5lmYCnZJFBqz4=
-189,-174,PJNDQOSe0Xv93khN4BhwR0XFuOg=,SBTEnGdaQs4k4T5lmYCnZJFBqz4=
-188,-174,PJNDQOSe0Xv93khN4BhwR0XFuOg=,SBTEnGdaQs4k4T5lmYCnZJFBqz4=
-190,-174,PJNDQOSe0Xv93khN4BhwR0XFuOg=,SBTEnGdaQs4k4T5lmYCnZJFBqz4=
-191,-176,PJNDQOSe0Xv93khN4BhwR0XFuOg=,SBTEnGdaQs4k4T5lmYCnZJFBqz4=
-191,-174,PJNDQOSe0Xv93khN4BhwR0XFuOg=,SBTEnGdaQs4k4T5lmYCnZJFBqz4=
-192,-174,PJNDQOSe0Xv93khN4BhwR0XFuOg=,SBTEnGdaQs4k4T5lmYCnZJFBqz4=
-177,-175,PJNDQOSe0Xv93khN4BhwR0XFuOg=,SBTEnGdaQs4k4T5lmYCnZJFBqz4=
-178,-175,PJNDQOSe0Xv93khN4BhwR0XFuOg=,SBTEnGdaQs4k4T5lmYCnZJFBqz4=
-180,-175,PJNDQOSe0Xv93khN4BhwR0XFuOg=,SBTEnGdaQs4k4T5lmYCnZJFBqz4=
-179,-175,PJNDQOSe0Xv93khN4BhwR0XFuOg=,SBTEnGdaQs4k4T5lmYCnZJFBqz4=
-181,-175,PJNDQOSe0Xv93khN4BhwR0XFuOg=,SBTEnGdaQs4k4T5lmYCnZJFBqz4=
-186,-174,PJNDQOSe0Xv93khN4BhwR0XFuOg=,SBTEnGdaQs4k4T5lmYCnZJFBqz4=
-183,-175,PJNDQOSe0Xv93khN4BhwR0XFuOg=,SBTEnGdaQs4k4T5lmYCnZJFBqz4=
-184,-175,PJNDQOSe0Xv93khN4BhwR0XFuOg=,SBTEnGdaQs4k4T5lmYCnZJFBqz4=
-182,-175,PJNDQOSe0Xv93khN4BhwR0XFuOg=,SBTEnGdaQs4k4T5lmYCnZJFBqz4=
-185,-175,PJNDQOSe0Xv93khN4BhwR0XFuOg=,SBTEnGdaQs4k4T5lmYCnZJFBqz4=
-187,-175,PJNDQOSe0Xv93khN4BhwR0XFuOg=,SBTEnGdaQs4k4T5lmYCnZJFBqz4=
-186,-175,PJNDQOSe0Xv93khN4BhwR0XFuOg=,SBTEnGdaQs4k4T5lmYCnZJFBqz4=
-188,-175,PJNDQOSe0Xv93khN4BhwR0XFuOg=,SBTEnGdaQs4k4T5lmYCnZJFBqz4=
-189,-175,PJNDQOSe0Xv93khN4BhwR0XFuOg=,SBTEnGdaQs4k4T5lmYCnZJFBqz4=
-190,-175,PJNDQOSe0Xv93khN4BhwR0XFuOg=,SBTEnGdaQs4k4T5lmYCnZJFBqz4=
-191,-175,PJNDQOSe0Xv93khN4BhwR0XFuOg=,SBTEnGdaQs4k4T5lmYCnZJFBqz4=
-176,-175,tYIMDu/KfGDsJm2Pk2nAiZkqJ0Y=,SBTEnGdaQs4k4T5lmYCnZJFBqz4=
-161,-161,tYIMDu/KfGDsJm2Pk2nAiZkqJ0Y=,SBTEnGdaQs4k4T5lmYCnZJFBqz4=
-162,-161,tYIMDu/KfGDsJm2Pk2nAiZkqJ0Y=,SBTEnGdaQs4k4T5lmYCnZJFBqz4=
-162,-176,tYIMDu/KfGDsJm2Pk2nAiZkqJ0Y=,SBTEnGdaQs4k4T5lmYCnZJFBqz4=
-163,-176,tYIMDu/KfGDsJm2Pk2nAiZkqJ0Y=,SBTEnGdaQs4k4T5lmYCnZJFBqz4=
-161,-176,tYIMDu/KfGDsJm2Pk2nAiZkqJ0Y=,SBTEnGdaQs4k4T5lmYCnZJFBqz4=
-164,-176,tYIMDu/KfGDsJm2Pk2nAiZkqJ0Y=,SBTEnGdaQs4k4T5lmYCnZJFBqz4=
-166,-176,tYIMDu/KfGDsJm2Pk2nAiZkqJ0Y=,SBTEnGdaQs4k4T5lmYCnZJFBqz4=
-165,-176,tYIMDu/KfGDsJm2Pk2nAiZkqJ0Y=,SBTEnGdaQs4k4T5lmYCnZJFBqz4=
-168,-176,tYIMDu/KfGDsJm2Pk2nAiZkqJ0Y=,SBTEnGdaQs4k4T5lmYCnZJFBqz4=
-169,-176,tYIMDu/KfGDsJm2Pk2nAiZkqJ0Y=,SBTEnGdaQs4k4T5lmYCnZJFBqz4=
-167,-176,tYIMDu/KfGDsJm2Pk2nAiZkqJ0Y=,SBTEnGdaQs4k4T5lmYCnZJFBqz4=
-170,-176,tYIMDu/KfGDsJm2Pk2nAiZkqJ0Y=,SBTEnGdaQs4k4T5lmYCnZJFBqz4=
-171,-176,tYIMDu/KfGDsJm2Pk2nAiZkqJ0Y=,SBTEnGdaQs4k4T5lmYCnZJFBqz4=
-172,-176,tYIMDu/KfGDsJm2Pk2nAiZkqJ0Y=,SBTEnGdaQs4k4T5lmYCnZJFBqz4=
-173,-176,tYIMDu/KfGDsJm2Pk2nAiZkqJ0Y=,SBTEnGdaQs4k4T5lmYCnZJFBqz4=
-175,-176,tYIMDu/KfGDsJm2Pk2nAiZkqJ0Y=,SBTEnGdaQs4k4T5lmYCnZJFBqz4=
-174,-176,tYIMDu/KfGDsJm2Pk2nAiZkqJ0Y=,SBTEnGdaQs4k4T5lmYCnZJFBqz4=
-176,-176,tYIMDu/KfGDsJm2Pk2nAiZkqJ0Y=,SBTEnGdaQs4k4T5lmYCnZJFBqz4=
-163,-161,tYIMDu/KfGDsJm2Pk2nAiZkqJ0Y=,SBTEnGdaQs4k4T5lmYCnZJFBqz4=
-164,-161,tYIMDu/KfGDsJm2Pk2nAiZkqJ0Y=,SBTEnGdaQs4k4T5lmYCnZJFBqz4=
-166,-161,tYIMDu/KfGDsJm2Pk2nAiZkqJ0Y=,SBTEnGdaQs4k4T5lmYCnZJFBqz4=
-165,-161,tYIMDu/KfGDsJm2Pk2nAiZkqJ0Y=,SBTEnGdaQs4k4T5lmYCnZJFBqz4=
-170,-161,tYIMDu/KfGDsJm2Pk2nAiZkqJ0Y=,SBTEnGdaQs4k4T5lmYCnZJFBqz4=
-169,-161,tYIMDu/KfGDsJm2Pk2nAiZkqJ0Y=,SBTEnGdaQs4k4T5lmYCnZJFBqz4=
-168,-161,tYIMDu/KfGDsJm2Pk2nAiZkqJ0Y=,SBTEnGdaQs4k4T5lmYCnZJFBqz4=
-171,-161,tYIMDu/KfGDsJm2Pk2nAiZkqJ0Y=,SBTEnGdaQs4k4T5lmYCnZJFBqz4=
-172,-161,tYIMDu/KfGDsJm2Pk2nAiZkqJ0Y=,SBTEnGdaQs4k4T5lmYCnZJFBqz4=
-174,-161,tYIMDu/KfGDsJm2Pk2nAiZkqJ0Y=,SBTEnGdaQs4k4T5lmYCnZJFBqz4=
-173,-161,tYIMDu/KfGDsJm2Pk2nAiZkqJ0Y=,SBTEnGdaQs4k4T5lmYCnZJFBqz4=
-175,-161,tYIMDu/KfGDsJm2Pk2nAiZkqJ0Y=,SBTEnGdaQs4k4T5lmYCnZJFBqz4=
-176,-161,tYIMDu/KfGDsJm2Pk2nAiZkqJ0Y=,SBTEnGdaQs4k4T5lmYCnZJFBqz4=
-161,-162,tYIMDu/KfGDsJm2Pk2nAiZkqJ0Y=,SBTEnGdaQs4k4T5lmYCnZJFBqz4=
-164,-162,tYIMDu/KfGDsJm2Pk2nAiZkqJ0Y=,SBTEnGdaQs4k4T5lmYCnZJFBqz4=
-162,-162,tYIMDu/KfGDsJm2Pk2nAiZkqJ0Y=,SBTEnGdaQs4k4T5lmYCnZJFBqz4=
-166,-162,tYIMDu/KfGDsJm2Pk2nAiZkqJ0Y=,SBTEnGdaQs4k4T5lmYCnZJFBqz4=
-167,-162,tYIMDu/KfGDsJm2Pk2nAiZkqJ0Y=,SBTEnGdaQs4k4T5lmYCnZJFBqz4=
-165,-162,tYIMDu/KfGDsJm2Pk2nAiZkqJ0Y=,SBTEnGdaQs4k4T5lmYCnZJFBqz4=
-168,-162,tYIMDu/KfGDsJm2Pk2nAiZkqJ0Y=,SBTEnGdaQs4k4T5lmYCnZJFBqz4=
-169,-162,tYIMDu/KfGDsJm2Pk2nAiZkqJ0Y=,SBTEnGdaQs4k4T5lmYCnZJFBqz4=
-170,-162,tYIMDu/KfGDsJm2Pk2nAiZkqJ0Y=,SBTEnGdaQs4k4T5lmYCnZJFBqz4=
-167,-161,tYIMDu/KfGDsJm2Pk2nAiZkqJ0Y=,SBTEnGdaQs4k4T5lmYCnZJFBqz4=
-174,-162,tYIMDu/KfGDsJm2Pk2nAiZkqJ0Y=,SBTEnGdaQs4k4T5lmYCnZJFBqz4=
-171,-162,tYIMDu/KfGDsJm2Pk2nAiZkqJ0Y=,SBTEnGdaQs4k4T5lmYCnZJFBqz4=
-163,-162,tYIMDu/KfGDsJm2Pk2nAiZkqJ0Y=,SBTEnGdaQs4k4T5lmYCnZJFBqz4=
-175,-162,tYIMDu/KfGDsJm2Pk2nAiZkqJ0Y=,SBTEnGdaQs4k4T5lmYCnZJFBqz4=
-176,-162,tYIMDu/KfGDsJm2Pk2nAiZkqJ0Y=,SBTEnGdaQs4k4T5lmYCnZJFBqz4=
-163,-163,tYIMDu/KfGDsJm2Pk2nAiZkqJ0Y=,SBTEnGdaQs4k4T5lmYCnZJFBqz4=
-162,-163,tYIMDu/KfGDsJm2Pk2nAiZkqJ0Y=,SBTEnGdaQs4k4T5lmYCnZJFBqz4=
-173,-162,tYIMDu/KfGDsJm2Pk2nAiZkqJ0Y=,SBTEnGdaQs4k4T5lmYCnZJFBqz4=
-166,-163,tYIMDu/KfGDsJm2Pk2nAiZkqJ0Y=,SBTEnGdaQs4k4T5lmYCnZJFBqz4=
-164,-163,tYIMDu/KfGDsJm2Pk2nAiZkqJ0Y=,SBTEnGdaQs4k4T5lmYCnZJFBqz4=
-161,-163,tYIMDu/KfGDsJm2Pk2nAiZkqJ0Y=,SBTEnGdaQs4k4T5lmYCnZJFBqz4=
-165,-163,tYIMDu/KfGDsJm2Pk2nAiZkqJ0Y=,SBTEnGdaQs4k4T5lmYCnZJFBqz4=
-168,-163,tYIMDu/KfGDsJm2Pk2nAiZkqJ0Y=,SBTEnGdaQs4k4T5lmYCnZJFBqz4=
-170,-163,tYIMDu/KfGDsJm2Pk2nAiZkqJ0Y=,SBTEnGdaQs4k4T5lmYCnZJFBqz4=
-172,-163,tYIMDu/KfGDsJm2Pk2nAiZkqJ0Y=,SBTEnGdaQs4k4T5lmYCnZJFBqz4=
-167,-163,tYIMDu/KfGDsJm2Pk2nAiZkqJ0Y=,SBTEnGdaQs4k4T5lmYCnZJFBqz4=
-173,-163,tYIMDu/KfGDsJm2Pk2nAiZkqJ0Y=,SBTEnGdaQs4k4T5lmYCnZJFBqz4=
-175,-163,tYIMDu/KfGDsJm2Pk2nAiZkqJ0Y=,SBTEnGdaQs4k4T5lmYCnZJFBqz4=
-176,-163,tYIMDu/KfGDsJm2Pk2nAiZkqJ0Y=,SBTEnGdaQs4k4T5lmYCnZJFBqz4=
-174,-163,tYIMDu/KfGDsJm2Pk2nAiZkqJ0Y=,SBTEnGdaQs4k4T5lmYCnZJFBqz4=
-161,-164,tYIMDu/KfGDsJm2Pk2nAiZkqJ0Y=,SBTEnGdaQs4k4T5lmYCnZJFBqz4=
-171,-163,tYIMDu/KfGDsJm2Pk2nAiZkqJ0Y=,SBTEnGdaQs4k4T5lmYCnZJFBqz4=
-164,-164,tYIMDu/KfGDsJm2Pk2nAiZkqJ0Y=,SBTEnGdaQs4k4T5lmYCnZJFBqz4=
-172,-162,tYIMDu/KfGDsJm2Pk2nAiZkqJ0Y=,SBTEnGdaQs4k4T5lmYCnZJFBqz4=
-165,-164,tYIMDu/KfGDsJm2Pk2nAiZkqJ0Y=,SBTEnGdaQs4k4T5lmYCnZJFBqz4=
-166,-164,tYIMDu/KfGDsJm2Pk2nAiZkqJ0Y=,SBTEnGdaQs4k4T5lmYCnZJFBqz4=
-169,-163,tYIMDu/KfGDsJm2Pk2nAiZkqJ0Y=,SBTEnGdaQs4k4T5lmYCnZJFBqz4=
-163,-164,tYIMDu/KfGDsJm2Pk2nAiZkqJ0Y=,SBTEnGdaQs4k4T5lmYCnZJFBqz4=
-168,-164,tYIMDu/KfGDsJm2Pk2nAiZkqJ0Y=,SBTEnGdaQs4k4T5lmYCnZJFBqz4=
-167,-164,tYIMDu/KfGDsJm2Pk2nAiZkqJ0Y=,SBTEnGdaQs4k4T5lmYCnZJFBqz4=
-171,-164,tYIMDu/KfGDsJm2Pk2nAiZkqJ0Y=,SBTEnGdaQs4k4T5lmYCnZJFBqz4=
-173,-164,tYIMDu/KfGDsJm2Pk2nAiZkqJ0Y=,SBTEnGdaQs4k4T5lmYCnZJFBqz4=
-172,-164,tYIMDu/KfGDsJm2Pk2nAiZkqJ0Y=,SBTEnGdaQs4k4T5lmYCnZJFBqz4=
-174,-164,tYIMDu/KfGDsJm2Pk2nAiZkqJ0Y=,SBTEnGdaQs4k4T5lmYCnZJFBqz4=
-175,-164,tYIMDu/KfGDsJm2Pk2nAiZkqJ0Y=,SBTEnGdaQs4k4T5lmYCnZJFBqz4=
-176,-164,tYIMDu/KfGDsJm2Pk2nAiZkqJ0Y=,SBTEnGdaQs4k4T5lmYCnZJFBqz4=
-169,-164,tYIMDu/KfGDsJm2Pk2nAiZkqJ0Y=,SBTEnGdaQs4k4T5lmYCnZJFBqz4=
-170,-164,tYIMDu/KfGDsJm2Pk2nAiZkqJ0Y=,SBTEnGdaQs4k4T5lmYCnZJFBqz4=
-162,-165,tYIMDu/KfGDsJm2Pk2nAiZkqJ0Y=,SBTEnGdaQs4k4T5lmYCnZJFBqz4=
-161,-165,tYIMDu/KfGDsJm2Pk2nAiZkqJ0Y=,SBTEnGdaQs4k4T5lmYCnZJFBqz4=
-162,-164,tYIMDu/KfGDsJm2Pk2nAiZkqJ0Y=,SBTEnGdaQs4k4T5lmYCnZJFBqz4=
-165,-165,tYIMDu/KfGDsJm2Pk2nAiZkqJ0Y=,SBTEnGdaQs4k4T5lmYCnZJFBqz4=
-167,-165,tYIMDu/KfGDsJm2Pk2nAiZkqJ0Y=,SBTEnGdaQs4k4T5lmYCnZJFBqz4=
-163,-165,tYIMDu/KfGDsJm2Pk2nAiZkqJ0Y=,SBTEnGdaQs4k4T5lmYCnZJFBqz4=
-168,-165,tYIMDu/KfGDsJm2Pk2nAiZkqJ0Y=,SBTEnGdaQs4k4T5lmYCnZJFBqz4=
-164,-165,tYIMDu/KfGDsJm2Pk2nAiZkqJ0Y=,SBTEnGdaQs4k4T5lmYCnZJFBqz4=
-169,-165,tYIMDu/KfGDsJm2Pk2nAiZkqJ0Y=,SBTEnGdaQs4k4T5lmYCnZJFBqz4=
-171,-165,tYIMDu/KfGDsJm2Pk2nAiZkqJ0Y=,SBTEnGdaQs4k4T5lmYCnZJFBqz4=
-173,-165,tYIMDu/KfGDsJm2Pk2nAiZkqJ0Y=,SBTEnGdaQs4k4T5lmYCnZJFBqz4=
-175,-165,tYIMDu/KfGDsJm2Pk2nAiZkqJ0Y=,SBTEnGdaQs4k4T5lmYCnZJFBqz4=
-176,-165,tYIMDu/KfGDsJm2Pk2nAiZkqJ0Y=,SBTEnGdaQs4k4T5lmYCnZJFBqz4=
-174,-165,tYIMDu/KfGDsJm2Pk2nAiZkqJ0Y=,SBTEnGdaQs4k4T5lmYCnZJFBqz4=
-170,-165,tYIMDu/KfGDsJm2Pk2nAiZkqJ0Y=,SBTEnGdaQs4k4T5lmYCnZJFBqz4=
-172,-165,tYIMDu/KfGDsJm2Pk2nAiZkqJ0Y=,SBTEnGdaQs4k4T5lmYCnZJFBqz4=
-161,-166,tYIMDu/KfGDsJm2Pk2nAiZkqJ0Y=,SBTEnGdaQs4k4T5lmYCnZJFBqz4=
-162,-166,tYIMDu/KfGDsJm2Pk2nAiZkqJ0Y=,SBTEnGdaQs4k4T5lmYCnZJFBqz4=
-165,-166,tYIMDu/KfGDsJm2Pk2nAiZkqJ0Y=,SBTEnGdaQs4k4T5lmYCnZJFBqz4=
-166,-166,tYIMDu/KfGDsJm2Pk2nAiZkqJ0Y=,SBTEnGdaQs4k4T5lmYCnZJFBqz4=
-164,-166,tYIMDu/KfGDsJm2Pk2nAiZkqJ0Y=,SBTEnGdaQs4k4T5lmYCnZJFBqz4=
-168,-166,tYIMDu/KfGDsJm2Pk2nAiZkqJ0Y=,SBTEnGdaQs4k4T5lmYCnZJFBqz4=
-166,-165,tYIMDu/KfGDsJm2Pk2nAiZkqJ0Y=,SBTEnGdaQs4k4T5lmYCnZJFBqz4=
-163,-166,tYIMDu/KfGDsJm2Pk2nAiZkqJ0Y=,SBTEnGdaQs4k4T5lmYCnZJFBqz4=
-171,-166,tYIMDu/KfGDsJm2Pk2nAiZkqJ0Y=,SBTEnGdaQs4k4T5lmYCnZJFBqz4=
-170,-166,tYIMDu/KfGDsJm2Pk2nAiZkqJ0Y=,SBTEnGdaQs4k4T5lmYCnZJFBqz4=
-173,-166,tYIMDu/KfGDsJm2Pk2nAiZkqJ0Y=,SBTEnGdaQs4k4T5lmYCnZJFBqz4=
-175,-166,tYIMDu/KfGDsJm2Pk2nAiZkqJ0Y=,SBTEnGdaQs4k4T5lmYCnZJFBqz4=
-174,-166,tYIMDu/KfGDsJm2Pk2nAiZkqJ0Y=,SBTEnGdaQs4k4T5lmYCnZJFBqz4=
-172,-166,tYIMDu/KfGDsJm2Pk2nAiZkqJ0Y=,SBTEnGdaQs4k4T5lmYCnZJFBqz4=
-169,-166,tYIMDu/KfGDsJm2Pk2nAiZkqJ0Y=,SBTEnGdaQs4k4T5lmYCnZJFBqz4=
-176,-166,tYIMDu/KfGDsJm2Pk2nAiZkqJ0Y=,SBTEnGdaQs4k4T5lmYCnZJFBqz4=
-161,-167,tYIMDu/KfGDsJm2Pk2nAiZkqJ0Y=,SBTEnGdaQs4k4T5lmYCnZJFBqz4=
-164,-167,tYIMDu/KfGDsJm2Pk2nAiZkqJ0Y=,SBTEnGdaQs4k4T5lmYCnZJFBqz4=
-166,-167,tYIMDu/KfGDsJm2Pk2nAiZkqJ0Y=,SBTEnGdaQs4k4T5lmYCnZJFBqz4=
-165,-167,tYIMDu/KfGDsJm2Pk2nAiZkqJ0Y=,SBTEnGdaQs4k4T5lmYCnZJFBqz4=
-168,-167,tYIMDu/KfGDsJm2Pk2nAiZkqJ0Y=,SBTEnGdaQs4k4T5lmYCnZJFBqz4=
-167,-166,tYIMDu/KfGDsJm2Pk2nAiZkqJ0Y=,SBTEnGdaQs4k4T5lmYCnZJFBqz4=
-169,-167,tYIMDu/KfGDsJm2Pk2nAiZkqJ0Y=,SBTEnGdaQs4k4T5lmYCnZJFBqz4=
-170,-167,tYIMDu/KfGDsJm2Pk2nAiZkqJ0Y=,SBTEnGdaQs4k4T5lmYCnZJFBqz4=
-171,-167,tYIMDu/KfGDsJm2Pk2nAiZkqJ0Y=,SBTEnGdaQs4k4T5lmYCnZJFBqz4=
-172,-167,tYIMDu/KfGDsJm2Pk2nAiZkqJ0Y=,SBTEnGdaQs4k4T5lmYCnZJFBqz4=
-173,-167,tYIMDu/KfGDsJm2Pk2nAiZkqJ0Y=,SBTEnGdaQs4k4T5lmYCnZJFBqz4=
-162,-167,tYIMDu/KfGDsJm2Pk2nAiZkqJ0Y=,SBTEnGdaQs4k4T5lmYCnZJFBqz4=
-175,-167,tYIMDu/KfGDsJm2Pk2nAiZkqJ0Y=,SBTEnGdaQs4k4T5lmYCnZJFBqz4=
-163,-167,tYIMDu/KfGDsJm2Pk2nAiZkqJ0Y=,SBTEnGdaQs4k4T5lmYCnZJFBqz4=
-174,-167,tYIMDu/KfGDsJm2Pk2nAiZkqJ0Y=,SBTEnGdaQs4k4T5lmYCnZJFBqz4=
-163,-168,tYIMDu/KfGDsJm2Pk2nAiZkqJ0Y=,SBTEnGdaQs4k4T5lmYCnZJFBqz4=
-176,-167,tYIMDu/KfGDsJm2Pk2nAiZkqJ0Y=,SBTEnGdaQs4k4T5lmYCnZJFBqz4=
-161,-168,tYIMDu/KfGDsJm2Pk2nAiZkqJ0Y=,SBTEnGdaQs4k4T5lmYCnZJFBqz4=
-166,-168,tYIMDu/KfGDsJm2Pk2nAiZkqJ0Y=,SBTEnGdaQs4k4T5lmYCnZJFBqz4=
-167,-168,tYIMDu/KfGDsJm2Pk2nAiZkqJ0Y=,SBTEnGdaQs4k4T5lmYCnZJFBqz4=
-164,-168,tYIMDu/KfGDsJm2Pk2nAiZkqJ0Y=,SBTEnGdaQs4k4T5lmYCnZJFBqz4=
-168,-168,tYIMDu/KfGDsJm2Pk2nAiZkqJ0Y=,SBTEnGdaQs4k4T5lmYCnZJFBqz4=
-169,-168,tYIMDu/KfGDsJm2Pk2nAiZkqJ0Y=,SBTEnGdaQs4k4T5lmYCnZJFBqz4=
-170,-168,tYIMDu/KfGDsJm2Pk2nAiZkqJ0Y=,SBTEnGdaQs4k4T5lmYCnZJFBqz4=
-171,-168,tYIMDu/KfGDsJm2Pk2nAiZkqJ0Y=,SBTEnGdaQs4k4T5lmYCnZJFBqz4=
-172,-168,tYIMDu/KfGDsJm2Pk2nAiZkqJ0Y=,SBTEnGdaQs4k4T5lmYCnZJFBqz4=
-167,-167,tYIMDu/KfGDsJm2Pk2nAiZkqJ0Y=,SBTEnGdaQs4k4T5lmYCnZJFBqz4=
-175,-168,tYIMDu/KfGDsJm2Pk2nAiZkqJ0Y=,SBTEnGdaQs4k4T5lmYCnZJFBqz4=
-176,-168,tYIMDu/KfGDsJm2Pk2nAiZkqJ0Y=,SBTEnGdaQs4k4T5lmYCnZJFBqz4=
-174,-168,tYIMDu/KfGDsJm2Pk2nAiZkqJ0Y=,SBTEnGdaQs4k4T5lmYCnZJFBqz4=
-162,-168,tYIMDu/KfGDsJm2Pk2nAiZkqJ0Y=,SBTEnGdaQs4k4T5lmYCnZJFBqz4=
-161,-169,tYIMDu/KfGDsJm2Pk2nAiZkqJ0Y=,SBTEnGdaQs4k4T5lmYCnZJFBqz4=
-165,-168,tYIMDu/KfGDsJm2Pk2nAiZkqJ0Y=,SBTEnGdaQs4k4T5lmYCnZJFBqz4=
-162,-169,tYIMDu/KfGDsJm2Pk2nAiZkqJ0Y=,SBTEnGdaQs4k4T5lmYCnZJFBqz4=
-164,-169,tYIMDu/KfGDsJm2Pk2nAiZkqJ0Y=,SBTEnGdaQs4k4T5lmYCnZJFBqz4=
-166,-169,tYIMDu/KfGDsJm2Pk2nAiZkqJ0Y=,SBTEnGdaQs4k4T5lmYCnZJFBqz4=
-167,-169,tYIMDu/KfGDsJm2Pk2nAiZkqJ0Y=,SBTEnGdaQs4k4T5lmYCnZJFBqz4=
-168,-169,tYIMDu/KfGDsJm2Pk2nAiZkqJ0Y=,SBTEnGdaQs4k4T5lmYCnZJFBqz4=
-165,-169,tYIMDu/KfGDsJm2Pk2nAiZkqJ0Y=,SBTEnGdaQs4k4T5lmYCnZJFBqz4=
-170,-169,tYIMDu/KfGDsJm2Pk2nAiZkqJ0Y=,SBTEnGdaQs4k4T5lmYCnZJFBqz4=
-172,-169,tYIMDu/KfGDsJm2Pk2nAiZkqJ0Y=,SBTEnGdaQs4k4T5lmYCnZJFBqz4=
-169,-169,tYIMDu/KfGDsJm2Pk2nAiZkqJ0Y=,SBTEnGdaQs4k4T5lmYCnZJFBqz4=
-173,-169,tYIMDu/KfGDsJm2Pk2nAiZkqJ0Y=,SBTEnGdaQs4k4T5lmYCnZJFBqz4=
-175,-169,tYIMDu/KfGDsJm2Pk2nAiZkqJ0Y=,SBTEnGdaQs4k4T5lmYCnZJFBqz4=
-171,-169,tYIMDu/KfGDsJm2Pk2nAiZkqJ0Y=,SBTEnGdaQs4k4T5lmYCnZJFBqz4=
-174,-169,tYIMDu/KfGDsJm2Pk2nAiZkqJ0Y=,SBTEnGdaQs4k4T5lmYCnZJFBqz4=
-163,-169,tYIMDu/KfGDsJm2Pk2nAiZkqJ0Y=,SBTEnGdaQs4k4T5lmYCnZJFBqz4=
-176,-169,tYIMDu/KfGDsJm2Pk2nAiZkqJ0Y=,SBTEnGdaQs4k4T5lmYCnZJFBqz4=
-164,-170,tYIMDu/KfGDsJm2Pk2nAiZkqJ0Y=,SBTEnGdaQs4k4T5lmYCnZJFBqz4=
-173,-168,tYIMDu/KfGDsJm2Pk2nAiZkqJ0Y=,SBTEnGdaQs4k4T5lmYCnZJFBqz4=
-163,-170,tYIMDu/KfGDsJm2Pk2nAiZkqJ0Y=,SBTEnGdaQs4k4T5lmYCnZJFBqz4=
-166,-170,tYIMDu/KfGDsJm2Pk2nAiZkqJ0Y=,SBTEnGdaQs4k4T5lmYCnZJFBqz4=
-168,-170,tYIMDu/KfGDsJm2Pk2nAiZkqJ0Y=,SBTEnGdaQs4k4T5lmYCnZJFBqz4=
-167,-170,tYIMDu/KfGDsJm2Pk2nAiZkqJ0Y=,SBTEnGdaQs4k4T5lmYCnZJFBqz4=
-170,-170,tYIMDu/KfGDsJm2Pk2nAiZkqJ0Y=,SBTEnGdaQs4k4T5lmYCnZJFBqz4=
-171,-170,tYIMDu/KfGDsJm2Pk2nAiZkqJ0Y=,SBTEnGdaQs4k4T5lmYCnZJFBqz4=
-169,-170,tYIMDu/KfGDsJm2Pk2nAiZkqJ0Y=,SBTEnGdaQs4k4T5lmYCnZJFBqz4=
-161,-170,tYIMDu/KfGDsJm2Pk2nAiZkqJ0Y=,SBTEnGdaQs4k4T5lmYCnZJFBqz4=
-172,-170,tYIMDu/KfGDsJm2Pk2nAiZkqJ0Y=,SBTEnGdaQs4k4T5lmYCnZJFBqz4=
-173,-170,tYIMDu/KfGDsJm2Pk2nAiZkqJ0Y=,SBTEnGdaQs4k4T5lmYCnZJFBqz4=
-175,-170,tYIMDu/KfGDsJm2Pk2nAiZkqJ0Y=,SBTEnGdaQs4k4T5lmYCnZJFBqz4=
-165,-170,tYIMDu/KfGDsJm2Pk2nAiZkqJ0Y=,SBTEnGdaQs4k4T5lmYCnZJFBqz4=
-176,-170,tYIMDu/KfGDsJm2Pk2nAiZkqJ0Y=,SBTEnGdaQs4k4T5lmYCnZJFBqz4=
-161,-171,tYIMDu/KfGDsJm2Pk2nAiZkqJ0Y=,SBTEnGdaQs4k4T5lmYCnZJFBqz4=
-163,-171,tYIMDu/KfGDsJm2Pk2nAiZkqJ0Y=,SBTEnGdaQs4k4T5lmYCnZJFBqz4=
-164,-171,tYIMDu/KfGDsJm2Pk2nAiZkqJ0Y=,SBTEnGdaQs4k4T5lmYCnZJFBqz4=
-174,-170,tYIMDu/KfGDsJm2Pk2nAiZkqJ0Y=,SBTEnGdaQs4k4T5lmYCnZJFBqz4=
-165,-171,tYIMDu/KfGDsJm2Pk2nAiZkqJ0Y=,SBTEnGdaQs4k4T5lmYCnZJFBqz4=
-162,-170,tYIMDu/KfGDsJm2Pk2nAiZkqJ0Y=,SBTEnGdaQs4k4T5lmYCnZJFBqz4=
-168,-171,tYIMDu/KfGDsJm2Pk2nAiZkqJ0Y=,SBTEnGdaQs4k4T5lmYCnZJFBqz4=
-162,-171,tYIMDu/KfGDsJm2Pk2nAiZkqJ0Y=,SBTEnGdaQs4k4T5lmYCnZJFBqz4=
-170,-171,tYIMDu/KfGDsJm2Pk2nAiZkqJ0Y=,SBTEnGdaQs4k4T5lmYCnZJFBqz4=
-169,-171,tYIMDu/KfGDsJm2Pk2nAiZkqJ0Y=,SBTEnGdaQs4k4T5lmYCnZJFBqz4=
-171,-171,tYIMDu/KfGDsJm2Pk2nAiZkqJ0Y=,SBTEnGdaQs4k4T5lmYCnZJFBqz4=
-172,-171,tYIMDu/KfGDsJm2Pk2nAiZkqJ0Y=,SBTEnGdaQs4k4T5lmYCnZJFBqz4=
-173,-171,tYIMDu/KfGDsJm2Pk2nAiZkqJ0Y=,SBTEnGdaQs4k4T5lmYCnZJFBqz4=
-175,-171,tYIMDu/KfGDsJm2Pk2nAiZkqJ0Y=,SBTEnGdaQs4k4T5lmYCnZJFBqz4=
-176,-171,tYIMDu/KfGDsJm2Pk2nAiZkqJ0Y=,SBTEnGdaQs4k4T5lmYCnZJFBqz4=
-162,-172,tYIMDu/KfGDsJm2Pk2nAiZkqJ0Y=,SBTEnGdaQs4k4T5lmYCnZJFBqz4=
-163,-172,tYIMDu/KfGDsJm2Pk2nAiZkqJ0Y=,SBTEnGdaQs4k4T5lmYCnZJFBqz4=
-164,-172,tYIMDu/KfGDsJm2Pk2nAiZkqJ0Y=,SBTEnGdaQs4k4T5lmYCnZJFBqz4=
-165,-172,tYIMDu/KfGDsJm2Pk2nAiZkqJ0Y=,SBTEnGdaQs4k4T5lmYCnZJFBqz4=
-161,-172,tYIMDu/KfGDsJm2Pk2nAiZkqJ0Y=,SBTEnGdaQs4k4T5lmYCnZJFBqz4=
-166,-172,tYIMDu/KfGDsJm2Pk2nAiZkqJ0Y=,SBTEnGdaQs4k4T5lmYCnZJFBqz4=
-167,-172,tYIMDu/KfGDsJm2Pk2nAiZkqJ0Y=,SBTEnGdaQs4k4T5lmYCnZJFBqz4=
-174,-171,tYIMDu/KfGDsJm2Pk2nAiZkqJ0Y=,SBTEnGdaQs4k4T5lmYCnZJFBqz4=
-168,-172,tYIMDu/KfGDsJm2Pk2nAiZkqJ0Y=,SBTEnGdaQs4k4T5lmYCnZJFBqz4=
-169,-172,tYIMDu/KfGDsJm2Pk2nAiZkqJ0Y=,SBTEnGdaQs4k4T5lmYCnZJFBqz4=
-167,-171,tYIMDu/KfGDsJm2Pk2nAiZkqJ0Y=,SBTEnGdaQs4k4T5lmYCnZJFBqz4=
-171,-172,tYIMDu/KfGDsJm2Pk2nAiZkqJ0Y=,SBTEnGdaQs4k4T5lmYCnZJFBqz4=
-172,-172,tYIMDu/KfGDsJm2Pk2nAiZkqJ0Y=,SBTEnGdaQs4k4T5lmYCnZJFBqz4=
-175,-172,tYIMDu/KfGDsJm2Pk2nAiZkqJ0Y=,SBTEnGdaQs4k4T5lmYCnZJFBqz4=
-166,-171,tYIMDu/KfGDsJm2Pk2nAiZkqJ0Y=,SBTEnGdaQs4k4T5lmYCnZJFBqz4=
-176,-172,tYIMDu/KfGDsJm2Pk2nAiZkqJ0Y=,SBTEnGdaQs4k4T5lmYCnZJFBqz4=
-170,-172,tYIMDu/KfGDsJm2Pk2nAiZkqJ0Y=,SBTEnGdaQs4k4T5lmYCnZJFBqz4=
-162,-173,tYIMDu/KfGDsJm2Pk2nAiZkqJ0Y=,SBTEnGdaQs4k4T5lmYCnZJFBqz4=
-164,-173,tYIMDu/KfGDsJm2Pk2nAiZkqJ0Y=,SBTEnGdaQs4k4T5lmYCnZJFBqz4=
-161,-173,tYIMDu/KfGDsJm2Pk2nAiZkqJ0Y=,SBTEnGdaQs4k4T5lmYCnZJFBqz4=
-165,-173,tYIMDu/KfGDsJm2Pk2nAiZkqJ0Y=,SBTEnGdaQs4k4T5lmYCnZJFBqz4=
-163,-173,tYIMDu/KfGDsJm2Pk2nAiZkqJ0Y=,SBTEnGdaQs4k4T5lmYCnZJFBqz4=
-173,-172,tYIMDu/KfGDsJm2Pk2nAiZkqJ0Y=,SBTEnGdaQs4k4T5lmYCnZJFBqz4=
-167,-173,tYIMDu/KfGDsJm2Pk2nAiZkqJ0Y=,SBTEnGdaQs4k4T5lmYCnZJFBqz4=
-168,-173,tYIMDu/KfGDsJm2Pk2nAiZkqJ0Y=,SBTEnGdaQs4k4T5lmYCnZJFBqz4=
-166,-173,tYIMDu/KfGDsJm2Pk2nAiZkqJ0Y=,SBTEnGdaQs4k4T5lmYCnZJFBqz4=
-172,-173,tYIMDu/KfGDsJm2Pk2nAiZkqJ0Y=,SBTEnGdaQs4k4T5lmYCnZJFBqz4=
-170,-173,tYIMDu/KfGDsJm2Pk2nAiZkqJ0Y=,SBTEnGdaQs4k4T5lmYCnZJFBqz4=
-173,-173,tYIMDu/KfGDsJm2Pk2nAiZkqJ0Y=,SBTEnGdaQs4k4T5lmYCnZJFBqz4=
-169,-173,tYIMDu/KfGDsJm2Pk2nAiZkqJ0Y=,SBTEnGdaQs4k4T5lmYCnZJFBqz4=
-176,-173,tYIMDu/KfGDsJm2Pk2nAiZkqJ0Y=,SBTEnGdaQs4k4T5lmYCnZJFBqz4=
-174,-173,tYIMDu/KfGDsJm2Pk2nAiZkqJ0Y=,SBTEnGdaQs4k4T5lmYCnZJFBqz4=
-175,-173,tYIMDu/KfGDsJm2Pk2nAiZkqJ0Y=,SBTEnGdaQs4k4T5lmYCnZJFBqz4=
-162,-174,tYIMDu/KfGDsJm2Pk2nAiZkqJ0Y=,SBTEnGdaQs4k4T5lmYCnZJFBqz4=
-171,-173,tYIMDu/KfGDsJm2Pk2nAiZkqJ0Y=,SBTEnGdaQs4k4T5lmYCnZJFBqz4=
-163,-174,tYIMDu/KfGDsJm2Pk2nAiZkqJ0Y=,SBTEnGdaQs4k4T5lmYCnZJFBqz4=
-164,-174,tYIMDu/KfGDsJm2Pk2nAiZkqJ0Y=,SBTEnGdaQs4k4T5lmYCnZJFBqz4=
-167,-174,tYIMDu/KfGDsJm2Pk2nAiZkqJ0Y=,SBTEnGdaQs4k4T5lmYCnZJFBqz4=
-174,-172,tYIMDu/KfGDsJm2Pk2nAiZkqJ0Y=,SBTEnGdaQs4k4T5lmYCnZJFBqz4=
-168,-174,tYIMDu/KfGDsJm2Pk2nAiZkqJ0Y=,SBTEnGdaQs4k4T5lmYCnZJFBqz4=
-169,-174,tYIMDu/KfGDsJm2Pk2nAiZkqJ0Y=,SBTEnGdaQs4k4T5lmYCnZJFBqz4=
-161,-174,tYIMDu/KfGDsJm2Pk2nAiZkqJ0Y=,SBTEnGdaQs4k4T5lmYCnZJFBqz4=
-171,-174,tYIMDu/KfGDsJm2Pk2nAiZkqJ0Y=,SBTEnGdaQs4k4T5lmYCnZJFBqz4=
-170,-174,tYIMDu/KfGDsJm2Pk2nAiZkqJ0Y=,SBTEnGdaQs4k4T5lmYCnZJFBqz4=
-174,-174,tYIMDu/KfGDsJm2Pk2nAiZkqJ0Y=,SBTEnGdaQs4k4T5lmYCnZJFBqz4=
-173,-174,tYIMDu/KfGDsJm2Pk2nAiZkqJ0Y=,SBTEnGdaQs4k4T5lmYCnZJFBqz4=
-176,-174,tYIMDu/KfGDsJm2Pk2nAiZkqJ0Y=,SBTEnGdaQs4k4T5lmYCnZJFBqz4=
-175,-174,tYIMDu/KfGDsJm2Pk2nAiZkqJ0Y=,SBTEnGdaQs4k4T5lmYCnZJFBqz4=
-172,-174,tYIMDu/KfGDsJm2Pk2nAiZkqJ0Y=,SBTEnGdaQs4k4T5lmYCnZJFBqz4=
-165,-174,tYIMDu/KfGDsJm2Pk2nAiZkqJ0Y=,SBTEnGdaQs4k4T5lmYCnZJFBqz4=
-163,-175,tYIMDu/KfGDsJm2Pk2nAiZkqJ0Y=,SBTEnGdaQs4k4T5lmYCnZJFBqz4=
-161,-175,tYIMDu/KfGDsJm2Pk2nAiZkqJ0Y=,SBTEnGdaQs4k4T5lmYCnZJFBqz4=
-162,-175,tYIMDu/KfGDsJm2Pk2nAiZkqJ0Y=,SBTEnGdaQs4k4T5lmYCnZJFBqz4=
-167,-175,tYIMDu/KfGDsJm2Pk2nAiZkqJ0Y=,SBTEnGdaQs4k4T5lmYCnZJFBqz4=
-166,-175,tYIMDu/KfGDsJm2Pk2nAiZkqJ0Y=,SBTEnGdaQs4k4T5lmYCnZJFBqz4=
-164,-175,tYIMDu/KfGDsJm2Pk2nAiZkqJ0Y=,SBTEnGdaQs4k4T5lmYCnZJFBqz4=
-168,-175,tYIMDu/KfGDsJm2Pk2nAiZkqJ0Y=,SBTEnGdaQs4k4T5lmYCnZJFBqz4=
-169,-175,tYIMDu/KfGDsJm2Pk2nAiZkqJ0Y=,SBTEnGdaQs4k4T5lmYCnZJFBqz4=
-171,-175,tYIMDu/KfGDsJm2Pk2nAiZkqJ0Y=,SBTEnGdaQs4k4T5lmYCnZJFBqz4=
-172,-175,tYIMDu/KfGDsJm2Pk2nAiZkqJ0Y=,SBTEnGdaQs4k4T5lmYCnZJFBqz4=
-173,-175,tYIMDu/KfGDsJm2Pk2nAiZkqJ0Y=,SBTEnGdaQs4k4T5lmYCnZJFBqz4=
-174,-175,tYIMDu/KfGDsJm2Pk2nAiZkqJ0Y=,SBTEnGdaQs4k4T5lmYCnZJFBqz4=
-175,-175,tYIMDu/KfGDsJm2Pk2nAiZkqJ0Y=,SBTEnGdaQs4k4T5lmYCnZJFBqz4=
-166,-174,tYIMDu/KfGDsJm2Pk2nAiZkqJ0Y=,SBTEnGdaQs4k4T5lmYCnZJFBqz4=
-170,-175,tYIMDu/KfGDsJm2Pk2nAiZkqJ0Y=,SBTEnGdaQs4k4T5lmYCnZJFBqz4=
-165,-175,tYIMDu/KfGDsJm2Pk2nAiZkqJ0Y=,SBTEnGdaQs4k4T5lmYCnZJFBqz4=
