-224,160,d7SzvLRAHijkeKFzV4rcUFBG57s=,RH3R6Cr5Vlhv7ZKfGl7+8+K7ANY=
-209,160,d7SzvLRAHijkeKFzV4rcUFBG57s=,RH3R6Cr5Vlhv7ZKfGl7+8+K7ANY=
-210,161,d7SzvLRAHijkeKFzV4rcUFBG57s=,RH3R6Cr5Vlhv7ZKfGl7+8+K7ANY=
-211,175,d7SzvLRAHijkeKFzV4rcUFBG57s=,RH3R6Cr5Vlhv7ZKfGl7+8+K7ANY=
-210,175,d7SzvLRAHijkeKFzV4rcUFBG57s=,RH3R6Cr5Vlhv7ZKfGl7+8+K7ANY=
-213,175,d7SzvLRAHijkeKFzV4rcUFBG57s=,RH3R6Cr5Vlhv7ZKfGl7+8+K7ANY=
-215,175,d7SzvLRAHijkeKFzV4rcUFBG57s=,RH3R6Cr5Vlhv7ZKfGl7+8+K7ANY=
-209,161,d7SzvLRAHijkeKFzV4rcUFBG57s=,RH3R6Cr5Vlhv7ZKfGl7+8+K7ANY=
-214,175,d7SzvLRAHijkeKFzV4rcUFBG57s=,RH3R6Cr5Vlhv7ZKfGl7+8+K7ANY=
-212,175,d7SzvLRAHijkeKFzV4rcUFBG57s=,RH3R6Cr5Vlhv7ZKfGl7+8+K7ANY=
-216,175,d7SzvLRAHijkeKFzV4rcUFBG57s=,RH3R6Cr5Vlhv7ZKfGl7+8+K7ANY=
-217,175,d7SzvLRAHijkeKFzV4rcUFBG57s=,RH3R6Cr5Vlhv7ZKfGl7+8+K7ANY=
-223,162,d7SzvLRAHijkeKFzV4rcUFBG57s=,RH3R6Cr5Vlhv7ZKfGl7+8+K7ANY=
-219,175,d7SzvLRAHijkeKFzV4rcUFBG57s=,RH3R6Cr5Vlhv7ZKfGl7+8+K7ANY=
-224,162,d7SzvLRAHijkeKFzV4rcUFBG57s=,RH3R6Cr5Vlhv7ZKfGl7+8+K7ANY=
-220,175,d7SzvLRAHijkeKFzV4rcUFBG57s=,RH3R6Cr5Vlhv7ZKfGl7+8+K7ANY=
-222,162,d7SzvLRAHijkeKFzV4rcUFBG57s=,RH3R6Cr5Vlhv7ZKfGl7+8+K7ANY=
-221,162,d7SzvLRAHijkeKFzV4rcUFBG57s=,RH3R6Cr5Vlhv7ZKfGl7+8+K7ANY=
-221,175,d7SzvLRAHijkeKFzV4rcUFBG57s=,RH3R6Cr5Vlhv7ZKfGl7+8+K7ANY=
-210,160,d7SzvLRAHijkeKFzV4rcUFBG57s=,RH3R6Cr5Vlhv7ZKfGl7+8+K7ANY=
-222,175,d7SzvLRAHijkeKFzV4rcUFBG57s=,RH3R6Cr5Vlhv7ZKfGl7+8+K7ANY=
-220,162,d7SzvLRAHijkeKFzV4rcUFBG57s=,RH3R6Cr5Vlhv7ZKfGl7+8+K7ANY=
-219,162,d7SzvLRAHijkeKFzV4rcUFBG57s=,RH3R6Cr5Vlhv7ZKfGl7+8+K7ANY=
-223,175,d7SzvLRAHijkeKFzV4rcUFBG57s=,RH3R6Cr5Vlhv7ZKfGl7+8+K7ANY=
-211,160,d7SzvLRAHijkeKFzV4rcUFBG57s=,RH3R6Cr5Vlhv7ZKfGl7+8+K7ANY=
-218,175,d7SzvLRAHijkeKFzV4rcUFBG57s=,RH3R6Cr5Vlhv7ZKfGl7+8+K7ANY=
-218,162,d7SzvLRAHijkeKFzV4rcUFBG57s=,RH3R6Cr5Vlhv7ZKfGl7+8+K7ANY=
-213,160,d7SzvLRAHijkeKFzV4rcUFBG57s=,RH3R6Cr5Vlhv7ZKfGl7+8+K7ANY=
-216,160,d7SzvLRAHijkeKFzV4rcUFBG57s=,RH3R6Cr5Vlhv7ZKfGl7+8+K7ANY=
-217,162,d7SzvLRAHijkeKFzV4rcUFBG57s=,RH3R6Cr5Vlhv7ZKfGl7+8+K7ANY=
-215,160,d7SzvLRAHijkeKFzV4rcUFBG57s=,RH3R6Cr5Vlhv7ZKfGl7+8+K7ANY=
-214,160,d7SzvLRAHijkeKFzV4rcUFBG57s=,RH3R6Cr5Vlhv7ZKfGl7+8+K7ANY=
-217,160,d7SzvLRAHijkeKFzV4rcUFBG57s=,RH3R6Cr5Vlhv7ZKfGl7+8+K7ANY=
-212,160,d7SzvLRAHijkeKFzV4rcUFBG57s=,RH3R6Cr5Vlhv7ZKfGl7+8+K7ANY=
-216,162,d7SzvLRAHijkeKFzV4rcUFBG57s=,RH3R6Cr5Vlhv7ZKfGl7+8+K7ANY=
-218,160,d7SzvLRAHijkeKFzV4rcUFBG57s=,RH3R6Cr5Vlhv7ZKfGl7+8+K7ANY=
-219,160,d7SzvLRAHijkeKFzV4rcUFBG57s=,RH3R6Cr5Vlhv7ZKfGl7+8+K7ANY=
-220,160,d7SzvLRAHijkeKFzV4rcUFBG57s=,RH3R6Cr5Vlhv7ZKfGl7+8+K7ANY=
-215,162,d7SzvLRAHijkeKFzV4rcUFBG57s=,RH3R6Cr5Vlhv7ZKfGl7+8+K7ANY=
-221,160,d7SzvLRAHijkeKFzV4rcUFBG57s=,RH3R6Cr5Vlhv7ZKfGl7+8+K7ANY=
-222,160,d7SzvLRAHijkeKFzV4rcUFBG57s=,RH3R6Cr5Vlhv7ZKfGl7+8+K7ANY=
-211,161,d7SzvLRAHijkeKFzV4rcUFBG57s=,RH3R6Cr5Vlhv7ZKfGl7+8+K7ANY=
-214,162,d7SzvLRAHijkeKFzV4rcUFBG57s=,RH3R6Cr5Vlhv7ZKfGl7+8+K7ANY=
-209,174,d7SzvLRAHijkeKFzV4rcUFBG57s=,RH3R6Cr5Vlhv7ZKfGl7+8+K7ANY=
-210,174,d7SzvLRAHijkeKFzV4rcUFBG57s=,RH3R6Cr5Vlhv7ZKfGl7+8+K7ANY=
-223,160,d7SzvLRAHijkeKFzV4rcUFBG57s=,RH3R6Cr5Vlhv7ZKfGl7+8+K7ANY=
-224,175,d7SzvLRAHijkeKFzV4rcUFBG57s=,RH3R6Cr5Vlhv7ZKfGl7+8+K7ANY=
-211,174,d7SzvLRAHijkeKFzV4rcUFBG57s=,RH3R6Cr5Vlhv7ZKfGl7+8+K7ANY=
-213,162,d7SzvLRAHijkeKFzV4rcUFBG57s=,RH3R6Cr5Vlhv7ZKfGl7+8+K7ANY=
-212,174,d7SzvLRAHijkeKFzV4rcUFBG57s=,RH3R6Cr5Vlhv7ZKfGl7+8+K7ANY=
-213,174,d7SzvLRAHijkeKFzV4rcUFBG57s=,RH3R6Cr5Vlhv7ZKfGl7+8+K7ANY=
-212,162,d7SzvLRAHijkeKFzV4rcUFBG57s=,RH3R6Cr5Vlhv7ZKfGl7+8+K7ANY=
-215,174,d7SzvLRAHijkeKFzV4rcUFBG57s=,RH3R6Cr5Vlhv7ZKfGl7+8+K7ANY=
-216,174,d7SzvLRAHijkeKFzV4rcUFBG57s=,RH3R6Cr5Vlhv7ZKfGl7+8+K7ANY=
-214,174,d7SzvLRAHijkeKFzV4rcUFBG57s=,RH3R6Cr5Vlhv7ZKfGl7+8+K7ANY=
-219,174,d7SzvLRAHijkeKFzV4rcUFBG57s=,RH3R6Cr5Vlhv7ZKfGl7+8+K7ANY=
-211,162,d7SzvLRAHijkeKFzV4rcUFBG57s=,RH3R6Cr5Vlhv7ZKfGl7+8+K7ANY=
-217,174,d7SzvLRAHijkeKFzV4rcUFBG57s=,RH3R6Cr5Vlhv7ZKfGl7+8+K7ANY=
-220,174,d7SzvLRAHijkeKFzV4rcUFBG57s=,RH3R6Cr5Vlhv7ZKfGl7+8+K7ANY=
-218,174,d7SzvLRAHijkeKFzV4rcUFBG57s=,RH3R6Cr5Vlhv7ZKfGl7+8+K7ANY=
-224,161,d7SzvLRAHijkeKFzV4rcUFBG57s=,RH3R6Cr5Vlhv7ZKfGl7+8+K7ANY=
-221,174,d7SzvLRAHijkeKFzV4rcUFBG57s=,RH3R6Cr5Vlhv7ZKfGl7+8+K7ANY=
-222,174,d7SzvLRAHijkeKFzV4rcUFBG57s=,RH3R6Cr5Vlhv7ZKfGl7+8+K7ANY=
-212,161,d7SzvLRAHijkeKFzV4rcUFBG57s=,RH3R6Cr5Vlhv7ZKfGl7+8+K7ANY=
-209,173,d7SzvLRAHijkeKFzV4rcUFBG57s=,RH3R6Cr5Vlhv7ZKfGl7+8+K7ANY=
-224,174,d7SzvLRAHijkeKFzV4rcUFBG57s=,RH3R6Cr5Vlhv7ZKfGl7+8+K7ANY=
-223,174,d7SzvLRAHijkeKFzV4rcUFBG57s=,RH3R6Cr5Vlhv7ZKfGl7+8+K7ANY=
-210,162,d7SzvLRAHijkeKFzV4rcUFBG57s=,RH3R6Cr5Vlhv7ZKfGl7+8+K7ANY=
-210,173,d7SzvLRAHijkeKFzV4rcUFBG57s=,RH3R6Cr5Vlhv7ZKfGl7+8+K7ANY=
-212,173,d7SzvLRAHijkeKFzV4rcUFBG57s=,RH3R6Cr5Vlhv7ZKfGl7+8+K7ANY=
-211,173,d7SzvLRAHijkeKFzV4rcUFBG57s=,RH3R6Cr5Vlhv7ZKfGl7+8+K7ANY=
-209,162,d7SzvLRAHijkeKFzV4rcUFBG57s=,RH3R6Cr5Vlhv7ZKfGl7+8+K7ANY=
-213,173,d7SzvLRAHijkeKFzV4rcUFBG57s=,RH3R6Cr5Vlhv7ZKfGl7+8+K7ANY=
-215,173,d7SzvLRAHijkeKFzV4rcUFBG57s=,RH3R6Cr5Vlhv7ZKfGl7+8+K7ANY=
-214,173,d7SzvLRAHijkeKFzV4rcUFBG57s=,RH3R6Cr5Vlhv7ZKfGl7+8+K7ANY=
-216,173,d7SzvLRAHijkeKFzV4rcUFBG57s=,RH3R6Cr5Vlhv7ZKfGl7+8+K7ANY=
-218,173,d7SzvLRAHijkeKFzV4rcUFBG57s=,RH3R6Cr5Vlhv7ZKfGl7+8+K7ANY=
-224,163,d7SzvLRAHijkeKFzV4rcUFBG57s=,RH3R6Cr5Vlhv7ZKfGl7+8+K7ANY=
-217,173,d7SzvLRAHijkeKFzV4rcUFBG57s=,RH3R6Cr5Vlhv7ZKfGl7+8+K7ANY=
-219,173,d7SzvLRAHijkeKFzV4rcUFBG57s=,RH3R6Cr5Vlhv7ZKfGl7+8+K7ANY=
-221,173,d7SzvLRAHijkeKFzV4rcUFBG57s=,RH3R6Cr5Vlhv7ZKfGl7+8+K7ANY=
-220,173,d7SzvLRAHijkeKFzV4rcUFBG57s=,RH3R6Cr5Vlhv7ZKfGl7+8+K7ANY=
-223,163,d7SzvLRAHijkeKFzV4rcUFBG57s=,RH3R6Cr5Vlhv7ZKfGl7+8+K7ANY=
-209,172,d7SzvLRAHijkeKFzV4rcUFBG57s=,RH3R6Cr5Vlhv7ZKfGl7+8+K7ANY=
-222,173,d7SzvLRAHijkeKFzV4rcUFBG57s=,RH3R6Cr5Vlhv7ZKfGl7+8+K7ANY=
-224,173,d7SzvLRAHijkeKFzV4rcUFBG57s=,RH3R6Cr5Vlhv7ZKfGl7+8+K7ANY=
-213,161,d7SzvLRAHijkeKFzV4rcUFBG57s=,RH3R6Cr5Vlhv7ZKfGl7+8+K7ANY=
-210,172,d7SzvLRAHijkeKFzV4rcUFBG57s=,RH3R6Cr5Vlhv7ZKfGl7+8+K7ANY=
-211,172,d7SzvLRAHijkeKFzV4rcUFBG57s=,RH3R6Cr5Vlhv7ZKfGl7+8+K7ANY=
-223,173,d7SzvLRAHijkeKFzV4rcUFBG57s=,RH3R6Cr5Vlhv7ZKfGl7+8+K7ANY=
-212,172,d7SzvLRAHijkeKFzV4rcUFBG57s=,RH3R6Cr5Vlhv7ZKfGl7+8+K7ANY=
-214,172,d7SzvLRAHijkeKFzV4rcUFBG57s=,RH3R6Cr5Vlhv7ZKfGl7+8+K7ANY=
-222,163,d7SzvLRAHijkeKFzV4rcUFBG57s=,RH3R6Cr5Vlhv7ZKfGl7+8+K7ANY=
-215,172,d7SzvLRAHijkeKFzV4rcUFBG57s=,RH3R6Cr5Vlhv7ZKfGl7+8+K7ANY=
-218,172,d7SzvLRAHijkeKFzV4rcUFBG57s=,RH3R6Cr5Vlhv7ZKfGl7+8+K7ANY=
-216,172,d7SzvLRAHijkeKFzV4rcUFBG57s=,RH3R6Cr5Vlhv7ZKfGl7+8+K7ANY=
-220,172,d7SzvLRAHijkeKFzV4rcUFBG57s=,RH3R6Cr5Vlhv7ZKfGl7+8+K7ANY=
-219,172,d7SzvLRAHijkeKFzV4rcUFBG57s=,RH3R6Cr5Vlhv7ZKfGl7+8+K7ANY=
-213,172,d7SzvLRAHijkeKFzV4rcUFBG57s=,RH3R6Cr5Vlhv7ZKfGl7+8+K7ANY=
-221,163,d7SzvLRAHijkeKFzV4rcUFBG57s=,RH3R6Cr5Vlhv7ZKfGl7+8+K7ANY=
-214,161,d7SzvLRAHijkeKFzV4rcUFBG57s=,RH3R6Cr5Vlhv7ZKfGl7+8+K7ANY=
-222,172,d7SzvLRAHijkeKFzV4rcUFBG57s=,RH3R6Cr5Vlhv7ZKfGl7+8+K7ANY=
-223,172,d7SzvLRAHijkeKFzV4rcUFBG57s=,RH3R6Cr5Vlhv7ZKfGl7+8+K7ANY=
-217,172,d7SzvLRAHijkeKFzV4rcUFBG57s=,RH3R6Cr5Vlhv7ZKfGl7+8+K7ANY=
-221,172,d7SzvLRAHijkeKFzV4rcUFBG57s=,RH3R6Cr5Vlhv7ZKfGl7+8+K7ANY=
-224,172,d7SzvLRAHijkeKFzV4rcUFBG57s=,RH3R6Cr5Vlhv7ZKfGl7+8+K7ANY=
-210,171,d7SzvLRAHijkeKFzV4rcUFBG57s=,RH3R6Cr5Vlhv7ZKfGl7+8+K7ANY=
-220,163,d7SzvLRAHijkeKFzV4rcUFBG57s=,RH3R6Cr5Vlhv7ZKfGl7+8+K7ANY=
-209,171,d7SzvLRAHijkeKFzV4rcUFBG57s=,RH3R6Cr5Vlhv7ZKfGl7+8+K7ANY=
-212,171,d7SzvLRAHijkeKFzV4rcUFBG57s=,RH3R6Cr5Vlhv7ZKfGl7+8+K7ANY=
-211,171,d7SzvLRAHijkeKFzV4rcUFBG57s=,RH3R6Cr5Vlhv7ZKfGl7+8+K7ANY=
-216,171,d7SzvLRAHijkeKFzV4rcUFBG57s=,RH3R6Cr5Vlhv7ZKfGl7+8+K7ANY=
-213,171,d7SzvLRAHijkeKFzV4rcUFBG57s=,RH3R6Cr5Vlhv7ZKfGl7+8+K7ANY=
-217,171,d7SzvLRAHijkeKFzV4rcUFBG57s=,RH3R6Cr5Vlhv7ZKfGl7+8+K7ANY=
-215,171,d7SzvLRAHijkeKFzV4rcUFBG57s=,RH3R6Cr5Vlhv7ZKfGl7+8+K7ANY=
-219,163,d7SzvLRAHijkeKFzV4rcUFBG57s=,RH3R6Cr5Vlhv7ZKfGl7+8+K7ANY=
-218,171,d7SzvLRAHijkeKFzV4rcUFBG57s=,RH3R6Cr5Vlhv7ZKfGl7+8+K7ANY=
-220,171,d7SzvLRAHijkeKFzV4rcUFBG57s=,RH3R6Cr5Vlhv7ZKfGl7+8+K7ANY=
-219,171,d7SzvLRAHijkeKFzV4rcUFBG57s=,RH3R6Cr5Vlhv7ZKfGl7+8+K7ANY=
-214,171,d7SzvLRAHijkeKFzV4rcUFBG57s=,RH3R6Cr5Vlhv7ZKfGl7+8+K7ANY=
-221,171,d7SzvLRAHijkeKFzV4rcUFBG57s=,RH3R6Cr5Vlhv7ZKfGl7+8+K7ANY=
-222,171,d7SzvLRAHijkeKFzV4rcUFBG57s=,RH3R6Cr5Vlhv7ZKfGl7+8+K7ANY=
-215,161,d7SzvLRAHijkeKFzV4rcUFBG57s=,RH3R6Cr5Vlhv7ZKfGl7+8+K7ANY=
-223,171,d7SzvLRAHijkeKFzV4rcUFBG57s=,RH3R6Cr5Vlhv7ZKfGl7+8+K7ANY=
-218,163,d7SzvLRAHijkeKFzV4rcUFBG57s=,RH3R6Cr5Vlhv7ZKfGl7+8+K7ANY=
-224,171,d7SzvLRAHijkeKFzV4rcUFBG57s=,RH3R6Cr5Vlhv7ZKfGl7+8+K7ANY=
-210,170,d7SzvLRAHijkeKFzV4rcUFBG57s=,RH3R6Cr5Vlhv7ZKfGl7+8+K7ANY=
-212,170,d7SzvLRAHijkeKFzV4rcUFBG57s=,RH3R6Cr5Vlhv7ZKfGl7+8+K7ANY=
-209,170,d7SzvLRAHijkeKFzV4rcUFBG57s=,RH3R6Cr5Vlhv7ZKfGl7+8+K7ANY=
-211,170,d7SzvLRAHijkeKFzV4rcUFBG57s=,RH3R6Cr5Vlhv7ZKfGl7+8+K7ANY=
-213,170,d7SzvLRAHijkeKFzV4rcUFBG57s=,RH3R6Cr5Vlhv7ZKfGl7+8+K7ANY=
-217,170,d7SzvLRAHijkeKFzV4rcUFBG57s=,RH3R6Cr5Vlhv7ZKfGl7+8+K7ANY=
-217,163,d7SzvLRAHijkeKFzV4rcUFBG57s=,RH3R6Cr5Vlhv7ZKfGl7+8+K7ANY=
-214,170,d7SzvLRAHijkeKFzV4rcUFBG57s=,RH3R6Cr5Vlhv7ZKfGl7+8+K7ANY=
-218,170,d7SzvLRAHijkeKFzV4rcUFBG57s=,RH3R6Cr5Vlhv7ZKfGl7+8+K7ANY=
-216,161,d7SzvLRAHijkeKFzV4rcUFBG57s=,RH3R6Cr5Vlhv7ZKfGl7+8+K7ANY=
-219,170,d7SzvLRAHijkeKFzV4rcUFBG57s=,RH3R6Cr5Vlhv7ZKfGl7+8+K7ANY=
-216,170,d7SzvLRAHijkeKFzV4rcUFBG57s=,RH3R6Cr5Vlhv7ZKfGl7+8+K7ANY=
-220,170,d7SzvLRAHijkeKFzV4rcUFBG57s=,RH3R6Cr5Vlhv7ZKfGl7+8+K7ANY=
-216,163,d7SzvLRAHijkeKFzV4rcUFBG57s=,RH3R6Cr5Vlhv7ZKfGl7+8+K7ANY=
-215,170,d7SzvLRAHijkeKFzV4rcUFBG57s=,RH3R6Cr5Vlhv7ZKfGl7+8+K7ANY=
-221,170,d7SzvLRAHijkeKFzV4rcUFBG57s=,RH3R6Cr5Vlhv7ZKfGl7+8+K7ANY=
-224,170,d7SzvLRAHijkeKFzV4rcUFBG57s=,RH3R6Cr5Vlhv7ZKfGl7+8+K7ANY=
-222,170,d7SzvLRAHijkeKFzV4rcUFBG57s=,RH3R6Cr5Vlhv7ZKfGl7+8+K7ANY=
-223,170,d7SzvLRAHijkeKFzV4rcUFBG57s=,RH3R6Cr5Vlhv7ZKfGl7+8+K7ANY=
-209,169,d7SzvLRAHijkeKFzV4rcUFBG57s=,RH3R6Cr5Vlhv7ZKfGl7+8+K7ANY=
-210,169,d7SzvLRAHijkeKFzV4rcUFBG57s=,RH3R6Cr5Vlhv7ZKfGl7+8+K7ANY=
-215,163,d7SzvLRAHijkeKFzV4rcUFBG57s=,RH3R6Cr5Vlhv7ZKfGl7+8+K7ANY=
-215,169,d7SzvLRAHijkeKFzV4rcUFBG57s=,RH3R6Cr5Vlhv7ZKfGl7+8+K7ANY=
-213,169,d7SzvLRAHijkeKFzV4rcUFBG57s=,RH3R6Cr5Vlhv7ZKfGl7+8+K7ANY=
-212,169,d7SzvLRAHijkeKFzV4rcUFBG57s=,RH3R6Cr5Vlhv7ZKfGl7+8+K7ANY=
-211,169,d7SzvLRAHijkeKFzV4rcUFBG57s=,RH3R6Cr5Vlhv7ZKfGl7+8+K7ANY=
-217,161,d7SzvLRAHijkeKFzV4rcUFBG57s=,RH3R6Cr5Vlhv7ZKfGl7+8+K7ANY=
-216,169,d7SzvLRAHijkeKFzV4rcUFBG57s=,RH3R6Cr5Vlhv7ZKfGl7+8+K7ANY=
-217,169,d7SzvLRAHijkeKFzV4rcUFBG57s=,RH3R6Cr5Vlhv7ZKfGl7+8+K7ANY=
-214,169,d7SzvLRAHijkeKFzV4rcUFBG57s=,RH3R6Cr5Vlhv7ZKfGl7+8+K7ANY=
-218,169,d7SzvLRAHijkeKFzV4rcUFBG57s=,RH3R6Cr5Vlhv7ZKfGl7+8+K7ANY=
-220,169,d7SzvLRAHijkeKFzV4rcUFBG57s=,RH3R6Cr5Vlhv7ZKfGl7+8+K7ANY=
-219,169,d7SzvLRAHijkeKFzV4rcUFBG57s=,RH3R6Cr5Vlhv7ZKfGl7+8+K7ANY=
-214,163,d7SzvLRAHijkeKFzV4rcUFBG57s=,RH3R6Cr5Vlhv7ZKfGl7+8+K7ANY=
-221,169,d7SzvLRAHijkeKFzV4rcUFBG57s=,RH3R6Cr5Vlhv7ZKfGl7+8+K7ANY=
-223,169,d7SzvLRAHijkeKFzV4rcUFBG57s=,RH3R6Cr5Vlhv7ZKfGl7+8+K7ANY=
-222,169,d7SzvLRAHijkeKFzV4rcUFBG57s=,RH3R6Cr5Vlhv7ZKfGl7+8+K7ANY=
-224,169,d7SzvLRAHijkeKFzV4rcUFBG57s=,RH3R6Cr5Vlhv7ZKfGl7+8+K7ANY=
-209,168,d7SzvLRAHijkeKFzV4rcUFBG57s=,RH3R6Cr5Vlhv7ZKfGl7+8+K7ANY=
-211,168,d7SzvLRAHijkeKFzV4rcUFBG57s=,RH3R6Cr5Vlhv7ZKfGl7+8+K7ANY=
-210,168,d7SzvLRAHijkeKFzV4rcUFBG57s=,RH3R6Cr5Vlhv7ZKfGl7+8+K7ANY=
-212,168,d7SzvLRAHijkeKFzV4rcUFBG57s=,RH3R6Cr5Vlhv7ZKfGl7+8+K7ANY=
-213,163,d7SzvLRAHijkeKFzV4rcUFBG57s=,RH3R6Cr5Vlhv7ZKfGl7+8+K7ANY=
-214,168,d7SzvLRAHijkeKFzV4rcUFBG57s=,RH3R6Cr5Vlhv7ZKfGl7+8+K7ANY=
-215,168,d7SzvLRAHijkeKFzV4rcUFBG57s=,RH3R6Cr5Vlhv7ZKfGl7+8+K7ANY=
-216,168,d7SzvLRAHijkeKFzV4rcUFBG57s=,RH3R6Cr5Vlhv7ZKfGl7+8+K7ANY=
-212,163,d7SzvLRAHijkeKFzV4rcUFBG57s=,RH3R6Cr5Vlhv7ZKfGl7+8+K7ANY=
-218,161,d7SzvLRAHijkeKFzV4rcUFBG57s=,RH3R6Cr5Vlhv7ZKfGl7+8+K7ANY=
-217,168,d7SzvLRAHijkeKFzV4rcUFBG57s=,RH3R6Cr5Vlhv7ZKfGl7+8+K7ANY=
-213,168,d7SzvLRAHijkeKFzV4rcUFBG57s=,RH3R6Cr5Vlhv7ZKfGl7+8+K7ANY=
-219,168,d7SzvLRAHijkeKFzV4rcUFBG57s=,RH3R6Cr5Vlhv7ZKfGl7+8+K7ANY=
-218,168,d7SzvLRAHijkeKFzV4rcUFBG57s=,RH3R6Cr5Vlhv7ZKfGl7+8+K7ANY=
-221,168,d7SzvLRAHijkeKFzV4rcUFBG57s=,RH3R6Cr5Vlhv7ZKfGl7+8+K7ANY=
-220,168,d7SzvLRAHijkeKFzV4rcUFBG57s=,RH3R6Cr5Vlhv7ZKfGl7+8+K7ANY=
-222,168,d7SzvLRAHijkeKFzV4rcUFBG57s=,RH3R6Cr5Vlhv7ZKfGl7+8+K7ANY=
-223,168,d7SzvLRAHijkeKFzV4rcUFBG57s=,RH3R6Cr5Vlhv7ZKfGl7+8+K7ANY=
-223,161,d7SzvLRAHijkeKFzV4rcUFBG57s=,RH3R6Cr5Vlhv7ZKfGl7+8+K7ANY=
-224,168,d7SzvLRAHijkeKFzV4rcUFBG57s=,RH3R6Cr5Vlhv7ZKfGl7+8+K7ANY=
-209,167,d7SzvLRAHijkeKFzV4rcUFBG57s=,RH3R6Cr5Vlhv7ZKfGl7+8+K7ANY=
-210,167,d7SzvLRAHijkeKFzV4rcUFBG57s=,RH3R6Cr5Vlhv7ZKfGl7+8+K7ANY=
-211,167,d7SzvLRAHijkeKFzV4rcUFBG57s=,RH3R6Cr5Vlhv7ZKfGl7+8+K7ANY=
-213,167,d7SzvLRAHijkeKFzV4rcUFBG57s=,RH3R6Cr5Vlhv7ZKfGl7+8+K7ANY=
-215,167,d7SzvLRAHijkeKFzV4rcUFBG57s=,RH3R6Cr5Vlhv7ZKfGl7+8+K7ANY=
-212,167,d7SzvLRAHijkeKFzV4rcUFBG57s=,RH3R6Cr5Vlhv7ZKfGl7+8+K7ANY=
-214,167,d7SzvLRAHijkeKFzV4rcUFBG57s=,RH3R6Cr5Vlhv7ZKfGl7+8+K7ANY=
-211,163,d7SzvLRAHijkeKFzV4rcUFBG57s=,RH3R6Cr5Vlhv7ZKfGl7+8+K7ANY=
-217,167,d7SzvLRAHijkeKFzV4rcUFBG57s=,RH3R6Cr5Vlhv7ZKfGl7+8+K7ANY=
-216,167,d7SzvLRAHijkeKFzV4rcUFBG57s=,RH3R6Cr5Vlhv7ZKfGl7+8+K7ANY=
-220,167,d7SzvLRAHijkeKFzV4rcUFBG57s=,RH3R6Cr5Vlhv7ZKfGl7+8+K7ANY=
-219,161,d7SzvLRAHijkeKFzV4rcUFBG57s=,RH3R6Cr5Vlhv7ZKfGl7+8+K7ANY=
-219,167,d7SzvLRAHijkeKFzV4rcUFBG57s=,RH3R6Cr5Vlhv7ZKfGl7+8+K7ANY=
-218,167,d7SzvLRAHijkeKFzV4rcUFBG57s=,RH3R6Cr5Vlhv7ZKfGl7+8+K7ANY=
-221,167,d7SzvLRAHijkeKFzV4rcUFBG57s=,RH3R6Cr5Vlhv7ZKfGl7+8+K7ANY=
-223,167,d7SzvLRAHijkeKFzV4rcUFBG57s=,RH3R6Cr5Vlhv7ZKfGl7+8+K7ANY=
-210,163,d7SzvLRAHijkeKFzV4rcUFBG57s=,RH3R6Cr5Vlhv7ZKfGl7+8+K7ANY=
-224,167,d7SzvLRAHijkeKFzV4rcUFBG57s=,RH3R6Cr5Vlhv7ZKfGl7+8+K7ANY=
-209,166,d7SzvLRAHijkeKFzV4rcUFBG57s=,RH3R6Cr5Vlhv7ZKfGl7+8+K7ANY=
-210,166,d7SzvLRAHijkeKFzV4rcUFBG57s=,RH3R6Cr5Vlhv7ZKfGl7+8+K7ANY=
-211,166,d7SzvLRAHijkeKFzV4rcUFBG57s=,RH3R6Cr5Vlhv7ZKfGl7+8+K7ANY=
-212,166,d7SzvLRAHijkeKFzV4rcUFBG57s=,RH3R6Cr5Vlhv7ZKfGl7+8+K7ANY=
-213,166,d7SzvLRAHijkeKFzV4rcUFBG57s=,RH3R6Cr5Vlhv7ZKfGl7+8+K7ANY=
-214,166,d7SzvLRAHijkeKFzV4rcUFBG57s=,RH3R6Cr5Vlhv7ZKfGl7+8+K7ANY=
-209,163,d7SzvLRAHijkeKFzV4rcUFBG57s=,RH3R6Cr5Vlhv7ZKfGl7+8+K7ANY=
-222,167,d7SzvLRAHijkeKFzV4rcUFBG57s=,RH3R6Cr5Vlhv7ZKfGl7+8+K7ANY=
-216,166,d7SzvLRAHijkeKFzV4rcUFBG57s=,RH3R6Cr5Vlhv7ZKfGl7+8+K7ANY=
-215,166,d7SzvLRAHijkeKFzV4rcUFBG57s=,RH3R6Cr5Vlhv7ZKfGl7+8+K7ANY=
-217,166,d7SzvLRAHijkeKFzV4rcUFBG57s=,RH3R6Cr5Vlhv7ZKfGl7+8+K7ANY=
-218,166,d7SzvLRAHijkeKFzV4rcUFBG57s=,RH3R6Cr5Vlhv7ZKfGl7+8+K7ANY=
-220,161,d7SzvLRAHijkeKFzV4rcUFBG57s=,RH3R6Cr5Vlhv7ZKfGl7+8+K7ANY=
-219,166,d7SzvLRAHijkeKFzV4rcUFBG57s=,RH3R6Cr5Vlhv7ZKfGl7+8+K7ANY=
-220,166,d7SzvLRAHijkeKFzV4rcUFBG57s=,RH3R6Cr5Vlhv7ZKfGl7+8+K7ANY=
-221,166,d7SzvLRAHijkeKFzV4rcUFBG57s=,RH3R6Cr5Vlhv7ZKfGl7+8+K7ANY=
-224,164,d7SzvLRAHijkeKFzV4rcUFBG57s=,RH3R6Cr5Vlhv7ZKfGl7+8+K7ANY=
-222,166,d7SzvLRAHijkeKFzV4rcUFBG57s=,RH3R6Cr5Vlhv7ZKfGl7+8+K7ANY=
-224,166,d7SzvLRAHijkeKFzV4rcUFBG57s=,RH3R6Cr5Vlhv7ZKfGl7+8+K7ANY=
-223,166,d7SzvLRAHijkeKFzV4rcUFBG57s=,RH3R6Cr5Vlhv7ZKfGl7+8+K7ANY=
-210,165,d7SzvLRAHijkeKFzV4rcUFBG57s=,RH3R6Cr5Vlhv7ZKfGl7+8+K7ANY=
-209,165,d7SzvLRAHijkeKFzV4rcUFBG57s=,RH3R6Cr5Vlhv7ZKfGl7+8+K7ANY=
-211,165,d7SzvLRAHijkeKFzV4rcUFBG57s=,RH3R6Cr5Vlhv7ZKfGl7+8+K7ANY=
-212,165,d7SzvLRAHijkeKFzV4rcUFBG57s=,RH3R6Cr5Vlhv7ZKfGl7+8+K7ANY=
-213,165,d7SzvLRAHijkeKFzV4rcUFBG57s=,RH3R6Cr5Vlhv7ZKfGl7+8+K7ANY=
-223,164,d7SzvLRAHijkeKFzV4rcUFBG57s=,RH3R6Cr5Vlhv7ZKfGl7+8+K7ANY=
-221,161,d7SzvLRAHijkeKFzV4rcUFBG57s=,RH3R6Cr5Vlhv7ZKfGl7+8+K7ANY=
-215,165,d7SzvLRAHijkeKFzV4rcUFBG57s=,RH3R6Cr5Vlhv7ZKfGl7+8+K7ANY=
-214,165,d7SzvLRAHijkeKFzV4rcUFBG57s=,RH3R6Cr5Vlhv7ZKfGl7+8+K7ANY=
-216,165,d7SzvLRAHijkeKFzV4rcUFBG57s=,RH3R6Cr5Vlhv7ZKfGl7+8+K7ANY=
-218,165,d7SzvLRAHijkeKFzV4rcUFBG57s=,RH3R6Cr5Vlhv7ZKfGl7+8+K7ANY=
-219,165,d7SzvLRAHijkeKFzV4rcUFBG57s=,RH3R6Cr5Vlhv7ZKfGl7+8+K7ANY=
-222,164,d7SzvLRAHijkeKFzV4rcUFBG57s=,RH3R6Cr5Vlhv7ZKfGl7+8+K7ANY=
-220,165,d7SzvLRAHijkeKFzV4rcUFBG57s=,RH3R6Cr5Vlhv7ZKfGl7+8+K7ANY=
-221,165,d7SzvLRAHijkeKFzV4rcUFBG57s=,RH3R6Cr5Vlhv7ZKfGl7+8+K7ANY=
-223,165,d7SzvLRAHijkeKFzV4rcUFBG57s=,RH3R6Cr5Vlhv7ZKfGl7+8+K7ANY=
-222,165,d7SzvLRAHijkeKFzV4rcUFBG57s=,RH3R6Cr5Vlhv7ZKfGl7+8+K7ANY=
-224,165,d7SzvLRAHijkeKFzV4rcUFBG57s=,RH3R6Cr5Vlhv7ZKfGl7+8+K7ANY=
-209,164,d7SzvLRAHijkeKFzV4rcUFBG57s=,RH3R6Cr5Vlhv7ZKfGl7+8+K7ANY=
-210,164,d7SzvLRAHijkeKFzV4rcUFBG57s=,RH3R6Cr5Vlhv7ZKfGl7+8+K7ANY=
-221,164,d7SzvLRAHijkeKFzV4rcUFBG57s=,RH3R6Cr5Vlhv7ZKfGl7+8+K7ANY=
-212,164,d7SzvLRAHijkeKFzV4rcUFBG57s=,RH3R6Cr5Vlhv7ZKfGl7+8+K7ANY=
-222,161,d7SzvLRAHijkeKFzV4rcUFBG57s=,RH3R6Cr5Vlhv7ZKfGl7+8+K7ANY=
-211,164,d7SzvLRAHijkeKFzV4rcUFBG57s=,RH3R6Cr5Vlhv7ZKfGl7+8+K7ANY=
-215,164,d7SzvLRAHijkeKFzV4rcUFBG57s=,RH3R6Cr5Vlhv7ZKfGl7+8+K7ANY=
-214,164,d7SzvLRAHijkeKFzV4rcUFBG57s=,RH3R6Cr5Vlhv7ZKfGl7+8+K7ANY=
-213,164,d7SzvLRAHijkeKFzV4rcUFBG57s=,RH3R6Cr5Vlhv7ZKfGl7+8+K7ANY=
-216,164,d7SzvLRAHijkeKFzV4rcUFBG57s=,RH3R6Cr5Vlhv7ZKfGl7+8+K7ANY=
-217,164,d7SzvLRAHijkeKFzV4rcUFBG57s=,RH3R6Cr5Vlhv7ZKfGl7+8+K7ANY=
-220,164,d7SzvLRAHijkeKFzV4rcUFBG57s=,RH3R6Cr5Vlhv7ZKfGl7+8+K7ANY=
-218,164,d7SzvLRAHijkeKFzV4rcUFBG57s=,RH3R6Cr5Vlhv7ZKfGl7+8+K7ANY=
-219,164,d7SzvLRAHijkeKFzV4rcUFBG57s=,RH3R6Cr5Vlhv7ZKfGl7+8+K7ANY=
-217,165,d7SzvLRAHijkeKFzV4rcUFBG57s=,RH3R6Cr5Vlhv7ZKfGl7+8+K7ANY=
-209,175,d7SzvLRAHijkeKFzV4rcUFBG57s=,RH3R6Cr5Vlhv7ZKfGl7+8+K7ANY=
-208,161,d7SzvLRAHijkeKFzV4rcUFBG57s=,RH3R6Cr5Vlhv7ZKfGl7+8+K7ANY=
-208,160,d7SzvLRAHijkeKFzV4rcUFBG57s=,RH3R6Cr5Vlhv7ZKfGl7+8+K7ANY=
-199,175,d7SzvLRAHijkeKFzV4rcUFBG57s=,RH3R6Cr5Vlhv7ZKfGl7+8+K7ANY=
-193,160,d7SzvLRAHijkeKFzV4rcUFBG57s=,RH3R6Cr5Vlhv7ZKfGl7+8+K7ANY=
-193,175,d7SzvLRAHijkeKFzV4rcUFBG57s=,RH3R6Cr5Vlhv7ZKfGl7+8+K7ANY=
-196,175,d7SzvLRAHijkeKFzV4rcUFBG57s=,RH3R6Cr5Vlhv7ZKfGl7+8+K7ANY=
-197,175,d7SzvLRAHijkeKFzV4rcUFBG57s=,RH3R6Cr5Vlhv7ZKfGl7+8+K7ANY=
-195,175,d7SzvLRAHijkeKFzV4rcUFBG57s=,RH3R6Cr5Vlhv7ZKfGl7+8+K7ANY=
-202,175,d7SzvLRAHijkeKFzV4rcUFBG57s=,RH3R6Cr5Vlhv7ZKfGl7+8+K7ANY=
-198,175,d7SzvLRAHijkeKFzV4rcUFBG57s=,RH3R6Cr5Vlhv7ZKfGl7+8+K7ANY=
-201,175,d7SzvLRAHijkeKFzV4rcUFBG57s=,RH3R6Cr5Vlhv7ZKfGl7+8+K7ANY=
-200,175,d7SzvLRAHijkeKFzV4rcUFBG57s=,RH3R6Cr5Vlhv7ZKfGl7+8+K7ANY=
-194,175,d7SzvLRAHijkeKFzV4rcUFBG57s=,RH3R6Cr5Vlhv7ZKfGl7+8+K7ANY=
-203,175,d7SzvLRAHijkeKFzV4rcUFBG57s=,RH3R6Cr5Vlhv7ZKfGl7+8+K7ANY=
-205,175,d7SzvLRAHijkeKFzV4rcUFBG57s=,RH3R6Cr5Vlhv7ZKfGl7+8+K7ANY=
-204,175,d7SzvLRAHijkeKFzV4rcUFBG57s=,RH3R6Cr5Vlhv7ZKfGl7+8+K7ANY=
-197,174,d7SzvLRAHijkeKFzV4rcUFBG57s=,RH3R6Cr5Vlhv7ZKfGl7+8+K7ANY=
-208,175,d7SzvLRAHijkeKFzV4rcUFBG57s=,RH3R6Cr5Vlhv7ZKfGl7+8+K7ANY=
-196,174,d7SzvLRAHijkeKFzV4rcUFBG57s=,RH3R6Cr5Vlhv7ZKfGl7+8+K7ANY=
-206,175,d7SzvLRAHijkeKFzV4rcUFBG57s=,RH3R6Cr5Vlhv7ZKfGl7+8+K7ANY=
-195,174,d7SzvLRAHijkeKFzV4rcUFBG57s=,RH3R6Cr5Vlhv7ZKfGl7+8+K7ANY=
-205,174,d7SzvLRAHijkeKFzV4rcUFBG57s=,RH3R6Cr5Vlhv7ZKfGl7+8+K7ANY=
-206,174,d7SzvLRAHijkeKFzV4rcUFBG57s=,RH3R6Cr5Vlhv7ZKfGl7+8+K7ANY=
-208,174,d7SzvLRAHijkeKFzV4rcUFBG57s=,RH3R6Cr5Vlhv7ZKfGl7+8+K7ANY=
-207,174,d7SzvLRAHijkeKFzV4rcUFBG57s=,RH3R6Cr5Vlhv7ZKfGl7+8+K7ANY=
-193,174,d7SzvLRAHijkeKFzV4rcUFBG57s=,RH3R6Cr5Vlhv7ZKfGl7+8+K7ANY=
-199,174,d7SzvLRAHijkeKFzV4rcUFBG57s=,RH3R6Cr5Vlhv7ZKfGl7+8+K7ANY=
-198,174,d7SzvLRAHijkeKFzV4rcUFBG57s=,RH3R6Cr5Vlhv7ZKfGl7+8+K7ANY=
-194,174,d7SzvLRAHijkeKFzV4rcUFBG57s=,RH3R6Cr5Vlhv7ZKfGl7+8+K7ANY=
-200,174,d7SzvLRAHijkeKFzV4rcUFBG57s=,RH3R6Cr5Vlhv7ZKfGl7+8+K7ANY=
-201,174,d7SzvLRAHijkeKFzV4rcUFBG57s=,RH3R6Cr5Vlhv7ZKfGl7+8+K7ANY=
-194,173,d7SzvLRAHijkeKFzV4rcUFBG57s=,RH3R6Cr5Vlhv7ZKfGl7+8+K7ANY=
-207,175,d7SzvLRAHijkeKFzV4rcUFBG57s=,RH3R6Cr5Vlhv7ZKfGl7+8+K7ANY=
-203,174,d7SzvLRAHijkeKFzV4rcUFBG57s=,RH3R6Cr5Vlhv7ZKfGl7+8+K7ANY=
-196,173,d7SzvLRAHijkeKFzV4rcUFBG57s=,RH3R6Cr5Vlhv7ZKfGl7+8+K7ANY=
-204,173,d7SzvLRAHijkeKFzV4rcUFBG57s=,RH3R6Cr5Vlhv7ZKfGl7+8+K7ANY=
-206,173,d7SzvLRAHijkeKFzV4rcUFBG57s=,RH3R6Cr5Vlhv7ZKfGl7+8+K7ANY=
-205,173,d7SzvLRAHijkeKFzV4rcUFBG57s=,RH3R6Cr5Vlhv7ZKfGl7+8+K7ANY=
-207,173,d7SzvLRAHijkeKFzV4rcUFBG57s=,RH3R6Cr5Vlhv7ZKfGl7+8+K7ANY=
-195,173,d7SzvLRAHijkeKFzV4rcUFBG57s=,RH3R6Cr5Vlhv7ZKfGl7+8+K7ANY=
-208,173,d7SzvLRAHijkeKFzV4rcUFBG57s=,RH3R6Cr5Vlhv7ZKfGl7+8+K7ANY=
-204,174,d7SzvLRAHijkeKFzV4rcUFBG57s=,RH3R6Cr5Vlhv7ZKfGl7+8+K7ANY=
-194,160,d7SzvLRAHijkeKFzV4rcUFBG57s=,RH3R6Cr5Vlhv7ZKfGl7+8+K7ANY=
-197,173,d7SzvLRAHijkeKFzV4rcUFBG57s=,RH3R6Cr5Vlhv7ZKfGl7+8+K7ANY=
-201,173,d7SzvLRAHijkeKFzV4rcUFBG57s=,RH3R6Cr5Vlhv7ZKfGl7+8+K7ANY=
-200,173,d7SzvLRAHijkeKFzV4rcUFBG57s=,RH3R6Cr5Vlhv7ZKfGl7+8+K7ANY=
-198,173,d7SzvLRAHijkeKFzV4rcUFBG57s=,RH3R6Cr5Vlhv7ZKfGl7+8+K7ANY=
-202,173,d7SzvLRAHijkeKFzV4rcUFBG57s=,RH3R6Cr5Vlhv7ZKfGl7+8+K7ANY=
-198,172,d7SzvLRAHijkeKFzV4rcUFBG57s=,RH3R6Cr5Vlhv7ZKfGl7+8+K7ANY=
-199,173,d7SzvLRAHijkeKFzV4rcUFBG57s=,RH3R6Cr5Vlhv7ZKfGl7+8+K7ANY=
-194,172,d7SzvLRAHijkeKFzV4rcUFBG57s=,RH3R6Cr5Vlhv7ZKfGl7+8+K7ANY=
-197,172,d7SzvLRAHijkeKFzV4rcUFBG57s=,RH3R6Cr5Vlhv7ZKfGl7+8+K7ANY=
-204,172,d7SzvLRAHijkeKFzV4rcUFBG57s=,RH3R6Cr5Vlhv7ZKfGl7+8+K7ANY=
-206,172,d7SzvLRAHijkeKFzV4rcUFBG57s=,RH3R6Cr5Vlhv7ZKfGl7+8+K7ANY=
-207,172,d7SzvLRAHijkeKFzV4rcUFBG57s=,RH3R6Cr5Vlhv7ZKfGl7+8+K7ANY=
-208,172,d7SzvLRAHijkeKFzV4rcUFBG57s=,RH3R6Cr5Vlhv7ZKfGl7+8+K7ANY=
-205,172,d7SzvLRAHijkeKFzV4rcUFBG57s=,RH3R6Cr5Vlhv7ZKfGl7+8+K7ANY=
-195,160,d7SzvLRAHijkeKFzV4rcUFBG57s=,RH3R6Cr5Vlhv7ZKfGl7+8+K7ANY=
-193,172,d7SzvLRAHijkeKFzV4rcUFBG57s=,RH3R6Cr5Vlhv7ZKfGl7+8+K7ANY=
-196,172,d7SzvLRAHijkeKFzV4rcUFBG57s=,RH3R6Cr5Vlhv7ZKfGl7+8+K7ANY=
-195,172,d7SzvLRAHijkeKFzV4rcUFBG57s=,RH3R6Cr5Vlhv7ZKfGl7+8+K7ANY=
-200,172,d7SzvLRAHijkeKFzV4rcUFBG57s=,RH3R6Cr5Vlhv7ZKfGl7+8+K7ANY=
-199,172,d7SzvLRAHijkeKFzV4rcUFBG57s=,RH3R6Cr5Vlhv7ZKfGl7+8+K7ANY=
-196,160,d7SzvLRAHijkeKFzV4rcUFBG57s=,RH3R6Cr5Vlhv7ZKfGl7+8+K7ANY=
-196,171,d7SzvLRAHijkeKFzV4rcUFBG57s=,RH3R6Cr5Vlhv7ZKfGl7+8+K7ANY=
-194,171,d7SzvLRAHijkeKFzV4rcUFBG57s=,RH3R6Cr5Vlhv7ZKfGl7+8+K7ANY=
-202,171,d7SzvLRAHijkeKFzV4rcUFBG57s=,RH3R6Cr5Vlhv7ZKfGl7+8+K7ANY=
-203,171,d7SzvLRAHijkeKFzV4rcUFBG57s=,RH3R6Cr5Vlhv7ZKfGl7+8+K7ANY=
-201,172,d7SzvLRAHijkeKFzV4rcUFBG57s=,RH3R6Cr5Vlhv7ZKfGl7+8+K7ANY=
-204,171,d7SzvLRAHijkeKFzV4rcUFBG57s=,RH3R6Cr5Vlhv7ZKfGl7+8+K7ANY=
-205,171,d7SzvLRAHijkeKFzV4rcUFBG57s=,RH3R6Cr5Vlhv7ZKfGl7+8+K7ANY=
-207,171,d7SzvLRAHijkeKFzV4rcUFBG57s=,RH3R6Cr5Vlhv7ZKfGl7+8+K7ANY=
-208,171,d7SzvLRAHijkeKFzV4rcUFBG57s=,RH3R6Cr5Vlhv7ZKfGl7+8+K7ANY=
-206,171,d7SzvLRAHijkeKFzV4rcUFBG57s=,RH3R6Cr5Vlhv7ZKfGl7+8+K7ANY=
-198,171,d7SzvLRAHijkeKFzV4rcUFBG57s=,RH3R6Cr5Vlhv7ZKfGl7+8+K7ANY=
-197,160,d7SzvLRAHijkeKFzV4rcUFBG57s=,RH3R6Cr5Vlhv7ZKfGl7+8+K7ANY=
-203,173,d7SzvLRAHijkeKFzV4rcUFBG57s=,RH3R6Cr5Vlhv7ZKfGl7+8+K7ANY=
-203,172,d7SzvLRAHijkeKFzV4rcUFBG57s=,RH3R6Cr5Vlhv7ZKfGl7+8+K7ANY=
-197,171,d7SzvLRAHijkeKFzV4rcUFBG57s=,RH3R6Cr5Vlhv7ZKfGl7+8+K7ANY=
-195,171,d7SzvLRAHijkeKFzV4rcUFBG57s=,RH3R6Cr5Vlhv7ZKfGl7+8+K7ANY=
-200,171,d7SzvLRAHijkeKFzV4rcUFBG57s=,RH3R6Cr5Vlhv7ZKfGl7+8+K7ANY=
-199,171,d7SzvLRAHijkeKFzV4rcUFBG57s=,RH3R6Cr5Vlhv7ZKfGl7+8+K7ANY=
-195,170,d7SzvLRAHijkeKFzV4rcUFBG57s=,RH3R6Cr5Vlhv7ZKfGl7+8+K7ANY=
-201,170,d7SzvLRAHijkeKFzV4rcUFBG57s=,RH3R6Cr5Vlhv7ZKfGl7+8+K7ANY=
-203,170,d7SzvLRAHijkeKFzV4rcUFBG57s=,RH3R6Cr5Vlhv7ZKfGl7+8+K7ANY=
-202,170,d7SzvLRAHijkeKFzV4rcUFBG57s=,RH3R6Cr5Vlhv7ZKfGl7+8+K7ANY=
-204,170,d7SzvLRAHijkeKFzV4rcUFBG57s=,RH3R6Cr5Vlhv7ZKfGl7+8+K7ANY=
-205,170,d7SzvLRAHijkeKFzV4rcUFBG57s=,RH3R6Cr5Vlhv7ZKfGl7+8+K7ANY=
-206,170,d7SzvLRAHijkeKFzV4rcUFBG57s=,RH3R6Cr5Vlhv7ZKfGl7+8+K7ANY=
-207,170,d7SzvLRAHijkeKFzV4rcUFBG57s=,RH3R6Cr5Vlhv7ZKfGl7+8+K7ANY=
-208,170,d7SzvLRAHijkeKFzV4rcUFBG57s=,RH3R6Cr5Vlhv7ZKfGl7+8+K7ANY=
-198,160,d7SzvLRAHijkeKFzV4rcUFBG57s=,RH3R6Cr5Vlhv7ZKfGl7+8+K7ANY=
-194,170,d7SzvLRAHijkeKFzV4rcUFBG57s=,RH3R6Cr5Vlhv7ZKfGl7+8+K7ANY=
-202,172,d7SzvLRAHijkeKFzV4rcUFBG57s=,RH3R6Cr5Vlhv7ZKfGl7+8+K7ANY=
-201,171,d7SzvLRAHijkeKFzV4rcUFBG57s=,RH3R6Cr5Vlhv7ZKfGl7+8+K7ANY=
-193,171,d7SzvLRAHijkeKFzV4rcUFBG57s=,RH3R6Cr5Vlhv7ZKfGl7+8+K7ANY=
-196,170,d7SzvLRAHijkeKFzV4rcUFBG57s=,RH3R6Cr5Vlhv7ZKfGl7+8+K7ANY=
-198,170,d7SzvLRAHijkeKFzV4rcUFBG57s=,RH3R6Cr5Vlhv7ZKfGl7+8+K7ANY=
-200,170,d7SzvLRAHijkeKFzV4rcUFBG57s=,RH3R6Cr5Vlhv7ZKfGl7+8+K7ANY=
-200,169,d7SzvLRAHijkeKFzV4rcUFBG57s=,RH3R6Cr5Vlhv7ZKfGl7+8+K7ANY=
-201,169,d7SzvLRAHijkeKFzV4rcUFBG57s=,RH3R6Cr5Vlhv7ZKfGl7+8+K7ANY=
-202,169,d7SzvLRAHijkeKFzV4rcUFBG57s=,RH3R6Cr5Vlhv7ZKfGl7+8+K7ANY=
-203,169,d7SzvLRAHijkeKFzV4rcUFBG57s=,RH3R6Cr5Vlhv7ZKfGl7+8+K7ANY=
-199,170,d7SzvLRAHijkeKFzV4rcUFBG57s=,RH3R6Cr5Vlhv7ZKfGl7+8+K7ANY=
-204,169,d7SzvLRAHijkeKFzV4rcUFBG57s=,RH3R6Cr5Vlhv7ZKfGl7+8+K7ANY=
-205,169,d7SzvLRAHijkeKFzV4rcUFBG57s=,RH3R6Cr5Vlhv7ZKfGl7+8+K7ANY=
-206,169,d7SzvLRAHijkeKFzV4rcUFBG57s=,RH3R6Cr5Vlhv7ZKfGl7+8+K7ANY=
-208,169,d7SzvLRAHijkeKFzV4rcUFBG57s=,RH3R6Cr5Vlhv7ZKfGl7+8+K7ANY=
-207,169,d7SzvLRAHijkeKFzV4rcUFBG57s=,RH3R6Cr5Vlhv7ZKfGl7+8+K7ANY=
-195,169,d7SzvLRAHijkeKFzV4rcUFBG57s=,RH3R6Cr5Vlhv7ZKfGl7+8+K7ANY=
-197,170,d7SzvLRAHijkeKFzV4rcUFBG57s=,RH3R6Cr5Vlhv7ZKfGl7+8+K7ANY=
-196,169,d7SzvLRAHijkeKFzV4rcUFBG57s=,RH3R6Cr5Vlhv7ZKfGl7+8+K7ANY=
-197,169,d7SzvLRAHijkeKFzV4rcUFBG57s=,RH3R6Cr5Vlhv7ZKfGl7+8+K7ANY=
-193,170,d7SzvLRAHijkeKFzV4rcUFBG57s=,RH3R6Cr5Vlhv7ZKfGl7+8+K7ANY=
-201,168,d7SzvLRAHijkeKFzV4rcUFBG57s=,RH3R6Cr5Vlhv7ZKfGl7+8+K7ANY=
-202,168,d7SzvLRAHijkeKFzV4rcUFBG57s=,RH3R6Cr5Vlhv7ZKfGl7+8+K7ANY=
-199,160,d7SzvLRAHijkeKFzV4rcUFBG57s=,RH3R6Cr5Vlhv7ZKfGl7+8+K7ANY=
-203,168,d7SzvLRAHijkeKFzV4rcUFBG57s=,RH3R6Cr5Vlhv7ZKfGl7+8+K7ANY=
-200,168,d7SzvLRAHijkeKFzV4rcUFBG57s=,RH3R6Cr5Vlhv7ZKfGl7+8+K7ANY=
-205,168,d7SzvLRAHijkeKFzV4rcUFBG57s=,RH3R6Cr5Vlhv7ZKfGl7+8+K7ANY=
-206,168,d7SzvLRAHijkeKFzV4rcUFBG57s=,RH3R6Cr5Vlhv7ZKfGl7+8+K7ANY=
-199,168,d7SzvLRAHijkeKFzV4rcUFBG57s=,RH3R6Cr5Vlhv7ZKfGl7+8+K7ANY=
-207,168,d7SzvLRAHijkeKFzV4rcUFBG57s=,RH3R6Cr5Vlhv7ZKfGl7+8+K7ANY=
-204,168,d7SzvLRAHijkeKFzV4rcUFBG57s=,RH3R6Cr5Vlhv7ZKfGl7+8+K7ANY=
-200,160,d7SzvLRAHijkeKFzV4rcUFBG57s=,RH3R6Cr5Vlhv7ZKfGl7+8+K7ANY=
-208,168,d7SzvLRAHijkeKFzV4rcUFBG57s=,RH3R6Cr5Vlhv7ZKfGl7+8+K7ANY=
-194,169,d7SzvLRAHijkeKFzV4rcUFBG57s=,RH3R6Cr5Vlhv7ZKfGl7+8+K7ANY=
-198,169,d7SzvLRAHijkeKFzV4rcUFBG57s=,RH3R6Cr5Vlhv7ZKfGl7+8+K7ANY=
-195,168,d7SzvLRAHijkeKFzV4rcUFBG57s=,RH3R6Cr5Vlhv7ZKfGl7+8+K7ANY=
-193,169,d7SzvLRAHijkeKFzV4rcUFBG57s=,RH3R6Cr5Vlhv7ZKfGl7+8+K7ANY=
-195,167,d7SzvLRAHijkeKFzV4rcUFBG57s=,RH3R6Cr5Vlhv7ZKfGl7+8+K7ANY=
-196,168,d7SzvLRAHijkeKFzV4rcUFBG57s=,RH3R6Cr5Vlhv7ZKfGl7+8+K7ANY=
-199,167,d7SzvLRAHijkeKFzV4rcUFBG57s=,RH3R6Cr5Vlhv7ZKfGl7+8+K7ANY=
-200,167,d7SzvLRAHijkeKFzV4rcUFBG57s=,RH3R6Cr5Vlhv7ZKfGl7+8+K7ANY=
-194,168,d7SzvLRAHijkeKFzV4rcUFBG57s=,RH3R6Cr5Vlhv7ZKfGl7+8+K7ANY=
-201,167,d7SzvLRAHijkeKFzV4rcUFBG57s=,RH3R6Cr5Vlhv7ZKfGl7+8+K7ANY=
-202,167,d7SzvLRAHijkeKFzV4rcUFBG57s=,RH3R6Cr5Vlhv7ZKfGl7+8+K7ANY=
-203,167,d7SzvLRAHijkeKFzV4rcUFBG57s=,RH3R6Cr5Vlhv7ZKfGl7+8+K7ANY=
-205,167,d7SzvLRAHijkeKFzV4rcUFBG57s=,RH3R6Cr5Vlhv7ZKfGl7+8+K7ANY=
-204,167,d7SzvLRAHijkeKFzV4rcUFBG57s=,RH3R6Cr5Vlhv7ZKfGl7+8+K7ANY=
-206,167,d7SzvLRAHijkeKFzV4rcUFBG57s=,RH3R6Cr5Vlhv7ZKfGl7+8+K7ANY=
-207,167,d7SzvLRAHijkeKFzV4rcUFBG57s=,RH3R6Cr5Vlhv7ZKfGl7+8+K7ANY=
-208,167,d7SzvLRAHijkeKFzV4rcUFBG57s=,RH3R6Cr5Vlhv7ZKfGl7+8+K7ANY=
-201,160,d7SzvLRAHijkeKFzV4rcUFBG57s=,RH3R6Cr5Vlhv7ZKfGl7+8+K7ANY=
-197,168,d7SzvLRAHijkeKFzV4rcUFBG57s=,RH3R6Cr5Vlhv7ZKfGl7+8+K7ANY=
-198,167,d7SzvLRAHijkeKFzV4rcUFBG57s=,RH3R6Cr5Vlhv7ZKfGl7+8+K7ANY=
-198,168,d7SzvLRAHijkeKFzV4rcUFBG57s=,RH3R6Cr5Vlhv7ZKfGl7+8+K7ANY=
-196,167,d7SzvLRAHijkeKFzV4rcUFBG57s=,RH3R6Cr5Vlhv7ZKfGl7+8+K7ANY=
-199,166,d7SzvLRAHijkeKFzV4rcUFBG57s=,RH3R6Cr5Vlhv7ZKfGl7+8+K7ANY=
-200,166,d7SzvLRAHijkeKFzV4rcUFBG57s=,RH3R6Cr5Vlhv7ZKfGl7+8+K7ANY=
-201,166,d7SzvLRAHijkeKFzV4rcUFBG57s=,RH3R6Cr5Vlhv7ZKfGl7+8+K7ANY=
-199,169,d7SzvLRAHijkeKFzV4rcUFBG57s=,RH3R6Cr5Vlhv7ZKfGl7+8+K7ANY=
-202,166,d7SzvLRAHijkeKFzV4rcUFBG57s=,RH3R6Cr5Vlhv7ZKfGl7+8+K7ANY=
-203,166,d7SzvLRAHijkeKFzV4rcUFBG57s=,RH3R6Cr5Vlhv7ZKfGl7+8+K7ANY=
-204,166,d7SzvLRAHijkeKFzV4rcUFBG57s=,RH3R6Cr5Vlhv7ZKfGl7+8+K7ANY=
-205,166,d7SzvLRAHijkeKFzV4rcUFBG57s=,RH3R6Cr5Vlhv7ZKfGl7+8+K7ANY=
-207,166,d7SzvLRAHijkeKFzV4rcUFBG57s=,RH3R6Cr5Vlhv7ZKfGl7+8+K7ANY=
-206,166,d7SzvLRAHijkeKFzV4rcUFBG57s=,RH3R6Cr5Vlhv7ZKfGl7+8+K7ANY=
-202,160,d7SzvLRAHijkeKFzV4rcUFBG57s=,RH3R6Cr5Vlhv7ZKfGl7+8+K7ANY=
-208,166,d7SzvLRAHijkeKFzV4rcUFBG57s=,RH3R6Cr5Vlhv7ZKfGl7+8+K7ANY=
-193,168,d7SzvLRAHijkeKFzV4rcUFBG57s=,RH3R6Cr5Vlhv7ZKfGl7+8+K7ANY=
-197,167,d7SzvLRAHijkeKFzV4rcUFBG57s=,RH3R6Cr5Vlhv7ZKfGl7+8+K7ANY=
-194,167,d7SzvLRAHijkeKFzV4rcUFBG57s=,RH3R6Cr5Vlhv7ZKfGl7+8+K7ANY=
-195,166,d7SzvLRAHijkeKFzV4rcUFBG57s=,RH3R6Cr5Vlhv7ZKfGl7+8+K7ANY=
-197,166,d7SzvLRAHijkeKFzV4rcUFBG57s=,RH3R6Cr5Vlhv7ZKfGl7+8+K7ANY=
-198,166,d7SzvLRAHijkeKFzV4rcUFBG57s=,RH3R6Cr5Vlhv7ZKfGl7+8+K7ANY=
-199,165,d7SzvLRAHijkeKFzV4rcUFBG57s=,RH3R6Cr5Vlhv7ZKfGl7+8+K7ANY=
-200,165,d7SzvLRAHijkeKFzV4rcUFBG57s=,RH3R6Cr5Vlhv7ZKfGl7+8+K7ANY=
-201,165,d7SzvLRAHijkeKFzV4rcUFBG57s=,RH3R6Cr5Vlhv7ZKfGl7+8+K7ANY=
-202,165,d7SzvLRAHijkeKFzV4rcUFBG57s=,RH3R6Cr5Vlhv7ZKfGl7+8+K7ANY=
-203,165,d7SzvLRAHijkeKFzV4rcUFBG57s=,RH3R6Cr5Vlhv7ZKfGl7+8+K7ANY=
-204,165,d7SzvLRAHijkeKFzV4rcUFBG57s=,RH3R6Cr5Vlhv7ZKfGl7+8+K7ANY=
-205,165,d7SzvLRAHijkeKFzV4rcUFBG57s=,RH3R6Cr5Vlhv7ZKfGl7+8+K7ANY=
-206,165,d7SzvLRAHijkeKFzV4rcUFBG57s=,RH3R6Cr5Vlhv7ZKfGl7+8+K7ANY=
-208,165,d7SzvLRAHijkeKFzV4rcUFBG57s=,RH3R6Cr5Vlhv7ZKfGl7+8+K7ANY=
-207,165,d7SzvLRAHijkeKFzV4rcUFBG57s=,RH3R6Cr5Vlhv7ZKfGl7+8+K7ANY=
-203,160,d7SzvLRAHijkeKFzV4rcUFBG57s=,RH3R6Cr5Vlhv7ZKfGl7+8+K7ANY=
-196,166,d7SzvLRAHijkeKFzV4rcUFBG57s=,RH3R6Cr5Vlhv7ZKfGl7+8+K7ANY=
-193,167,d7SzvLRAHijkeKFzV4rcUFBG57s=,RH3R6Cr5Vlhv7ZKfGl7+8+K7ANY=
-196,165,d7SzvLRAHijkeKFzV4rcUFBG57s=,RH3R6Cr5Vlhv7ZKfGl7+8+K7ANY=
-194,166,d7SzvLRAHijkeKFzV4rcUFBG57s=,RH3R6Cr5Vlhv7ZKfGl7+8+K7ANY=
-197,165,d7SzvLRAHijkeKFzV4rcUFBG57s=,RH3R6Cr5Vlhv7ZKfGl7+8+K7ANY=
-198,164,d7SzvLRAHijkeKFzV4rcUFBG57s=,RH3R6Cr5Vlhv7ZKfGl7+8+K7ANY=
-199,164,d7SzvLRAHijkeKFzV4rcUFBG57s=,RH3R6Cr5Vlhv7ZKfGl7+8+K7ANY=
-200,164,d7SzvLRAHijkeKFzV4rcUFBG57s=,RH3R6Cr5Vlhv7ZKfGl7+8+K7ANY=
-201,164,d7SzvLRAHijkeKFzV4rcUFBG57s=,RH3R6Cr5Vlhv7ZKfGl7+8+K7ANY=
-202,164,d7SzvLRAHijkeKFzV4rcUFBG57s=,RH3R6Cr5Vlhv7ZKfGl7+8+K7ANY=
-203,164,d7SzvLRAHijkeKFzV4rcUFBG57s=,RH3R6Cr5Vlhv7ZKfGl7+8+K7ANY=
-205,164,d7SzvLRAHijkeKFzV4rcUFBG57s=,RH3R6Cr5Vlhv7ZKfGl7+8+K7ANY=
-207,164,d7SzvLRAHijkeKFzV4rcUFBG57s=,RH3R6Cr5Vlhv7ZKfGl7+8+K7ANY=
-208,164,d7SzvLRAHijkeKFzV4rcUFBG57s=,RH3R6Cr5Vlhv7ZKfGl7+8+K7ANY=
-204,160,d7SzvLRAHijkeKFzV4rcUFBG57s=,RH3R6Cr5Vlhv7ZKfGl7+8+K7ANY=
-195,165,d7SzvLRAHijkeKFzV4rcUFBG57s=,RH3R6Cr5Vlhv7ZKfGl7+8+K7ANY=
-198,165,d7SzvLRAHijkeKFzV4rcUFBG57s=,RH3R6Cr5Vlhv7ZKfGl7+8+K7ANY=
-193,173,d7SzvLRAHijkeKFzV4rcUFBG57s=,RH3R6Cr5Vlhv7ZKfGl7+8+K7ANY=
-196,164,d7SzvLRAHijkeKFzV4rcUFBG57s=,RH3R6Cr5Vlhv7ZKfGl7+8+K7ANY=
-197,164,d7SzvLRAHijkeKFzV4rcUFBG57s=,RH3R6Cr5Vlhv7ZKfGl7+8+K7ANY=
-198,163,d7SzvLRAHijkeKFzV4rcUFBG57s=,RH3R6Cr5Vlhv7ZKfGl7+8+K7ANY=
-199,163,d7SzvLRAHijkeKFzV4rcUFBG57s=,RH3R6Cr5Vlhv7ZKfGl7+8+K7ANY=
-201,163,d7SzvLRAHijkeKFzV4rcUFBG57s=,RH3R6Cr5Vlhv7ZKfGl7+8+K7ANY=
-202,163,d7SzvLRAHijkeKFzV4rcUFBG57s=,RH3R6Cr5Vlhv7ZKfGl7+8+K7ANY=
-200,163,d7SzvLRAHijkeKFzV4rcUFBG57s=,RH3R6Cr5Vlhv7ZKfGl7+8+K7ANY=
-203,163,d7SzvLRAHijkeKFzV4rcUFBG57s=,RH3R6Cr5Vlhv7ZKfGl7+8+K7ANY=
-204,164,d7SzvLRAHijkeKFzV4rcUFBG57s=,RH3R6Cr5Vlhv7ZKfGl7+8+K7ANY=
-204,163,d7SzvLRAHijkeKFzV4rcUFBG57s=,RH3R6Cr5Vlhv7ZKfGl7+8+K7ANY=
-205,163,d7SzvLRAHijkeKFzV4rcUFBG57s=,RH3R6Cr5Vlhv7ZKfGl7+8+K7ANY=
-206,163,d7SzvLRAHijkeKFzV4rcUFBG57s=,RH3R6Cr5Vlhv7ZKfGl7+8+K7ANY=
-207,163,d7SzvLRAHijkeKFzV4rcUFBG57s=,RH3R6Cr5Vlhv7ZKfGl7+8+K7ANY=
-208,163,d7SzvLRAHijkeKFzV4rcUFBG57s=,RH3R6Cr5Vlhv7ZKfGl7+8+K7ANY=
-205,160,d7SzvLRAHijkeKFzV4rcUFBG57s=,RH3R6Cr5Vlhv7ZKfGl7+8+K7ANY=
-195,164,d7SzvLRAHijkeKFzV4rcUFBG57s=,RH3R6Cr5Vlhv7ZKfGl7+8+K7ANY=
-197,163,d7SzvLRAHijkeKFzV4rcUFBG57s=,RH3R6Cr5Vlhv7ZKfGl7+8+K7ANY=
-193,165,d7SzvLRAHijkeKFzV4rcUFBG57s=,RH3R6Cr5Vlhv7ZKfGl7+8+K7ANY=
-193,164,d7SzvLRAHijkeKFzV4rcUFBG57s=,RH3R6Cr5Vlhv7ZKfGl7+8+K7ANY=
-196,163,d7SzvLRAHijkeKFzV4rcUFBG57s=,RH3R6Cr5Vlhv7ZKfGl7+8+K7ANY=
-198,162,d7SzvLRAHijkeKFzV4rcUFBG57s=,RH3R6Cr5Vlhv7ZKfGl7+8+K7ANY=
-200,162,d7SzvLRAHijkeKFzV4rcUFBG57s=,RH3R6Cr5Vlhv7ZKfGl7+8+K7ANY=
-199,162,d7SzvLRAHijkeKFzV4rcUFBG57s=,RH3R6Cr5Vlhv7ZKfGl7+8+K7ANY=
-201,162,d7SzvLRAHijkeKFzV4rcUFBG57s=,RH3R6Cr5Vlhv7ZKfGl7+8+K7ANY=
-202,162,d7SzvLRAHijkeKFzV4rcUFBG57s=,RH3R6Cr5Vlhv7ZKfGl7+8+K7ANY=
-203,162,d7SzvLRAHijkeKFzV4rcUFBG57s=,RH3R6Cr5Vlhv7ZKfGl7+8+K7ANY=
-204,162,d7SzvLRAHijkeKFzV4rcUFBG57s=,RH3R6Cr5Vlhv7ZKfGl7+8+K7ANY=
-205,162,d7SzvLRAHijkeKFzV4rcUFBG57s=,RH3R6Cr5Vlhv7ZKfGl7+8+K7ANY=
-206,162,d7SzvLRAHijkeKFzV4rcUFBG57s=,RH3R6Cr5Vlhv7ZKfGl7+8+K7ANY=
-207,162,d7SzvLRAHijkeKFzV4rcUFBG57s=,RH3R6Cr5Vlhv7ZKfGl7+8+K7ANY=
-208,162,d7SzvLRAHijkeKFzV4rcUFBG57s=,RH3R6Cr5Vlhv7ZKfGl7+8+K7ANY=
-206,160,d7SzvLRAHijkeKFzV4rcUFBG57s=,RH3R6Cr5Vlhv7ZKfGl7+8+K7ANY=
-194,164,d7SzvLRAHijkeKFzV4rcUFBG57s=,RH3R6Cr5Vlhv7ZKfGl7+8+K7ANY=
-202,174,d7SzvLRAHijkeKFzV4rcUFBG57s=,RH3R6Cr5Vlhv7ZKfGl7+8+K7ANY=
-207,160,d7SzvLRAHijkeKFzV4rcUFBG57s=,RH3R6Cr5Vlhv7ZKfGl7+8+K7ANY=
-193,163,d7SzvLRAHijkeKFzV4rcUFBG57s=,RH3R6Cr5Vlhv7ZKfGl7+8+K7ANY=
-194,163,d7SzvLRAHijkeKFzV4rcUFBG57s=,RH3R6Cr5Vlhv7ZKfGl7+8+K7ANY=
-193,162,d7SzvLRAHijkeKFzV4rcUFBG57s=,RH3R6Cr5Vlhv7ZKfGl7+8+K7ANY=
-198,161,d7SzvLRAHijkeKFzV4rcUFBG57s=,RH3R6Cr5Vlhv7ZKfGl7+8+K7ANY=
-199,161,d7SzvLRAHijkeKFzV4rcUFBG57s=,RH3R6Cr5Vlhv7ZKfGl7+8+K7ANY=
-200,161,d7SzvLRAHijkeKFzV4rcUFBG57s=,RH3R6Cr5Vlhv7ZKfGl7+8+K7ANY=
-201,161,d7SzvLRAHijkeKFzV4rcUFBG57s=,RH3R6Cr5Vlhv7ZKfGl7+8+K7ANY=
-202,161,d7SzvLRAHijkeKFzV4rcUFBG57s=,RH3R6Cr5Vlhv7ZKfGl7+8+K7ANY=
-204,161,d7SzvLRAHijkeKFzV4rcUFBG57s=,RH3R6Cr5Vlhv7ZKfGl7+8+K7ANY=
-203,161,d7SzvLRAHijkeKFzV4rcUFBG57s=,RH3R6Cr5Vlhv7ZKfGl7+8+K7ANY=
-205,161,d7SzvLRAHijkeKFzV4rcUFBG57s=,RH3R6Cr5Vlhv7ZKfGl7+8+K7ANY=
-206,161,d7SzvLRAHijkeKFzV4rcUFBG57s=,RH3R6Cr5Vlhv7ZKfGl7+8+K7ANY=
-207,161,d7SzvLRAHijkeKFzV4rcUFBG57s=,RH3R6Cr5Vlhv7ZKfGl7+8+K7ANY=
-197,162,d7SzvLRAHijkeKFzV4rcUFBG57s=,RH3R6Cr5Vlhv7ZKfGl7+8+K7ANY=
-195,163,d7SzvLRAHijkeKFzV4rcUFBG57s=,RH3R6Cr5Vlhv7ZKfGl7+8+K7ANY=
-196,161,d7SzvLRAHijkeKFzV4rcUFBG57s=,RH3R6Cr5Vlhv7ZKfGl7+8+K7ANY=
-195,162,d7SzvLRAHijkeKFzV4rcUFBG57s=,RH3R6Cr5Vlhv7ZKfGl7+8+K7ANY=
-193,166,d7SzvLRAHijkeKFzV4rcUFBG57s=,RH3R6Cr5Vlhv7ZKfGl7+8+K7ANY=
-206,164,d7SzvLRAHijkeKFzV4rcUFBG57s=,RH3R6Cr5Vlhv7ZKfGl7+8+K7ANY=
-196,162,d7SzvLRAHijkeKFzV4rcUFBG57s=,RH3R6Cr5Vlhv7ZKfGl7+8+K7ANY=
-197,161,d7SzvLRAHijkeKFzV4rcUFBG57s=,RH3R6Cr5Vlhv7ZKfGl7+8+K7ANY=
-194,165,d7SzvLRAHijkeKFzV4rcUFBG57s=,RH3R6Cr5Vlhv7ZKfGl7+8+K7ANY=
-195,161,d7SzvLRAHijkeKFzV4rcUFBG57s=,RH3R6Cr5Vlhv7ZKfGl7+8+K7ANY=
-194,162,d7SzvLRAHijkeKFzV4rcUFBG57s=,RH3R6Cr5Vlhv7ZKfGl7+8+K7ANY=
-194,161,d7SzvLRAHijkeKFzV4rcUFBG57s=,RH3R6Cr5Vlhv7ZKfGl7+8+K7ANY=
-193,161,d7SzvLRAHijkeKFzV4rcUFBG57s=,RH3R6Cr5Vlhv7ZKfGl7+8+K7ANY=
-224,176,UvnrUt83igkGUYWEF/1howcglAM=,RH3R6Cr5Vlhv7ZKfGl7+8+K7ANY=
-224,177,UvnrUt83igkGUYWEF/1howcglAM=,RH3R6Cr5Vlhv7ZKfGl7+8+K7ANY=
-223,177,UvnrUt83igkGUYWEF/1howcglAM=,RH3R6Cr5Vlhv7ZKfGl7+8+K7ANY=
-222,177,UvnrUt83igkGUYWEF/1howcglAM=,RH3R6Cr5Vlhv7ZKfGl7+8+K7ANY=
-220,177,UvnrUt83igkGUYWEF/1howcglAM=,RH3R6Cr5Vlhv7ZKfGl7+8+K7ANY=
-221,177,UvnrUt83igkGUYWEF/1howcglAM=,RH3R6Cr5Vlhv7ZKfGl7+8+K7ANY=
-219,177,UvnrUt83igkGUYWEF/1howcglAM=,RH3R6Cr5Vlhv7ZKfGl7+8+K7ANY=
-218,177,UvnrUt83igkGUYWEF/1howcglAM=,RH3R6Cr5Vlhv7ZKfGl7+8+K7ANY=
-217,177,UvnrUt83igkGUYWEF/1howcglAM=,RH3R6Cr5Vlhv7ZKfGl7+8+K7ANY=
-216,177,UvnrUt83igkGUYWEF/1howcglAM=,RH3R6Cr5Vlhv7ZKfGl7+8+K7ANY=
-215,177,UvnrUt83igkGUYWEF/1howcglAM=,RH3R6Cr5Vlhv7ZKfGl7+8+K7ANY=
-214,177,UvnrUt83igkGUYWEF/1howcglAM=,RH3R6Cr5Vlhv7ZKfGl7+8+K7ANY=
-213,177,UvnrUt83igkGUYWEF/1howcglAM=,RH3R6Cr5Vlhv7ZKfGl7+8+K7ANY=
-212,177,UvnrUt83igkGUYWEF/1howcglAM=,RH3R6Cr5Vlhv7ZKfGl7+8+K7ANY=
-211,177,UvnrUt83igkGUYWEF/1howcglAM=,RH3R6Cr5Vlhv7ZKfGl7+8+K7ANY=
-209,176,UvnrUt83igkGUYWEF/1howcglAM=,RH3R6Cr5Vlhv7ZKfGl7+8+K7ANY=
-222,191,UvnrUt83igkGUYWEF/1howcglAM=,RH3R6Cr5Vlhv7ZKfGl7+8+K7ANY=
-223,191,UvnrUt83igkGUYWEF/1howcglAM=,RH3R6Cr5Vlhv7ZKfGl7+8+K7ANY=
-224,191,UvnrUt83igkGUYWEF/1howcglAM=,RH3R6Cr5Vlhv7ZKfGl7+8+K7ANY=
-220,191,UvnrUt83igkGUYWEF/1howcglAM=,RH3R6Cr5Vlhv7ZKfGl7+8+K7ANY=
-210,177,UvnrUt83igkGUYWEF/1howcglAM=,RH3R6Cr5Vlhv7ZKfGl7+8+K7ANY=
-221,191,UvnrUt83igkGUYWEF/1howcglAM=,RH3R6Cr5Vlhv7ZKfGl7+8+K7ANY=
-218,191,UvnrUt83igkGUYWEF/1howcglAM=,RH3R6Cr5Vlhv7ZKfGl7+8+K7ANY=
-219,191,UvnrUt83igkGUYWEF/1howcglAM=,RH3R6Cr5Vlhv7ZKfGl7+8+K7ANY=
-210,176,UvnrUt83igkGUYWEF/1howcglAM=,RH3R6Cr5Vlhv7ZKfGl7+8+K7ANY=
-216,191,UvnrUt83igkGUYWEF/1howcglAM=,RH3R6Cr5Vlhv7ZKfGl7+8+K7ANY=
-209,191,UvnrUt83igkGUYWEF/1howcglAM=,RH3R6Cr5Vlhv7ZKfGl7+8+K7ANY=
-212,191,UvnrUt83igkGUYWEF/1howcglAM=,RH3R6Cr5Vlhv7ZKfGl7+8+K7ANY=
-213,191,UvnrUt83igkGUYWEF/1howcglAM=,RH3R6Cr5Vlhv7ZKfGl7+8+K7ANY=
-211,190,UvnrUt83igkGUYWEF/1howcglAM=,RH3R6Cr5Vlhv7ZKfGl7+8+K7ANY=
-210,190,UvnrUt83igkGUYWEF/1howcglAM=,RH3R6Cr5Vlhv7ZKfGl7+8+K7ANY=
-222,190,UvnrUt83igkGUYWEF/1howcglAM=,RH3R6Cr5Vlhv7ZKfGl7+8+K7ANY=
-223,190,UvnrUt83igkGUYWEF/1howcglAM=,RH3R6Cr5Vlhv7ZKfGl7+8+K7ANY=
-209,177,UvnrUt83igkGUYWEF/1howcglAM=,RH3R6Cr5Vlhv7ZKfGl7+8+K7ANY=
-221,190,UvnrUt83igkGUYWEF/1howcglAM=,RH3R6Cr5Vlhv7ZKfGl7+8+K7ANY=
-223,176,UvnrUt83igkGUYWEF/1howcglAM=,RH3R6Cr5Vlhv7ZKfGl7+8+K7ANY=
-211,176,UvnrUt83igkGUYWEF/1howcglAM=,RH3R6Cr5Vlhv7ZKfGl7+8+K7ANY=
-224,178,UvnrUt83igkGUYWEF/1howcglAM=,RH3R6Cr5Vlhv7ZKfGl7+8+K7ANY=
-224,190,UvnrUt83igkGUYWEF/1howcglAM=,RH3R6Cr5Vlhv7ZKfGl7+8+K7ANY=
-223,178,UvnrUt83igkGUYWEF/1howcglAM=,RH3R6Cr5Vlhv7ZKfGl7+8+K7ANY=
-222,178,UvnrUt83igkGUYWEF/1howcglAM=,RH3R6Cr5Vlhv7ZKfGl7+8+K7ANY=
-221,178,UvnrUt83igkGUYWEF/1howcglAM=,RH3R6Cr5Vlhv7ZKfGl7+8+K7ANY=
-220,178,UvnrUt83igkGUYWEF/1howcglAM=,RH3R6Cr5Vlhv7ZKfGl7+8+K7ANY=
-219,178,UvnrUt83igkGUYWEF/1howcglAM=,RH3R6Cr5Vlhv7ZKfGl7+8+K7ANY=
-218,178,UvnrUt83igkGUYWEF/1howcglAM=,RH3R6Cr5Vlhv7ZKfGl7+8+K7ANY=
-217,178,UvnrUt83igkGUYWEF/1howcglAM=,RH3R6Cr5Vlhv7ZKfGl7+8+K7ANY=
-215,178,UvnrUt83igkGUYWEF/1howcglAM=,RH3R6Cr5Vlhv7ZKfGl7+8+K7ANY=
-214,178,UvnrUt83igkGUYWEF/1howcglAM=,RH3R6Cr5Vlhv7ZKfGl7+8+K7ANY=
-213,178,UvnrUt83igkGUYWEF/1howcglAM=,RH3R6Cr5Vlhv7ZKfGl7+8+K7ANY=
-212,178,UvnrUt83igkGUYWEF/1howcglAM=,RH3R6Cr5Vlhv7ZKfGl7+8+K7ANY=
-219,190,UvnrUt83igkGUYWEF/1howcglAM=,RH3R6Cr5Vlhv7ZKfGl7+8+K7ANY=
-217,190,UvnrUt83igkGUYWEF/1howcglAM=,RH3R6Cr5Vlhv7ZKfGl7+8+K7ANY=
-216,178,UvnrUt83igkGUYWEF/1howcglAM=,RH3R6Cr5Vlhv7ZKfGl7+8+K7ANY=
-210,191,UvnrUt83igkGUYWEF/1howcglAM=,RH3R6Cr5Vlhv7ZKfGl7+8+K7ANY=
-220,190,UvnrUt83igkGUYWEF/1howcglAM=,RH3R6Cr5Vlhv7ZKfGl7+8+K7ANY=
-212,190,UvnrUt83igkGUYWEF/1howcglAM=,RH3R6Cr5Vlhv7ZKfGl7+8+K7ANY=
-215,190,UvnrUt83igkGUYWEF/1howcglAM=,RH3R6Cr5Vlhv7ZKfGl7+8+K7ANY=
-213,190,UvnrUt83igkGUYWEF/1howcglAM=,RH3R6Cr5Vlhv7ZKfGl7+8+K7ANY=
-216,190,UvnrUt83igkGUYWEF/1howcglAM=,RH3R6Cr5Vlhv7ZKfGl7+8+K7ANY=
-211,178,UvnrUt83igkGUYWEF/1howcglAM=,RH3R6Cr5Vlhv7ZKfGl7+8+K7ANY=
-218,190,UvnrUt83igkGUYWEF/1howcglAM=,RH3R6Cr5Vlhv7ZKfGl7+8+K7ANY=
-214,190,UvnrUt83igkGUYWEF/1howcglAM=,RH3R6Cr5Vlhv7ZKfGl7+8+K7ANY=
-217,189,UvnrUt83igkGUYWEF/1howcglAM=,RH3R6Cr5Vlhv7ZKfGl7+8+K7ANY=
-222,189,UvnrUt83igkGUYWEF/1howcglAM=,RH3R6Cr5Vlhv7ZKfGl7+8+K7ANY=
-210,189,UvnrUt83igkGUYWEF/1howcglAM=,RH3R6Cr5Vlhv7ZKfGl7+8+K7ANY=
-223,189,UvnrUt83igkGUYWEF/1howcglAM=,RH3R6Cr5Vlhv7ZKfGl7+8+K7ANY=
-219,189,UvnrUt83igkGUYWEF/1howcglAM=,RH3R6Cr5Vlhv7ZKfGl7+8+K7ANY=
-212,176,UvnrUt83igkGUYWEF/1howcglAM=,RH3R6Cr5Vlhv7ZKfGl7+8+K7ANY=
-216,189,UvnrUt83igkGUYWEF/1howcglAM=,RH3R6Cr5Vlhv7ZKfGl7+8+K7ANY=
-224,189,UvnrUt83igkGUYWEF/1howcglAM=,RH3R6Cr5Vlhv7ZKfGl7+8+K7ANY=
-221,189,UvnrUt83igkGUYWEF/1howcglAM=,RH3R6Cr5Vlhv7ZKfGl7+8+K7ANY=
-212,189,UvnrUt83igkGUYWEF/1howcglAM=,RH3R6Cr5Vlhv7ZKfGl7+8+K7ANY=
-220,189,UvnrUt83igkGUYWEF/1howcglAM=,RH3R6Cr5Vlhv7ZKfGl7+8+K7ANY=
-211,189,UvnrUt83igkGUYWEF/1howcglAM=,RH3R6Cr5Vlhv7ZKfGl7+8+K7ANY=
-213,189,UvnrUt83igkGUYWEF/1howcglAM=,RH3R6Cr5Vlhv7ZKfGl7+8+K7ANY=
-209,189,UvnrUt83igkGUYWEF/1howcglAM=,RH3R6Cr5Vlhv7ZKfGl7+8+K7ANY=
-216,188,UvnrUt83igkGUYWEF/1howcglAM=,RH3R6Cr5Vlhv7ZKfGl7+8+K7ANY=
-210,178,UvnrUt83igkGUYWEF/1howcglAM=,RH3R6Cr5Vlhv7ZKfGl7+8+K7ANY=
-214,189,UvnrUt83igkGUYWEF/1howcglAM=,RH3R6Cr5Vlhv7ZKfGl7+8+K7ANY=
-220,188,UvnrUt83igkGUYWEF/1howcglAM=,RH3R6Cr5Vlhv7ZKfGl7+8+K7ANY=
-222,188,UvnrUt83igkGUYWEF/1howcglAM=,RH3R6Cr5Vlhv7ZKfGl7+8+K7ANY=
-223,188,UvnrUt83igkGUYWEF/1howcglAM=,RH3R6Cr5Vlhv7ZKfGl7+8+K7ANY=
-215,189,UvnrUt83igkGUYWEF/1howcglAM=,RH3R6Cr5Vlhv7ZKfGl7+8+K7ANY=
-224,188,UvnrUt83igkGUYWEF/1howcglAM=,RH3R6Cr5Vlhv7ZKfGl7+8+K7ANY=
-218,189,UvnrUt83igkGUYWEF/1howcglAM=,RH3R6Cr5Vlhv7ZKfGl7+8+K7ANY=
-213,176,UvnrUt83igkGUYWEF/1howcglAM=,RH3R6Cr5Vlhv7ZKfGl7+8+K7ANY=
-221,188,UvnrUt83igkGUYWEF/1howcglAM=,RH3R6Cr5Vlhv7ZKfGl7+8+K7ANY=
-217,191,UvnrUt83igkGUYWEF/1howcglAM=,RH3R6Cr5Vlhv7ZKfGl7+8+K7ANY=
-218,188,UvnrUt83igkGUYWEF/1howcglAM=,RH3R6Cr5Vlhv7ZKfGl7+8+K7ANY=
-213,188,UvnrUt83igkGUYWEF/1howcglAM=,RH3R6Cr5Vlhv7ZKfGl7+8+K7ANY=
-209,188,UvnrUt83igkGUYWEF/1howcglAM=,RH3R6Cr5Vlhv7ZKfGl7+8+K7ANY=
-209,178,UvnrUt83igkGUYWEF/1howcglAM=,RH3R6Cr5Vlhv7ZKfGl7+8+K7ANY=
-224,179,UvnrUt83igkGUYWEF/1howcglAM=,RH3R6Cr5Vlhv7ZKfGl7+8+K7ANY=
-223,179,UvnrUt83igkGUYWEF/1howcglAM=,RH3R6Cr5Vlhv7ZKfGl7+8+K7ANY=
-221,179,UvnrUt83igkGUYWEF/1howcglAM=,RH3R6Cr5Vlhv7ZKfGl7+8+K7ANY=
-220,179,UvnrUt83igkGUYWEF/1howcglAM=,RH3R6Cr5Vlhv7ZKfGl7+8+K7ANY=
-219,179,UvnrUt83igkGUYWEF/1howcglAM=,RH3R6Cr5Vlhv7ZKfGl7+8+K7ANY=
-217,179,UvnrUt83igkGUYWEF/1howcglAM=,RH3R6Cr5Vlhv7ZKfGl7+8+K7ANY=
-215,179,UvnrUt83igkGUYWEF/1howcglAM=,RH3R6Cr5Vlhv7ZKfGl7+8+K7ANY=
-218,179,UvnrUt83igkGUYWEF/1howcglAM=,RH3R6Cr5Vlhv7ZKfGl7+8+K7ANY=
-216,179,UvnrUt83igkGUYWEF/1howcglAM=,RH3R6Cr5Vlhv7ZKfGl7+8+K7ANY=
-214,179,UvnrUt83igkGUYWEF/1howcglAM=,RH3R6Cr5Vlhv7ZKfGl7+8+K7ANY=
-213,179,UvnrUt83igkGUYWEF/1howcglAM=,RH3R6Cr5Vlhv7ZKfGl7+8+K7ANY=
-222,179,UvnrUt83igkGUYWEF/1howcglAM=,RH3R6Cr5Vlhv7ZKfGl7+8+K7ANY=
-212,179,UvnrUt83igkGUYWEF/1howcglAM=,RH3R6Cr5Vlhv7ZKfGl7+8+K7ANY=
-211,187,UvnrUt83igkGUYWEF/1howcglAM=,RH3R6Cr5Vlhv7ZKfGl7+8+K7ANY=
-209,187,UvnrUt83igkGUYWEF/1howcglAM=,RH3R6Cr5Vlhv7ZKfGl7+8+K7ANY=
-210,187,UvnrUt83igkGUYWEF/1howcglAM=,RH3R6Cr5Vlhv7ZKfGl7+8+K7ANY=
-212,188,UvnrUt83igkGUYWEF/1howcglAM=,RH3R6Cr5Vlhv7ZKfGl7+8+K7ANY=
-212,187,UvnrUt83igkGUYWEF/1howcglAM=,RH3R6Cr5Vlhv7ZKfGl7+8+K7ANY=
-218,187,UvnrUt83igkGUYWEF/1howcglAM=,RH3R6Cr5Vlhv7ZKfGl7+8+K7ANY=
-216,187,UvnrUt83igkGUYWEF/1howcglAM=,RH3R6Cr5Vlhv7ZKfGl7+8+K7ANY=
-215,191,UvnrUt83igkGUYWEF/1howcglAM=,RH3R6Cr5Vlhv7ZKfGl7+8+K7ANY=
-222,187,UvnrUt83igkGUYWEF/1howcglAM=,RH3R6Cr5Vlhv7ZKfGl7+8+K7ANY=
-219,187,UvnrUt83igkGUYWEF/1howcglAM=,RH3R6Cr5Vlhv7ZKfGl7+8+K7ANY=
-214,176,UvnrUt83igkGUYWEF/1howcglAM=,RH3R6Cr5Vlhv7ZKfGl7+8+K7ANY=
-223,187,UvnrUt83igkGUYWEF/1howcglAM=,RH3R6Cr5Vlhv7ZKfGl7+8+K7ANY=
-217,187,UvnrUt83igkGUYWEF/1howcglAM=,RH3R6Cr5Vlhv7ZKfGl7+8+K7ANY=
-221,187,UvnrUt83igkGUYWEF/1howcglAM=,RH3R6Cr5Vlhv7ZKfGl7+8+K7ANY=
-224,187,UvnrUt83igkGUYWEF/1howcglAM=,RH3R6Cr5Vlhv7ZKfGl7+8+K7ANY=
-211,179,UvnrUt83igkGUYWEF/1howcglAM=,RH3R6Cr5Vlhv7ZKfGl7+8+K7ANY=
-210,188,UvnrUt83igkGUYWEF/1howcglAM=,RH3R6Cr5Vlhv7ZKfGl7+8+K7ANY=
-220,187,UvnrUt83igkGUYWEF/1howcglAM=,RH3R6Cr5Vlhv7ZKfGl7+8+K7ANY=
-214,187,UvnrUt83igkGUYWEF/1howcglAM=,RH3R6Cr5Vlhv7ZKfGl7+8+K7ANY=
-215,187,UvnrUt83igkGUYWEF/1howcglAM=,RH3R6Cr5Vlhv7ZKfGl7+8+K7ANY=
-218,186,UvnrUt83igkGUYWEF/1howcglAM=,RH3R6Cr5Vlhv7ZKfGl7+8+K7ANY=
-217,186,UvnrUt83igkGUYWEF/1howcglAM=,RH3R6Cr5Vlhv7ZKfGl7+8+K7ANY=
-210,179,UvnrUt83igkGUYWEF/1howcglAM=,RH3R6Cr5Vlhv7ZKfGl7+8+K7ANY=
-224,180,UvnrUt83igkGUYWEF/1howcglAM=,RH3R6Cr5Vlhv7ZKfGl7+8+K7ANY=
-221,176,UvnrUt83igkGUYWEF/1howcglAM=,RH3R6Cr5Vlhv7ZKfGl7+8+K7ANY=
-223,180,UvnrUt83igkGUYWEF/1howcglAM=,RH3R6Cr5Vlhv7ZKfGl7+8+K7ANY=
-209,179,UvnrUt83igkGUYWEF/1howcglAM=,RH3R6Cr5Vlhv7ZKfGl7+8+K7ANY=
-222,180,UvnrUt83igkGUYWEF/1howcglAM=,RH3R6Cr5Vlhv7ZKfGl7+8+K7ANY=
-219,186,UvnrUt83igkGUYWEF/1howcglAM=,RH3R6Cr5Vlhv7ZKfGl7+8+K7ANY=
-217,188,UvnrUt83igkGUYWEF/1howcglAM=,RH3R6Cr5Vlhv7ZKfGl7+8+K7ANY=
-222,186,UvnrUt83igkGUYWEF/1howcglAM=,RH3R6Cr5Vlhv7ZKfGl7+8+K7ANY=
-223,186,UvnrUt83igkGUYWEF/1howcglAM=,RH3R6Cr5Vlhv7ZKfGl7+8+K7ANY=
-215,176,UvnrUt83igkGUYWEF/1howcglAM=,RH3R6Cr5Vlhv7ZKfGl7+8+K7ANY=
-224,186,UvnrUt83igkGUYWEF/1howcglAM=,RH3R6Cr5Vlhv7ZKfGl7+8+K7ANY=
-221,186,UvnrUt83igkGUYWEF/1howcglAM=,RH3R6Cr5Vlhv7ZKfGl7+8+K7ANY=
-214,186,UvnrUt83igkGUYWEF/1howcglAM=,RH3R6Cr5Vlhv7ZKfGl7+8+K7ANY=
-211,188,UvnrUt83igkGUYWEF/1howcglAM=,RH3R6Cr5Vlhv7ZKfGl7+8+K7ANY=
-211,186,UvnrUt83igkGUYWEF/1howcglAM=,RH3R6Cr5Vlhv7ZKfGl7+8+K7ANY=
-213,185,UvnrUt83igkGUYWEF/1howcglAM=,RH3R6Cr5Vlhv7ZKfGl7+8+K7ANY=
-215,185,UvnrUt83igkGUYWEF/1howcglAM=,RH3R6Cr5Vlhv7ZKfGl7+8+K7ANY=
-212,185,UvnrUt83igkGUYWEF/1howcglAM=,RH3R6Cr5Vlhv7ZKfGl7+8+K7ANY=
-216,186,UvnrUt83igkGUYWEF/1howcglAM=,RH3R6Cr5Vlhv7ZKfGl7+8+K7ANY=
-222,176,UvnrUt83igkGUYWEF/1howcglAM=,RH3R6Cr5Vlhv7ZKfGl7+8+K7ANY=
-212,186,UvnrUt83igkGUYWEF/1howcglAM=,RH3R6Cr5Vlhv7ZKfGl7+8+K7ANY=
-217,185,UvnrUt83igkGUYWEF/1howcglAM=,RH3R6Cr5Vlhv7ZKfGl7+8+K7ANY=
-215,186,UvnrUt83igkGUYWEF/1howcglAM=,RH3R6Cr5Vlhv7ZKfGl7+8+K7ANY=
-218,185,UvnrUt83igkGUYWEF/1howcglAM=,RH3R6Cr5Vlhv7ZKfGl7+8+K7ANY=
-220,186,UvnrUt83igkGUYWEF/1howcglAM=,RH3R6Cr5Vlhv7ZKfGl7+8+K7ANY=
-222,185,UvnrUt83igkGUYWEF/1howcglAM=,RH3R6Cr5Vlhv7ZKfGl7+8+K7ANY=
-216,176,UvnrUt83igkGUYWEF/1howcglAM=,RH3R6Cr5Vlhv7ZKfGl7+8+K7ANY=
-223,185,UvnrUt83igkGUYWEF/1howcglAM=,RH3R6Cr5Vlhv7ZKfGl7+8+K7ANY=
-221,180,UvnrUt83igkGUYWEF/1howcglAM=,RH3R6Cr5Vlhv7ZKfGl7+8+K7ANY=
-221,185,UvnrUt83igkGUYWEF/1howcglAM=,RH3R6Cr5Vlhv7ZKfGl7+8+K7ANY=
-224,185,UvnrUt83igkGUYWEF/1howcglAM=,RH3R6Cr5Vlhv7ZKfGl7+8+K7ANY=
-219,185,UvnrUt83igkGUYWEF/1howcglAM=,RH3R6Cr5Vlhv7ZKfGl7+8+K7ANY=
-214,191,UvnrUt83igkGUYWEF/1howcglAM=,RH3R6Cr5Vlhv7ZKfGl7+8+K7ANY=
-214,185,UvnrUt83igkGUYWEF/1howcglAM=,RH3R6Cr5Vlhv7ZKfGl7+8+K7ANY=
-213,184,UvnrUt83igkGUYWEF/1howcglAM=,RH3R6Cr5Vlhv7ZKfGl7+8+K7ANY=
-215,184,UvnrUt83igkGUYWEF/1howcglAM=,RH3R6Cr5Vlhv7ZKfGl7+8+K7ANY=
-212,184,UvnrUt83igkGUYWEF/1howcglAM=,RH3R6Cr5Vlhv7ZKfGl7+8+K7ANY=
-214,184,UvnrUt83igkGUYWEF/1howcglAM=,RH3R6Cr5Vlhv7ZKfGl7+8+K7ANY=
-220,185,UvnrUt83igkGUYWEF/1howcglAM=,RH3R6Cr5Vlhv7ZKfGl7+8+K7ANY=
-216,184,UvnrUt83igkGUYWEF/1howcglAM=,RH3R6Cr5Vlhv7ZKfGl7+8+K7ANY=
-217,184,UvnrUt83igkGUYWEF/1howcglAM=,RH3R6Cr5Vlhv7ZKfGl7+8+K7ANY=
-222,184,UvnrUt83igkGUYWEF/1howcglAM=,RH3R6Cr5Vlhv7ZKfGl7+8+K7ANY=
-216,185,UvnrUt83igkGUYWEF/1howcglAM=,RH3R6Cr5Vlhv7ZKfGl7+8+K7ANY=
-218,184,UvnrUt83igkGUYWEF/1howcglAM=,RH3R6Cr5Vlhv7ZKfGl7+8+K7ANY=
-223,184,UvnrUt83igkGUYWEF/1howcglAM=,RH3R6Cr5Vlhv7ZKfGl7+8+K7ANY=
-217,176,UvnrUt83igkGUYWEF/1howcglAM=,RH3R6Cr5Vlhv7ZKfGl7+8+K7ANY=
-224,184,UvnrUt83igkGUYWEF/1howcglAM=,RH3R6Cr5Vlhv7ZKfGl7+8+K7ANY=
-219,184,UvnrUt83igkGUYWEF/1howcglAM=,RH3R6Cr5Vlhv7ZKfGl7+8+K7ANY=
-210,184,UvnrUt83igkGUYWEF/1howcglAM=,RH3R6Cr5Vlhv7ZKfGl7+8+K7ANY=
-211,185,UvnrUt83igkGUYWEF/1howcglAM=,RH3R6Cr5Vlhv7ZKfGl7+8+K7ANY=
-220,180,UvnrUt83igkGUYWEF/1howcglAM=,RH3R6Cr5Vlhv7ZKfGl7+8+K7ANY=
-209,184,UvnrUt83igkGUYWEF/1howcglAM=,RH3R6Cr5Vlhv7ZKfGl7+8+K7ANY=
-213,183,UvnrUt83igkGUYWEF/1howcglAM=,RH3R6Cr5Vlhv7ZKfGl7+8+K7ANY=
-214,183,UvnrUt83igkGUYWEF/1howcglAM=,RH3R6Cr5Vlhv7ZKfGl7+8+K7ANY=
-219,180,UvnrUt83igkGUYWEF/1howcglAM=,RH3R6Cr5Vlhv7ZKfGl7+8+K7ANY=
-215,183,UvnrUt83igkGUYWEF/1howcglAM=,RH3R6Cr5Vlhv7ZKfGl7+8+K7ANY=
-213,186,UvnrUt83igkGUYWEF/1howcglAM=,RH3R6Cr5Vlhv7ZKfGl7+8+K7ANY=
-216,183,UvnrUt83igkGUYWEF/1howcglAM=,RH3R6Cr5Vlhv7ZKfGl7+8+K7ANY=
-217,183,UvnrUt83igkGUYWEF/1howcglAM=,RH3R6Cr5Vlhv7ZKfGl7+8+K7ANY=
-209,183,UvnrUt83igkGUYWEF/1howcglAM=,RH3R6Cr5Vlhv7ZKfGl7+8+K7ANY=
-220,183,UvnrUt83igkGUYWEF/1howcglAM=,RH3R6Cr5Vlhv7ZKfGl7+8+K7ANY=
-222,183,UvnrUt83igkGUYWEF/1howcglAM=,RH3R6Cr5Vlhv7ZKfGl7+8+K7ANY=
-213,187,UvnrUt83igkGUYWEF/1howcglAM=,RH3R6Cr5Vlhv7ZKfGl7+8+K7ANY=
-218,176,UvnrUt83igkGUYWEF/1howcglAM=,RH3R6Cr5Vlhv7ZKfGl7+8+K7ANY=
-223,183,UvnrUt83igkGUYWEF/1howcglAM=,RH3R6Cr5Vlhv7ZKfGl7+8+K7ANY=
-211,183,UvnrUt83igkGUYWEF/1howcglAM=,RH3R6Cr5Vlhv7ZKfGl7+8+K7ANY=
-224,183,UvnrUt83igkGUYWEF/1howcglAM=,RH3R6Cr5Vlhv7ZKfGl7+8+K7ANY=
-221,183,UvnrUt83igkGUYWEF/1howcglAM=,RH3R6Cr5Vlhv7ZKfGl7+8+K7ANY=
-209,185,UvnrUt83igkGUYWEF/1howcglAM=,RH3R6Cr5Vlhv7ZKfGl7+8+K7ANY=
-212,183,UvnrUt83igkGUYWEF/1howcglAM=,RH3R6Cr5Vlhv7ZKfGl7+8+K7ANY=
-218,183,UvnrUt83igkGUYWEF/1howcglAM=,RH3R6Cr5Vlhv7ZKfGl7+8+K7ANY=
-213,182,UvnrUt83igkGUYWEF/1howcglAM=,RH3R6Cr5Vlhv7ZKfGl7+8+K7ANY=
-211,182,UvnrUt83igkGUYWEF/1howcglAM=,RH3R6Cr5Vlhv7ZKfGl7+8+K7ANY=
-219,183,UvnrUt83igkGUYWEF/1howcglAM=,RH3R6Cr5Vlhv7ZKfGl7+8+K7ANY=
-218,180,UvnrUt83igkGUYWEF/1howcglAM=,RH3R6Cr5Vlhv7ZKfGl7+8+K7ANY=
-210,183,UvnrUt83igkGUYWEF/1howcglAM=,RH3R6Cr5Vlhv7ZKfGl7+8+K7ANY=
-214,182,UvnrUt83igkGUYWEF/1howcglAM=,RH3R6Cr5Vlhv7ZKfGl7+8+K7ANY=
-215,182,UvnrUt83igkGUYWEF/1howcglAM=,RH3R6Cr5Vlhv7ZKfGl7+8+K7ANY=
-211,191,UvnrUt83igkGUYWEF/1howcglAM=,RH3R6Cr5Vlhv7ZKfGl7+8+K7ANY=
-223,182,UvnrUt83igkGUYWEF/1howcglAM=,RH3R6Cr5Vlhv7ZKfGl7+8+K7ANY=
-209,190,UvnrUt83igkGUYWEF/1howcglAM=,RH3R6Cr5Vlhv7ZKfGl7+8+K7ANY=
-219,176,UvnrUt83igkGUYWEF/1howcglAM=,RH3R6Cr5Vlhv7ZKfGl7+8+K7ANY=
-222,182,UvnrUt83igkGUYWEF/1howcglAM=,RH3R6Cr5Vlhv7ZKfGl7+8+K7ANY=
-224,182,UvnrUt83igkGUYWEF/1howcglAM=,RH3R6Cr5Vlhv7ZKfGl7+8+K7ANY=
-220,182,UvnrUt83igkGUYWEF/1howcglAM=,RH3R6Cr5Vlhv7ZKfGl7+8+K7ANY=
-216,182,UvnrUt83igkGUYWEF/1howcglAM=,RH3R6Cr5Vlhv7ZKfGl7+8+K7ANY=
-217,182,UvnrUt83igkGUYWEF/1howcglAM=,RH3R6Cr5Vlhv7ZKfGl7+8+K7ANY=
-211,181,UvnrUt83igkGUYWEF/1howcglAM=,RH3R6Cr5Vlhv7ZKfGl7+8+K7ANY=
-221,182,UvnrUt83igkGUYWEF/1howcglAM=,RH3R6Cr5Vlhv7ZKfGl7+8+K7ANY=
-210,182,UvnrUt83igkGUYWEF/1howcglAM=,RH3R6Cr5Vlhv7ZKfGl7+8+K7ANY=
-217,180,UvnrUt83igkGUYWEF/1howcglAM=,RH3R6Cr5Vlhv7ZKfGl7+8+K7ANY=
-209,182,UvnrUt83igkGUYWEF/1howcglAM=,RH3R6Cr5Vlhv7ZKfGl7+8+K7ANY=
-210,181,UvnrUt83igkGUYWEF/1howcglAM=,RH3R6Cr5Vlhv7ZKfGl7+8+K7ANY=
-212,182,UvnrUt83igkGUYWEF/1howcglAM=,RH3R6Cr5Vlhv7ZKfGl7+8+K7ANY=
-213,181,UvnrUt83igkGUYWEF/1howcglAM=,RH3R6Cr5Vlhv7ZKfGl7+8+K7ANY=
-218,182,UvnrUt83igkGUYWEF/1howcglAM=,RH3R6Cr5Vlhv7ZKfGl7+8+K7ANY=
-216,180,UvnrUt83igkGUYWEF/1howcglAM=,RH3R6Cr5Vlhv7ZKfGl7+8+K7ANY=
-212,181,UvnrUt83igkGUYWEF/1howcglAM=,RH3R6Cr5Vlhv7ZKfGl7+8+K7ANY=
-214,181,UvnrUt83igkGUYWEF/1howcglAM=,RH3R6Cr5Vlhv7ZKfGl7+8+K7ANY=
-222,181,UvnrUt83igkGUYWEF/1howcglAM=,RH3R6Cr5Vlhv7ZKfGl7+8+K7ANY=
-223,181,UvnrUt83igkGUYWEF/1howcglAM=,RH3R6Cr5Vlhv7ZKfGl7+8+K7ANY=
-220,176,UvnrUt83igkGUYWEF/1howcglAM=,RH3R6Cr5Vlhv7ZKfGl7+8+K7ANY=
-224,181,UvnrUt83igkGUYWEF/1howcglAM=,RH3R6Cr5Vlhv7ZKfGl7+8+K7ANY=
-221,181,UvnrUt83igkGUYWEF/1howcglAM=,RH3R6Cr5Vlhv7ZKfGl7+8+K7ANY=
-215,181,UvnrUt83igkGUYWEF/1howcglAM=,RH3R6Cr5Vlhv7ZKfGl7+8+K7ANY=
-215,180,UvnrUt83igkGUYWEF/1howcglAM=,RH3R6Cr5Vlhv7ZKfGl7+8+K7ANY=
-209,181,UvnrUt83igkGUYWEF/1howcglAM=,RH3R6Cr5Vlhv7ZKfGl7+8+K7ANY=
-216,181,UvnrUt83igkGUYWEF/1howcglAM=,RH3R6Cr5Vlhv7ZKfGl7+8+K7ANY=
-211,180,UvnrUt83igkGUYWEF/1howcglAM=,RH3R6Cr5Vlhv7ZKfGl7+8+K7ANY=
-220,181,UvnrUt83igkGUYWEF/1howcglAM=,RH3R6Cr5Vlhv7ZKfGl7+8+K7ANY=
-211,184,UvnrUt83igkGUYWEF/1howcglAM=,RH3R6Cr5Vlhv7ZKfGl7+8+K7ANY=
-212,180,UvnrUt83igkGUYWEF/1howcglAM=,RH3R6Cr5Vlhv7ZKfGl7+8+K7ANY=
-213,180,UvnrUt83igkGUYWEF/1howcglAM=,RH3R6Cr5Vlhv7ZKfGl7+8+K7ANY=
-210,180,UvnrUt83igkGUYWEF/1howcglAM=,RH3R6Cr5Vlhv7ZKfGl7+8+K7ANY=
-221,184,UvnrUt83igkGUYWEF/1howcglAM=,RH3R6Cr5Vlhv7ZKfGl7+8+K7ANY=
-209,186,UvnrUt83igkGUYWEF/1howcglAM=,RH3R6Cr5Vlhv7ZKfGl7+8+K7ANY=
-220,184,UvnrUt83igkGUYWEF/1howcglAM=,RH3R6Cr5Vlhv7ZKfGl7+8+K7ANY=
-209,180,UvnrUt83igkGUYWEF/1howcglAM=,RH3R6Cr5Vlhv7ZKfGl7+8+K7ANY=
-217,181,UvnrUt83igkGUYWEF/1howcglAM=,RH3R6Cr5Vlhv7ZKfGl7+8+K7ANY=
-219,182,UvnrUt83igkGUYWEF/1howcglAM=,RH3R6Cr5Vlhv7ZKfGl7+8+K7ANY=
-219,188,UvnrUt83igkGUYWEF/1howcglAM=,RH3R6Cr5Vlhv7ZKfGl7+8+K7ANY=
-214,180,UvnrUt83igkGUYWEF/1howcglAM=,RH3R6Cr5Vlhv7ZKfGl7+8+K7ANY=
-218,181,UvnrUt83igkGUYWEF/1howcglAM=,RH3R6Cr5Vlhv7ZKfGl7+8+K7ANY=
-219,181,UvnrUt83igkGUYWEF/1howcglAM=,RH3R6Cr5Vlhv7ZKfGl7+8+K7ANY=
-215,188,UvnrUt83igkGUYWEF/1howcglAM=,RH3R6Cr5Vlhv7ZKfGl7+8+K7ANY=
-210,185,UvnrUt83igkGUYWEF/1howcglAM=,RH3R6Cr5Vlhv7ZKfGl7+8+K7ANY=
-210,186,UvnrUt83igkGUYWEF/1howcglAM=,RH3R6Cr5Vlhv7ZKfGl7+8+K7ANY=
-214,188,UvnrUt83igkGUYWEF/1howcglAM=,RH3R6Cr5Vlhv7ZKfGl7+8+K7ANY=
-208,177,UvnrUt83igkGUYWEF/1howcglAM=,RH3R6Cr5Vlhv7ZKfGl7+8+K7ANY=
-201,176,UvnrUt83igkGUYWEF/1howcglAM=,RH3R6Cr5Vlhv7ZKfGl7+8+K7ANY=
-194,176,UvnrUt83igkGUYWEF/1howcglAM=,RH3R6Cr5Vlhv7ZKfGl7+8+K7ANY=
-198,176,UvnrUt83igkGUYWEF/1howcglAM=,RH3R6Cr5Vlhv7ZKfGl7+8+K7ANY=
-200,176,UvnrUt83igkGUYWEF/1howcglAM=,RH3R6Cr5Vlhv7ZKfGl7+8+K7ANY=
-199,176,UvnrUt83igkGUYWEF/1howcglAM=,RH3R6Cr5Vlhv7ZKfGl7+8+K7ANY=
-193,176,UvnrUt83igkGUYWEF/1howcglAM=,RH3R6Cr5Vlhv7ZKfGl7+8+K7ANY=
-196,176,UvnrUt83igkGUYWEF/1howcglAM=,RH3R6Cr5Vlhv7ZKfGl7+8+K7ANY=
-194,191,UvnrUt83igkGUYWEF/1howcglAM=,RH3R6Cr5Vlhv7ZKfGl7+8+K7ANY=
-193,191,UvnrUt83igkGUYWEF/1howcglAM=,RH3R6Cr5Vlhv7ZKfGl7+8+K7ANY=
-197,176,UvnrUt83igkGUYWEF/1howcglAM=,RH3R6Cr5Vlhv7ZKfGl7+8+K7ANY=
-202,176,UvnrUt83igkGUYWEF/1howcglAM=,RH3R6Cr5Vlhv7ZKfGl7+8+K7ANY=
-195,176,UvnrUt83igkGUYWEF/1howcglAM=,RH3R6Cr5Vlhv7ZKfGl7+8+K7ANY=
-203,176,UvnrUt83igkGUYWEF/1howcglAM=,RH3R6Cr5Vlhv7ZKfGl7+8+K7ANY=
-205,176,UvnrUt83igkGUYWEF/1howcglAM=,RH3R6Cr5Vlhv7ZKfGl7+8+K7ANY=
-208,176,UvnrUt83igkGUYWEF/1howcglAM=,RH3R6Cr5Vlhv7ZKfGl7+8+K7ANY=
-195,191,UvnrUt83igkGUYWEF/1howcglAM=,RH3R6Cr5Vlhv7ZKfGl7+8+K7ANY=
-197,191,UvnrUt83igkGUYWEF/1howcglAM=,RH3R6Cr5Vlhv7ZKfGl7+8+K7ANY=
-204,176,UvnrUt83igkGUYWEF/1howcglAM=,RH3R6Cr5Vlhv7ZKfGl7+8+K7ANY=
-199,191,UvnrUt83igkGUYWEF/1howcglAM=,RH3R6Cr5Vlhv7ZKfGl7+8+K7ANY=
-198,191,UvnrUt83igkGUYWEF/1howcglAM=,RH3R6Cr5Vlhv7ZKfGl7+8+K7ANY=
-207,176,UvnrUt83igkGUYWEF/1howcglAM=,RH3R6Cr5Vlhv7ZKfGl7+8+K7ANY=
-196,191,UvnrUt83igkGUYWEF/1howcglAM=,RH3R6Cr5Vlhv7ZKfGl7+8+K7ANY=
-206,176,UvnrUt83igkGUYWEF/1howcglAM=,RH3R6Cr5Vlhv7ZKfGl7+8+K7ANY=
-206,191,UvnrUt83igkGUYWEF/1howcglAM=,RH3R6Cr5Vlhv7ZKfGl7+8+K7ANY=
-205,191,UvnrUt83igkGUYWEF/1howcglAM=,RH3R6Cr5Vlhv7ZKfGl7+8+K7ANY=
-200,191,UvnrUt83igkGUYWEF/1howcglAM=,RH3R6Cr5Vlhv7ZKfGl7+8+K7ANY=
-201,191,UvnrUt83igkGUYWEF/1howcglAM=,RH3R6Cr5Vlhv7ZKfGl7+8+K7ANY=
-204,191,UvnrUt83igkGUYWEF/1howcglAM=,RH3R6Cr5Vlhv7ZKfGl7+8+K7ANY=
-207,191,UvnrUt83igkGUYWEF/1howcglAM=,RH3R6Cr5Vlhv7ZKfGl7+8+K7ANY=
-199,190,UvnrUt83igkGUYWEF/1howcglAM=,RH3R6Cr5Vlhv7ZKfGl7+8+K7ANY=
-200,190,UvnrUt83igkGUYWEF/1howcglAM=,RH3R6Cr5Vlhv7ZKfGl7+8+K7ANY=
-197,190,UvnrUt83igkGUYWEF/1howcglAM=,RH3R6Cr5Vlhv7ZKfGl7+8+K7ANY=
-195,190,UvnrUt83igkGUYWEF/1howcglAM=,RH3R6Cr5Vlhv7ZKfGl7+8+K7ANY=
-198,190,UvnrUt83igkGUYWEF/1howcglAM=,RH3R6Cr5Vlhv7ZKfGl7+8+K7ANY=
-201,190,UvnrUt83igkGUYWEF/1howcglAM=,RH3R6Cr5Vlhv7ZKfGl7+8+K7ANY=
-202,191,UvnrUt83igkGUYWEF/1howcglAM=,RH3R6Cr5Vlhv7ZKfGl7+8+K7ANY=
-194,190,UvnrUt83igkGUYWEF/1howcglAM=,RH3R6Cr5Vlhv7ZKfGl7+8+K7ANY=
-205,190,UvnrUt83igkGUYWEF/1howcglAM=,RH3R6Cr5Vlhv7ZKfGl7+8+K7ANY=
-206,190,UvnrUt83igkGUYWEF/1howcglAM=,RH3R6Cr5Vlhv7ZKfGl7+8+K7ANY=
-202,190,UvnrUt83igkGUYWEF/1howcglAM=,RH3R6Cr5Vlhv7ZKfGl7+8+K7ANY=
-204,190,UvnrUt83igkGUYWEF/1howcglAM=,RH3R6Cr5Vlhv7ZKfGl7+8+K7ANY=
-207,190,UvnrUt83igkGUYWEF/1howcglAM=,RH3R6Cr5Vlhv7ZKfGl7+8+K7ANY=
-193,189,UvnrUt83igkGUYWEF/1howcglAM=,RH3R6Cr5Vlhv7ZKfGl7+8+K7ANY=
-203,190,UvnrUt83igkGUYWEF/1howcglAM=,RH3R6Cr5Vlhv7ZKfGl7+8+K7ANY=
-195,189,UvnrUt83igkGUYWEF/1howcglAM=,RH3R6Cr5Vlhv7ZKfGl7+8+K7ANY=
-208,190,UvnrUt83igkGUYWEF/1howcglAM=,RH3R6Cr5Vlhv7ZKfGl7+8+K7ANY=
-194,189,UvnrUt83igkGUYWEF/1howcglAM=,RH3R6Cr5Vlhv7ZKfGl7+8+K7ANY=
-196,189,UvnrUt83igkGUYWEF/1howcglAM=,RH3R6Cr5Vlhv7ZKfGl7+8+K7ANY=
-198,189,UvnrUt83igkGUYWEF/1howcglAM=,RH3R6Cr5Vlhv7ZKfGl7+8+K7ANY=
-197,189,UvnrUt83igkGUYWEF/1howcglAM=,RH3R6Cr5Vlhv7ZKfGl7+8+K7ANY=
-205,189,UvnrUt83igkGUYWEF/1howcglAM=,RH3R6Cr5Vlhv7ZKfGl7+8+K7ANY=
-199,189,UvnrUt83igkGUYWEF/1howcglAM=,RH3R6Cr5Vlhv7ZKfGl7+8+K7ANY=
-201,189,UvnrUt83igkGUYWEF/1howcglAM=,RH3R6Cr5Vlhv7ZKfGl7+8+K7ANY=
-202,189,UvnrUt83igkGUYWEF/1howcglAM=,RH3R6Cr5Vlhv7ZKfGl7+8+K7ANY=
-206,189,UvnrUt83igkGUYWEF/1howcglAM=,RH3R6Cr5Vlhv7ZKfGl7+8+K7ANY=
-204,189,UvnrUt83igkGUYWEF/1howcglAM=,RH3R6Cr5Vlhv7ZKfGl7+8+K7ANY=
-203,189,UvnrUt83igkGUYWEF/1howcglAM=,RH3R6Cr5Vlhv7ZKfGl7+8+K7ANY=
-200,189,UvnrUt83igkGUYWEF/1howcglAM=,RH3R6Cr5Vlhv7ZKfGl7+8+K7ANY=
-193,190,UvnrUt83igkGUYWEF/1howcglAM=,RH3R6Cr5Vlhv7ZKfGl7+8+K7ANY=
-207,189,UvnrUt83igkGUYWEF/1howcglAM=,RH3R6Cr5Vlhv7ZKfGl7+8+K7ANY=
-193,188,UvnrUt83igkGUYWEF/1howcglAM=,RH3R6Cr5Vlhv7ZKfGl7+8+K7ANY=
-208,189,UvnrUt83igkGUYWEF/1howcglAM=,RH3R6Cr5Vlhv7ZKfGl7+8+K7ANY=
-195,188,UvnrUt83igkGUYWEF/1howcglAM=,RH3R6Cr5Vlhv7ZKfGl7+8+K7ANY=
-194,188,UvnrUt83igkGUYWEF/1howcglAM=,RH3R6Cr5Vlhv7ZKfGl7+8+K7ANY=
-196,188,UvnrUt83igkGUYWEF/1howcglAM=,RH3R6Cr5Vlhv7ZKfGl7+8+K7ANY=
-197,188,UvnrUt83igkGUYWEF/1howcglAM=,RH3R6Cr5Vlhv7ZKfGl7+8+K7ANY=
-200,188,UvnrUt83igkGUYWEF/1howcglAM=,RH3R6Cr5Vlhv7ZKfGl7+8+K7ANY=
-199,188,UvnrUt83igkGUYWEF/1howcglAM=,RH3R6Cr5Vlhv7ZKfGl7+8+K7ANY=
-205,188,UvnrUt83igkGUYWEF/1howcglAM=,RH3R6Cr5Vlhv7ZKfGl7+8+K7ANY=
-198,188,UvnrUt83igkGUYWEF/1howcglAM=,RH3R6Cr5Vlhv7ZKfGl7+8+K7ANY=
-201,188,UvnrUt83igkGUYWEF/1howcglAM=,RH3R6Cr5Vlhv7ZKfGl7+8+K7ANY=
-204,188,UvnrUt83igkGUYWEF/1howcglAM=,RH3R6Cr5Vlhv7ZKfGl7+8+K7ANY=
-203,188,UvnrUt83igkGUYWEF/1howcglAM=,RH3R6Cr5Vlhv7ZKfGl7+8+K7ANY=
-202,188,UvnrUt83igkGUYWEF/1howcglAM=,RH3R6Cr5Vlhv7ZKfGl7+8+K7ANY=
-193,187,UvnrUt83igkGUYWEF/1howcglAM=,RH3R6Cr5Vlhv7ZKfGl7+8+K7ANY=
-194,187,UvnrUt83igkGUYWEF/1howcglAM=,RH3R6Cr5Vlhv7ZKfGl7+8+K7ANY=
-207,188,UvnrUt83igkGUYWEF/1howcglAM=,RH3R6Cr5Vlhv7ZKfGl7+8+K7ANY=
-208,188,UvnrUt83igkGUYWEF/1howcglAM=,RH3R6Cr5Vlhv7ZKfGl7+8+K7ANY=
-196,187,UvnrUt83igkGUYWEF/1howcglAM=,RH3R6Cr5Vlhv7ZKfGl7+8+K7ANY=
-195,187,UvnrUt83igkGUYWEF/1howcglAM=,RH3R6Cr5Vlhv7ZKfGl7+8+K7ANY=
-199,187,UvnrUt83igkGUYWEF/1howcglAM=,RH3R6Cr5Vlhv7ZKfGl7+8+K7ANY=
-204,187,UvnrUt83igkGUYWEF/1howcglAM=,RH3R6Cr5Vlhv7ZKfGl7+8+K7ANY=
-196,190,UvnrUt83igkGUYWEF/1howcglAM=,RH3R6Cr5Vlhv7ZKfGl7+8+K7ANY=
-198,187,UvnrUt83igkGUYWEF/1howcglAM=,RH3R6Cr5Vlhv7ZKfGl7+8+K7ANY=
-203,187,UvnrUt83igkGUYWEF/1howcglAM=,RH3R6Cr5Vlhv7ZKfGl7+8+K7ANY=
-202,187,UvnrUt83igkGUYWEF/1howcglAM=,RH3R6Cr5Vlhv7ZKfGl7+8+K7ANY=
-203,191,UvnrUt83igkGUYWEF/1howcglAM=,RH3R6Cr5Vlhv7ZKfGl7+8+K7ANY=
-197,187,UvnrUt83igkGUYWEF/1howcglAM=,RH3R6Cr5Vlhv7ZKfGl7+8+K7ANY=
-205,187,UvnrUt83igkGUYWEF/1howcglAM=,RH3R6Cr5Vlhv7ZKfGl7+8+K7ANY=
-201,187,UvnrUt83igkGUYWEF/1howcglAM=,RH3R6Cr5Vlhv7ZKfGl7+8+K7ANY=
-193,186,UvnrUt83igkGUYWEF/1howcglAM=,RH3R6Cr5Vlhv7ZKfGl7+8+K7ANY=
-200,187,UvnrUt83igkGUYWEF/1howcglAM=,RH3R6Cr5Vlhv7ZKfGl7+8+K7ANY=
-208,187,UvnrUt83igkGUYWEF/1howcglAM=,RH3R6Cr5Vlhv7ZKfGl7+8+K7ANY=
-207,187,UvnrUt83igkGUYWEF/1howcglAM=,RH3R6Cr5Vlhv7ZKfGl7+8+K7ANY=
-195,186,UvnrUt83igkGUYWEF/1howcglAM=,RH3R6Cr5Vlhv7ZKfGl7+8+K7ANY=
-197,186,UvnrUt83igkGUYWEF/1howcglAM=,RH3R6Cr5Vlhv7ZKfGl7+8+K7ANY=
-194,186,UvnrUt83igkGUYWEF/1howcglAM=,RH3R6Cr5Vlhv7ZKfGl7+8+K7ANY=
-204,186,UvnrUt83igkGUYWEF/1howcglAM=,RH3R6Cr5Vlhv7ZKfGl7+8+K7ANY=
-200,186,UvnrUt83igkGUYWEF/1howcglAM=,RH3R6Cr5Vlhv7ZKfGl7+8+K7ANY=
-198,186,UvnrUt83igkGUYWEF/1howcglAM=,RH3R6Cr5Vlhv7ZKfGl7+8+K7ANY=
-196,186,UvnrUt83igkGUYWEF/1howcglAM=,RH3R6Cr5Vlhv7ZKfGl7+8+K7ANY=
-199,186,UvnrUt83igkGUYWEF/1howcglAM=,RH3R6Cr5Vlhv7ZKfGl7+8+K7ANY=
-203,186,UvnrUt83igkGUYWEF/1howcglAM=,RH3R6Cr5Vlhv7ZKfGl7+8+K7ANY=
-193,185,UvnrUt83igkGUYWEF/1howcglAM=,RH3R6Cr5Vlhv7ZKfGl7+8+K7ANY=
-201,186,UvnrUt83igkGUYWEF/1howcglAM=,RH3R6Cr5Vlhv7ZKfGl7+8+K7ANY=
-207,186,UvnrUt83igkGUYWEF/1howcglAM=,RH3R6Cr5Vlhv7ZKfGl7+8+K7ANY=
-202,186,UvnrUt83igkGUYWEF/1howcglAM=,RH3R6Cr5Vlhv7ZKfGl7+8+K7ANY=
-194,185,UvnrUt83igkGUYWEF/1howcglAM=,RH3R6Cr5Vlhv7ZKfGl7+8+K7ANY=
-205,186,UvnrUt83igkGUYWEF/1howcglAM=,RH3R6Cr5Vlhv7ZKfGl7+8+K7ANY=
-195,185,UvnrUt83igkGUYWEF/1howcglAM=,RH3R6Cr5Vlhv7ZKfGl7+8+K7ANY=
-203,185,UvnrUt83igkGUYWEF/1howcglAM=,RH3R6Cr5Vlhv7ZKfGl7+8+K7ANY=
-196,185,UvnrUt83igkGUYWEF/1howcglAM=,RH3R6Cr5Vlhv7ZKfGl7+8+K7ANY=
-197,185,UvnrUt83igkGUYWEF/1howcglAM=,RH3R6Cr5Vlhv7ZKfGl7+8+K7ANY=
-206,186,UvnrUt83igkGUYWEF/1howcglAM=,RH3R6Cr5Vlhv7ZKfGl7+8+K7ANY=
-198,185,UvnrUt83igkGUYWEF/1howcglAM=,RH3R6Cr5Vlhv7ZKfGl7+8+K7ANY=
-208,191,UvnrUt83igkGUYWEF/1howcglAM=,RH3R6Cr5Vlhv7ZKfGl7+8+K7ANY=
-204,185,UvnrUt83igkGUYWEF/1howcglAM=,RH3R6Cr5Vlhv7ZKfGl7+8+K7ANY=
-199,185,UvnrUt83igkGUYWEF/1howcglAM=,RH3R6Cr5Vlhv7ZKfGl7+8+K7ANY=
-200,185,UvnrUt83igkGUYWEF/1howcglAM=,RH3R6Cr5Vlhv7ZKfGl7+8+K7ANY=
-202,185,UvnrUt83igkGUYWEF/1howcglAM=,RH3R6Cr5Vlhv7ZKfGl7+8+K7ANY=
-201,185,UvnrUt83igkGUYWEF/1howcglAM=,RH3R6Cr5Vlhv7ZKfGl7+8+K7ANY=
-205,185,UvnrUt83igkGUYWEF/1howcglAM=,RH3R6Cr5Vlhv7ZKfGl7+8+K7ANY=
-207,185,UvnrUt83igkGUYWEF/1howcglAM=,RH3R6Cr5Vlhv7ZKfGl7+8+K7ANY=
-193,184,UvnrUt83igkGUYWEF/1howcglAM=,RH3R6Cr5Vlhv7ZKfGl7+8+K7ANY=
-206,185,UvnrUt83igkGUYWEF/1howcglAM=,RH3R6Cr5Vlhv7ZKfGl7+8+K7ANY=
-208,185,UvnrUt83igkGUYWEF/1howcglAM=,RH3R6Cr5Vlhv7ZKfGl7+8+K7ANY=
-203,184,UvnrUt83igkGUYWEF/1howcglAM=,RH3R6Cr5Vlhv7ZKfGl7+8+K7ANY=
-194,184,UvnrUt83igkGUYWEF/1howcglAM=,RH3R6Cr5Vlhv7ZKfGl7+8+K7ANY=
-206,188,UvnrUt83igkGUYWEF/1howcglAM=,RH3R6Cr5Vlhv7ZKfGl7+8+K7ANY=
-204,184,UvnrUt83igkGUYWEF/1howcglAM=,RH3R6Cr5Vlhv7ZKfGl7+8+K7ANY=
-195,184,UvnrUt83igkGUYWEF/1howcglAM=,RH3R6Cr5Vlhv7ZKfGl7+8+K7ANY=
-197,184,UvnrUt83igkGUYWEF/1howcglAM=,RH3R6Cr5Vlhv7ZKfGl7+8+K7ANY=
-199,184,UvnrUt83igkGUYWEF/1howcglAM=,RH3R6Cr5Vlhv7ZKfGl7+8+K7ANY=
-200,184,UvnrUt83igkGUYWEF/1howcglAM=,RH3R6Cr5Vlhv7ZKfGl7+8+K7ANY=
-202,184,UvnrUt83igkGUYWEF/1howcglAM=,RH3R6Cr5Vlhv7ZKfGl7+8+K7ANY=
-198,184,UvnrUt83igkGUYWEF/1howcglAM=,RH3R6Cr5Vlhv7ZKfGl7+8+K7ANY=
-201,184,UvnrUt83igkGUYWEF/1howcglAM=,RH3R6Cr5Vlhv7ZKfGl7+8+K7ANY=
-207,184,UvnrUt83igkGUYWEF/1howcglAM=,RH3R6Cr5Vlhv7ZKfGl7+8+K7ANY=
-193,183,UvnrUt83igkGUYWEF/1howcglAM=,RH3R6Cr5Vlhv7ZKfGl7+8+K7ANY=
-205,184,UvnrUt83igkGUYWEF/1howcglAM=,RH3R6Cr5Vlhv7ZKfGl7+8+K7ANY=
-206,184,UvnrUt83igkGUYWEF/1howcglAM=,RH3R6Cr5Vlhv7ZKfGl7+8+K7ANY=
-203,183,UvnrUt83igkGUYWEF/1howcglAM=,RH3R6Cr5Vlhv7ZKfGl7+8+K7ANY=
-208,184,UvnrUt83igkGUYWEF/1howcglAM=,RH3R6Cr5Vlhv7ZKfGl7+8+K7ANY=
-206,187,UvnrUt83igkGUYWEF/1howcglAM=,RH3R6Cr5Vlhv7ZKfGl7+8+K7ANY=
-201,183,UvnrUt83igkGUYWEF/1howcglAM=,RH3R6Cr5Vlhv7ZKfGl7+8+K7ANY=
-196,183,UvnrUt83igkGUYWEF/1howcglAM=,RH3R6Cr5Vlhv7ZKfGl7+8+K7ANY=
-200,183,UvnrUt83igkGUYWEF/1howcglAM=,RH3R6Cr5Vlhv7ZKfGl7+8+K7ANY=
-202,183,UvnrUt83igkGUYWEF/1howcglAM=,RH3R6Cr5Vlhv7ZKfGl7+8+K7ANY=
-199,183,UvnrUt83igkGUYWEF/1howcglAM=,RH3R6Cr5Vlhv7ZKfGl7+8+K7ANY=
-194,183,UvnrUt83igkGUYWEF/1howcglAM=,RH3R6Cr5Vlhv7ZKfGl7+8+K7ANY=
-206,183,UvnrUt83igkGUYWEF/1howcglAM=,RH3R6Cr5Vlhv7ZKfGl7+8+K7ANY=
-198,183,UvnrUt83igkGUYWEF/1howcglAM=,RH3R6Cr5Vlhv7ZKfGl7+8+K7ANY=
-204,183,UvnrUt83igkGUYWEF/1howcglAM=,RH3R6Cr5Vlhv7ZKfGl7+8+K7ANY=
-207,183,UvnrUt83igkGUYWEF/1howcglAM=,RH3R6Cr5Vlhv7ZKfGl7+8+K7ANY=
-205,183,UvnrUt83igkGUYWEF/1howcglAM=,RH3R6Cr5Vlhv7ZKfGl7+8+K7ANY=
-208,183,UvnrUt83igkGUYWEF/1howcglAM=,RH3R6Cr5Vlhv7ZKfGl7+8+K7ANY=
-193,182,UvnrUt83igkGUYWEF/1howcglAM=,RH3R6Cr5Vlhv7ZKfGl7+8+K7ANY=
-194,182,UvnrUt83igkGUYWEF/1howcglAM=,RH3R6Cr5Vlhv7ZKfGl7+8+K7ANY=
-198,182,UvnrUt83igkGUYWEF/1howcglAM=,RH3R6Cr5Vlhv7ZKfGl7+8+K7ANY=
-203,182,V6cfX/EndD11ZtUU/SF/TgfzrtA=,RH3R6Cr5Vlhv7ZKfGl7+8+K7ANY=
-195,182,UvnrUt83igkGUYWEF/1howcglAM=,RH3R6Cr5Vlhv7ZKfGl7+8+K7ANY=
-196,182,UvnrUt83igkGUYWEF/1howcglAM=,RH3R6Cr5Vlhv7ZKfGl7+8+K7ANY=
-202,182,V6cfX/EndD11ZtUU/SF/TgfzrtA=,RH3R6Cr5Vlhv7ZKfGl7+8+K7ANY=
-200,182,V6cfX/EndD11ZtUU/SF/TgfzrtA=,RH3R6Cr5Vlhv7ZKfGl7+8+K7ANY=
-199,182,V6cfX/EndD11ZtUU/SF/TgfzrtA=,RH3R6Cr5Vlhv7ZKfGl7+8+K7ANY=
-206,182,V6cfX/EndD11ZtUU/SF/TgfzrtA=,RH3R6Cr5Vlhv7ZKfGl7+8+K7ANY=
-205,182,V6cfX/EndD11ZtUU/SF/TgfzrtA=,RH3R6Cr5Vlhv7ZKfGl7+8+K7ANY=
-204,182,V6cfX/EndD11ZtUU/SF/TgfzrtA=,RH3R6Cr5Vlhv7ZKfGl7+8+K7ANY=
-195,183,UvnrUt83igkGUYWEF/1howcglAM=,RH3R6Cr5Vlhv7ZKfGl7+8+K7ANY=
-208,182,V6cfX/EndD11ZtUU/SF/TgfzrtA=,RH3R6Cr5Vlhv7ZKfGl7+8+K7ANY=
-207,182,V6cfX/EndD11ZtUU/SF/TgfzrtA=,RH3R6Cr5Vlhv7ZKfGl7+8+K7ANY=
-196,184,UvnrUt83igkGUYWEF/1howcglAM=,RH3R6Cr5Vlhv7ZKfGl7+8+K7ANY=
-197,181,V6cfX/EndD11ZtUU/SF/TgfzrtA=,RH3R6Cr5Vlhv7ZKfGl7+8+K7ANY=
-201,181,V6cfX/EndD11ZtUU/SF/TgfzrtA=,RH3R6Cr5Vlhv7ZKfGl7+8+K7ANY=
-208,186,UvnrUt83igkGUYWEF/1howcglAM=,RH3R6Cr5Vlhv7ZKfGl7+8+K7ANY=
-203,181,V6cfX/EndD11ZtUU/SF/TgfzrtA=,RH3R6Cr5Vlhv7ZKfGl7+8+K7ANY=
-198,181,V6cfX/EndD11ZtUU/SF/TgfzrtA=,RH3R6Cr5Vlhv7ZKfGl7+8+K7ANY=
-196,181,V6cfX/EndD11ZtUU/SF/TgfzrtA=,RH3R6Cr5Vlhv7ZKfGl7+8+K7ANY=
-199,181,V6cfX/EndD11ZtUU/SF/TgfzrtA=,RH3R6Cr5Vlhv7ZKfGl7+8+K7ANY=
-205,181,V6cfX/EndD11ZtUU/SF/TgfzrtA=,RH3R6Cr5Vlhv7ZKfGl7+8+K7ANY=
-200,181,V6cfX/EndD11ZtUU/SF/TgfzrtA=,RH3R6Cr5Vlhv7ZKfGl7+8+K7ANY=
-206,181,V6cfX/EndD11ZtUU/SF/TgfzrtA=,RH3R6Cr5Vlhv7ZKfGl7+8+K7ANY=
-197,183,UvnrUt83igkGUYWEF/1howcglAM=,RH3R6Cr5Vlhv7ZKfGl7+8+K7ANY=
-202,181,V6cfX/EndD11ZtUU/SF/TgfzrtA=,RH3R6Cr5Vlhv7ZKfGl7+8+K7ANY=
-207,181,V6cfX/EndD11ZtUU/SF/TgfzrtA=,RH3R6Cr5Vlhv7ZKfGl7+8+K7ANY=
-193,181,V6cfX/EndD11ZtUU/SF/TgfzrtA=,RH3R6Cr5Vlhv7ZKfGl7+8+K7ANY=
-194,180,V6cfX/EndD11ZtUU/SF/TgfzrtA=,RH3R6Cr5Vlhv7ZKfGl7+8+K7ANY=
-208,181,V6cfX/EndD11ZtUU/SF/TgfzrtA=,RH3R6Cr5Vlhv7ZKfGl7+8+K7ANY=
-196,180,V6cfX/EndD11ZtUU/SF/TgfzrtA=,RH3R6Cr5Vlhv7ZKfGl7+8+K7ANY=
-193,180,V6cfX/EndD11ZtUU/SF/TgfzrtA=,RH3R6Cr5Vlhv7ZKfGl7+8+K7ANY=
-203,180,V6cfX/EndD11ZtUU/SF/TgfzrtA=,RH3R6Cr5Vlhv7ZKfGl7+8+K7ANY=
-195,180,V6cfX/EndD11ZtUU/SF/TgfzrtA=,RH3R6Cr5Vlhv7ZKfGl7+8+K7ANY=
-197,180,V6cfX/EndD11ZtUU/SF/TgfzrtA=,RH3R6Cr5Vlhv7ZKfGl7+8+K7ANY=
-198,180,V6cfX/EndD11ZtUU/SF/TgfzrtA=,RH3R6Cr5Vlhv7ZKfGl7+8+K7ANY=
-205,180,V6cfX/EndD11ZtUU/SF/TgfzrtA=,RH3R6Cr5Vlhv7ZKfGl7+8+K7ANY=
-199,180,V6cfX/EndD11ZtUU/SF/TgfzrtA=,RH3R6Cr5Vlhv7ZKfGl7+8+K7ANY=
-204,181,V6cfX/EndD11ZtUU/SF/TgfzrtA=,RH3R6Cr5Vlhv7ZKfGl7+8+K7ANY=
-200,180,V6cfX/EndD11ZtUU/SF/TgfzrtA=,RH3R6Cr5Vlhv7ZKfGl7+8+K7ANY=
-201,180,V6cfX/EndD11ZtUU/SF/TgfzrtA=,RH3R6Cr5Vlhv7ZKfGl7+8+K7ANY=
-204,180,V6cfX/EndD11ZtUU/SF/TgfzrtA=,RH3R6Cr5Vlhv7ZKfGl7+8+K7ANY=
-193,179,V6cfX/EndD11ZtUU/SF/TgfzrtA=,RH3R6Cr5Vlhv7ZKfGl7+8+K7ANY=
-207,180,V6cfX/EndD11ZtUU/SF/TgfzrtA=,RH3R6Cr5Vlhv7ZKfGl7+8+K7ANY=
-206,180,V6cfX/EndD11ZtUU/SF/TgfzrtA=,RH3R6Cr5Vlhv7ZKfGl7+8+K7ANY=
-202,180,V6cfX/EndD11ZtUU/SF/TgfzrtA=,RH3R6Cr5Vlhv7ZKfGl7+8+K7ANY=
-200,179,V6cfX/EndD11ZtUU/SF/TgfzrtA=,RH3R6Cr5Vlhv7ZKfGl7+8+K7ANY=
-197,179,V6cfX/EndD11ZtUU/SF/TgfzrtA=,RH3R6Cr5Vlhv7ZKfGl7+8+K7ANY=
-208,180,V6cfX/EndD11ZtUU/SF/TgfzrtA=,RH3R6Cr5Vlhv7ZKfGl7+8+K7ANY=
-195,179,V6cfX/EndD11ZtUU/SF/TgfzrtA=,RH3R6Cr5Vlhv7ZKfGl7+8+K7ANY=
-198,179,V6cfX/EndD11ZtUU/SF/TgfzrtA=,RH3R6Cr5Vlhv7ZKfGl7+8+K7ANY=
-196,179,V6cfX/EndD11ZtUU/SF/TgfzrtA=,RH3R6Cr5Vlhv7ZKfGl7+8+K7ANY=
-204,179,V6cfX/EndD11ZtUU/SF/TgfzrtA=,RH3R6Cr5Vlhv7ZKfGl7+8+K7ANY=
-199,179,V6cfX/EndD11ZtUU/SF/TgfzrtA=,RH3R6Cr5Vlhv7ZKfGl7+8+K7ANY=
-208,179,V6cfX/EndD11ZtUU/SF/TgfzrtA=,RH3R6Cr5Vlhv7ZKfGl7+8+K7ANY=
-203,179,V6cfX/EndD11ZtUU/SF/TgfzrtA=,RH3R6Cr5Vlhv7ZKfGl7+8+K7ANY=
-205,179,V6cfX/EndD11ZtUU/SF/TgfzrtA=,RH3R6Cr5Vlhv7ZKfGl7+8+K7ANY=
-201,179,V6cfX/EndD11ZtUU/SF/TgfzrtA=,RH3R6Cr5Vlhv7ZKfGl7+8+K7ANY=
-196,178,V6cfX/EndD11ZtUU/SF/TgfzrtA=,RH3R6Cr5Vlhv7ZKfGl7+8+K7ANY=
-206,179,V6cfX/EndD11ZtUU/SF/TgfzrtA=,RH3R6Cr5Vlhv7ZKfGl7+8+K7ANY=
-194,178,V6cfX/EndD11ZtUU/SF/TgfzrtA=,RH3R6Cr5Vlhv7ZKfGl7+8+K7ANY=
-198,178,V6cfX/EndD11ZtUU/SF/TgfzrtA=,RH3R6Cr5Vlhv7ZKfGl7+8+K7ANY=
-195,178,V6cfX/EndD11ZtUU/SF/TgfzrtA=,RH3R6Cr5Vlhv7ZKfGl7+8+K7ANY=
-197,178,V6cfX/EndD11ZtUU/SF/TgfzrtA=,RH3R6Cr5Vlhv7ZKfGl7+8+K7ANY=
-193,178,V6cfX/EndD11ZtUU/SF/TgfzrtA=,RH3R6Cr5Vlhv7ZKfGl7+8+K7ANY=
-207,179,V6cfX/EndD11ZtUU/SF/TgfzrtA=,RH3R6Cr5Vlhv7ZKfGl7+8+K7ANY=
-200,178,V6cfX/EndD11ZtUU/SF/TgfzrtA=,RH3R6Cr5Vlhv7ZKfGl7+8+K7ANY=
-199,178,V6cfX/EndD11ZtUU/SF/TgfzrtA=,RH3R6Cr5Vlhv7ZKfGl7+8+K7ANY=
-202,178,V6cfX/EndD11ZtUU/SF/TgfzrtA=,RH3R6Cr5Vlhv7ZKfGl7+8+K7ANY=
-194,181,V6cfX/EndD11ZtUU/SF/TgfzrtA=,RH3R6Cr5Vlhv7ZKfGl7+8+K7ANY=
-201,178,V6cfX/EndD11ZtUU/SF/TgfzrtA=,RH3R6Cr5Vlhv7ZKfGl7+8+K7ANY=
-204,178,V6cfX/EndD11ZtUU/SF/TgfzrtA=,RH3R6Cr5Vlhv7ZKfGl7+8+K7ANY=
-206,178,V6cfX/EndD11ZtUU/SF/TgfzrtA=,RH3R6Cr5Vlhv7ZKfGl7+8+K7ANY=
-203,178,V6cfX/EndD11ZtUU/SF/TgfzrtA=,RH3R6Cr5Vlhv7ZKfGl7+8+K7ANY=
-205,178,V6cfX/EndD11ZtUU/SF/TgfzrtA=,RH3R6Cr5Vlhv7ZKfGl7+8+K7ANY=
-208,178,V6cfX/EndD11ZtUU/SF/TgfzrtA=,RH3R6Cr5Vlhv7ZKfGl7+8+K7ANY=
-193,177,V6cfX/EndD11ZtUU/SF/TgfzrtA=,RH3R6Cr5Vlhv7ZKfGl7+8+K7ANY=
-194,177,V6cfX/EndD11ZtUU/SF/TgfzrtA=,RH3R6Cr5Vlhv7ZKfGl7+8+K7ANY=
-195,181,V6cfX/EndD11ZtUU/SF/TgfzrtA=,RH3R6Cr5Vlhv7ZKfGl7+8+K7ANY=
-207,178,V6cfX/EndD11ZtUU/SF/TgfzrtA=,RH3R6Cr5Vlhv7ZKfGl7+8+K7ANY=
-197,177,V6cfX/EndD11ZtUU/SF/TgfzrtA=,RH3R6Cr5Vlhv7ZKfGl7+8+K7ANY=
-200,177,V6cfX/EndD11ZtUU/SF/TgfzrtA=,RH3R6Cr5Vlhv7ZKfGl7+8+K7ANY=
-195,177,V6cfX/EndD11ZtUU/SF/TgfzrtA=,RH3R6Cr5Vlhv7ZKfGl7+8+K7ANY=
-196,177,V6cfX/EndD11ZtUU/SF/TgfzrtA=,RH3R6Cr5Vlhv7ZKfGl7+8+K7ANY=
-202,177,V6cfX/EndD11ZtUU/SF/TgfzrtA=,RH3R6Cr5Vlhv7ZKfGl7+8+K7ANY=
-202,179,V6cfX/EndD11ZtUU/SF/TgfzrtA=,RH3R6Cr5Vlhv7ZKfGl7+8+K7ANY=
-203,177,V6cfX/EndD11ZtUU/SF/TgfzrtA=,RH3R6Cr5Vlhv7ZKfGl7+8+K7ANY=
-198,177,V6cfX/EndD11ZtUU/SF/TgfzrtA=,RH3R6Cr5Vlhv7ZKfGl7+8+K7ANY=
-204,177,V6cfX/EndD11ZtUU/SF/TgfzrtA=,RH3R6Cr5Vlhv7ZKfGl7+8+K7ANY=
-201,177,V6cfX/EndD11ZtUU/SF/TgfzrtA=,RH3R6Cr5Vlhv7ZKfGl7+8+K7ANY=
-205,177,V6cfX/EndD11ZtUU/SF/TgfzrtA=,RH3R6Cr5Vlhv7ZKfGl7+8+K7ANY=
-207,177,V6cfX/EndD11ZtUU/SF/TgfzrtA=,RH3R6Cr5Vlhv7ZKfGl7+8+K7ANY=
-194,179,V6cfX/EndD11ZtUU/SF/TgfzrtA=,RH3R6Cr5Vlhv7ZKfGl7+8+K7ANY=
-199,177,V6cfX/EndD11ZtUU/SF/TgfzrtA=,RH3R6Cr5Vlhv7ZKfGl7+8+K7ANY=
-206,177,V6cfX/EndD11ZtUU/SF/TgfzrtA=,RH3R6Cr5Vlhv7ZKfGl7+8+K7ANY=
-197,182,UvnrUt83igkGUYWEF/1howcglAM=,RH3R6Cr5Vlhv7ZKfGl7+8+K7ANY=
-201,182,V6cfX/EndD11ZtUU/SF/TgfzrtA=,RH3R6Cr5Vlhv7ZKfGl7+8+K7ANY=
