64,-96,BKDeLeDWftCi7nGiyLwTStGN7AQ=,P5gWVRvkjjmSU+76gPWY/Ta8uEM=
79,-95,BKDeLeDWftCi7nGiyLwTStGN7AQ=,P5gWVRvkjjmSU+76gPWY/Ta8uEM=
64,-94,BKDeLeDWftCi7nGiyLwTStGN7AQ=,P5gWVRvkjjmSU+76gPWY/Ta8uEM=
65,-94,BKDeLeDWftCi7nGiyLwTStGN7AQ=,P5gWVRvkjjmSU+76gPWY/Ta8uEM=
66,-94,BKDeLeDWftCi7nGiyLwTStGN7AQ=,P5gWVRvkjjmSU+76gPWY/Ta8uEM=
67,-94,BKDeLeDWftCi7nGiyLwTStGN7AQ=,P5gWVRvkjjmSU+76gPWY/Ta8uEM=
68,-94,BKDeLeDWftCi7nGiyLwTStGN7AQ=,P5gWVRvkjjmSU+76gPWY/Ta8uEM=
69,-94,BKDeLeDWftCi7nGiyLwTStGN7AQ=,P5gWVRvkjjmSU+76gPWY/Ta8uEM=
70,-94,BKDeLeDWftCi7nGiyLwTStGN7AQ=,P5gWVRvkjjmSU+76gPWY/Ta8uEM=
71,-94,BKDeLeDWftCi7nGiyLwTStGN7AQ=,P5gWVRvkjjmSU+76gPWY/Ta8uEM=
72,-94,BKDeLeDWftCi7nGiyLwTStGN7AQ=,P5gWVRvkjjmSU+76gPWY/Ta8uEM=
73,-94,BKDeLeDWftCi7nGiyLwTStGN7AQ=,P5gWVRvkjjmSU+76gPWY/Ta8uEM=
74,-94,BKDeLeDWftCi7nGiyLwTStGN7AQ=,P5gWVRvkjjmSU+76gPWY/Ta8uEM=
75,-94,BKDeLeDWftCi7nGiyLwTStGN7AQ=,P5gWVRvkjjmSU+76gPWY/Ta8uEM=
76,-94,BKDeLeDWftCi7nGiyLwTStGN7AQ=,P5gWVRvkjjmSU+76gPWY/Ta8uEM=
77,-94,BKDeLeDWftCi7nGiyLwTStGN7AQ=,P5gWVRvkjjmSU+76gPWY/Ta8uEM=
64,-95,BKDeLeDWftCi7nGiyLwTStGN7AQ=,P5gWVRvkjjmSU+76gPWY/Ta8uEM=
78,-94,BKDeLeDWftCi7nGiyLwTStGN7AQ=,P5gWVRvkjjmSU+76gPWY/Ta8uEM=
79,-94,BKDeLeDWftCi7nGiyLwTStGN7AQ=,P5gWVRvkjjmSU+76gPWY/Ta8uEM=
64,-93,BKDeLeDWftCi7nGiyLwTStGN7AQ=,P5gWVRvkjjmSU+76gPWY/Ta8uEM=
65,-93,BKDeLeDWftCi7nGiyLwTStGN7AQ=,P5gWVRvkjjmSU+76gPWY/Ta8uEM=
66,-93,BKDeLeDWftCi7nGiyLwTStGN7AQ=,P5gWVRvkjjmSU+76gPWY/Ta8uEM=
67,-93,BKDeLeDWftCi7nGiyLwTStGN7AQ=,P5gWVRvkjjmSU+76gPWY/Ta8uEM=
68,-93,BKDeLeDWftCi7nGiyLwTStGN7AQ=,P5gWVRvkjjmSU+76gPWY/Ta8uEM=
69,-93,BKDeLeDWftCi7nGiyLwTStGN7AQ=,P5gWVRvkjjmSU+76gPWY/Ta8uEM=
70,-93,BKDeLeDWftCi7nGiyLwTStGN7AQ=,P5gWVRvkjjmSU+76gPWY/Ta8uEM=
71,-93,BKDeLeDWftCi7nGiyLwTStGN7AQ=,P5gWVRvkjjmSU+76gPWY/Ta8uEM=
72,-93,BKDeLeDWftCi7nGiyLwTStGN7AQ=,P5gWVRvkjjmSU+76gPWY/Ta8uEM=
73,-93,BKDeLeDWftCi7nGiyLwTStGN7AQ=,P5gWVRvkjjmSU+76gPWY/Ta8uEM=
74,-93,BKDeLeDWftCi7nGiyLwTStGN7AQ=,P5gWVRvkjjmSU+76gPWY/Ta8uEM=
75,-93,BKDeLeDWftCi7nGiyLwTStGN7AQ=,P5gWVRvkjjmSU+76gPWY/Ta8uEM=
76,-93,BKDeLeDWftCi7nGiyLwTStGN7AQ=,P5gWVRvkjjmSU+76gPWY/Ta8uEM=
65,-95,BKDeLeDWftCi7nGiyLwTStGN7AQ=,P5gWVRvkjjmSU+76gPWY/Ta8uEM=
77,-93,BKDeLeDWftCi7nGiyLwTStGN7AQ=,P5gWVRvkjjmSU+76gPWY/Ta8uEM=
78,-93,BKDeLeDWftCi7nGiyLwTStGN7AQ=,P5gWVRvkjjmSU+76gPWY/Ta8uEM=
79,-93,BKDeLeDWftCi7nGiyLwTStGN7AQ=,P5gWVRvkjjmSU+76gPWY/Ta8uEM=
64,-92,BKDeLeDWftCi7nGiyLwTStGN7AQ=,P5gWVRvkjjmSU+76gPWY/Ta8uEM=
65,-92,BKDeLeDWftCi7nGiyLwTStGN7AQ=,P5gWVRvkjjmSU+76gPWY/Ta8uEM=
66,-92,BKDeLeDWftCi7nGiyLwTStGN7AQ=,P5gWVRvkjjmSU+76gPWY/Ta8uEM=
67,-92,BKDeLeDWftCi7nGiyLwTStGN7AQ=,P5gWVRvkjjmSU+76gPWY/Ta8uEM=
68,-92,BKDeLeDWftCi7nGiyLwTStGN7AQ=,P5gWVRvkjjmSU+76gPWY/Ta8uEM=
69,-92,BKDeLeDWftCi7nGiyLwTStGN7AQ=,P5gWVRvkjjmSU+76gPWY/Ta8uEM=
70,-92,BKDeLeDWftCi7nGiyLwTStGN7AQ=,P5gWVRvkjjmSU+76gPWY/Ta8uEM=
71,-92,BKDeLeDWftCi7nGiyLwTStGN7AQ=,P5gWVRvkjjmSU+76gPWY/Ta8uEM=
72,-92,BKDeLeDWftCi7nGiyLwTStGN7AQ=,P5gWVRvkjjmSU+76gPWY/Ta8uEM=
73,-92,BKDeLeDWftCi7nGiyLwTStGN7AQ=,P5gWVRvkjjmSU+76gPWY/Ta8uEM=
74,-92,BKDeLeDWftCi7nGiyLwTStGN7AQ=,P5gWVRvkjjmSU+76gPWY/Ta8uEM=
75,-92,BKDeLeDWftCi7nGiyLwTStGN7AQ=,P5gWVRvkjjmSU+76gPWY/Ta8uEM=
66,-95,BKDeLeDWftCi7nGiyLwTStGN7AQ=,P5gWVRvkjjmSU+76gPWY/Ta8uEM=
76,-92,BKDeLeDWftCi7nGiyLwTStGN7AQ=,P5gWVRvkjjmSU+76gPWY/Ta8uEM=
77,-92,BKDeLeDWftCi7nGiyLwTStGN7AQ=,P5gWVRvkjjmSU+76gPWY/Ta8uEM=
78,-92,BKDeLeDWftCi7nGiyLwTStGN7AQ=,P5gWVRvkjjmSU+76gPWY/Ta8uEM=
79,-92,BKDeLeDWftCi7nGiyLwTStGN7AQ=,P5gWVRvkjjmSU+76gPWY/Ta8uEM=
64,-91,BKDeLeDWftCi7nGiyLwTStGN7AQ=,P5gWVRvkjjmSU+76gPWY/Ta8uEM=
65,-91,BKDeLeDWftCi7nGiyLwTStGN7AQ=,P5gWVRvkjjmSU+76gPWY/Ta8uEM=
66,-91,BKDeLeDWftCi7nGiyLwTStGN7AQ=,P5gWVRvkjjmSU+76gPWY/Ta8uEM=
67,-91,BKDeLeDWftCi7nGiyLwTStGN7AQ=,P5gWVRvkjjmSU+76gPWY/Ta8uEM=
68,-91,BKDeLeDWftCi7nGiyLwTStGN7AQ=,P5gWVRvkjjmSU+76gPWY/Ta8uEM=
69,-91,BKDeLeDWftCi7nGiyLwTStGN7AQ=,P5gWVRvkjjmSU+76gPWY/Ta8uEM=
70,-91,BKDeLeDWftCi7nGiyLwTStGN7AQ=,P5gWVRvkjjmSU+76gPWY/Ta8uEM=
71,-91,BKDeLeDWftCi7nGiyLwTStGN7AQ=,P5gWVRvkjjmSU+76gPWY/Ta8uEM=
72,-91,BKDeLeDWftCi7nGiyLwTStGN7AQ=,P5gWVRvkjjmSU+76gPWY/Ta8uEM=
73,-91,BKDeLeDWftCi7nGiyLwTStGN7AQ=,P5gWVRvkjjmSU+76gPWY/Ta8uEM=
74,-91,BKDeLeDWftCi7nGiyLwTStGN7AQ=,P5gWVRvkjjmSU+76gPWY/Ta8uEM=
67,-95,BKDeLeDWftCi7nGiyLwTStGN7AQ=,P5gWVRvkjjmSU+76gPWY/Ta8uEM=
75,-91,BKDeLeDWftCi7nGiyLwTStGN7AQ=,P5gWVRvkjjmSU+76gPWY/Ta8uEM=
76,-91,BKDeLeDWftCi7nGiyLwTStGN7AQ=,P5gWVRvkjjmSU+76gPWY/Ta8uEM=
77,-91,BKDeLeDWftCi7nGiyLwTStGN7AQ=,P5gWVRvkjjmSU+76gPWY/Ta8uEM=
78,-91,BKDeLeDWftCi7nGiyLwTStGN7AQ=,P5gWVRvkjjmSU+76gPWY/Ta8uEM=
79,-91,BKDeLeDWftCi7nGiyLwTStGN7AQ=,P5gWVRvkjjmSU+76gPWY/Ta8uEM=
64,-90,BKDeLeDWftCi7nGiyLwTStGN7AQ=,P5gWVRvkjjmSU+76gPWY/Ta8uEM=
65,-90,BKDeLeDWftCi7nGiyLwTStGN7AQ=,P5gWVRvkjjmSU+76gPWY/Ta8uEM=
66,-90,BKDeLeDWftCi7nGiyLwTStGN7AQ=,P5gWVRvkjjmSU+76gPWY/Ta8uEM=
67,-90,BKDeLeDWftCi7nGiyLwTStGN7AQ=,P5gWVRvkjjmSU+76gPWY/Ta8uEM=
68,-90,BKDeLeDWftCi7nGiyLwTStGN7AQ=,P5gWVRvkjjmSU+76gPWY/Ta8uEM=
69,-90,BKDeLeDWftCi7nGiyLwTStGN7AQ=,P5gWVRvkjjmSU+76gPWY/Ta8uEM=
70,-90,BKDeLeDWftCi7nGiyLwTStGN7AQ=,P5gWVRvkjjmSU+76gPWY/Ta8uEM=
71,-90,BKDeLeDWftCi7nGiyLwTStGN7AQ=,P5gWVRvkjjmSU+76gPWY/Ta8uEM=
72,-90,BKDeLeDWftCi7nGiyLwTStGN7AQ=,P5gWVRvkjjmSU+76gPWY/Ta8uEM=
73,-90,BKDeLeDWftCi7nGiyLwTStGN7AQ=,P5gWVRvkjjmSU+76gPWY/Ta8uEM=
68,-95,BKDeLeDWftCi7nGiyLwTStGN7AQ=,P5gWVRvkjjmSU+76gPWY/Ta8uEM=
74,-90,BKDeLeDWftCi7nGiyLwTStGN7AQ=,P5gWVRvkjjmSU+76gPWY/Ta8uEM=
75,-90,BKDeLeDWftCi7nGiyLwTStGN7AQ=,P5gWVRvkjjmSU+76gPWY/Ta8uEM=
76,-90,BKDeLeDWftCi7nGiyLwTStGN7AQ=,P5gWVRvkjjmSU+76gPWY/Ta8uEM=
77,-90,BKDeLeDWftCi7nGiyLwTStGN7AQ=,P5gWVRvkjjmSU+76gPWY/Ta8uEM=
78,-90,BKDeLeDWftCi7nGiyLwTStGN7AQ=,P5gWVRvkjjmSU+76gPWY/Ta8uEM=
79,-90,BKDeLeDWftCi7nGiyLwTStGN7AQ=,P5gWVRvkjjmSU+76gPWY/Ta8uEM=
64,-89,BKDeLeDWftCi7nGiyLwTStGN7AQ=,P5gWVRvkjjmSU+76gPWY/Ta8uEM=
66,-89,BKDeLeDWftCi7nGiyLwTStGN7AQ=,P5gWVRvkjjmSU+76gPWY/Ta8uEM=
65,-89,BKDeLeDWftCi7nGiyLwTStGN7AQ=,P5gWVRvkjjmSU+76gPWY/Ta8uEM=
67,-89,BKDeLeDWftCi7nGiyLwTStGN7AQ=,P5gWVRvkjjmSU+76gPWY/Ta8uEM=
68,-89,BKDeLeDWftCi7nGiyLwTStGN7AQ=,P5gWVRvkjjmSU+76gPWY/Ta8uEM=
69,-89,BKDeLeDWftCi7nGiyLwTStGN7AQ=,P5gWVRvkjjmSU+76gPWY/Ta8uEM=
70,-89,BKDeLeDWftCi7nGiyLwTStGN7AQ=,P5gWVRvkjjmSU+76gPWY/Ta8uEM=
71,-89,BKDeLeDWftCi7nGiyLwTStGN7AQ=,P5gWVRvkjjmSU+76gPWY/Ta8uEM=
72,-89,BKDeLeDWftCi7nGiyLwTStGN7AQ=,P5gWVRvkjjmSU+76gPWY/Ta8uEM=
69,-95,BKDeLeDWftCi7nGiyLwTStGN7AQ=,P5gWVRvkjjmSU+76gPWY/Ta8uEM=
73,-89,BKDeLeDWftCi7nGiyLwTStGN7AQ=,P5gWVRvkjjmSU+76gPWY/Ta8uEM=
74,-89,BKDeLeDWftCi7nGiyLwTStGN7AQ=,P5gWVRvkjjmSU+76gPWY/Ta8uEM=
75,-89,BKDeLeDWftCi7nGiyLwTStGN7AQ=,P5gWVRvkjjmSU+76gPWY/Ta8uEM=
76,-89,BKDeLeDWftCi7nGiyLwTStGN7AQ=,P5gWVRvkjjmSU+76gPWY/Ta8uEM=
77,-89,BKDeLeDWftCi7nGiyLwTStGN7AQ=,P5gWVRvkjjmSU+76gPWY/Ta8uEM=
78,-89,BKDeLeDWftCi7nGiyLwTStGN7AQ=,P5gWVRvkjjmSU+76gPWY/Ta8uEM=
79,-89,BKDeLeDWftCi7nGiyLwTStGN7AQ=,P5gWVRvkjjmSU+76gPWY/Ta8uEM=
64,-88,BKDeLeDWftCi7nGiyLwTStGN7AQ=,P5gWVRvkjjmSU+76gPWY/Ta8uEM=
65,-88,BKDeLeDWftCi7nGiyLwTStGN7AQ=,P5gWVRvkjjmSU+76gPWY/Ta8uEM=
66,-88,BKDeLeDWftCi7nGiyLwTStGN7AQ=,P5gWVRvkjjmSU+76gPWY/Ta8uEM=
67,-88,BKDeLeDWftCi7nGiyLwTStGN7AQ=,P5gWVRvkjjmSU+76gPWY/Ta8uEM=
68,-88,BKDeLeDWftCi7nGiyLwTStGN7AQ=,P5gWVRvkjjmSU+76gPWY/Ta8uEM=
69,-88,BKDeLeDWftCi7nGiyLwTStGN7AQ=,P5gWVRvkjjmSU+76gPWY/Ta8uEM=
70,-88,BKDeLeDWftCi7nGiyLwTStGN7AQ=,P5gWVRvkjjmSU+76gPWY/Ta8uEM=
71,-88,BKDeLeDWftCi7nGiyLwTStGN7AQ=,P5gWVRvkjjmSU+76gPWY/Ta8uEM=
70,-95,BKDeLeDWftCi7nGiyLwTStGN7AQ=,P5gWVRvkjjmSU+76gPWY/Ta8uEM=
72,-88,BKDeLeDWftCi7nGiyLwTStGN7AQ=,P5gWVRvkjjmSU+76gPWY/Ta8uEM=
73,-88,BKDeLeDWftCi7nGiyLwTStGN7AQ=,P5gWVRvkjjmSU+76gPWY/Ta8uEM=
74,-88,BKDeLeDWftCi7nGiyLwTStGN7AQ=,P5gWVRvkjjmSU+76gPWY/Ta8uEM=
75,-88,BKDeLeDWftCi7nGiyLwTStGN7AQ=,P5gWVRvkjjmSU+76gPWY/Ta8uEM=
76,-88,BKDeLeDWftCi7nGiyLwTStGN7AQ=,P5gWVRvkjjmSU+76gPWY/Ta8uEM=
77,-88,BKDeLeDWftCi7nGiyLwTStGN7AQ=,P5gWVRvkjjmSU+76gPWY/Ta8uEM=
78,-88,BKDeLeDWftCi7nGiyLwTStGN7AQ=,P5gWVRvkjjmSU+76gPWY/Ta8uEM=
79,-88,BKDeLeDWftCi7nGiyLwTStGN7AQ=,P5gWVRvkjjmSU+76gPWY/Ta8uEM=
64,-87,BKDeLeDWftCi7nGiyLwTStGN7AQ=,P5gWVRvkjjmSU+76gPWY/Ta8uEM=
65,-87,BKDeLeDWftCi7nGiyLwTStGN7AQ=,P5gWVRvkjjmSU+76gPWY/Ta8uEM=
66,-87,BKDeLeDWftCi7nGiyLwTStGN7AQ=,P5gWVRvkjjmSU+76gPWY/Ta8uEM=
67,-87,BKDeLeDWftCi7nGiyLwTStGN7AQ=,P5gWVRvkjjmSU+76gPWY/Ta8uEM=
68,-87,BKDeLeDWftCi7nGiyLwTStGN7AQ=,P5gWVRvkjjmSU+76gPWY/Ta8uEM=
69,-87,BKDeLeDWftCi7nGiyLwTStGN7AQ=,P5gWVRvkjjmSU+76gPWY/Ta8uEM=
70,-87,BKDeLeDWftCi7nGiyLwTStGN7AQ=,P5gWVRvkjjmSU+76gPWY/Ta8uEM=
71,-95,BKDeLeDWftCi7nGiyLwTStGN7AQ=,P5gWVRvkjjmSU+76gPWY/Ta8uEM=
71,-87,BKDeLeDWftCi7nGiyLwTStGN7AQ=,P5gWVRvkjjmSU+76gPWY/Ta8uEM=
72,-87,BKDeLeDWftCi7nGiyLwTStGN7AQ=,P5gWVRvkjjmSU+76gPWY/Ta8uEM=
73,-87,BKDeLeDWftCi7nGiyLwTStGN7AQ=,P5gWVRvkjjmSU+76gPWY/Ta8uEM=
74,-87,BKDeLeDWftCi7nGiyLwTStGN7AQ=,P5gWVRvkjjmSU+76gPWY/Ta8uEM=
75,-87,BKDeLeDWftCi7nGiyLwTStGN7AQ=,P5gWVRvkjjmSU+76gPWY/Ta8uEM=
76,-87,BKDeLeDWftCi7nGiyLwTStGN7AQ=,P5gWVRvkjjmSU+76gPWY/Ta8uEM=
77,-87,BKDeLeDWftCi7nGiyLwTStGN7AQ=,P5gWVRvkjjmSU+76gPWY/Ta8uEM=
78,-87,BKDeLeDWftCi7nGiyLwTStGN7AQ=,P5gWVRvkjjmSU+76gPWY/Ta8uEM=
64,-86,BKDeLeDWftCi7nGiyLwTStGN7AQ=,P5gWVRvkjjmSU+76gPWY/Ta8uEM=
79,-87,BKDeLeDWftCi7nGiyLwTStGN7AQ=,P5gWVRvkjjmSU+76gPWY/Ta8uEM=
65,-86,BKDeLeDWftCi7nGiyLwTStGN7AQ=,P5gWVRvkjjmSU+76gPWY/Ta8uEM=
66,-86,BKDeLeDWftCi7nGiyLwTStGN7AQ=,P5gWVRvkjjmSU+76gPWY/Ta8uEM=
67,-86,BKDeLeDWftCi7nGiyLwTStGN7AQ=,P5gWVRvkjjmSU+76gPWY/Ta8uEM=
68,-86,BKDeLeDWftCi7nGiyLwTStGN7AQ=,P5gWVRvkjjmSU+76gPWY/Ta8uEM=
69,-86,BKDeLeDWftCi7nGiyLwTStGN7AQ=,P5gWVRvkjjmSU+76gPWY/Ta8uEM=
72,-95,BKDeLeDWftCi7nGiyLwTStGN7AQ=,P5gWVRvkjjmSU+76gPWY/Ta8uEM=
70,-86,BKDeLeDWftCi7nGiyLwTStGN7AQ=,P5gWVRvkjjmSU+76gPWY/Ta8uEM=
71,-86,BKDeLeDWftCi7nGiyLwTStGN7AQ=,P5gWVRvkjjmSU+76gPWY/Ta8uEM=
72,-86,BKDeLeDWftCi7nGiyLwTStGN7AQ=,P5gWVRvkjjmSU+76gPWY/Ta8uEM=
73,-86,BKDeLeDWftCi7nGiyLwTStGN7AQ=,P5gWVRvkjjmSU+76gPWY/Ta8uEM=
74,-86,BKDeLeDWftCi7nGiyLwTStGN7AQ=,P5gWVRvkjjmSU+76gPWY/Ta8uEM=
75,-86,BKDeLeDWftCi7nGiyLwTStGN7AQ=,P5gWVRvkjjmSU+76gPWY/Ta8uEM=
76,-86,BKDeLeDWftCi7nGiyLwTStGN7AQ=,P5gWVRvkjjmSU+76gPWY/Ta8uEM=
77,-86,BKDeLeDWftCi7nGiyLwTStGN7AQ=,P5gWVRvkjjmSU+76gPWY/Ta8uEM=
78,-86,BKDeLeDWftCi7nGiyLwTStGN7AQ=,P5gWVRvkjjmSU+76gPWY/Ta8uEM=
79,-86,BKDeLeDWftCi7nGiyLwTStGN7AQ=,P5gWVRvkjjmSU+76gPWY/Ta8uEM=
64,-85,BKDeLeDWftCi7nGiyLwTStGN7AQ=,P5gWVRvkjjmSU+76gPWY/Ta8uEM=
65,-85,BKDeLeDWftCi7nGiyLwTStGN7AQ=,P5gWVRvkjjmSU+76gPWY/Ta8uEM=
66,-85,BKDeLeDWftCi7nGiyLwTStGN7AQ=,P5gWVRvkjjmSU+76gPWY/Ta8uEM=
67,-85,BKDeLeDWftCi7nGiyLwTStGN7AQ=,P5gWVRvkjjmSU+76gPWY/Ta8uEM=
68,-85,BKDeLeDWftCi7nGiyLwTStGN7AQ=,P5gWVRvkjjmSU+76gPWY/Ta8uEM=
73,-95,BKDeLeDWftCi7nGiyLwTStGN7AQ=,P5gWVRvkjjmSU+76gPWY/Ta8uEM=
69,-85,BKDeLeDWftCi7nGiyLwTStGN7AQ=,P5gWVRvkjjmSU+76gPWY/Ta8uEM=
70,-85,BKDeLeDWftCi7nGiyLwTStGN7AQ=,P5gWVRvkjjmSU+76gPWY/Ta8uEM=
71,-85,BKDeLeDWftCi7nGiyLwTStGN7AQ=,P5gWVRvkjjmSU+76gPWY/Ta8uEM=
72,-85,BKDeLeDWftCi7nGiyLwTStGN7AQ=,P5gWVRvkjjmSU+76gPWY/Ta8uEM=
73,-85,BKDeLeDWftCi7nGiyLwTStGN7AQ=,P5gWVRvkjjmSU+76gPWY/Ta8uEM=
74,-85,BKDeLeDWftCi7nGiyLwTStGN7AQ=,P5gWVRvkjjmSU+76gPWY/Ta8uEM=
75,-85,BKDeLeDWftCi7nGiyLwTStGN7AQ=,P5gWVRvkjjmSU+76gPWY/Ta8uEM=
76,-85,BKDeLeDWftCi7nGiyLwTStGN7AQ=,P5gWVRvkjjmSU+76gPWY/Ta8uEM=
77,-85,BKDeLeDWftCi7nGiyLwTStGN7AQ=,P5gWVRvkjjmSU+76gPWY/Ta8uEM=
78,-85,BKDeLeDWftCi7nGiyLwTStGN7AQ=,P5gWVRvkjjmSU+76gPWY/Ta8uEM=
79,-85,BKDeLeDWftCi7nGiyLwTStGN7AQ=,P5gWVRvkjjmSU+76gPWY/Ta8uEM=
64,-84,BKDeLeDWftCi7nGiyLwTStGN7AQ=,P5gWVRvkjjmSU+76gPWY/Ta8uEM=
65,-84,BKDeLeDWftCi7nGiyLwTStGN7AQ=,P5gWVRvkjjmSU+76gPWY/Ta8uEM=
66,-84,BKDeLeDWftCi7nGiyLwTStGN7AQ=,P5gWVRvkjjmSU+76gPWY/Ta8uEM=
67,-84,BKDeLeDWftCi7nGiyLwTStGN7AQ=,P5gWVRvkjjmSU+76gPWY/Ta8uEM=
74,-95,BKDeLeDWftCi7nGiyLwTStGN7AQ=,P5gWVRvkjjmSU+76gPWY/Ta8uEM=
68,-84,BKDeLeDWftCi7nGiyLwTStGN7AQ=,P5gWVRvkjjmSU+76gPWY/Ta8uEM=
69,-84,BKDeLeDWftCi7nGiyLwTStGN7AQ=,P5gWVRvkjjmSU+76gPWY/Ta8uEM=
70,-84,BKDeLeDWftCi7nGiyLwTStGN7AQ=,P5gWVRvkjjmSU+76gPWY/Ta8uEM=
71,-84,BKDeLeDWftCi7nGiyLwTStGN7AQ=,P5gWVRvkjjmSU+76gPWY/Ta8uEM=
72,-84,BKDeLeDWftCi7nGiyLwTStGN7AQ=,P5gWVRvkjjmSU+76gPWY/Ta8uEM=
73,-84,BKDeLeDWftCi7nGiyLwTStGN7AQ=,P5gWVRvkjjmSU+76gPWY/Ta8uEM=
74,-84,BKDeLeDWftCi7nGiyLwTStGN7AQ=,P5gWVRvkjjmSU+76gPWY/Ta8uEM=
75,-84,BKDeLeDWftCi7nGiyLwTStGN7AQ=,P5gWVRvkjjmSU+76gPWY/Ta8uEM=
76,-84,BKDeLeDWftCi7nGiyLwTStGN7AQ=,P5gWVRvkjjmSU+76gPWY/Ta8uEM=
77,-84,BKDeLeDWftCi7nGiyLwTStGN7AQ=,P5gWVRvkjjmSU+76gPWY/Ta8uEM=
78,-84,BKDeLeDWftCi7nGiyLwTStGN7AQ=,P5gWVRvkjjmSU+76gPWY/Ta8uEM=
79,-84,BKDeLeDWftCi7nGiyLwTStGN7AQ=,P5gWVRvkjjmSU+76gPWY/Ta8uEM=
64,-83,BKDeLeDWftCi7nGiyLwTStGN7AQ=,P5gWVRvkjjmSU+76gPWY/Ta8uEM=
65,-83,BKDeLeDWftCi7nGiyLwTStGN7AQ=,P5gWVRvkjjmSU+76gPWY/Ta8uEM=
66,-83,BKDeLeDWftCi7nGiyLwTStGN7AQ=,P5gWVRvkjjmSU+76gPWY/Ta8uEM=
75,-95,BKDeLeDWftCi7nGiyLwTStGN7AQ=,P5gWVRvkjjmSU+76gPWY/Ta8uEM=
67,-83,BKDeLeDWftCi7nGiyLwTStGN7AQ=,P5gWVRvkjjmSU+76gPWY/Ta8uEM=
68,-83,BKDeLeDWftCi7nGiyLwTStGN7AQ=,P5gWVRvkjjmSU+76gPWY/Ta8uEM=
69,-83,BKDeLeDWftCi7nGiyLwTStGN7AQ=,P5gWVRvkjjmSU+76gPWY/Ta8uEM=
70,-83,BKDeLeDWftCi7nGiyLwTStGN7AQ=,P5gWVRvkjjmSU+76gPWY/Ta8uEM=
71,-83,BKDeLeDWftCi7nGiyLwTStGN7AQ=,P5gWVRvkjjmSU+76gPWY/Ta8uEM=
72,-83,BKDeLeDWftCi7nGiyLwTStGN7AQ=,P5gWVRvkjjmSU+76gPWY/Ta8uEM=
73,-83,BKDeLeDWftCi7nGiyLwTStGN7AQ=,P5gWVRvkjjmSU+76gPWY/Ta8uEM=
74,-83,BKDeLeDWftCi7nGiyLwTStGN7AQ=,P5gWVRvkjjmSU+76gPWY/Ta8uEM=
75,-83,BKDeLeDWftCi7nGiyLwTStGN7AQ=,P5gWVRvkjjmSU+76gPWY/Ta8uEM=
76,-83,BKDeLeDWftCi7nGiyLwTStGN7AQ=,P5gWVRvkjjmSU+76gPWY/Ta8uEM=
77,-83,BKDeLeDWftCi7nGiyLwTStGN7AQ=,P5gWVRvkjjmSU+76gPWY/Ta8uEM=
78,-83,BKDeLeDWftCi7nGiyLwTStGN7AQ=,P5gWVRvkjjmSU+76gPWY/Ta8uEM=
79,-83,BKDeLeDWftCi7nGiyLwTStGN7AQ=,P5gWVRvkjjmSU+76gPWY/Ta8uEM=
64,-82,BKDeLeDWftCi7nGiyLwTStGN7AQ=,P5gWVRvkjjmSU+76gPWY/Ta8uEM=
65,-82,BKDeLeDWftCi7nGiyLwTStGN7AQ=,P5gWVRvkjjmSU+76gPWY/Ta8uEM=
76,-95,BKDeLeDWftCi7nGiyLwTStGN7AQ=,P5gWVRvkjjmSU+76gPWY/Ta8uEM=
66,-82,BKDeLeDWftCi7nGiyLwTStGN7AQ=,P5gWVRvkjjmSU+76gPWY/Ta8uEM=
67,-82,BKDeLeDWftCi7nGiyLwTStGN7AQ=,P5gWVRvkjjmSU+76gPWY/Ta8uEM=
68,-82,BKDeLeDWftCi7nGiyLwTStGN7AQ=,P5gWVRvkjjmSU+76gPWY/Ta8uEM=
69,-82,BKDeLeDWftCi7nGiyLwTStGN7AQ=,P5gWVRvkjjmSU+76gPWY/Ta8uEM=
70,-82,BKDeLeDWftCi7nGiyLwTStGN7AQ=,P5gWVRvkjjmSU+76gPWY/Ta8uEM=
71,-82,BKDeLeDWftCi7nGiyLwTStGN7AQ=,P5gWVRvkjjmSU+76gPWY/Ta8uEM=
72,-82,BKDeLeDWftCi7nGiyLwTStGN7AQ=,P5gWVRvkjjmSU+76gPWY/Ta8uEM=
73,-82,BKDeLeDWftCi7nGiyLwTStGN7AQ=,P5gWVRvkjjmSU+76gPWY/Ta8uEM=
74,-82,BKDeLeDWftCi7nGiyLwTStGN7AQ=,P5gWVRvkjjmSU+76gPWY/Ta8uEM=
75,-82,BKDeLeDWftCi7nGiyLwTStGN7AQ=,P5gWVRvkjjmSU+76gPWY/Ta8uEM=
76,-82,BKDeLeDWftCi7nGiyLwTStGN7AQ=,P5gWVRvkjjmSU+76gPWY/Ta8uEM=
77,-82,BKDeLeDWftCi7nGiyLwTStGN7AQ=,P5gWVRvkjjmSU+76gPWY/Ta8uEM=
78,-82,BKDeLeDWftCi7nGiyLwTStGN7AQ=,P5gWVRvkjjmSU+76gPWY/Ta8uEM=
79,-82,BKDeLeDWftCi7nGiyLwTStGN7AQ=,P5gWVRvkjjmSU+76gPWY/Ta8uEM=
64,-81,BKDeLeDWftCi7nGiyLwTStGN7AQ=,P5gWVRvkjjmSU+76gPWY/Ta8uEM=
77,-95,BKDeLeDWftCi7nGiyLwTStGN7AQ=,P5gWVRvkjjmSU+76gPWY/Ta8uEM=
65,-96,BKDeLeDWftCi7nGiyLwTStGN7AQ=,P5gWVRvkjjmSU+76gPWY/Ta8uEM=
66,-96,BKDeLeDWftCi7nGiyLwTStGN7AQ=,P5gWVRvkjjmSU+76gPWY/Ta8uEM=
67,-96,BKDeLeDWftCi7nGiyLwTStGN7AQ=,P5gWVRvkjjmSU+76gPWY/Ta8uEM=
68,-96,BKDeLeDWftCi7nGiyLwTStGN7AQ=,P5gWVRvkjjmSU+76gPWY/Ta8uEM=
69,-96,BKDeLeDWftCi7nGiyLwTStGN7AQ=,P5gWVRvkjjmSU+76gPWY/Ta8uEM=
70,-96,BKDeLeDWftCi7nGiyLwTStGN7AQ=,P5gWVRvkjjmSU+76gPWY/Ta8uEM=
71,-96,BKDeLeDWftCi7nGiyLwTStGN7AQ=,P5gWVRvkjjmSU+76gPWY/Ta8uEM=
72,-96,BKDeLeDWftCi7nGiyLwTStGN7AQ=,P5gWVRvkjjmSU+76gPWY/Ta8uEM=
73,-96,BKDeLeDWftCi7nGiyLwTStGN7AQ=,P5gWVRvkjjmSU+76gPWY/Ta8uEM=
74,-96,BKDeLeDWftCi7nGiyLwTStGN7AQ=,P5gWVRvkjjmSU+76gPWY/Ta8uEM=
75,-96,BKDeLeDWftCi7nGiyLwTStGN7AQ=,P5gWVRvkjjmSU+76gPWY/Ta8uEM=
76,-96,BKDeLeDWftCi7nGiyLwTStGN7AQ=,P5gWVRvkjjmSU+76gPWY/Ta8uEM=
77,-96,BKDeLeDWftCi7nGiyLwTStGN7AQ=,P5gWVRvkjjmSU+76gPWY/Ta8uEM=
65,-81,BKDeLeDWftCi7nGiyLwTStGN7AQ=,P5gWVRvkjjmSU+76gPWY/Ta8uEM=
78,-96,BKDeLeDWftCi7nGiyLwTStGN7AQ=,P5gWVRvkjjmSU+76gPWY/Ta8uEM=
66,-81,BKDeLeDWftCi7nGiyLwTStGN7AQ=,P5gWVRvkjjmSU+76gPWY/Ta8uEM=
67,-81,BKDeLeDWftCi7nGiyLwTStGN7AQ=,P5gWVRvkjjmSU+76gPWY/Ta8uEM=
68,-81,BKDeLeDWftCi7nGiyLwTStGN7AQ=,P5gWVRvkjjmSU+76gPWY/Ta8uEM=
69,-81,BKDeLeDWftCi7nGiyLwTStGN7AQ=,P5gWVRvkjjmSU+76gPWY/Ta8uEM=
70,-81,BKDeLeDWftCi7nGiyLwTStGN7AQ=,P5gWVRvkjjmSU+76gPWY/Ta8uEM=
71,-81,BKDeLeDWftCi7nGiyLwTStGN7AQ=,P5gWVRvkjjmSU+76gPWY/Ta8uEM=
72,-81,BKDeLeDWftCi7nGiyLwTStGN7AQ=,P5gWVRvkjjmSU+76gPWY/Ta8uEM=
73,-81,BKDeLeDWftCi7nGiyLwTStGN7AQ=,P5gWVRvkjjmSU+76gPWY/Ta8uEM=
74,-81,BKDeLeDWftCi7nGiyLwTStGN7AQ=,P5gWVRvkjjmSU+76gPWY/Ta8uEM=
75,-81,BKDeLeDWftCi7nGiyLwTStGN7AQ=,P5gWVRvkjjmSU+76gPWY/Ta8uEM=
76,-81,BKDeLeDWftCi7nGiyLwTStGN7AQ=,P5gWVRvkjjmSU+76gPWY/Ta8uEM=
77,-81,BKDeLeDWftCi7nGiyLwTStGN7AQ=,P5gWVRvkjjmSU+76gPWY/Ta8uEM=
78,-81,BKDeLeDWftCi7nGiyLwTStGN7AQ=,P5gWVRvkjjmSU+76gPWY/Ta8uEM=
79,-81,BKDeLeDWftCi7nGiyLwTStGN7AQ=,P5gWVRvkjjmSU+76gPWY/Ta8uEM=
78,-95,BKDeLeDWftCi7nGiyLwTStGN7AQ=,P5gWVRvkjjmSU+76gPWY/Ta8uEM=
79,-96,BKDeLeDWftCi7nGiyLwTStGN7AQ=,P5gWVRvkjjmSU+76gPWY/Ta8uEM=
95,-96,BKDeLeDWftCi7nGiyLwTStGN7AQ=,P5gWVRvkjjmSU+76gPWY/Ta8uEM=
80,-95,BKDeLeDWftCi7nGiyLwTStGN7AQ=,P5gWVRvkjjmSU+76gPWY/Ta8uEM=
80,-96,BKDeLeDWftCi7nGiyLwTStGN7AQ=,P5gWVRvkjjmSU+76gPWY/Ta8uEM=
81,-95,BKDeLeDWftCi7nGiyLwTStGN7AQ=,P5gWVRvkjjmSU+76gPWY/Ta8uEM=
82,-95,BKDeLeDWftCi7nGiyLwTStGN7AQ=,P5gWVRvkjjmSU+76gPWY/Ta8uEM=
83,-95,BKDeLeDWftCi7nGiyLwTStGN7AQ=,P5gWVRvkjjmSU+76gPWY/Ta8uEM=
84,-95,BKDeLeDWftCi7nGiyLwTStGN7AQ=,P5gWVRvkjjmSU+76gPWY/Ta8uEM=
85,-95,BKDeLeDWftCi7nGiyLwTStGN7AQ=,P5gWVRvkjjmSU+76gPWY/Ta8uEM=
86,-95,BKDeLeDWftCi7nGiyLwTStGN7AQ=,P5gWVRvkjjmSU+76gPWY/Ta8uEM=
87,-95,BKDeLeDWftCi7nGiyLwTStGN7AQ=,P5gWVRvkjjmSU+76gPWY/Ta8uEM=
88,-95,BKDeLeDWftCi7nGiyLwTStGN7AQ=,P5gWVRvkjjmSU+76gPWY/Ta8uEM=
89,-95,BKDeLeDWftCi7nGiyLwTStGN7AQ=,P5gWVRvkjjmSU+76gPWY/Ta8uEM=
90,-95,BKDeLeDWftCi7nGiyLwTStGN7AQ=,P5gWVRvkjjmSU+76gPWY/Ta8uEM=
91,-95,BKDeLeDWftCi7nGiyLwTStGN7AQ=,P5gWVRvkjjmSU+76gPWY/Ta8uEM=
92,-95,BKDeLeDWftCi7nGiyLwTStGN7AQ=,P5gWVRvkjjmSU+76gPWY/Ta8uEM=
93,-95,BKDeLeDWftCi7nGiyLwTStGN7AQ=,P5gWVRvkjjmSU+76gPWY/Ta8uEM=
81,-96,BKDeLeDWftCi7nGiyLwTStGN7AQ=,P5gWVRvkjjmSU+76gPWY/Ta8uEM=
94,-95,BKDeLeDWftCi7nGiyLwTStGN7AQ=,P5gWVRvkjjmSU+76gPWY/Ta8uEM=
95,-95,BKDeLeDWftCi7nGiyLwTStGN7AQ=,P5gWVRvkjjmSU+76gPWY/Ta8uEM=
82,-96,BKDeLeDWftCi7nGiyLwTStGN7AQ=,P5gWVRvkjjmSU+76gPWY/Ta8uEM=
80,-94,BKDeLeDWftCi7nGiyLwTStGN7AQ=,P5gWVRvkjjmSU+76gPWY/Ta8uEM=
81,-94,BKDeLeDWftCi7nGiyLwTStGN7AQ=,P5gWVRvkjjmSU+76gPWY/Ta8uEM=
82,-94,BKDeLeDWftCi7nGiyLwTStGN7AQ=,P5gWVRvkjjmSU+76gPWY/Ta8uEM=
83,-94,BKDeLeDWftCi7nGiyLwTStGN7AQ=,P5gWVRvkjjmSU+76gPWY/Ta8uEM=
84,-94,BKDeLeDWftCi7nGiyLwTStGN7AQ=,P5gWVRvkjjmSU+76gPWY/Ta8uEM=
85,-94,BKDeLeDWftCi7nGiyLwTStGN7AQ=,P5gWVRvkjjmSU+76gPWY/Ta8uEM=
86,-94,BKDeLeDWftCi7nGiyLwTStGN7AQ=,P5gWVRvkjjmSU+76gPWY/Ta8uEM=
87,-94,BKDeLeDWftCi7nGiyLwTStGN7AQ=,P5gWVRvkjjmSU+76gPWY/Ta8uEM=
95,-81,BKDeLeDWftCi7nGiyLwTStGN7AQ=,P5gWVRvkjjmSU+76gPWY/Ta8uEM=
94,-81,BKDeLeDWftCi7nGiyLwTStGN7AQ=,P5gWVRvkjjmSU+76gPWY/Ta8uEM=
93,-81,BKDeLeDWftCi7nGiyLwTStGN7AQ=,P5gWVRvkjjmSU+76gPWY/Ta8uEM=
92,-81,BKDeLeDWftCi7nGiyLwTStGN7AQ=,P5gWVRvkjjmSU+76gPWY/Ta8uEM=
91,-81,BKDeLeDWftCi7nGiyLwTStGN7AQ=,P5gWVRvkjjmSU+76gPWY/Ta8uEM=
90,-81,BKDeLeDWftCi7nGiyLwTStGN7AQ=,P5gWVRvkjjmSU+76gPWY/Ta8uEM=
89,-81,BKDeLeDWftCi7nGiyLwTStGN7AQ=,P5gWVRvkjjmSU+76gPWY/Ta8uEM=
88,-81,BKDeLeDWftCi7nGiyLwTStGN7AQ=,P5gWVRvkjjmSU+76gPWY/Ta8uEM=
87,-81,BKDeLeDWftCi7nGiyLwTStGN7AQ=,P5gWVRvkjjmSU+76gPWY/Ta8uEM=
86,-81,BKDeLeDWftCi7nGiyLwTStGN7AQ=,P5gWVRvkjjmSU+76gPWY/Ta8uEM=
85,-81,BKDeLeDWftCi7nGiyLwTStGN7AQ=,P5gWVRvkjjmSU+76gPWY/Ta8uEM=
84,-81,BKDeLeDWftCi7nGiyLwTStGN7AQ=,P5gWVRvkjjmSU+76gPWY/Ta8uEM=
83,-81,BKDeLeDWftCi7nGiyLwTStGN7AQ=,P5gWVRvkjjmSU+76gPWY/Ta8uEM=
82,-81,BKDeLeDWftCi7nGiyLwTStGN7AQ=,P5gWVRvkjjmSU+76gPWY/Ta8uEM=
81,-81,BKDeLeDWftCi7nGiyLwTStGN7AQ=,P5gWVRvkjjmSU+76gPWY/Ta8uEM=
80,-81,BKDeLeDWftCi7nGiyLwTStGN7AQ=,P5gWVRvkjjmSU+76gPWY/Ta8uEM=
95,-82,BKDeLeDWftCi7nGiyLwTStGN7AQ=,P5gWVRvkjjmSU+76gPWY/Ta8uEM=
94,-82,BKDeLeDWftCi7nGiyLwTStGN7AQ=,P5gWVRvkjjmSU+76gPWY/Ta8uEM=
93,-82,BKDeLeDWftCi7nGiyLwTStGN7AQ=,P5gWVRvkjjmSU+76gPWY/Ta8uEM=
92,-82,BKDeLeDWftCi7nGiyLwTStGN7AQ=,P5gWVRvkjjmSU+76gPWY/Ta8uEM=
91,-82,BKDeLeDWftCi7nGiyLwTStGN7AQ=,P5gWVRvkjjmSU+76gPWY/Ta8uEM=
90,-82,BKDeLeDWftCi7nGiyLwTStGN7AQ=,P5gWVRvkjjmSU+76gPWY/Ta8uEM=
89,-82,BKDeLeDWftCi7nGiyLwTStGN7AQ=,P5gWVRvkjjmSU+76gPWY/Ta8uEM=
88,-82,BKDeLeDWftCi7nGiyLwTStGN7AQ=,P5gWVRvkjjmSU+76gPWY/Ta8uEM=
87,-82,BKDeLeDWftCi7nGiyLwTStGN7AQ=,P5gWVRvkjjmSU+76gPWY/Ta8uEM=
86,-82,BKDeLeDWftCi7nGiyLwTStGN7AQ=,P5gWVRvkjjmSU+76gPWY/Ta8uEM=
85,-82,BKDeLeDWftCi7nGiyLwTStGN7AQ=,P5gWVRvkjjmSU+76gPWY/Ta8uEM=
84,-82,BKDeLeDWftCi7nGiyLwTStGN7AQ=,P5gWVRvkjjmSU+76gPWY/Ta8uEM=
83,-82,BKDeLeDWftCi7nGiyLwTStGN7AQ=,P5gWVRvkjjmSU+76gPWY/Ta8uEM=
82,-82,BKDeLeDWftCi7nGiyLwTStGN7AQ=,P5gWVRvkjjmSU+76gPWY/Ta8uEM=
81,-82,BKDeLeDWftCi7nGiyLwTStGN7AQ=,P5gWVRvkjjmSU+76gPWY/Ta8uEM=
80,-82,BKDeLeDWftCi7nGiyLwTStGN7AQ=,P5gWVRvkjjmSU+76gPWY/Ta8uEM=
94,-96,BKDeLeDWftCi7nGiyLwTStGN7AQ=,P5gWVRvkjjmSU+76gPWY/Ta8uEM=
95,-83,BKDeLeDWftCi7nGiyLwTStGN7AQ=,P5gWVRvkjjmSU+76gPWY/Ta8uEM=
94,-83,BKDeLeDWftCi7nGiyLwTStGN7AQ=,P5gWVRvkjjmSU+76gPWY/Ta8uEM=
93,-83,BKDeLeDWftCi7nGiyLwTStGN7AQ=,P5gWVRvkjjmSU+76gPWY/Ta8uEM=
92,-83,BKDeLeDWftCi7nGiyLwTStGN7AQ=,P5gWVRvkjjmSU+76gPWY/Ta8uEM=
91,-83,BKDeLeDWftCi7nGiyLwTStGN7AQ=,P5gWVRvkjjmSU+76gPWY/Ta8uEM=
90,-83,BKDeLeDWftCi7nGiyLwTStGN7AQ=,P5gWVRvkjjmSU+76gPWY/Ta8uEM=
89,-83,BKDeLeDWftCi7nGiyLwTStGN7AQ=,P5gWVRvkjjmSU+76gPWY/Ta8uEM=
88,-83,BKDeLeDWftCi7nGiyLwTStGN7AQ=,P5gWVRvkjjmSU+76gPWY/Ta8uEM=
87,-83,BKDeLeDWftCi7nGiyLwTStGN7AQ=,P5gWVRvkjjmSU+76gPWY/Ta8uEM=
86,-83,BKDeLeDWftCi7nGiyLwTStGN7AQ=,P5gWVRvkjjmSU+76gPWY/Ta8uEM=
85,-83,BKDeLeDWftCi7nGiyLwTStGN7AQ=,P5gWVRvkjjmSU+76gPWY/Ta8uEM=
84,-83,BKDeLeDWftCi7nGiyLwTStGN7AQ=,P5gWVRvkjjmSU+76gPWY/Ta8uEM=
83,-83,BKDeLeDWftCi7nGiyLwTStGN7AQ=,P5gWVRvkjjmSU+76gPWY/Ta8uEM=
82,-83,BKDeLeDWftCi7nGiyLwTStGN7AQ=,P5gWVRvkjjmSU+76gPWY/Ta8uEM=
81,-83,BKDeLeDWftCi7nGiyLwTStGN7AQ=,P5gWVRvkjjmSU+76gPWY/Ta8uEM=
80,-83,BKDeLeDWftCi7nGiyLwTStGN7AQ=,P5gWVRvkjjmSU+76gPWY/Ta8uEM=
93,-96,BKDeLeDWftCi7nGiyLwTStGN7AQ=,P5gWVRvkjjmSU+76gPWY/Ta8uEM=
95,-84,BKDeLeDWftCi7nGiyLwTStGN7AQ=,P5gWVRvkjjmSU+76gPWY/Ta8uEM=
94,-84,BKDeLeDWftCi7nGiyLwTStGN7AQ=,P5gWVRvkjjmSU+76gPWY/Ta8uEM=
93,-84,BKDeLeDWftCi7nGiyLwTStGN7AQ=,P5gWVRvkjjmSU+76gPWY/Ta8uEM=
92,-84,BKDeLeDWftCi7nGiyLwTStGN7AQ=,P5gWVRvkjjmSU+76gPWY/Ta8uEM=
91,-84,BKDeLeDWftCi7nGiyLwTStGN7AQ=,P5gWVRvkjjmSU+76gPWY/Ta8uEM=
90,-84,BKDeLeDWftCi7nGiyLwTStGN7AQ=,P5gWVRvkjjmSU+76gPWY/Ta8uEM=
89,-84,BKDeLeDWftCi7nGiyLwTStGN7AQ=,P5gWVRvkjjmSU+76gPWY/Ta8uEM=
88,-84,BKDeLeDWftCi7nGiyLwTStGN7AQ=,P5gWVRvkjjmSU+76gPWY/Ta8uEM=
87,-84,BKDeLeDWftCi7nGiyLwTStGN7AQ=,P5gWVRvkjjmSU+76gPWY/Ta8uEM=
86,-84,BKDeLeDWftCi7nGiyLwTStGN7AQ=,P5gWVRvkjjmSU+76gPWY/Ta8uEM=
85,-84,BKDeLeDWftCi7nGiyLwTStGN7AQ=,P5gWVRvkjjmSU+76gPWY/Ta8uEM=
84,-84,BKDeLeDWftCi7nGiyLwTStGN7AQ=,P5gWVRvkjjmSU+76gPWY/Ta8uEM=
83,-84,BKDeLeDWftCi7nGiyLwTStGN7AQ=,P5gWVRvkjjmSU+76gPWY/Ta8uEM=
82,-84,BKDeLeDWftCi7nGiyLwTStGN7AQ=,P5gWVRvkjjmSU+76gPWY/Ta8uEM=
81,-84,BKDeLeDWftCi7nGiyLwTStGN7AQ=,P5gWVRvkjjmSU+76gPWY/Ta8uEM=
80,-84,BKDeLeDWftCi7nGiyLwTStGN7AQ=,P5gWVRvkjjmSU+76gPWY/Ta8uEM=
92,-96,BKDeLeDWftCi7nGiyLwTStGN7AQ=,P5gWVRvkjjmSU+76gPWY/Ta8uEM=
95,-85,BKDeLeDWftCi7nGiyLwTStGN7AQ=,P5gWVRvkjjmSU+76gPWY/Ta8uEM=
94,-85,BKDeLeDWftCi7nGiyLwTStGN7AQ=,P5gWVRvkjjmSU+76gPWY/Ta8uEM=
93,-85,BKDeLeDWftCi7nGiyLwTStGN7AQ=,P5gWVRvkjjmSU+76gPWY/Ta8uEM=
92,-85,BKDeLeDWftCi7nGiyLwTStGN7AQ=,P5gWVRvkjjmSU+76gPWY/Ta8uEM=
91,-85,BKDeLeDWftCi7nGiyLwTStGN7AQ=,P5gWVRvkjjmSU+76gPWY/Ta8uEM=
90,-85,BKDeLeDWftCi7nGiyLwTStGN7AQ=,P5gWVRvkjjmSU+76gPWY/Ta8uEM=
89,-85,BKDeLeDWftCi7nGiyLwTStGN7AQ=,P5gWVRvkjjmSU+76gPWY/Ta8uEM=
88,-85,BKDeLeDWftCi7nGiyLwTStGN7AQ=,P5gWVRvkjjmSU+76gPWY/Ta8uEM=
87,-85,BKDeLeDWftCi7nGiyLwTStGN7AQ=,P5gWVRvkjjmSU+76gPWY/Ta8uEM=
86,-85,BKDeLeDWftCi7nGiyLwTStGN7AQ=,P5gWVRvkjjmSU+76gPWY/Ta8uEM=
85,-85,BKDeLeDWftCi7nGiyLwTStGN7AQ=,P5gWVRvkjjmSU+76gPWY/Ta8uEM=
84,-85,BKDeLeDWftCi7nGiyLwTStGN7AQ=,P5gWVRvkjjmSU+76gPWY/Ta8uEM=
83,-85,BKDeLeDWftCi7nGiyLwTStGN7AQ=,P5gWVRvkjjmSU+76gPWY/Ta8uEM=
82,-85,BKDeLeDWftCi7nGiyLwTStGN7AQ=,P5gWVRvkjjmSU+76gPWY/Ta8uEM=
81,-85,BKDeLeDWftCi7nGiyLwTStGN7AQ=,P5gWVRvkjjmSU+76gPWY/Ta8uEM=
80,-85,BKDeLeDWftCi7nGiyLwTStGN7AQ=,P5gWVRvkjjmSU+76gPWY/Ta8uEM=
91,-96,BKDeLeDWftCi7nGiyLwTStGN7AQ=,P5gWVRvkjjmSU+76gPWY/Ta8uEM=
95,-86,BKDeLeDWftCi7nGiyLwTStGN7AQ=,P5gWVRvkjjmSU+76gPWY/Ta8uEM=
94,-86,BKDeLeDWftCi7nGiyLwTStGN7AQ=,P5gWVRvkjjmSU+76gPWY/Ta8uEM=
93,-86,BKDeLeDWftCi7nGiyLwTStGN7AQ=,P5gWVRvkjjmSU+76gPWY/Ta8uEM=
92,-86,BKDeLeDWftCi7nGiyLwTStGN7AQ=,P5gWVRvkjjmSU+76gPWY/Ta8uEM=
91,-86,BKDeLeDWftCi7nGiyLwTStGN7AQ=,P5gWVRvkjjmSU+76gPWY/Ta8uEM=
90,-86,BKDeLeDWftCi7nGiyLwTStGN7AQ=,P5gWVRvkjjmSU+76gPWY/Ta8uEM=
89,-86,BKDeLeDWftCi7nGiyLwTStGN7AQ=,P5gWVRvkjjmSU+76gPWY/Ta8uEM=
88,-86,BKDeLeDWftCi7nGiyLwTStGN7AQ=,P5gWVRvkjjmSU+76gPWY/Ta8uEM=
87,-86,BKDeLeDWftCi7nGiyLwTStGN7AQ=,P5gWVRvkjjmSU+76gPWY/Ta8uEM=
86,-86,BKDeLeDWftCi7nGiyLwTStGN7AQ=,P5gWVRvkjjmSU+76gPWY/Ta8uEM=
85,-86,BKDeLeDWftCi7nGiyLwTStGN7AQ=,P5gWVRvkjjmSU+76gPWY/Ta8uEM=
84,-86,BKDeLeDWftCi7nGiyLwTStGN7AQ=,P5gWVRvkjjmSU+76gPWY/Ta8uEM=
83,-86,BKDeLeDWftCi7nGiyLwTStGN7AQ=,P5gWVRvkjjmSU+76gPWY/Ta8uEM=
82,-86,BKDeLeDWftCi7nGiyLwTStGN7AQ=,P5gWVRvkjjmSU+76gPWY/Ta8uEM=
81,-86,BKDeLeDWftCi7nGiyLwTStGN7AQ=,P5gWVRvkjjmSU+76gPWY/Ta8uEM=
80,-86,BKDeLeDWftCi7nGiyLwTStGN7AQ=,P5gWVRvkjjmSU+76gPWY/Ta8uEM=
90,-96,BKDeLeDWftCi7nGiyLwTStGN7AQ=,P5gWVRvkjjmSU+76gPWY/Ta8uEM=
95,-87,BKDeLeDWftCi7nGiyLwTStGN7AQ=,P5gWVRvkjjmSU+76gPWY/Ta8uEM=
94,-87,BKDeLeDWftCi7nGiyLwTStGN7AQ=,P5gWVRvkjjmSU+76gPWY/Ta8uEM=
93,-87,BKDeLeDWftCi7nGiyLwTStGN7AQ=,P5gWVRvkjjmSU+76gPWY/Ta8uEM=
92,-87,BKDeLeDWftCi7nGiyLwTStGN7AQ=,P5gWVRvkjjmSU+76gPWY/Ta8uEM=
91,-87,BKDeLeDWftCi7nGiyLwTStGN7AQ=,P5gWVRvkjjmSU+76gPWY/Ta8uEM=
90,-87,BKDeLeDWftCi7nGiyLwTStGN7AQ=,P5gWVRvkjjmSU+76gPWY/Ta8uEM=
89,-87,BKDeLeDWftCi7nGiyLwTStGN7AQ=,P5gWVRvkjjmSU+76gPWY/Ta8uEM=
88,-87,BKDeLeDWftCi7nGiyLwTStGN7AQ=,P5gWVRvkjjmSU+76gPWY/Ta8uEM=
87,-87,BKDeLeDWftCi7nGiyLwTStGN7AQ=,P5gWVRvkjjmSU+76gPWY/Ta8uEM=
86,-87,BKDeLeDWftCi7nGiyLwTStGN7AQ=,P5gWVRvkjjmSU+76gPWY/Ta8uEM=
85,-87,BKDeLeDWftCi7nGiyLwTStGN7AQ=,P5gWVRvkjjmSU+76gPWY/Ta8uEM=
84,-87,BKDeLeDWftCi7nGiyLwTStGN7AQ=,P5gWVRvkjjmSU+76gPWY/Ta8uEM=
83,-87,BKDeLeDWftCi7nGiyLwTStGN7AQ=,P5gWVRvkjjmSU+76gPWY/Ta8uEM=
82,-87,BKDeLeDWftCi7nGiyLwTStGN7AQ=,P5gWVRvkjjmSU+76gPWY/Ta8uEM=
81,-87,BKDeLeDWftCi7nGiyLwTStGN7AQ=,P5gWVRvkjjmSU+76gPWY/Ta8uEM=
80,-87,BKDeLeDWftCi7nGiyLwTStGN7AQ=,P5gWVRvkjjmSU+76gPWY/Ta8uEM=
89,-96,BKDeLeDWftCi7nGiyLwTStGN7AQ=,P5gWVRvkjjmSU+76gPWY/Ta8uEM=
95,-88,BKDeLeDWftCi7nGiyLwTStGN7AQ=,P5gWVRvkjjmSU+76gPWY/Ta8uEM=
94,-88,BKDeLeDWftCi7nGiyLwTStGN7AQ=,P5gWVRvkjjmSU+76gPWY/Ta8uEM=
93,-88,BKDeLeDWftCi7nGiyLwTStGN7AQ=,P5gWVRvkjjmSU+76gPWY/Ta8uEM=
92,-88,BKDeLeDWftCi7nGiyLwTStGN7AQ=,P5gWVRvkjjmSU+76gPWY/Ta8uEM=
91,-88,BKDeLeDWftCi7nGiyLwTStGN7AQ=,P5gWVRvkjjmSU+76gPWY/Ta8uEM=
90,-88,BKDeLeDWftCi7nGiyLwTStGN7AQ=,P5gWVRvkjjmSU+76gPWY/Ta8uEM=
89,-88,BKDeLeDWftCi7nGiyLwTStGN7AQ=,P5gWVRvkjjmSU+76gPWY/Ta8uEM=
88,-88,BKDeLeDWftCi7nGiyLwTStGN7AQ=,P5gWVRvkjjmSU+76gPWY/Ta8uEM=
87,-88,BKDeLeDWftCi7nGiyLwTStGN7AQ=,P5gWVRvkjjmSU+76gPWY/Ta8uEM=
86,-88,BKDeLeDWftCi7nGiyLwTStGN7AQ=,P5gWVRvkjjmSU+76gPWY/Ta8uEM=
85,-88,BKDeLeDWftCi7nGiyLwTStGN7AQ=,P5gWVRvkjjmSU+76gPWY/Ta8uEM=
84,-88,BKDeLeDWftCi7nGiyLwTStGN7AQ=,P5gWVRvkjjmSU+76gPWY/Ta8uEM=
83,-88,BKDeLeDWftCi7nGiyLwTStGN7AQ=,P5gWVRvkjjmSU+76gPWY/Ta8uEM=
82,-88,BKDeLeDWftCi7nGiyLwTStGN7AQ=,P5gWVRvkjjmSU+76gPWY/Ta8uEM=
81,-88,BKDeLeDWftCi7nGiyLwTStGN7AQ=,P5gWVRvkjjmSU+76gPWY/Ta8uEM=
80,-88,BKDeLeDWftCi7nGiyLwTStGN7AQ=,P5gWVRvkjjmSU+76gPWY/Ta8uEM=
88,-96,BKDeLeDWftCi7nGiyLwTStGN7AQ=,P5gWVRvkjjmSU+76gPWY/Ta8uEM=
95,-89,BKDeLeDWftCi7nGiyLwTStGN7AQ=,P5gWVRvkjjmSU+76gPWY/Ta8uEM=
94,-89,BKDeLeDWftCi7nGiyLwTStGN7AQ=,P5gWVRvkjjmSU+76gPWY/Ta8uEM=
93,-89,BKDeLeDWftCi7nGiyLwTStGN7AQ=,P5gWVRvkjjmSU+76gPWY/Ta8uEM=
92,-89,BKDeLeDWftCi7nGiyLwTStGN7AQ=,P5gWVRvkjjmSU+76gPWY/Ta8uEM=
91,-89,BKDeLeDWftCi7nGiyLwTStGN7AQ=,P5gWVRvkjjmSU+76gPWY/Ta8uEM=
90,-89,BKDeLeDWftCi7nGiyLwTStGN7AQ=,P5gWVRvkjjmSU+76gPWY/Ta8uEM=
89,-89,BKDeLeDWftCi7nGiyLwTStGN7AQ=,P5gWVRvkjjmSU+76gPWY/Ta8uEM=
88,-89,BKDeLeDWftCi7nGiyLwTStGN7AQ=,P5gWVRvkjjmSU+76gPWY/Ta8uEM=
87,-89,BKDeLeDWftCi7nGiyLwTStGN7AQ=,P5gWVRvkjjmSU+76gPWY/Ta8uEM=
86,-89,BKDeLeDWftCi7nGiyLwTStGN7AQ=,P5gWVRvkjjmSU+76gPWY/Ta8uEM=
85,-89,BKDeLeDWftCi7nGiyLwTStGN7AQ=,P5gWVRvkjjmSU+76gPWY/Ta8uEM=
84,-89,BKDeLeDWftCi7nGiyLwTStGN7AQ=,P5gWVRvkjjmSU+76gPWY/Ta8uEM=
83,-89,BKDeLeDWftCi7nGiyLwTStGN7AQ=,P5gWVRvkjjmSU+76gPWY/Ta8uEM=
82,-89,BKDeLeDWftCi7nGiyLwTStGN7AQ=,P5gWVRvkjjmSU+76gPWY/Ta8uEM=
81,-89,BKDeLeDWftCi7nGiyLwTStGN7AQ=,P5gWVRvkjjmSU+76gPWY/Ta8uEM=
80,-89,BKDeLeDWftCi7nGiyLwTStGN7AQ=,P5gWVRvkjjmSU+76gPWY/Ta8uEM=
87,-96,BKDeLeDWftCi7nGiyLwTStGN7AQ=,P5gWVRvkjjmSU+76gPWY/Ta8uEM=
95,-90,BKDeLeDWftCi7nGiyLwTStGN7AQ=,P5gWVRvkjjmSU+76gPWY/Ta8uEM=
94,-90,BKDeLeDWftCi7nGiyLwTStGN7AQ=,P5gWVRvkjjmSU+76gPWY/Ta8uEM=
93,-90,BKDeLeDWftCi7nGiyLwTStGN7AQ=,P5gWVRvkjjmSU+76gPWY/Ta8uEM=
92,-90,BKDeLeDWftCi7nGiyLwTStGN7AQ=,P5gWVRvkjjmSU+76gPWY/Ta8uEM=
91,-90,BKDeLeDWftCi7nGiyLwTStGN7AQ=,P5gWVRvkjjmSU+76gPWY/Ta8uEM=
90,-90,BKDeLeDWftCi7nGiyLwTStGN7AQ=,P5gWVRvkjjmSU+76gPWY/Ta8uEM=
89,-90,BKDeLeDWftCi7nGiyLwTStGN7AQ=,P5gWVRvkjjmSU+76gPWY/Ta8uEM=
88,-90,BKDeLeDWftCi7nGiyLwTStGN7AQ=,P5gWVRvkjjmSU+76gPWY/Ta8uEM=
87,-90,BKDeLeDWftCi7nGiyLwTStGN7AQ=,P5gWVRvkjjmSU+76gPWY/Ta8uEM=
86,-90,BKDeLeDWftCi7nGiyLwTStGN7AQ=,P5gWVRvkjjmSU+76gPWY/Ta8uEM=
85,-90,BKDeLeDWftCi7nGiyLwTStGN7AQ=,P5gWVRvkjjmSU+76gPWY/Ta8uEM=
84,-90,BKDeLeDWftCi7nGiyLwTStGN7AQ=,P5gWVRvkjjmSU+76gPWY/Ta8uEM=
83,-90,BKDeLeDWftCi7nGiyLwTStGN7AQ=,P5gWVRvkjjmSU+76gPWY/Ta8uEM=
82,-90,BKDeLeDWftCi7nGiyLwTStGN7AQ=,P5gWVRvkjjmSU+76gPWY/Ta8uEM=
81,-90,BKDeLeDWftCi7nGiyLwTStGN7AQ=,P5gWVRvkjjmSU+76gPWY/Ta8uEM=
80,-90,BKDeLeDWftCi7nGiyLwTStGN7AQ=,P5gWVRvkjjmSU+76gPWY/Ta8uEM=
86,-96,BKDeLeDWftCi7nGiyLwTStGN7AQ=,P5gWVRvkjjmSU+76gPWY/Ta8uEM=
95,-91,BKDeLeDWftCi7nGiyLwTStGN7AQ=,P5gWVRvkjjmSU+76gPWY/Ta8uEM=
94,-91,BKDeLeDWftCi7nGiyLwTStGN7AQ=,P5gWVRvkjjmSU+76gPWY/Ta8uEM=
93,-91,BKDeLeDWftCi7nGiyLwTStGN7AQ=,P5gWVRvkjjmSU+76gPWY/Ta8uEM=
92,-91,BKDeLeDWftCi7nGiyLwTStGN7AQ=,P5gWVRvkjjmSU+76gPWY/Ta8uEM=
91,-91,BKDeLeDWftCi7nGiyLwTStGN7AQ=,P5gWVRvkjjmSU+76gPWY/Ta8uEM=
90,-91,BKDeLeDWftCi7nGiyLwTStGN7AQ=,P5gWVRvkjjmSU+76gPWY/Ta8uEM=
89,-91,BKDeLeDWftCi7nGiyLwTStGN7AQ=,P5gWVRvkjjmSU+76gPWY/Ta8uEM=
88,-91,BKDeLeDWftCi7nGiyLwTStGN7AQ=,P5gWVRvkjjmSU+76gPWY/Ta8uEM=
87,-91,BKDeLeDWftCi7nGiyLwTStGN7AQ=,P5gWVRvkjjmSU+76gPWY/Ta8uEM=
86,-91,BKDeLeDWftCi7nGiyLwTStGN7AQ=,P5gWVRvkjjmSU+76gPWY/Ta8uEM=
85,-91,BKDeLeDWftCi7nGiyLwTStGN7AQ=,P5gWVRvkjjmSU+76gPWY/Ta8uEM=
84,-91,BKDeLeDWftCi7nGiyLwTStGN7AQ=,P5gWVRvkjjmSU+76gPWY/Ta8uEM=
83,-91,BKDeLeDWftCi7nGiyLwTStGN7AQ=,P5gWVRvkjjmSU+76gPWY/Ta8uEM=
82,-91,BKDeLeDWftCi7nGiyLwTStGN7AQ=,P5gWVRvkjjmSU+76gPWY/Ta8uEM=
81,-91,BKDeLeDWftCi7nGiyLwTStGN7AQ=,P5gWVRvkjjmSU+76gPWY/Ta8uEM=
80,-91,BKDeLeDWftCi7nGiyLwTStGN7AQ=,P5gWVRvkjjmSU+76gPWY/Ta8uEM=
85,-96,BKDeLeDWftCi7nGiyLwTStGN7AQ=,P5gWVRvkjjmSU+76gPWY/Ta8uEM=
95,-92,BKDeLeDWftCi7nGiyLwTStGN7AQ=,P5gWVRvkjjmSU+76gPWY/Ta8uEM=
94,-92,BKDeLeDWftCi7nGiyLwTStGN7AQ=,P5gWVRvkjjmSU+76gPWY/Ta8uEM=
93,-92,BKDeLeDWftCi7nGiyLwTStGN7AQ=,P5gWVRvkjjmSU+76gPWY/Ta8uEM=
92,-92,BKDeLeDWftCi7nGiyLwTStGN7AQ=,P5gWVRvkjjmSU+76gPWY/Ta8uEM=
91,-92,BKDeLeDWftCi7nGiyLwTStGN7AQ=,P5gWVRvkjjmSU+76gPWY/Ta8uEM=
90,-92,BKDeLeDWftCi7nGiyLwTStGN7AQ=,P5gWVRvkjjmSU+76gPWY/Ta8uEM=
89,-92,BKDeLeDWftCi7nGiyLwTStGN7AQ=,P5gWVRvkjjmSU+76gPWY/Ta8uEM=
88,-92,BKDeLeDWftCi7nGiyLwTStGN7AQ=,P5gWVRvkjjmSU+76gPWY/Ta8uEM=
87,-92,BKDeLeDWftCi7nGiyLwTStGN7AQ=,P5gWVRvkjjmSU+76gPWY/Ta8uEM=
86,-92,BKDeLeDWftCi7nGiyLwTStGN7AQ=,P5gWVRvkjjmSU+76gPWY/Ta8uEM=
85,-92,BKDeLeDWftCi7nGiyLwTStGN7AQ=,P5gWVRvkjjmSU+76gPWY/Ta8uEM=
84,-92,BKDeLeDWftCi7nGiyLwTStGN7AQ=,P5gWVRvkjjmSU+76gPWY/Ta8uEM=
83,-92,BKDeLeDWftCi7nGiyLwTStGN7AQ=,P5gWVRvkjjmSU+76gPWY/Ta8uEM=
82,-92,BKDeLeDWftCi7nGiyLwTStGN7AQ=,P5gWVRvkjjmSU+76gPWY/Ta8uEM=
81,-92,BKDeLeDWftCi7nGiyLwTStGN7AQ=,P5gWVRvkjjmSU+76gPWY/Ta8uEM=
80,-92,BKDeLeDWftCi7nGiyLwTStGN7AQ=,P5gWVRvkjjmSU+76gPWY/Ta8uEM=
84,-96,BKDeLeDWftCi7nGiyLwTStGN7AQ=,P5gWVRvkjjmSU+76gPWY/Ta8uEM=
95,-93,BKDeLeDWftCi7nGiyLwTStGN7AQ=,P5gWVRvkjjmSU+76gPWY/Ta8uEM=
94,-93,BKDeLeDWftCi7nGiyLwTStGN7AQ=,P5gWVRvkjjmSU+76gPWY/Ta8uEM=
93,-93,BKDeLeDWftCi7nGiyLwTStGN7AQ=,P5gWVRvkjjmSU+76gPWY/Ta8uEM=
92,-93,BKDeLeDWftCi7nGiyLwTStGN7AQ=,P5gWVRvkjjmSU+76gPWY/Ta8uEM=
91,-93,BKDeLeDWftCi7nGiyLwTStGN7AQ=,P5gWVRvkjjmSU+76gPWY/Ta8uEM=
90,-93,BKDeLeDWftCi7nGiyLwTStGN7AQ=,P5gWVRvkjjmSU+76gPWY/Ta8uEM=
89,-93,BKDeLeDWftCi7nGiyLwTStGN7AQ=,P5gWVRvkjjmSU+76gPWY/Ta8uEM=
88,-93,BKDeLeDWftCi7nGiyLwTStGN7AQ=,P5gWVRvkjjmSU+76gPWY/Ta8uEM=
87,-93,BKDeLeDWftCi7nGiyLwTStGN7AQ=,P5gWVRvkjjmSU+76gPWY/Ta8uEM=
86,-93,BKDeLeDWftCi7nGiyLwTStGN7AQ=,P5gWVRvkjjmSU+76gPWY/Ta8uEM=
85,-93,BKDeLeDWftCi7nGiyLwTStGN7AQ=,P5gWVRvkjjmSU+76gPWY/Ta8uEM=
84,-93,BKDeLeDWftCi7nGiyLwTStGN7AQ=,P5gWVRvkjjmSU+76gPWY/Ta8uEM=
83,-93,BKDeLeDWftCi7nGiyLwTStGN7AQ=,P5gWVRvkjjmSU+76gPWY/Ta8uEM=
82,-93,BKDeLeDWftCi7nGiyLwTStGN7AQ=,P5gWVRvkjjmSU+76gPWY/Ta8uEM=
81,-93,BKDeLeDWftCi7nGiyLwTStGN7AQ=,P5gWVRvkjjmSU+76gPWY/Ta8uEM=
80,-93,BKDeLeDWftCi7nGiyLwTStGN7AQ=,P5gWVRvkjjmSU+76gPWY/Ta8uEM=
83,-96,BKDeLeDWftCi7nGiyLwTStGN7AQ=,P5gWVRvkjjmSU+76gPWY/Ta8uEM=
95,-94,BKDeLeDWftCi7nGiyLwTStGN7AQ=,P5gWVRvkjjmSU+76gPWY/Ta8uEM=
94,-94,BKDeLeDWftCi7nGiyLwTStGN7AQ=,P5gWVRvkjjmSU+76gPWY/Ta8uEM=
93,-94,BKDeLeDWftCi7nGiyLwTStGN7AQ=,P5gWVRvkjjmSU+76gPWY/Ta8uEM=
92,-94,BKDeLeDWftCi7nGiyLwTStGN7AQ=,P5gWVRvkjjmSU+76gPWY/Ta8uEM=
91,-94,BKDeLeDWftCi7nGiyLwTStGN7AQ=,P5gWVRvkjjmSU+76gPWY/Ta8uEM=
90,-94,BKDeLeDWftCi7nGiyLwTStGN7AQ=,P5gWVRvkjjmSU+76gPWY/Ta8uEM=
89,-94,BKDeLeDWftCi7nGiyLwTStGN7AQ=,P5gWVRvkjjmSU+76gPWY/Ta8uEM=
88,-94,BKDeLeDWftCi7nGiyLwTStGN7AQ=,P5gWVRvkjjmSU+76gPWY/Ta8uEM=
79,-80,BKDeLeDWftCi7nGiyLwTStGN7AQ=,P5gWVRvkjjmSU+76gPWY/Ta8uEM=
64,-80,BKDeLeDWftCi7nGiyLwTStGN7AQ=,P5gWVRvkjjmSU+76gPWY/Ta8uEM=
79,-65,BKDeLeDWftCi7nGiyLwTStGN7AQ=,P5gWVRvkjjmSU+76gPWY/Ta8uEM=
77,-65,BKDeLeDWftCi7nGiyLwTStGN7AQ=,P5gWVRvkjjmSU+76gPWY/Ta8uEM=
78,-65,BKDeLeDWftCi7nGiyLwTStGN7AQ=,P5gWVRvkjjmSU+76gPWY/Ta8uEM=
75,-65,BKDeLeDWftCi7nGiyLwTStGN7AQ=,P5gWVRvkjjmSU+76gPWY/Ta8uEM=
76,-65,BKDeLeDWftCi7nGiyLwTStGN7AQ=,P5gWVRvkjjmSU+76gPWY/Ta8uEM=
74,-65,BKDeLeDWftCi7nGiyLwTStGN7AQ=,P5gWVRvkjjmSU+76gPWY/Ta8uEM=
73,-65,BKDeLeDWftCi7nGiyLwTStGN7AQ=,P5gWVRvkjjmSU+76gPWY/Ta8uEM=
72,-65,BKDeLeDWftCi7nGiyLwTStGN7AQ=,P5gWVRvkjjmSU+76gPWY/Ta8uEM=
71,-65,BKDeLeDWftCi7nGiyLwTStGN7AQ=,P5gWVRvkjjmSU+76gPWY/Ta8uEM=
70,-65,BKDeLeDWftCi7nGiyLwTStGN7AQ=,P5gWVRvkjjmSU+76gPWY/Ta8uEM=
69,-65,BKDeLeDWftCi7nGiyLwTStGN7AQ=,P5gWVRvkjjmSU+76gPWY/Ta8uEM=
68,-65,BKDeLeDWftCi7nGiyLwTStGN7AQ=,P5gWVRvkjjmSU+76gPWY/Ta8uEM=
67,-65,BKDeLeDWftCi7nGiyLwTStGN7AQ=,P5gWVRvkjjmSU+76gPWY/Ta8uEM=
66,-65,BKDeLeDWftCi7nGiyLwTStGN7AQ=,P5gWVRvkjjmSU+76gPWY/Ta8uEM=
64,-79,BKDeLeDWftCi7nGiyLwTStGN7AQ=,P5gWVRvkjjmSU+76gPWY/Ta8uEM=
65,-79,BKDeLeDWftCi7nGiyLwTStGN7AQ=,P5gWVRvkjjmSU+76gPWY/Ta8uEM=
66,-79,BKDeLeDWftCi7nGiyLwTStGN7AQ=,P5gWVRvkjjmSU+76gPWY/Ta8uEM=
67,-79,BKDeLeDWftCi7nGiyLwTStGN7AQ=,P5gWVRvkjjmSU+76gPWY/Ta8uEM=
68,-79,BKDeLeDWftCi7nGiyLwTStGN7AQ=,P5gWVRvkjjmSU+76gPWY/Ta8uEM=
69,-79,BKDeLeDWftCi7nGiyLwTStGN7AQ=,P5gWVRvkjjmSU+76gPWY/Ta8uEM=
70,-79,BKDeLeDWftCi7nGiyLwTStGN7AQ=,P5gWVRvkjjmSU+76gPWY/Ta8uEM=
71,-79,BKDeLeDWftCi7nGiyLwTStGN7AQ=,P5gWVRvkjjmSU+76gPWY/Ta8uEM=
72,-79,BKDeLeDWftCi7nGiyLwTStGN7AQ=,P5gWVRvkjjmSU+76gPWY/Ta8uEM=
73,-79,BKDeLeDWftCi7nGiyLwTStGN7AQ=,P5gWVRvkjjmSU+76gPWY/Ta8uEM=
74,-79,BKDeLeDWftCi7nGiyLwTStGN7AQ=,P5gWVRvkjjmSU+76gPWY/Ta8uEM=
75,-79,BKDeLeDWftCi7nGiyLwTStGN7AQ=,P5gWVRvkjjmSU+76gPWY/Ta8uEM=
76,-79,BKDeLeDWftCi7nGiyLwTStGN7AQ=,P5gWVRvkjjmSU+76gPWY/Ta8uEM=
77,-79,BKDeLeDWftCi7nGiyLwTStGN7AQ=,P5gWVRvkjjmSU+76gPWY/Ta8uEM=
78,-79,BKDeLeDWftCi7nGiyLwTStGN7AQ=,P5gWVRvkjjmSU+76gPWY/Ta8uEM=
79,-79,BKDeLeDWftCi7nGiyLwTStGN7AQ=,P5gWVRvkjjmSU+76gPWY/Ta8uEM=
64,-78,BKDeLeDWftCi7nGiyLwTStGN7AQ=,P5gWVRvkjjmSU+76gPWY/Ta8uEM=
65,-80,BKDeLeDWftCi7nGiyLwTStGN7AQ=,P5gWVRvkjjmSU+76gPWY/Ta8uEM=
65,-78,BKDeLeDWftCi7nGiyLwTStGN7AQ=,P5gWVRvkjjmSU+76gPWY/Ta8uEM=
66,-78,BKDeLeDWftCi7nGiyLwTStGN7AQ=,P5gWVRvkjjmSU+76gPWY/Ta8uEM=
67,-78,BKDeLeDWftCi7nGiyLwTStGN7AQ=,P5gWVRvkjjmSU+76gPWY/Ta8uEM=
68,-78,BKDeLeDWftCi7nGiyLwTStGN7AQ=,P5gWVRvkjjmSU+76gPWY/Ta8uEM=
69,-78,BKDeLeDWftCi7nGiyLwTStGN7AQ=,P5gWVRvkjjmSU+76gPWY/Ta8uEM=
70,-78,BKDeLeDWftCi7nGiyLwTStGN7AQ=,P5gWVRvkjjmSU+76gPWY/Ta8uEM=
71,-78,BKDeLeDWftCi7nGiyLwTStGN7AQ=,P5gWVRvkjjmSU+76gPWY/Ta8uEM=
72,-78,BKDeLeDWftCi7nGiyLwTStGN7AQ=,P5gWVRvkjjmSU+76gPWY/Ta8uEM=
73,-78,BKDeLeDWftCi7nGiyLwTStGN7AQ=,P5gWVRvkjjmSU+76gPWY/Ta8uEM=
74,-78,BKDeLeDWftCi7nGiyLwTStGN7AQ=,P5gWVRvkjjmSU+76gPWY/Ta8uEM=
75,-78,BKDeLeDWftCi7nGiyLwTStGN7AQ=,P5gWVRvkjjmSU+76gPWY/Ta8uEM=
76,-78,BKDeLeDWftCi7nGiyLwTStGN7AQ=,P5gWVRvkjjmSU+76gPWY/Ta8uEM=
77,-78,BKDeLeDWftCi7nGiyLwTStGN7AQ=,P5gWVRvkjjmSU+76gPWY/Ta8uEM=
78,-78,BKDeLeDWftCi7nGiyLwTStGN7AQ=,P5gWVRvkjjmSU+76gPWY/Ta8uEM=
79,-78,BKDeLeDWftCi7nGiyLwTStGN7AQ=,P5gWVRvkjjmSU+76gPWY/Ta8uEM=
64,-77,BKDeLeDWftCi7nGiyLwTStGN7AQ=,P5gWVRvkjjmSU+76gPWY/Ta8uEM=
66,-80,BKDeLeDWftCi7nGiyLwTStGN7AQ=,P5gWVRvkjjmSU+76gPWY/Ta8uEM=
65,-77,BKDeLeDWftCi7nGiyLwTStGN7AQ=,P5gWVRvkjjmSU+76gPWY/Ta8uEM=
66,-77,BKDeLeDWftCi7nGiyLwTStGN7AQ=,P5gWVRvkjjmSU+76gPWY/Ta8uEM=
67,-77,BKDeLeDWftCi7nGiyLwTStGN7AQ=,P5gWVRvkjjmSU+76gPWY/Ta8uEM=
68,-77,BKDeLeDWftCi7nGiyLwTStGN7AQ=,P5gWVRvkjjmSU+76gPWY/Ta8uEM=
69,-77,BKDeLeDWftCi7nGiyLwTStGN7AQ=,P5gWVRvkjjmSU+76gPWY/Ta8uEM=
70,-77,BKDeLeDWftCi7nGiyLwTStGN7AQ=,P5gWVRvkjjmSU+76gPWY/Ta8uEM=
71,-77,BKDeLeDWftCi7nGiyLwTStGN7AQ=,P5gWVRvkjjmSU+76gPWY/Ta8uEM=
72,-77,BKDeLeDWftCi7nGiyLwTStGN7AQ=,P5gWVRvkjjmSU+76gPWY/Ta8uEM=
73,-77,BKDeLeDWftCi7nGiyLwTStGN7AQ=,P5gWVRvkjjmSU+76gPWY/Ta8uEM=
74,-77,BKDeLeDWftCi7nGiyLwTStGN7AQ=,P5gWVRvkjjmSU+76gPWY/Ta8uEM=
75,-77,BKDeLeDWftCi7nGiyLwTStGN7AQ=,P5gWVRvkjjmSU+76gPWY/Ta8uEM=
76,-77,BKDeLeDWftCi7nGiyLwTStGN7AQ=,P5gWVRvkjjmSU+76gPWY/Ta8uEM=
77,-77,BKDeLeDWftCi7nGiyLwTStGN7AQ=,P5gWVRvkjjmSU+76gPWY/Ta8uEM=
78,-77,BKDeLeDWftCi7nGiyLwTStGN7AQ=,P5gWVRvkjjmSU+76gPWY/Ta8uEM=
79,-77,BKDeLeDWftCi7nGiyLwTStGN7AQ=,P5gWVRvkjjmSU+76gPWY/Ta8uEM=
64,-76,BKDeLeDWftCi7nGiyLwTStGN7AQ=,P5gWVRvkjjmSU+76gPWY/Ta8uEM=
67,-80,BKDeLeDWftCi7nGiyLwTStGN7AQ=,P5gWVRvkjjmSU+76gPWY/Ta8uEM=
65,-76,BKDeLeDWftCi7nGiyLwTStGN7AQ=,P5gWVRvkjjmSU+76gPWY/Ta8uEM=
66,-76,BKDeLeDWftCi7nGiyLwTStGN7AQ=,P5gWVRvkjjmSU+76gPWY/Ta8uEM=
67,-76,BKDeLeDWftCi7nGiyLwTStGN7AQ=,P5gWVRvkjjmSU+76gPWY/Ta8uEM=
68,-76,BKDeLeDWftCi7nGiyLwTStGN7AQ=,P5gWVRvkjjmSU+76gPWY/Ta8uEM=
69,-76,BKDeLeDWftCi7nGiyLwTStGN7AQ=,P5gWVRvkjjmSU+76gPWY/Ta8uEM=
70,-76,BKDeLeDWftCi7nGiyLwTStGN7AQ=,P5gWVRvkjjmSU+76gPWY/Ta8uEM=
71,-76,BKDeLeDWftCi7nGiyLwTStGN7AQ=,P5gWVRvkjjmSU+76gPWY/Ta8uEM=
72,-76,BKDeLeDWftCi7nGiyLwTStGN7AQ=,P5gWVRvkjjmSU+76gPWY/Ta8uEM=
73,-76,BKDeLeDWftCi7nGiyLwTStGN7AQ=,P5gWVRvkjjmSU+76gPWY/Ta8uEM=
74,-76,BKDeLeDWftCi7nGiyLwTStGN7AQ=,P5gWVRvkjjmSU+76gPWY/Ta8uEM=
75,-76,BKDeLeDWftCi7nGiyLwTStGN7AQ=,P5gWVRvkjjmSU+76gPWY/Ta8uEM=
77,-76,BKDeLeDWftCi7nGiyLwTStGN7AQ=,P5gWVRvkjjmSU+76gPWY/Ta8uEM=
76,-76,BKDeLeDWftCi7nGiyLwTStGN7AQ=,P5gWVRvkjjmSU+76gPWY/Ta8uEM=
78,-76,BKDeLeDWftCi7nGiyLwTStGN7AQ=,P5gWVRvkjjmSU+76gPWY/Ta8uEM=
79,-76,BKDeLeDWftCi7nGiyLwTStGN7AQ=,P5gWVRvkjjmSU+76gPWY/Ta8uEM=
64,-75,BKDeLeDWftCi7nGiyLwTStGN7AQ=,P5gWVRvkjjmSU+76gPWY/Ta8uEM=
68,-80,BKDeLeDWftCi7nGiyLwTStGN7AQ=,P5gWVRvkjjmSU+76gPWY/Ta8uEM=
65,-75,BKDeLeDWftCi7nGiyLwTStGN7AQ=,P5gWVRvkjjmSU+76gPWY/Ta8uEM=
66,-75,BKDeLeDWftCi7nGiyLwTStGN7AQ=,P5gWVRvkjjmSU+76gPWY/Ta8uEM=
67,-75,BKDeLeDWftCi7nGiyLwTStGN7AQ=,P5gWVRvkjjmSU+76gPWY/Ta8uEM=
68,-75,BKDeLeDWftCi7nGiyLwTStGN7AQ=,P5gWVRvkjjmSU+76gPWY/Ta8uEM=
69,-75,BKDeLeDWftCi7nGiyLwTStGN7AQ=,P5gWVRvkjjmSU+76gPWY/Ta8uEM=
70,-75,BKDeLeDWftCi7nGiyLwTStGN7AQ=,P5gWVRvkjjmSU+76gPWY/Ta8uEM=
71,-75,BKDeLeDWftCi7nGiyLwTStGN7AQ=,P5gWVRvkjjmSU+76gPWY/Ta8uEM=
72,-75,BKDeLeDWftCi7nGiyLwTStGN7AQ=,P5gWVRvkjjmSU+76gPWY/Ta8uEM=
73,-75,BKDeLeDWftCi7nGiyLwTStGN7AQ=,P5gWVRvkjjmSU+76gPWY/Ta8uEM=
74,-75,BKDeLeDWftCi7nGiyLwTStGN7AQ=,P5gWVRvkjjmSU+76gPWY/Ta8uEM=
75,-75,BKDeLeDWftCi7nGiyLwTStGN7AQ=,P5gWVRvkjjmSU+76gPWY/Ta8uEM=
76,-75,BKDeLeDWftCi7nGiyLwTStGN7AQ=,P5gWVRvkjjmSU+76gPWY/Ta8uEM=
77,-75,BKDeLeDWftCi7nGiyLwTStGN7AQ=,P5gWVRvkjjmSU+76gPWY/Ta8uEM=
78,-75,BKDeLeDWftCi7nGiyLwTStGN7AQ=,P5gWVRvkjjmSU+76gPWY/Ta8uEM=
79,-75,BKDeLeDWftCi7nGiyLwTStGN7AQ=,P5gWVRvkjjmSU+76gPWY/Ta8uEM=
64,-74,BKDeLeDWftCi7nGiyLwTStGN7AQ=,P5gWVRvkjjmSU+76gPWY/Ta8uEM=
69,-80,BKDeLeDWftCi7nGiyLwTStGN7AQ=,P5gWVRvkjjmSU+76gPWY/Ta8uEM=
65,-74,BKDeLeDWftCi7nGiyLwTStGN7AQ=,P5gWVRvkjjmSU+76gPWY/Ta8uEM=
66,-74,BKDeLeDWftCi7nGiyLwTStGN7AQ=,P5gWVRvkjjmSU+76gPWY/Ta8uEM=
67,-74,BKDeLeDWftCi7nGiyLwTStGN7AQ=,P5gWVRvkjjmSU+76gPWY/Ta8uEM=
68,-74,BKDeLeDWftCi7nGiyLwTStGN7AQ=,P5gWVRvkjjmSU+76gPWY/Ta8uEM=
69,-74,BKDeLeDWftCi7nGiyLwTStGN7AQ=,P5gWVRvkjjmSU+76gPWY/Ta8uEM=
70,-74,BKDeLeDWftCi7nGiyLwTStGN7AQ=,P5gWVRvkjjmSU+76gPWY/Ta8uEM=
71,-74,BKDeLeDWftCi7nGiyLwTStGN7AQ=,P5gWVRvkjjmSU+76gPWY/Ta8uEM=
72,-74,BKDeLeDWftCi7nGiyLwTStGN7AQ=,P5gWVRvkjjmSU+76gPWY/Ta8uEM=
73,-74,BKDeLeDWftCi7nGiyLwTStGN7AQ=,P5gWVRvkjjmSU+76gPWY/Ta8uEM=
74,-74,BKDeLeDWftCi7nGiyLwTStGN7AQ=,P5gWVRvkjjmSU+76gPWY/Ta8uEM=
75,-74,BKDeLeDWftCi7nGiyLwTStGN7AQ=,P5gWVRvkjjmSU+76gPWY/Ta8uEM=
76,-74,BKDeLeDWftCi7nGiyLwTStGN7AQ=,P5gWVRvkjjmSU+76gPWY/Ta8uEM=
77,-74,BKDeLeDWftCi7nGiyLwTStGN7AQ=,P5gWVRvkjjmSU+76gPWY/Ta8uEM=
78,-74,BKDeLeDWftCi7nGiyLwTStGN7AQ=,P5gWVRvkjjmSU+76gPWY/Ta8uEM=
79,-74,BKDeLeDWftCi7nGiyLwTStGN7AQ=,P5gWVRvkjjmSU+76gPWY/Ta8uEM=
64,-73,BKDeLeDWftCi7nGiyLwTStGN7AQ=,P5gWVRvkjjmSU+76gPWY/Ta8uEM=
70,-80,BKDeLeDWftCi7nGiyLwTStGN7AQ=,P5gWVRvkjjmSU+76gPWY/Ta8uEM=
65,-73,BKDeLeDWftCi7nGiyLwTStGN7AQ=,P5gWVRvkjjmSU+76gPWY/Ta8uEM=
66,-73,BKDeLeDWftCi7nGiyLwTStGN7AQ=,P5gWVRvkjjmSU+76gPWY/Ta8uEM=
67,-73,BKDeLeDWftCi7nGiyLwTStGN7AQ=,P5gWVRvkjjmSU+76gPWY/Ta8uEM=
68,-73,BKDeLeDWftCi7nGiyLwTStGN7AQ=,P5gWVRvkjjmSU+76gPWY/Ta8uEM=
69,-73,BKDeLeDWftCi7nGiyLwTStGN7AQ=,P5gWVRvkjjmSU+76gPWY/Ta8uEM=
70,-73,BKDeLeDWftCi7nGiyLwTStGN7AQ=,P5gWVRvkjjmSU+76gPWY/Ta8uEM=
71,-73,BKDeLeDWftCi7nGiyLwTStGN7AQ=,P5gWVRvkjjmSU+76gPWY/Ta8uEM=
72,-73,BKDeLeDWftCi7nGiyLwTStGN7AQ=,P5gWVRvkjjmSU+76gPWY/Ta8uEM=
73,-73,BKDeLeDWftCi7nGiyLwTStGN7AQ=,P5gWVRvkjjmSU+76gPWY/Ta8uEM=
74,-73,BKDeLeDWftCi7nGiyLwTStGN7AQ=,P5gWVRvkjjmSU+76gPWY/Ta8uEM=
75,-73,BKDeLeDWftCi7nGiyLwTStGN7AQ=,P5gWVRvkjjmSU+76gPWY/Ta8uEM=
76,-73,BKDeLeDWftCi7nGiyLwTStGN7AQ=,P5gWVRvkjjmSU+76gPWY/Ta8uEM=
77,-73,BKDeLeDWftCi7nGiyLwTStGN7AQ=,P5gWVRvkjjmSU+76gPWY/Ta8uEM=
78,-73,BKDeLeDWftCi7nGiyLwTStGN7AQ=,P5gWVRvkjjmSU+76gPWY/Ta8uEM=
79,-73,BKDeLeDWftCi7nGiyLwTStGN7AQ=,P5gWVRvkjjmSU+76gPWY/Ta8uEM=
64,-72,BKDeLeDWftCi7nGiyLwTStGN7AQ=,P5gWVRvkjjmSU+76gPWY/Ta8uEM=
71,-80,BKDeLeDWftCi7nGiyLwTStGN7AQ=,P5gWVRvkjjmSU+76gPWY/Ta8uEM=
65,-72,BKDeLeDWftCi7nGiyLwTStGN7AQ=,P5gWVRvkjjmSU+76gPWY/Ta8uEM=
66,-72,BKDeLeDWftCi7nGiyLwTStGN7AQ=,P5gWVRvkjjmSU+76gPWY/Ta8uEM=
67,-72,BKDeLeDWftCi7nGiyLwTStGN7AQ=,P5gWVRvkjjmSU+76gPWY/Ta8uEM=
68,-72,BKDeLeDWftCi7nGiyLwTStGN7AQ=,P5gWVRvkjjmSU+76gPWY/Ta8uEM=
69,-72,BKDeLeDWftCi7nGiyLwTStGN7AQ=,P5gWVRvkjjmSU+76gPWY/Ta8uEM=
70,-72,BKDeLeDWftCi7nGiyLwTStGN7AQ=,P5gWVRvkjjmSU+76gPWY/Ta8uEM=
71,-72,BKDeLeDWftCi7nGiyLwTStGN7AQ=,P5gWVRvkjjmSU+76gPWY/Ta8uEM=
72,-72,BKDeLeDWftCi7nGiyLwTStGN7AQ=,P5gWVRvkjjmSU+76gPWY/Ta8uEM=
73,-72,BKDeLeDWftCi7nGiyLwTStGN7AQ=,P5gWVRvkjjmSU+76gPWY/Ta8uEM=
74,-72,BKDeLeDWftCi7nGiyLwTStGN7AQ=,P5gWVRvkjjmSU+76gPWY/Ta8uEM=
75,-72,BKDeLeDWftCi7nGiyLwTStGN7AQ=,P5gWVRvkjjmSU+76gPWY/Ta8uEM=
76,-72,BKDeLeDWftCi7nGiyLwTStGN7AQ=,P5gWVRvkjjmSU+76gPWY/Ta8uEM=
77,-72,BKDeLeDWftCi7nGiyLwTStGN7AQ=,P5gWVRvkjjmSU+76gPWY/Ta8uEM=
78,-72,BKDeLeDWftCi7nGiyLwTStGN7AQ=,P5gWVRvkjjmSU+76gPWY/Ta8uEM=
79,-72,BKDeLeDWftCi7nGiyLwTStGN7AQ=,P5gWVRvkjjmSU+76gPWY/Ta8uEM=
64,-71,BKDeLeDWftCi7nGiyLwTStGN7AQ=,P5gWVRvkjjmSU+76gPWY/Ta8uEM=
72,-80,BKDeLeDWftCi7nGiyLwTStGN7AQ=,P5gWVRvkjjmSU+76gPWY/Ta8uEM=
65,-71,BKDeLeDWftCi7nGiyLwTStGN7AQ=,P5gWVRvkjjmSU+76gPWY/Ta8uEM=
66,-71,BKDeLeDWftCi7nGiyLwTStGN7AQ=,P5gWVRvkjjmSU+76gPWY/Ta8uEM=
67,-71,BKDeLeDWftCi7nGiyLwTStGN7AQ=,P5gWVRvkjjmSU+76gPWY/Ta8uEM=
68,-71,BKDeLeDWftCi7nGiyLwTStGN7AQ=,P5gWVRvkjjmSU+76gPWY/Ta8uEM=
69,-71,BKDeLeDWftCi7nGiyLwTStGN7AQ=,P5gWVRvkjjmSU+76gPWY/Ta8uEM=
70,-71,BKDeLeDWftCi7nGiyLwTStGN7AQ=,P5gWVRvkjjmSU+76gPWY/Ta8uEM=
71,-71,BKDeLeDWftCi7nGiyLwTStGN7AQ=,P5gWVRvkjjmSU+76gPWY/Ta8uEM=
73,-71,BKDeLeDWftCi7nGiyLwTStGN7AQ=,P5gWVRvkjjmSU+76gPWY/Ta8uEM=
74,-71,BKDeLeDWftCi7nGiyLwTStGN7AQ=,P5gWVRvkjjmSU+76gPWY/Ta8uEM=
75,-71,BKDeLeDWftCi7nGiyLwTStGN7AQ=,P5gWVRvkjjmSU+76gPWY/Ta8uEM=
76,-71,BKDeLeDWftCi7nGiyLwTStGN7AQ=,P5gWVRvkjjmSU+76gPWY/Ta8uEM=
72,-71,BKDeLeDWftCi7nGiyLwTStGN7AQ=,P5gWVRvkjjmSU+76gPWY/Ta8uEM=
77,-71,BKDeLeDWftCi7nGiyLwTStGN7AQ=,P5gWVRvkjjmSU+76gPWY/Ta8uEM=
78,-71,BKDeLeDWftCi7nGiyLwTStGN7AQ=,P5gWVRvkjjmSU+76gPWY/Ta8uEM=
79,-71,BKDeLeDWftCi7nGiyLwTStGN7AQ=,P5gWVRvkjjmSU+76gPWY/Ta8uEM=
64,-70,BKDeLeDWftCi7nGiyLwTStGN7AQ=,P5gWVRvkjjmSU+76gPWY/Ta8uEM=
73,-80,BKDeLeDWftCi7nGiyLwTStGN7AQ=,P5gWVRvkjjmSU+76gPWY/Ta8uEM=
65,-70,BKDeLeDWftCi7nGiyLwTStGN7AQ=,P5gWVRvkjjmSU+76gPWY/Ta8uEM=
67,-70,BKDeLeDWftCi7nGiyLwTStGN7AQ=,P5gWVRvkjjmSU+76gPWY/Ta8uEM=
66,-70,BKDeLeDWftCi7nGiyLwTStGN7AQ=,P5gWVRvkjjmSU+76gPWY/Ta8uEM=
68,-70,BKDeLeDWftCi7nGiyLwTStGN7AQ=,P5gWVRvkjjmSU+76gPWY/Ta8uEM=
69,-70,BKDeLeDWftCi7nGiyLwTStGN7AQ=,P5gWVRvkjjmSU+76gPWY/Ta8uEM=
70,-70,BKDeLeDWftCi7nGiyLwTStGN7AQ=,P5gWVRvkjjmSU+76gPWY/Ta8uEM=
71,-70,BKDeLeDWftCi7nGiyLwTStGN7AQ=,P5gWVRvkjjmSU+76gPWY/Ta8uEM=
72,-70,BKDeLeDWftCi7nGiyLwTStGN7AQ=,P5gWVRvkjjmSU+76gPWY/Ta8uEM=
73,-70,BKDeLeDWftCi7nGiyLwTStGN7AQ=,P5gWVRvkjjmSU+76gPWY/Ta8uEM=
74,-70,BKDeLeDWftCi7nGiyLwTStGN7AQ=,P5gWVRvkjjmSU+76gPWY/Ta8uEM=
75,-70,BKDeLeDWftCi7nGiyLwTStGN7AQ=,P5gWVRvkjjmSU+76gPWY/Ta8uEM=
76,-70,BKDeLeDWftCi7nGiyLwTStGN7AQ=,P5gWVRvkjjmSU+76gPWY/Ta8uEM=
77,-70,BKDeLeDWftCi7nGiyLwTStGN7AQ=,P5gWVRvkjjmSU+76gPWY/Ta8uEM=
78,-70,BKDeLeDWftCi7nGiyLwTStGN7AQ=,P5gWVRvkjjmSU+76gPWY/Ta8uEM=
79,-70,BKDeLeDWftCi7nGiyLwTStGN7AQ=,P5gWVRvkjjmSU+76gPWY/Ta8uEM=
64,-69,BKDeLeDWftCi7nGiyLwTStGN7AQ=,P5gWVRvkjjmSU+76gPWY/Ta8uEM=
74,-80,BKDeLeDWftCi7nGiyLwTStGN7AQ=,P5gWVRvkjjmSU+76gPWY/Ta8uEM=
65,-69,BKDeLeDWftCi7nGiyLwTStGN7AQ=,P5gWVRvkjjmSU+76gPWY/Ta8uEM=
66,-69,BKDeLeDWftCi7nGiyLwTStGN7AQ=,P5gWVRvkjjmSU+76gPWY/Ta8uEM=
67,-69,BKDeLeDWftCi7nGiyLwTStGN7AQ=,P5gWVRvkjjmSU+76gPWY/Ta8uEM=
68,-69,BKDeLeDWftCi7nGiyLwTStGN7AQ=,P5gWVRvkjjmSU+76gPWY/Ta8uEM=
69,-69,BKDeLeDWftCi7nGiyLwTStGN7AQ=,P5gWVRvkjjmSU+76gPWY/Ta8uEM=
70,-69,BKDeLeDWftCi7nGiyLwTStGN7AQ=,P5gWVRvkjjmSU+76gPWY/Ta8uEM=
71,-69,BKDeLeDWftCi7nGiyLwTStGN7AQ=,P5gWVRvkjjmSU+76gPWY/Ta8uEM=
72,-69,BKDeLeDWftCi7nGiyLwTStGN7AQ=,P5gWVRvkjjmSU+76gPWY/Ta8uEM=
73,-69,BKDeLeDWftCi7nGiyLwTStGN7AQ=,P5gWVRvkjjmSU+76gPWY/Ta8uEM=
74,-69,BKDeLeDWftCi7nGiyLwTStGN7AQ=,P5gWVRvkjjmSU+76gPWY/Ta8uEM=
75,-69,BKDeLeDWftCi7nGiyLwTStGN7AQ=,P5gWVRvkjjmSU+76gPWY/Ta8uEM=
76,-69,BKDeLeDWftCi7nGiyLwTStGN7AQ=,P5gWVRvkjjmSU+76gPWY/Ta8uEM=
77,-69,BKDeLeDWftCi7nGiyLwTStGN7AQ=,P5gWVRvkjjmSU+76gPWY/Ta8uEM=
78,-69,BKDeLeDWftCi7nGiyLwTStGN7AQ=,P5gWVRvkjjmSU+76gPWY/Ta8uEM=
79,-69,BKDeLeDWftCi7nGiyLwTStGN7AQ=,P5gWVRvkjjmSU+76gPWY/Ta8uEM=
64,-68,BKDeLeDWftCi7nGiyLwTStGN7AQ=,P5gWVRvkjjmSU+76gPWY/Ta8uEM=
75,-80,BKDeLeDWftCi7nGiyLwTStGN7AQ=,P5gWVRvkjjmSU+76gPWY/Ta8uEM=
65,-68,BKDeLeDWftCi7nGiyLwTStGN7AQ=,P5gWVRvkjjmSU+76gPWY/Ta8uEM=
66,-68,BKDeLeDWftCi7nGiyLwTStGN7AQ=,P5gWVRvkjjmSU+76gPWY/Ta8uEM=
67,-68,BKDeLeDWftCi7nGiyLwTStGN7AQ=,P5gWVRvkjjmSU+76gPWY/Ta8uEM=
68,-68,BKDeLeDWftCi7nGiyLwTStGN7AQ=,P5gWVRvkjjmSU+76gPWY/Ta8uEM=
69,-68,BKDeLeDWftCi7nGiyLwTStGN7AQ=,P5gWVRvkjjmSU+76gPWY/Ta8uEM=
70,-68,BKDeLeDWftCi7nGiyLwTStGN7AQ=,P5gWVRvkjjmSU+76gPWY/Ta8uEM=
71,-68,BKDeLeDWftCi7nGiyLwTStGN7AQ=,P5gWVRvkjjmSU+76gPWY/Ta8uEM=
72,-68,BKDeLeDWftCi7nGiyLwTStGN7AQ=,P5gWVRvkjjmSU+76gPWY/Ta8uEM=
73,-68,BKDeLeDWftCi7nGiyLwTStGN7AQ=,P5gWVRvkjjmSU+76gPWY/Ta8uEM=
74,-68,BKDeLeDWftCi7nGiyLwTStGN7AQ=,P5gWVRvkjjmSU+76gPWY/Ta8uEM=
75,-68,BKDeLeDWftCi7nGiyLwTStGN7AQ=,P5gWVRvkjjmSU+76gPWY/Ta8uEM=
76,-68,BKDeLeDWftCi7nGiyLwTStGN7AQ=,P5gWVRvkjjmSU+76gPWY/Ta8uEM=
77,-68,BKDeLeDWftCi7nGiyLwTStGN7AQ=,P5gWVRvkjjmSU+76gPWY/Ta8uEM=
78,-68,BKDeLeDWftCi7nGiyLwTStGN7AQ=,P5gWVRvkjjmSU+76gPWY/Ta8uEM=
79,-68,BKDeLeDWftCi7nGiyLwTStGN7AQ=,P5gWVRvkjjmSU+76gPWY/Ta8uEM=
64,-67,BKDeLeDWftCi7nGiyLwTStGN7AQ=,P5gWVRvkjjmSU+76gPWY/Ta8uEM=
76,-80,BKDeLeDWftCi7nGiyLwTStGN7AQ=,P5gWVRvkjjmSU+76gPWY/Ta8uEM=
65,-67,BKDeLeDWftCi7nGiyLwTStGN7AQ=,P5gWVRvkjjmSU+76gPWY/Ta8uEM=
66,-67,BKDeLeDWftCi7nGiyLwTStGN7AQ=,P5gWVRvkjjmSU+76gPWY/Ta8uEM=
67,-67,BKDeLeDWftCi7nGiyLwTStGN7AQ=,P5gWVRvkjjmSU+76gPWY/Ta8uEM=
68,-67,BKDeLeDWftCi7nGiyLwTStGN7AQ=,P5gWVRvkjjmSU+76gPWY/Ta8uEM=
69,-67,BKDeLeDWftCi7nGiyLwTStGN7AQ=,P5gWVRvkjjmSU+76gPWY/Ta8uEM=
70,-67,BKDeLeDWftCi7nGiyLwTStGN7AQ=,P5gWVRvkjjmSU+76gPWY/Ta8uEM=
71,-67,BKDeLeDWftCi7nGiyLwTStGN7AQ=,P5gWVRvkjjmSU+76gPWY/Ta8uEM=
72,-67,BKDeLeDWftCi7nGiyLwTStGN7AQ=,P5gWVRvkjjmSU+76gPWY/Ta8uEM=
73,-67,BKDeLeDWftCi7nGiyLwTStGN7AQ=,P5gWVRvkjjmSU+76gPWY/Ta8uEM=
74,-67,BKDeLeDWftCi7nGiyLwTStGN7AQ=,P5gWVRvkjjmSU+76gPWY/Ta8uEM=
75,-67,BKDeLeDWftCi7nGiyLwTStGN7AQ=,P5gWVRvkjjmSU+76gPWY/Ta8uEM=
76,-67,BKDeLeDWftCi7nGiyLwTStGN7AQ=,P5gWVRvkjjmSU+76gPWY/Ta8uEM=
77,-67,BKDeLeDWftCi7nGiyLwTStGN7AQ=,P5gWVRvkjjmSU+76gPWY/Ta8uEM=
78,-67,BKDeLeDWftCi7nGiyLwTStGN7AQ=,P5gWVRvkjjmSU+76gPWY/Ta8uEM=
79,-67,BKDeLeDWftCi7nGiyLwTStGN7AQ=,P5gWVRvkjjmSU+76gPWY/Ta8uEM=
64,-66,BKDeLeDWftCi7nGiyLwTStGN7AQ=,P5gWVRvkjjmSU+76gPWY/Ta8uEM=
77,-80,BKDeLeDWftCi7nGiyLwTStGN7AQ=,P5gWVRvkjjmSU+76gPWY/Ta8uEM=
65,-66,BKDeLeDWftCi7nGiyLwTStGN7AQ=,P5gWVRvkjjmSU+76gPWY/Ta8uEM=
66,-66,BKDeLeDWftCi7nGiyLwTStGN7AQ=,P5gWVRvkjjmSU+76gPWY/Ta8uEM=
67,-66,BKDeLeDWftCi7nGiyLwTStGN7AQ=,P5gWVRvkjjmSU+76gPWY/Ta8uEM=
68,-66,BKDeLeDWftCi7nGiyLwTStGN7AQ=,P5gWVRvkjjmSU+76gPWY/Ta8uEM=
69,-66,BKDeLeDWftCi7nGiyLwTStGN7AQ=,P5gWVRvkjjmSU+76gPWY/Ta8uEM=
70,-66,BKDeLeDWftCi7nGiyLwTStGN7AQ=,P5gWVRvkjjmSU+76gPWY/Ta8uEM=
71,-66,BKDeLeDWftCi7nGiyLwTStGN7AQ=,P5gWVRvkjjmSU+76gPWY/Ta8uEM=
72,-66,BKDeLeDWftCi7nGiyLwTStGN7AQ=,P5gWVRvkjjmSU+76gPWY/Ta8uEM=
73,-66,BKDeLeDWftCi7nGiyLwTStGN7AQ=,P5gWVRvkjjmSU+76gPWY/Ta8uEM=
74,-66,BKDeLeDWftCi7nGiyLwTStGN7AQ=,P5gWVRvkjjmSU+76gPWY/Ta8uEM=
75,-66,BKDeLeDWftCi7nGiyLwTStGN7AQ=,P5gWVRvkjjmSU+76gPWY/Ta8uEM=
76,-66,BKDeLeDWftCi7nGiyLwTStGN7AQ=,P5gWVRvkjjmSU+76gPWY/Ta8uEM=
77,-66,BKDeLeDWftCi7nGiyLwTStGN7AQ=,P5gWVRvkjjmSU+76gPWY/Ta8uEM=
78,-66,BKDeLeDWftCi7nGiyLwTStGN7AQ=,P5gWVRvkjjmSU+76gPWY/Ta8uEM=
79,-66,BKDeLeDWftCi7nGiyLwTStGN7AQ=,P5gWVRvkjjmSU+76gPWY/Ta8uEM=
65,-65,BKDeLeDWftCi7nGiyLwTStGN7AQ=,P5gWVRvkjjmSU+76gPWY/Ta8uEM=
78,-80,BKDeLeDWftCi7nGiyLwTStGN7AQ=,P5gWVRvkjjmSU+76gPWY/Ta8uEM=
64,-65,BKDeLeDWftCi7nGiyLwTStGN7AQ=,P5gWVRvkjjmSU+76gPWY/Ta8uEM=
94,-65,Q0rsFCSIuQAYBIO+KHR8txfyTpQ=,P5gWVRvkjjmSU+76gPWY/Ta8uEM=
95,-65,Q0rsFCSIuQAYBIO+KHR8txfyTpQ=,P5gWVRvkjjmSU+76gPWY/Ta8uEM=
94,-80,Q0rsFCSIuQAYBIO+KHR8txfyTpQ=,P5gWVRvkjjmSU+76gPWY/Ta8uEM=
93,-80,Q0rsFCSIuQAYBIO+KHR8txfyTpQ=,P5gWVRvkjjmSU+76gPWY/Ta8uEM=
92,-80,Q0rsFCSIuQAYBIO+KHR8txfyTpQ=,P5gWVRvkjjmSU+76gPWY/Ta8uEM=
95,-80,Q0rsFCSIuQAYBIO+KHR8txfyTpQ=,P5gWVRvkjjmSU+76gPWY/Ta8uEM=
91,-80,Q0rsFCSIuQAYBIO+KHR8txfyTpQ=,P5gWVRvkjjmSU+76gPWY/Ta8uEM=
80,-79,Q0rsFCSIuQAYBIO+KHR8txfyTpQ=,P5gWVRvkjjmSU+76gPWY/Ta8uEM=
90,-80,Q0rsFCSIuQAYBIO+KHR8txfyTpQ=,P5gWVRvkjjmSU+76gPWY/Ta8uEM=
81,-79,Q0rsFCSIuQAYBIO+KHR8txfyTpQ=,P5gWVRvkjjmSU+76gPWY/Ta8uEM=
82,-79,Q0rsFCSIuQAYBIO+KHR8txfyTpQ=,P5gWVRvkjjmSU+76gPWY/Ta8uEM=
83,-79,Q0rsFCSIuQAYBIO+KHR8txfyTpQ=,P5gWVRvkjjmSU+76gPWY/Ta8uEM=
84,-79,Q0rsFCSIuQAYBIO+KHR8txfyTpQ=,P5gWVRvkjjmSU+76gPWY/Ta8uEM=
85,-79,Q0rsFCSIuQAYBIO+KHR8txfyTpQ=,P5gWVRvkjjmSU+76gPWY/Ta8uEM=
86,-79,Q0rsFCSIuQAYBIO+KHR8txfyTpQ=,P5gWVRvkjjmSU+76gPWY/Ta8uEM=
88,-79,Q0rsFCSIuQAYBIO+KHR8txfyTpQ=,P5gWVRvkjjmSU+76gPWY/Ta8uEM=
89,-79,Q0rsFCSIuQAYBIO+KHR8txfyTpQ=,P5gWVRvkjjmSU+76gPWY/Ta8uEM=
89,-80,Q0rsFCSIuQAYBIO+KHR8txfyTpQ=,P5gWVRvkjjmSU+76gPWY/Ta8uEM=
90,-79,Q0rsFCSIuQAYBIO+KHR8txfyTpQ=,P5gWVRvkjjmSU+76gPWY/Ta8uEM=
91,-79,Q0rsFCSIuQAYBIO+KHR8txfyTpQ=,P5gWVRvkjjmSU+76gPWY/Ta8uEM=
88,-80,Q0rsFCSIuQAYBIO+KHR8txfyTpQ=,P5gWVRvkjjmSU+76gPWY/Ta8uEM=
87,-79,Q0rsFCSIuQAYBIO+KHR8txfyTpQ=,P5gWVRvkjjmSU+76gPWY/Ta8uEM=
92,-79,Q0rsFCSIuQAYBIO+KHR8txfyTpQ=,P5gWVRvkjjmSU+76gPWY/Ta8uEM=
93,-79,Q0rsFCSIuQAYBIO+KHR8txfyTpQ=,P5gWVRvkjjmSU+76gPWY/Ta8uEM=
87,-80,Q0rsFCSIuQAYBIO+KHR8txfyTpQ=,P5gWVRvkjjmSU+76gPWY/Ta8uEM=
94,-79,Q0rsFCSIuQAYBIO+KHR8txfyTpQ=,P5gWVRvkjjmSU+76gPWY/Ta8uEM=
86,-80,Q0rsFCSIuQAYBIO+KHR8txfyTpQ=,P5gWVRvkjjmSU+76gPWY/Ta8uEM=
95,-79,Q0rsFCSIuQAYBIO+KHR8txfyTpQ=,P5gWVRvkjjmSU+76gPWY/Ta8uEM=
85,-80,Q0rsFCSIuQAYBIO+KHR8txfyTpQ=,P5gWVRvkjjmSU+76gPWY/Ta8uEM=
80,-78,Q0rsFCSIuQAYBIO+KHR8txfyTpQ=,P5gWVRvkjjmSU+76gPWY/Ta8uEM=
81,-78,Q0rsFCSIuQAYBIO+KHR8txfyTpQ=,P5gWVRvkjjmSU+76gPWY/Ta8uEM=
84,-80,Q0rsFCSIuQAYBIO+KHR8txfyTpQ=,P5gWVRvkjjmSU+76gPWY/Ta8uEM=
82,-78,Q0rsFCSIuQAYBIO+KHR8txfyTpQ=,P5gWVRvkjjmSU+76gPWY/Ta8uEM=
83,-80,Q0rsFCSIuQAYBIO+KHR8txfyTpQ=,P5gWVRvkjjmSU+76gPWY/Ta8uEM=
83,-78,Q0rsFCSIuQAYBIO+KHR8txfyTpQ=,P5gWVRvkjjmSU+76gPWY/Ta8uEM=
84,-78,Q0rsFCSIuQAYBIO+KHR8txfyTpQ=,P5gWVRvkjjmSU+76gPWY/Ta8uEM=
82,-80,Q0rsFCSIuQAYBIO+KHR8txfyTpQ=,P5gWVRvkjjmSU+76gPWY/Ta8uEM=
85,-78,Q0rsFCSIuQAYBIO+KHR8txfyTpQ=,P5gWVRvkjjmSU+76gPWY/Ta8uEM=
81,-80,Q0rsFCSIuQAYBIO+KHR8txfyTpQ=,P5gWVRvkjjmSU+76gPWY/Ta8uEM=
86,-78,Q0rsFCSIuQAYBIO+KHR8txfyTpQ=,P5gWVRvkjjmSU+76gPWY/Ta8uEM=
87,-78,Q0rsFCSIuQAYBIO+KHR8txfyTpQ=,P5gWVRvkjjmSU+76gPWY/Ta8uEM=
93,-65,Q0rsFCSIuQAYBIO+KHR8txfyTpQ=,P5gWVRvkjjmSU+76gPWY/Ta8uEM=
88,-78,Q0rsFCSIuQAYBIO+KHR8txfyTpQ=,P5gWVRvkjjmSU+76gPWY/Ta8uEM=
89,-78,Q0rsFCSIuQAYBIO+KHR8txfyTpQ=,P5gWVRvkjjmSU+76gPWY/Ta8uEM=
80,-80,Q0rsFCSIuQAYBIO+KHR8txfyTpQ=,P5gWVRvkjjmSU+76gPWY/Ta8uEM=
90,-78,Q0rsFCSIuQAYBIO+KHR8txfyTpQ=,P5gWVRvkjjmSU+76gPWY/Ta8uEM=
92,-65,Q0rsFCSIuQAYBIO+KHR8txfyTpQ=,P5gWVRvkjjmSU+76gPWY/Ta8uEM=
91,-78,Q0rsFCSIuQAYBIO+KHR8txfyTpQ=,P5gWVRvkjjmSU+76gPWY/Ta8uEM=
91,-65,Q0rsFCSIuQAYBIO+KHR8txfyTpQ=,P5gWVRvkjjmSU+76gPWY/Ta8uEM=
92,-78,Q0rsFCSIuQAYBIO+KHR8txfyTpQ=,P5gWVRvkjjmSU+76gPWY/Ta8uEM=
90,-65,Q0rsFCSIuQAYBIO+KHR8txfyTpQ=,P5gWVRvkjjmSU+76gPWY/Ta8uEM=
93,-78,Q0rsFCSIuQAYBIO+KHR8txfyTpQ=,P5gWVRvkjjmSU+76gPWY/Ta8uEM=
94,-78,Q0rsFCSIuQAYBIO+KHR8txfyTpQ=,P5gWVRvkjjmSU+76gPWY/Ta8uEM=
89,-65,Q0rsFCSIuQAYBIO+KHR8txfyTpQ=,P5gWVRvkjjmSU+76gPWY/Ta8uEM=
95,-78,Q0rsFCSIuQAYBIO+KHR8txfyTpQ=,P5gWVRvkjjmSU+76gPWY/Ta8uEM=
88,-65,Q0rsFCSIuQAYBIO+KHR8txfyTpQ=,P5gWVRvkjjmSU+76gPWY/Ta8uEM=
80,-77,Q0rsFCSIuQAYBIO+KHR8txfyTpQ=,P5gWVRvkjjmSU+76gPWY/Ta8uEM=
87,-65,Q0rsFCSIuQAYBIO+KHR8txfyTpQ=,P5gWVRvkjjmSU+76gPWY/Ta8uEM=
81,-77,Q0rsFCSIuQAYBIO+KHR8txfyTpQ=,P5gWVRvkjjmSU+76gPWY/Ta8uEM=
86,-65,Q0rsFCSIuQAYBIO+KHR8txfyTpQ=,P5gWVRvkjjmSU+76gPWY/Ta8uEM=
82,-77,Q0rsFCSIuQAYBIO+KHR8txfyTpQ=,P5gWVRvkjjmSU+76gPWY/Ta8uEM=
83,-77,Q0rsFCSIuQAYBIO+KHR8txfyTpQ=,P5gWVRvkjjmSU+76gPWY/Ta8uEM=
85,-65,Q0rsFCSIuQAYBIO+KHR8txfyTpQ=,P5gWVRvkjjmSU+76gPWY/Ta8uEM=
84,-77,Q0rsFCSIuQAYBIO+KHR8txfyTpQ=,P5gWVRvkjjmSU+76gPWY/Ta8uEM=
84,-65,Q0rsFCSIuQAYBIO+KHR8txfyTpQ=,P5gWVRvkjjmSU+76gPWY/Ta8uEM=
85,-77,Q0rsFCSIuQAYBIO+KHR8txfyTpQ=,P5gWVRvkjjmSU+76gPWY/Ta8uEM=
86,-77,Q0rsFCSIuQAYBIO+KHR8txfyTpQ=,P5gWVRvkjjmSU+76gPWY/Ta8uEM=
82,-65,Q0rsFCSIuQAYBIO+KHR8txfyTpQ=,P5gWVRvkjjmSU+76gPWY/Ta8uEM=
87,-77,Q0rsFCSIuQAYBIO+KHR8txfyTpQ=,P5gWVRvkjjmSU+76gPWY/Ta8uEM=
88,-77,Q0rsFCSIuQAYBIO+KHR8txfyTpQ=,P5gWVRvkjjmSU+76gPWY/Ta8uEM=
83,-65,Q0rsFCSIuQAYBIO+KHR8txfyTpQ=,P5gWVRvkjjmSU+76gPWY/Ta8uEM=
81,-65,Q0rsFCSIuQAYBIO+KHR8txfyTpQ=,P5gWVRvkjjmSU+76gPWY/Ta8uEM=
89,-77,Q0rsFCSIuQAYBIO+KHR8txfyTpQ=,P5gWVRvkjjmSU+76gPWY/Ta8uEM=
80,-65,Q0rsFCSIuQAYBIO+KHR8txfyTpQ=,P5gWVRvkjjmSU+76gPWY/Ta8uEM=
90,-77,Q0rsFCSIuQAYBIO+KHR8txfyTpQ=,P5gWVRvkjjmSU+76gPWY/Ta8uEM=
95,-66,Q0rsFCSIuQAYBIO+KHR8txfyTpQ=,P5gWVRvkjjmSU+76gPWY/Ta8uEM=
91,-77,Q0rsFCSIuQAYBIO+KHR8txfyTpQ=,P5gWVRvkjjmSU+76gPWY/Ta8uEM=
92,-77,Q0rsFCSIuQAYBIO+KHR8txfyTpQ=,P5gWVRvkjjmSU+76gPWY/Ta8uEM=
94,-66,Q0rsFCSIuQAYBIO+KHR8txfyTpQ=,P5gWVRvkjjmSU+76gPWY/Ta8uEM=
93,-77,Q0rsFCSIuQAYBIO+KHR8txfyTpQ=,P5gWVRvkjjmSU+76gPWY/Ta8uEM=
93,-66,Q0rsFCSIuQAYBIO+KHR8txfyTpQ=,P5gWVRvkjjmSU+76gPWY/Ta8uEM=
94,-77,Q0rsFCSIuQAYBIO+KHR8txfyTpQ=,P5gWVRvkjjmSU+76gPWY/Ta8uEM=
92,-66,Q0rsFCSIuQAYBIO+KHR8txfyTpQ=,P5gWVRvkjjmSU+76gPWY/Ta8uEM=
95,-77,Q0rsFCSIuQAYBIO+KHR8txfyTpQ=,P5gWVRvkjjmSU+76gPWY/Ta8uEM=
91,-66,Q0rsFCSIuQAYBIO+KHR8txfyTpQ=,P5gWVRvkjjmSU+76gPWY/Ta8uEM=
80,-76,Q0rsFCSIuQAYBIO+KHR8txfyTpQ=,P5gWVRvkjjmSU+76gPWY/Ta8uEM=
81,-76,Q0rsFCSIuQAYBIO+KHR8txfyTpQ=,P5gWVRvkjjmSU+76gPWY/Ta8uEM=
82,-76,Q0rsFCSIuQAYBIO+KHR8txfyTpQ=,P5gWVRvkjjmSU+76gPWY/Ta8uEM=
83,-76,Q0rsFCSIuQAYBIO+KHR8txfyTpQ=,P5gWVRvkjjmSU+76gPWY/Ta8uEM=
84,-76,Q0rsFCSIuQAYBIO+KHR8txfyTpQ=,P5gWVRvkjjmSU+76gPWY/Ta8uEM=
85,-76,Q0rsFCSIuQAYBIO+KHR8txfyTpQ=,P5gWVRvkjjmSU+76gPWY/Ta8uEM=
86,-76,Q0rsFCSIuQAYBIO+KHR8txfyTpQ=,P5gWVRvkjjmSU+76gPWY/Ta8uEM=
87,-76,Q0rsFCSIuQAYBIO+KHR8txfyTpQ=,P5gWVRvkjjmSU+76gPWY/Ta8uEM=
88,-76,Q0rsFCSIuQAYBIO+KHR8txfyTpQ=,P5gWVRvkjjmSU+76gPWY/Ta8uEM=
89,-76,Q0rsFCSIuQAYBIO+KHR8txfyTpQ=,P5gWVRvkjjmSU+76gPWY/Ta8uEM=
90,-76,Q0rsFCSIuQAYBIO+KHR8txfyTpQ=,P5gWVRvkjjmSU+76gPWY/Ta8uEM=
91,-76,Q0rsFCSIuQAYBIO+KHR8txfyTpQ=,P5gWVRvkjjmSU+76gPWY/Ta8uEM=
92,-76,Q0rsFCSIuQAYBIO+KHR8txfyTpQ=,P5gWVRvkjjmSU+76gPWY/Ta8uEM=
93,-76,Q0rsFCSIuQAYBIO+KHR8txfyTpQ=,P5gWVRvkjjmSU+76gPWY/Ta8uEM=
94,-76,Q0rsFCSIuQAYBIO+KHR8txfyTpQ=,P5gWVRvkjjmSU+76gPWY/Ta8uEM=
95,-76,Q0rsFCSIuQAYBIO+KHR8txfyTpQ=,P5gWVRvkjjmSU+76gPWY/Ta8uEM=
90,-66,Q0rsFCSIuQAYBIO+KHR8txfyTpQ=,P5gWVRvkjjmSU+76gPWY/Ta8uEM=
80,-75,Q0rsFCSIuQAYBIO+KHR8txfyTpQ=,P5gWVRvkjjmSU+76gPWY/Ta8uEM=
81,-75,Q0rsFCSIuQAYBIO+KHR8txfyTpQ=,P5gWVRvkjjmSU+76gPWY/Ta8uEM=
89,-66,Q0rsFCSIuQAYBIO+KHR8txfyTpQ=,P5gWVRvkjjmSU+76gPWY/Ta8uEM=
82,-75,Q0rsFCSIuQAYBIO+KHR8txfyTpQ=,P5gWVRvkjjmSU+76gPWY/Ta8uEM=
83,-75,Q0rsFCSIuQAYBIO+KHR8txfyTpQ=,P5gWVRvkjjmSU+76gPWY/Ta8uEM=
88,-66,Q0rsFCSIuQAYBIO+KHR8txfyTpQ=,P5gWVRvkjjmSU+76gPWY/Ta8uEM=
84,-75,Q0rsFCSIuQAYBIO+KHR8txfyTpQ=,P5gWVRvkjjmSU+76gPWY/Ta8uEM=
87,-66,Q0rsFCSIuQAYBIO+KHR8txfyTpQ=,P5gWVRvkjjmSU+76gPWY/Ta8uEM=
85,-75,Q0rsFCSIuQAYBIO+KHR8txfyTpQ=,P5gWVRvkjjmSU+76gPWY/Ta8uEM=
86,-66,Q0rsFCSIuQAYBIO+KHR8txfyTpQ=,P5gWVRvkjjmSU+76gPWY/Ta8uEM=
85,-66,Q0rsFCSIuQAYBIO+KHR8txfyTpQ=,P5gWVRvkjjmSU+76gPWY/Ta8uEM=
87,-75,Q0rsFCSIuQAYBIO+KHR8txfyTpQ=,P5gWVRvkjjmSU+76gPWY/Ta8uEM=
88,-75,Q0rsFCSIuQAYBIO+KHR8txfyTpQ=,P5gWVRvkjjmSU+76gPWY/Ta8uEM=
84,-66,Q0rsFCSIuQAYBIO+KHR8txfyTpQ=,P5gWVRvkjjmSU+76gPWY/Ta8uEM=
86,-75,Q0rsFCSIuQAYBIO+KHR8txfyTpQ=,P5gWVRvkjjmSU+76gPWY/Ta8uEM=
89,-75,Q0rsFCSIuQAYBIO+KHR8txfyTpQ=,P5gWVRvkjjmSU+76gPWY/Ta8uEM=
83,-66,Q0rsFCSIuQAYBIO+KHR8txfyTpQ=,P5gWVRvkjjmSU+76gPWY/Ta8uEM=
90,-75,Q0rsFCSIuQAYBIO+KHR8txfyTpQ=,P5gWVRvkjjmSU+76gPWY/Ta8uEM=
82,-66,Q0rsFCSIuQAYBIO+KHR8txfyTpQ=,P5gWVRvkjjmSU+76gPWY/Ta8uEM=
91,-75,Q0rsFCSIuQAYBIO+KHR8txfyTpQ=,P5gWVRvkjjmSU+76gPWY/Ta8uEM=
81,-66,Q0rsFCSIuQAYBIO+KHR8txfyTpQ=,P5gWVRvkjjmSU+76gPWY/Ta8uEM=
92,-75,Q0rsFCSIuQAYBIO+KHR8txfyTpQ=,P5gWVRvkjjmSU+76gPWY/Ta8uEM=
80,-66,Q0rsFCSIuQAYBIO+KHR8txfyTpQ=,P5gWVRvkjjmSU+76gPWY/Ta8uEM=
93,-75,Q0rsFCSIuQAYBIO+KHR8txfyTpQ=,P5gWVRvkjjmSU+76gPWY/Ta8uEM=
94,-75,Q0rsFCSIuQAYBIO+KHR8txfyTpQ=,P5gWVRvkjjmSU+76gPWY/Ta8uEM=
95,-67,Q0rsFCSIuQAYBIO+KHR8txfyTpQ=,P5gWVRvkjjmSU+76gPWY/Ta8uEM=
95,-75,Q0rsFCSIuQAYBIO+KHR8txfyTpQ=,P5gWVRvkjjmSU+76gPWY/Ta8uEM=
94,-67,Q0rsFCSIuQAYBIO+KHR8txfyTpQ=,P5gWVRvkjjmSU+76gPWY/Ta8uEM=
80,-74,Q0rsFCSIuQAYBIO+KHR8txfyTpQ=,P5gWVRvkjjmSU+76gPWY/Ta8uEM=
93,-67,Q0rsFCSIuQAYBIO+KHR8txfyTpQ=,P5gWVRvkjjmSU+76gPWY/Ta8uEM=
81,-74,Q0rsFCSIuQAYBIO+KHR8txfyTpQ=,P5gWVRvkjjmSU+76gPWY/Ta8uEM=
82,-74,Q0rsFCSIuQAYBIO+KHR8txfyTpQ=,P5gWVRvkjjmSU+76gPWY/Ta8uEM=
92,-67,Q0rsFCSIuQAYBIO+KHR8txfyTpQ=,P5gWVRvkjjmSU+76gPWY/Ta8uEM=
83,-74,Q0rsFCSIuQAYBIO+KHR8txfyTpQ=,P5gWVRvkjjmSU+76gPWY/Ta8uEM=
91,-67,Q0rsFCSIuQAYBIO+KHR8txfyTpQ=,P5gWVRvkjjmSU+76gPWY/Ta8uEM=
84,-74,Q0rsFCSIuQAYBIO+KHR8txfyTpQ=,P5gWVRvkjjmSU+76gPWY/Ta8uEM=
85,-74,Q0rsFCSIuQAYBIO+KHR8txfyTpQ=,P5gWVRvkjjmSU+76gPWY/Ta8uEM=
90,-67,Q0rsFCSIuQAYBIO+KHR8txfyTpQ=,P5gWVRvkjjmSU+76gPWY/Ta8uEM=
86,-74,Q0rsFCSIuQAYBIO+KHR8txfyTpQ=,P5gWVRvkjjmSU+76gPWY/Ta8uEM=
89,-67,Q0rsFCSIuQAYBIO+KHR8txfyTpQ=,P5gWVRvkjjmSU+76gPWY/Ta8uEM=
87,-74,Q0rsFCSIuQAYBIO+KHR8txfyTpQ=,P5gWVRvkjjmSU+76gPWY/Ta8uEM=
88,-67,Q0rsFCSIuQAYBIO+KHR8txfyTpQ=,P5gWVRvkjjmSU+76gPWY/Ta8uEM=
88,-74,Q0rsFCSIuQAYBIO+KHR8txfyTpQ=,P5gWVRvkjjmSU+76gPWY/Ta8uEM=
87,-67,Q0rsFCSIuQAYBIO+KHR8txfyTpQ=,P5gWVRvkjjmSU+76gPWY/Ta8uEM=
89,-74,Q0rsFCSIuQAYBIO+KHR8txfyTpQ=,P5gWVRvkjjmSU+76gPWY/Ta8uEM=
86,-67,Q0rsFCSIuQAYBIO+KHR8txfyTpQ=,P5gWVRvkjjmSU+76gPWY/Ta8uEM=
90,-74,Q0rsFCSIuQAYBIO+KHR8txfyTpQ=,P5gWVRvkjjmSU+76gPWY/Ta8uEM=
91,-74,Q0rsFCSIuQAYBIO+KHR8txfyTpQ=,P5gWVRvkjjmSU+76gPWY/Ta8uEM=
85,-67,Q0rsFCSIuQAYBIO+KHR8txfyTpQ=,P5gWVRvkjjmSU+76gPWY/Ta8uEM=
92,-74,Q0rsFCSIuQAYBIO+KHR8txfyTpQ=,P5gWVRvkjjmSU+76gPWY/Ta8uEM=
93,-74,Q0rsFCSIuQAYBIO+KHR8txfyTpQ=,P5gWVRvkjjmSU+76gPWY/Ta8uEM=
83,-67,Q0rsFCSIuQAYBIO+KHR8txfyTpQ=,P5gWVRvkjjmSU+76gPWY/Ta8uEM=
94,-74,Q0rsFCSIuQAYBIO+KHR8txfyTpQ=,P5gWVRvkjjmSU+76gPWY/Ta8uEM=
84,-67,Q0rsFCSIuQAYBIO+KHR8txfyTpQ=,P5gWVRvkjjmSU+76gPWY/Ta8uEM=
82,-67,Q0rsFCSIuQAYBIO+KHR8txfyTpQ=,P5gWVRvkjjmSU+76gPWY/Ta8uEM=
95,-74,Q0rsFCSIuQAYBIO+KHR8txfyTpQ=,P5gWVRvkjjmSU+76gPWY/Ta8uEM=
81,-67,Q0rsFCSIuQAYBIO+KHR8txfyTpQ=,P5gWVRvkjjmSU+76gPWY/Ta8uEM=
80,-73,Q0rsFCSIuQAYBIO+KHR8txfyTpQ=,P5gWVRvkjjmSU+76gPWY/Ta8uEM=
80,-67,Q0rsFCSIuQAYBIO+KHR8txfyTpQ=,P5gWVRvkjjmSU+76gPWY/Ta8uEM=
81,-73,Q0rsFCSIuQAYBIO+KHR8txfyTpQ=,P5gWVRvkjjmSU+76gPWY/Ta8uEM=
95,-68,Q0rsFCSIuQAYBIO+KHR8txfyTpQ=,P5gWVRvkjjmSU+76gPWY/Ta8uEM=
82,-73,Q0rsFCSIuQAYBIO+KHR8txfyTpQ=,P5gWVRvkjjmSU+76gPWY/Ta8uEM=
94,-68,Q0rsFCSIuQAYBIO+KHR8txfyTpQ=,P5gWVRvkjjmSU+76gPWY/Ta8uEM=
83,-73,Q0rsFCSIuQAYBIO+KHR8txfyTpQ=,P5gWVRvkjjmSU+76gPWY/Ta8uEM=
93,-68,Q0rsFCSIuQAYBIO+KHR8txfyTpQ=,P5gWVRvkjjmSU+76gPWY/Ta8uEM=
84,-73,Q0rsFCSIuQAYBIO+KHR8txfyTpQ=,P5gWVRvkjjmSU+76gPWY/Ta8uEM=
92,-68,Q0rsFCSIuQAYBIO+KHR8txfyTpQ=,P5gWVRvkjjmSU+76gPWY/Ta8uEM=
85,-73,Q0rsFCSIuQAYBIO+KHR8txfyTpQ=,P5gWVRvkjjmSU+76gPWY/Ta8uEM=
91,-68,Q0rsFCSIuQAYBIO+KHR8txfyTpQ=,P5gWVRvkjjmSU+76gPWY/Ta8uEM=
86,-73,Q0rsFCSIuQAYBIO+KHR8txfyTpQ=,P5gWVRvkjjmSU+76gPWY/Ta8uEM=
90,-68,Q0rsFCSIuQAYBIO+KHR8txfyTpQ=,P5gWVRvkjjmSU+76gPWY/Ta8uEM=
89,-68,Q0rsFCSIuQAYBIO+KHR8txfyTpQ=,P5gWVRvkjjmSU+76gPWY/Ta8uEM=
88,-68,Q0rsFCSIuQAYBIO+KHR8txfyTpQ=,P5gWVRvkjjmSU+76gPWY/Ta8uEM=
87,-73,Q0rsFCSIuQAYBIO+KHR8txfyTpQ=,P5gWVRvkjjmSU+76gPWY/Ta8uEM=
87,-68,Q0rsFCSIuQAYBIO+KHR8txfyTpQ=,P5gWVRvkjjmSU+76gPWY/Ta8uEM=
88,-73,Q0rsFCSIuQAYBIO+KHR8txfyTpQ=,P5gWVRvkjjmSU+76gPWY/Ta8uEM=
86,-68,Q0rsFCSIuQAYBIO+KHR8txfyTpQ=,P5gWVRvkjjmSU+76gPWY/Ta8uEM=
89,-73,Q0rsFCSIuQAYBIO+KHR8txfyTpQ=,P5gWVRvkjjmSU+76gPWY/Ta8uEM=
85,-68,Q0rsFCSIuQAYBIO+KHR8txfyTpQ=,P5gWVRvkjjmSU+76gPWY/Ta8uEM=
90,-73,Q0rsFCSIuQAYBIO+KHR8txfyTpQ=,P5gWVRvkjjmSU+76gPWY/Ta8uEM=
84,-68,Q0rsFCSIuQAYBIO+KHR8txfyTpQ=,P5gWVRvkjjmSU+76gPWY/Ta8uEM=
91,-73,Q0rsFCSIuQAYBIO+KHR8txfyTpQ=,P5gWVRvkjjmSU+76gPWY/Ta8uEM=
83,-68,Q0rsFCSIuQAYBIO+KHR8txfyTpQ=,P5gWVRvkjjmSU+76gPWY/Ta8uEM=
92,-73,Q0rsFCSIuQAYBIO+KHR8txfyTpQ=,P5gWVRvkjjmSU+76gPWY/Ta8uEM=
82,-68,Q0rsFCSIuQAYBIO+KHR8txfyTpQ=,P5gWVRvkjjmSU+76gPWY/Ta8uEM=
81,-68,Q0rsFCSIuQAYBIO+KHR8txfyTpQ=,P5gWVRvkjjmSU+76gPWY/Ta8uEM=
93,-73,Q0rsFCSIuQAYBIO+KHR8txfyTpQ=,P5gWVRvkjjmSU+76gPWY/Ta8uEM=
94,-73,Q0rsFCSIuQAYBIO+KHR8txfyTpQ=,P5gWVRvkjjmSU+76gPWY/Ta8uEM=
80,-68,Q0rsFCSIuQAYBIO+KHR8txfyTpQ=,P5gWVRvkjjmSU+76gPWY/Ta8uEM=
95,-73,Q0rsFCSIuQAYBIO+KHR8txfyTpQ=,P5gWVRvkjjmSU+76gPWY/Ta8uEM=
80,-72,Q0rsFCSIuQAYBIO+KHR8txfyTpQ=,P5gWVRvkjjmSU+76gPWY/Ta8uEM=
95,-69,Q0rsFCSIuQAYBIO+KHR8txfyTpQ=,P5gWVRvkjjmSU+76gPWY/Ta8uEM=
81,-72,Q0rsFCSIuQAYBIO+KHR8txfyTpQ=,P5gWVRvkjjmSU+76gPWY/Ta8uEM=
94,-69,Q0rsFCSIuQAYBIO+KHR8txfyTpQ=,P5gWVRvkjjmSU+76gPWY/Ta8uEM=
82,-72,Q0rsFCSIuQAYBIO+KHR8txfyTpQ=,P5gWVRvkjjmSU+76gPWY/Ta8uEM=
93,-69,Q0rsFCSIuQAYBIO+KHR8txfyTpQ=,P5gWVRvkjjmSU+76gPWY/Ta8uEM=
83,-72,Q0rsFCSIuQAYBIO+KHR8txfyTpQ=,P5gWVRvkjjmSU+76gPWY/Ta8uEM=
92,-69,Q0rsFCSIuQAYBIO+KHR8txfyTpQ=,P5gWVRvkjjmSU+76gPWY/Ta8uEM=
84,-72,Q0rsFCSIuQAYBIO+KHR8txfyTpQ=,P5gWVRvkjjmSU+76gPWY/Ta8uEM=
91,-69,Q0rsFCSIuQAYBIO+KHR8txfyTpQ=,P5gWVRvkjjmSU+76gPWY/Ta8uEM=
85,-72,Q0rsFCSIuQAYBIO+KHR8txfyTpQ=,P5gWVRvkjjmSU+76gPWY/Ta8uEM=
86,-72,Q0rsFCSIuQAYBIO+KHR8txfyTpQ=,P5gWVRvkjjmSU+76gPWY/Ta8uEM=
90,-69,Q0rsFCSIuQAYBIO+KHR8txfyTpQ=,P5gWVRvkjjmSU+76gPWY/Ta8uEM=
87,-72,Q0rsFCSIuQAYBIO+KHR8txfyTpQ=,P5gWVRvkjjmSU+76gPWY/Ta8uEM=
89,-69,Q0rsFCSIuQAYBIO+KHR8txfyTpQ=,P5gWVRvkjjmSU+76gPWY/Ta8uEM=
88,-72,Q0rsFCSIuQAYBIO+KHR8txfyTpQ=,P5gWVRvkjjmSU+76gPWY/Ta8uEM=
89,-72,Q0rsFCSIuQAYBIO+KHR8txfyTpQ=,P5gWVRvkjjmSU+76gPWY/Ta8uEM=
88,-69,Q0rsFCSIuQAYBIO+KHR8txfyTpQ=,P5gWVRvkjjmSU+76gPWY/Ta8uEM=
90,-72,Q0rsFCSIuQAYBIO+KHR8txfyTpQ=,P5gWVRvkjjmSU+76gPWY/Ta8uEM=
87,-69,Q0rsFCSIuQAYBIO+KHR8txfyTpQ=,P5gWVRvkjjmSU+76gPWY/Ta8uEM=
91,-72,Q0rsFCSIuQAYBIO+KHR8txfyTpQ=,P5gWVRvkjjmSU+76gPWY/Ta8uEM=
86,-69,Q0rsFCSIuQAYBIO+KHR8txfyTpQ=,P5gWVRvkjjmSU+76gPWY/Ta8uEM=
92,-72,Q0rsFCSIuQAYBIO+KHR8txfyTpQ=,P5gWVRvkjjmSU+76gPWY/Ta8uEM=
85,-69,Q0rsFCSIuQAYBIO+KHR8txfyTpQ=,P5gWVRvkjjmSU+76gPWY/Ta8uEM=
93,-72,Q0rsFCSIuQAYBIO+KHR8txfyTpQ=,P5gWVRvkjjmSU+76gPWY/Ta8uEM=
84,-69,Q0rsFCSIuQAYBIO+KHR8txfyTpQ=,P5gWVRvkjjmSU+76gPWY/Ta8uEM=
94,-72,Q0rsFCSIuQAYBIO+KHR8txfyTpQ=,P5gWVRvkjjmSU+76gPWY/Ta8uEM=
83,-69,Q0rsFCSIuQAYBIO+KHR8txfyTpQ=,P5gWVRvkjjmSU+76gPWY/Ta8uEM=
95,-72,Q0rsFCSIuQAYBIO+KHR8txfyTpQ=,P5gWVRvkjjmSU+76gPWY/Ta8uEM=
82,-69,Q0rsFCSIuQAYBIO+KHR8txfyTpQ=,P5gWVRvkjjmSU+76gPWY/Ta8uEM=
80,-71,Q0rsFCSIuQAYBIO+KHR8txfyTpQ=,P5gWVRvkjjmSU+76gPWY/Ta8uEM=
81,-69,Q0rsFCSIuQAYBIO+KHR8txfyTpQ=,P5gWVRvkjjmSU+76gPWY/Ta8uEM=
81,-71,Q0rsFCSIuQAYBIO+KHR8txfyTpQ=,P5gWVRvkjjmSU+76gPWY/Ta8uEM=
82,-71,Q0rsFCSIuQAYBIO+KHR8txfyTpQ=,P5gWVRvkjjmSU+76gPWY/Ta8uEM=
80,-69,Q0rsFCSIuQAYBIO+KHR8txfyTpQ=,P5gWVRvkjjmSU+76gPWY/Ta8uEM=
83,-71,Q0rsFCSIuQAYBIO+KHR8txfyTpQ=,P5gWVRvkjjmSU+76gPWY/Ta8uEM=
85,-71,Q0rsFCSIuQAYBIO+KHR8txfyTpQ=,P5gWVRvkjjmSU+76gPWY/Ta8uEM=
86,-71,Q0rsFCSIuQAYBIO+KHR8txfyTpQ=,P5gWVRvkjjmSU+76gPWY/Ta8uEM=
87,-71,Q0rsFCSIuQAYBIO+KHR8txfyTpQ=,P5gWVRvkjjmSU+76gPWY/Ta8uEM=
88,-71,Q0rsFCSIuQAYBIO+KHR8txfyTpQ=,P5gWVRvkjjmSU+76gPWY/Ta8uEM=
84,-71,Q0rsFCSIuQAYBIO+KHR8txfyTpQ=,P5gWVRvkjjmSU+76gPWY/Ta8uEM=
95,-70,Q0rsFCSIuQAYBIO+KHR8txfyTpQ=,P5gWVRvkjjmSU+76gPWY/Ta8uEM=
90,-71,Q0rsFCSIuQAYBIO+KHR8txfyTpQ=,P5gWVRvkjjmSU+76gPWY/Ta8uEM=
89,-71,Q0rsFCSIuQAYBIO+KHR8txfyTpQ=,P5gWVRvkjjmSU+76gPWY/Ta8uEM=
94,-70,Q0rsFCSIuQAYBIO+KHR8txfyTpQ=,P5gWVRvkjjmSU+76gPWY/Ta8uEM=
91,-71,Q0rsFCSIuQAYBIO+KHR8txfyTpQ=,P5gWVRvkjjmSU+76gPWY/Ta8uEM=
92,-71,Q0rsFCSIuQAYBIO+KHR8txfyTpQ=,P5gWVRvkjjmSU+76gPWY/Ta8uEM=
93,-70,Q0rsFCSIuQAYBIO+KHR8txfyTpQ=,P5gWVRvkjjmSU+76gPWY/Ta8uEM=
93,-71,Q0rsFCSIuQAYBIO+KHR8txfyTpQ=,P5gWVRvkjjmSU+76gPWY/Ta8uEM=
92,-70,Q0rsFCSIuQAYBIO+KHR8txfyTpQ=,P5gWVRvkjjmSU+76gPWY/Ta8uEM=
94,-71,Q0rsFCSIuQAYBIO+KHR8txfyTpQ=,P5gWVRvkjjmSU+76gPWY/Ta8uEM=
91,-70,Q0rsFCSIuQAYBIO+KHR8txfyTpQ=,P5gWVRvkjjmSU+76gPWY/Ta8uEM=
95,-71,Q0rsFCSIuQAYBIO+KHR8txfyTpQ=,P5gWVRvkjjmSU+76gPWY/Ta8uEM=
90,-70,Q0rsFCSIuQAYBIO+KHR8txfyTpQ=,P5gWVRvkjjmSU+76gPWY/Ta8uEM=
80,-70,Q0rsFCSIuQAYBIO+KHR8txfyTpQ=,P5gWVRvkjjmSU+76gPWY/Ta8uEM=
89,-70,Q0rsFCSIuQAYBIO+KHR8txfyTpQ=,P5gWVRvkjjmSU+76gPWY/Ta8uEM=
81,-70,Q0rsFCSIuQAYBIO+KHR8txfyTpQ=,P5gWVRvkjjmSU+76gPWY/Ta8uEM=
82,-70,Q0rsFCSIuQAYBIO+KHR8txfyTpQ=,P5gWVRvkjjmSU+76gPWY/Ta8uEM=
88,-70,Q0rsFCSIuQAYBIO+KHR8txfyTpQ=,P5gWVRvkjjmSU+76gPWY/Ta8uEM=
83,-70,Q0rsFCSIuQAYBIO+KHR8txfyTpQ=,P5gWVRvkjjmSU+76gPWY/Ta8uEM=
87,-70,Q0rsFCSIuQAYBIO+KHR8txfyTpQ=,P5gWVRvkjjmSU+76gPWY/Ta8uEM=
84,-70,Q0rsFCSIuQAYBIO+KHR8txfyTpQ=,P5gWVRvkjjmSU+76gPWY/Ta8uEM=
86,-70,Q0rsFCSIuQAYBIO+KHR8txfyTpQ=,P5gWVRvkjjmSU+76gPWY/Ta8uEM=
85,-70,Q0rsFCSIuQAYBIO+KHR8txfyTpQ=,P5gWVRvkjjmSU+76gPWY/Ta8uEM=
