7,-39,AlPk9zGXUMGhaQW2Xy9Oy4OTWOE=,Wtz3IsszppLqR/s+algFs2JXx9U=
5,-39,AlPk9zGXUMGhaQW2Xy9Oy4OTWOE=,Wtz3IsszppLqR/s+algFs2JXx9U=
4,-39,AlPk9zGXUMGhaQW2Xy9Oy4OTWOE=,Wtz3IsszppLqR/s+algFs2JXx9U=
6,-39,AlPk9zGXUMGhaQW2Xy9Oy4OTWOE=,Wtz3IsszppLqR/s+algFs2JXx9U=
5,-37,AlPk9zGXUMGhaQW2Xy9Oy4OTWOE=,Wtz3IsszppLqR/s+algFs2JXx9U=
4,-36,AlPk9zGXUMGhaQW2Xy9Oy4OTWOE=,Wtz3IsszppLqR/s+algFs2JXx9U=
3,-35,AlPk9zGXUMGhaQW2Xy9Oy4OTWOE=,Wtz3IsszppLqR/s+algFs2JXx9U=
3,-39,AlPk9zGXUMGhaQW2Xy9Oy4OTWOE=,Wtz3IsszppLqR/s+algFs2JXx9U=
2,-40,AlPk9zGXUMGhaQW2Xy9Oy4OTWOE=,Wtz3IsszppLqR/s+algFs2JXx9U=
2,-35,AlPk9zGXUMGhaQW2Xy9Oy4OTWOE=,Wtz3IsszppLqR/s+algFs2JXx9U=
4,-37,AlPk9zGXUMGhaQW2Xy9Oy4OTWOE=,Wtz3IsszppLqR/s+algFs2JXx9U=
2,-39,AlPk9zGXUMGhaQW2Xy9Oy4OTWOE=,Wtz3IsszppLqR/s+algFs2JXx9U=
3,-37,AlPk9zGXUMGhaQW2Xy9Oy4OTWOE=,Wtz3IsszppLqR/s+algFs2JXx9U=
0,-39,AlPk9zGXUMGhaQW2Xy9Oy4OTWOE=,Wtz3IsszppLqR/s+algFs2JXx9U=
7,-38,AlPk9zGXUMGhaQW2Xy9Oy4OTWOE=,Wtz3IsszppLqR/s+algFs2JXx9U=
2,-37,AlPk9zGXUMGhaQW2Xy9Oy4OTWOE=,Wtz3IsszppLqR/s+algFs2JXx9U=
3,-36,AlPk9zGXUMGhaQW2Xy9Oy4OTWOE=,Wtz3IsszppLqR/s+algFs2JXx9U=
1,-40,AlPk9zGXUMGhaQW2Xy9Oy4OTWOE=,Wtz3IsszppLqR/s+algFs2JXx9U=
6,-38,AlPk9zGXUMGhaQW2Xy9Oy4OTWOE=,Wtz3IsszppLqR/s+algFs2JXx9U=
1,-37,AlPk9zGXUMGhaQW2Xy9Oy4OTWOE=,Wtz3IsszppLqR/s+algFs2JXx9U=
5,-38,AlPk9zGXUMGhaQW2Xy9Oy4OTWOE=,Wtz3IsszppLqR/s+algFs2JXx9U=
2,-36,AlPk9zGXUMGhaQW2Xy9Oy4OTWOE=,Wtz3IsszppLqR/s+algFs2JXx9U=
7,-40,AlPk9zGXUMGhaQW2Xy9Oy4OTWOE=,Wtz3IsszppLqR/s+algFs2JXx9U=
7,-36,AlPk9zGXUMGhaQW2Xy9Oy4OTWOE=,Wtz3IsszppLqR/s+algFs2JXx9U=
1,-35,AlPk9zGXUMGhaQW2Xy9Oy4OTWOE=,Wtz3IsszppLqR/s+algFs2JXx9U=
4,-38,AlPk9zGXUMGhaQW2Xy9Oy4OTWOE=,Wtz3IsszppLqR/s+algFs2JXx9U=
7,-33,AlPk9zGXUMGhaQW2Xy9Oy4OTWOE=,Wtz3IsszppLqR/s+algFs2JXx9U=
6,-33,AlPk9zGXUMGhaQW2Xy9Oy4OTWOE=,Wtz3IsszppLqR/s+algFs2JXx9U=
3,-38,AlPk9zGXUMGhaQW2Xy9Oy4OTWOE=,Wtz3IsszppLqR/s+algFs2JXx9U=
6,-40,AlPk9zGXUMGhaQW2Xy9Oy4OTWOE=,Wtz3IsszppLqR/s+algFs2JXx9U=
1,-36,AlPk9zGXUMGhaQW2Xy9Oy4OTWOE=,Wtz3IsszppLqR/s+algFs2JXx9U=
5,-33,AlPk9zGXUMGhaQW2Xy9Oy4OTWOE=,Wtz3IsszppLqR/s+algFs2JXx9U=
4,-33,AlPk9zGXUMGhaQW2Xy9Oy4OTWOE=,Wtz3IsszppLqR/s+algFs2JXx9U=
3,-33,AlPk9zGXUMGhaQW2Xy9Oy4OTWOE=,Wtz3IsszppLqR/s+algFs2JXx9U=
2,-33,AlPk9zGXUMGhaQW2Xy9Oy4OTWOE=,Wtz3IsszppLqR/s+algFs2JXx9U=
0,-35,AlPk9zGXUMGhaQW2Xy9Oy4OTWOE=,Wtz3IsszppLqR/s+algFs2JXx9U=
1,-33,AlPk9zGXUMGhaQW2Xy9Oy4OTWOE=,Wtz3IsszppLqR/s+algFs2JXx9U=
7,-34,AlPk9zGXUMGhaQW2Xy9Oy4OTWOE=,Wtz3IsszppLqR/s+algFs2JXx9U=
5,-40,AlPk9zGXUMGhaQW2Xy9Oy4OTWOE=,Wtz3IsszppLqR/s+algFs2JXx9U=
6,-34,AlPk9zGXUMGhaQW2Xy9Oy4OTWOE=,Wtz3IsszppLqR/s+algFs2JXx9U=
5,-34,AlPk9zGXUMGhaQW2Xy9Oy4OTWOE=,Wtz3IsszppLqR/s+algFs2JXx9U=
0,-40,AlPk9zGXUMGhaQW2Xy9Oy4OTWOE=,Wtz3IsszppLqR/s+algFs2JXx9U=
2,-38,AlPk9zGXUMGhaQW2Xy9Oy4OTWOE=,Wtz3IsszppLqR/s+algFs2JXx9U=
4,-40,AlPk9zGXUMGhaQW2Xy9Oy4OTWOE=,Wtz3IsszppLqR/s+algFs2JXx9U=
0,-36,AlPk9zGXUMGhaQW2Xy9Oy4OTWOE=,Wtz3IsszppLqR/s+algFs2JXx9U=
4,-34,AlPk9zGXUMGhaQW2Xy9Oy4OTWOE=,Wtz3IsszppLqR/s+algFs2JXx9U=
1,-38,AlPk9zGXUMGhaQW2Xy9Oy4OTWOE=,Wtz3IsszppLqR/s+algFs2JXx9U=
6,-36,AlPk9zGXUMGhaQW2Xy9Oy4OTWOE=,Wtz3IsszppLqR/s+algFs2JXx9U=
7,-37,AlPk9zGXUMGhaQW2Xy9Oy4OTWOE=,Wtz3IsszppLqR/s+algFs2JXx9U=
6,-37,AlPk9zGXUMGhaQW2Xy9Oy4OTWOE=,Wtz3IsszppLqR/s+algFs2JXx9U=
3,-34,AlPk9zGXUMGhaQW2Xy9Oy4OTWOE=,Wtz3IsszppLqR/s+algFs2JXx9U=
2,-34,AlPk9zGXUMGhaQW2Xy9Oy4OTWOE=,Wtz3IsszppLqR/s+algFs2JXx9U=
0,-37,AlPk9zGXUMGhaQW2Xy9Oy4OTWOE=,Wtz3IsszppLqR/s+algFs2JXx9U=
0,-33,AlPk9zGXUMGhaQW2Xy9Oy4OTWOE=,Wtz3IsszppLqR/s+algFs2JXx9U=
7,-35,AlPk9zGXUMGhaQW2Xy9Oy4OTWOE=,Wtz3IsszppLqR/s+algFs2JXx9U=
0,-38,AlPk9zGXUMGhaQW2Xy9Oy4OTWOE=,Wtz3IsszppLqR/s+algFs2JXx9U=
6,-35,AlPk9zGXUMGhaQW2Xy9Oy4OTWOE=,Wtz3IsszppLqR/s+algFs2JXx9U=
5,-35,AlPk9zGXUMGhaQW2Xy9Oy4OTWOE=,Wtz3IsszppLqR/s+algFs2JXx9U=
1,-34,AlPk9zGXUMGhaQW2Xy9Oy4OTWOE=,Wtz3IsszppLqR/s+algFs2JXx9U=
1,-39,AlPk9zGXUMGhaQW2Xy9Oy4OTWOE=,Wtz3IsszppLqR/s+algFs2JXx9U=
4,-35,AlPk9zGXUMGhaQW2Xy9Oy4OTWOE=,Wtz3IsszppLqR/s+algFs2JXx9U=
5,-36,AlPk9zGXUMGhaQW2Xy9Oy4OTWOE=,Wtz3IsszppLqR/s+algFs2JXx9U=
0,-34,AlPk9zGXUMGhaQW2Xy9Oy4OTWOE=,Wtz3IsszppLqR/s+algFs2JXx9U=
3,-40,AlPk9zGXUMGhaQW2Xy9Oy4OTWOE=,Wtz3IsszppLqR/s+algFs2JXx9U=
