-146,225,24T7mVo0eD/D1ROxAVZIF8hISDo=,MeyjpaxKMxLyPL/2ekeRKKyB5OQ=
-145,225,24T7mVo0eD/D1ROxAVZIF8hISDo=,MeyjpaxKMxLyPL/2ekeRKKyB5OQ=
-160,224,24T7mVo0eD/D1ROxAVZIF8hISDo=,MeyjpaxKMxLyPL/2ekeRKKyB5OQ=
-145,239,24T7mVo0eD/D1ROxAVZIF8hISDo=,MeyjpaxKMxLyPL/2ekeRKKyB5OQ=
-152,239,24T7mVo0eD/D1ROxAVZIF8hISDo=,MeyjpaxKMxLyPL/2ekeRKKyB5OQ=
-148,239,24T7mVo0eD/D1ROxAVZIF8hISDo=,MeyjpaxKMxLyPL/2ekeRKKyB5OQ=
-146,239,24T7mVo0eD/D1ROxAVZIF8hISDo=,MeyjpaxKMxLyPL/2ekeRKKyB5OQ=
-145,224,24T7mVo0eD/D1ROxAVZIF8hISDo=,MeyjpaxKMxLyPL/2ekeRKKyB5OQ=
-147,239,24T7mVo0eD/D1ROxAVZIF8hISDo=,MeyjpaxKMxLyPL/2ekeRKKyB5OQ=
-149,239,24T7mVo0eD/D1ROxAVZIF8hISDo=,MeyjpaxKMxLyPL/2ekeRKKyB5OQ=
-151,239,24T7mVo0eD/D1ROxAVZIF8hISDo=,MeyjpaxKMxLyPL/2ekeRKKyB5OQ=
-150,239,24T7mVo0eD/D1ROxAVZIF8hISDo=,MeyjpaxKMxLyPL/2ekeRKKyB5OQ=
-160,226,24T7mVo0eD/D1ROxAVZIF8hISDo=,MeyjpaxKMxLyPL/2ekeRKKyB5OQ=
-146,224,24T7mVo0eD/D1ROxAVZIF8hISDo=,MeyjpaxKMxLyPL/2ekeRKKyB5OQ=
-153,239,24T7mVo0eD/D1ROxAVZIF8hISDo=,MeyjpaxKMxLyPL/2ekeRKKyB5OQ=
-147,224,24T7mVo0eD/D1ROxAVZIF8hISDo=,MeyjpaxKMxLyPL/2ekeRKKyB5OQ=
-158,239,24T7mVo0eD/D1ROxAVZIF8hISDo=,MeyjpaxKMxLyPL/2ekeRKKyB5OQ=
-154,239,24T7mVo0eD/D1ROxAVZIF8hISDo=,MeyjpaxKMxLyPL/2ekeRKKyB5OQ=
-155,239,24T7mVo0eD/D1ROxAVZIF8hISDo=,MeyjpaxKMxLyPL/2ekeRKKyB5OQ=
-156,239,24T7mVo0eD/D1ROxAVZIF8hISDo=,MeyjpaxKMxLyPL/2ekeRKKyB5OQ=
-157,239,24T7mVo0eD/D1ROxAVZIF8hISDo=,MeyjpaxKMxLyPL/2ekeRKKyB5OQ=
-159,239,24T7mVo0eD/D1ROxAVZIF8hISDo=,MeyjpaxKMxLyPL/2ekeRKKyB5OQ=
-159,226,24T7mVo0eD/D1ROxAVZIF8hISDo=,MeyjpaxKMxLyPL/2ekeRKKyB5OQ=
-148,224,24T7mVo0eD/D1ROxAVZIF8hISDo=,MeyjpaxKMxLyPL/2ekeRKKyB5OQ=
-150,224,24T7mVo0eD/D1ROxAVZIF8hISDo=,MeyjpaxKMxLyPL/2ekeRKKyB5OQ=
-149,224,24T7mVo0eD/D1ROxAVZIF8hISDo=,MeyjpaxKMxLyPL/2ekeRKKyB5OQ=
-152,224,24T7mVo0eD/D1ROxAVZIF8hISDo=,MeyjpaxKMxLyPL/2ekeRKKyB5OQ=
-158,226,24T7mVo0eD/D1ROxAVZIF8hISDo=,MeyjpaxKMxLyPL/2ekeRKKyB5OQ=
-151,224,24T7mVo0eD/D1ROxAVZIF8hISDo=,MeyjpaxKMxLyPL/2ekeRKKyB5OQ=
-154,224,24T7mVo0eD/D1ROxAVZIF8hISDo=,MeyjpaxKMxLyPL/2ekeRKKyB5OQ=
-157,226,24T7mVo0eD/D1ROxAVZIF8hISDo=,MeyjpaxKMxLyPL/2ekeRKKyB5OQ=
-153,224,24T7mVo0eD/D1ROxAVZIF8hISDo=,MeyjpaxKMxLyPL/2ekeRKKyB5OQ=
-155,224,24T7mVo0eD/D1ROxAVZIF8hISDo=,MeyjpaxKMxLyPL/2ekeRKKyB5OQ=
-157,224,24T7mVo0eD/D1ROxAVZIF8hISDo=,MeyjpaxKMxLyPL/2ekeRKKyB5OQ=
-156,224,24T7mVo0eD/D1ROxAVZIF8hISDo=,MeyjpaxKMxLyPL/2ekeRKKyB5OQ=
-159,224,24T7mVo0eD/D1ROxAVZIF8hISDo=,MeyjpaxKMxLyPL/2ekeRKKyB5OQ=
-156,226,24T7mVo0eD/D1ROxAVZIF8hISDo=,MeyjpaxKMxLyPL/2ekeRKKyB5OQ=
-147,225,24T7mVo0eD/D1ROxAVZIF8hISDo=,MeyjpaxKMxLyPL/2ekeRKKyB5OQ=
-158,224,24T7mVo0eD/D1ROxAVZIF8hISDo=,MeyjpaxKMxLyPL/2ekeRKKyB5OQ=
-160,239,24T7mVo0eD/D1ROxAVZIF8hISDo=,MeyjpaxKMxLyPL/2ekeRKKyB5OQ=
-155,226,24T7mVo0eD/D1ROxAVZIF8hISDo=,MeyjpaxKMxLyPL/2ekeRKKyB5OQ=
-145,238,24T7mVo0eD/D1ROxAVZIF8hISDo=,MeyjpaxKMxLyPL/2ekeRKKyB5OQ=
-146,238,24T7mVo0eD/D1ROxAVZIF8hISDo=,MeyjpaxKMxLyPL/2ekeRKKyB5OQ=
-151,238,24T7mVo0eD/D1ROxAVZIF8hISDo=,MeyjpaxKMxLyPL/2ekeRKKyB5OQ=
-147,238,24T7mVo0eD/D1ROxAVZIF8hISDo=,MeyjpaxKMxLyPL/2ekeRKKyB5OQ=
-150,238,24T7mVo0eD/D1ROxAVZIF8hISDo=,MeyjpaxKMxLyPL/2ekeRKKyB5OQ=
-148,238,24T7mVo0eD/D1ROxAVZIF8hISDo=,MeyjpaxKMxLyPL/2ekeRKKyB5OQ=
-149,238,24T7mVo0eD/D1ROxAVZIF8hISDo=,MeyjpaxKMxLyPL/2ekeRKKyB5OQ=
-153,238,24T7mVo0eD/D1ROxAVZIF8hISDo=,MeyjpaxKMxLyPL/2ekeRKKyB5OQ=
-154,238,24T7mVo0eD/D1ROxAVZIF8hISDo=,MeyjpaxKMxLyPL/2ekeRKKyB5OQ=
-152,238,24T7mVo0eD/D1ROxAVZIF8hISDo=,MeyjpaxKMxLyPL/2ekeRKKyB5OQ=
-154,226,24T7mVo0eD/D1ROxAVZIF8hISDo=,MeyjpaxKMxLyPL/2ekeRKKyB5OQ=
-157,238,24T7mVo0eD/D1ROxAVZIF8hISDo=,MeyjpaxKMxLyPL/2ekeRKKyB5OQ=
-148,225,24T7mVo0eD/D1ROxAVZIF8hISDo=,MeyjpaxKMxLyPL/2ekeRKKyB5OQ=
-158,238,24T7mVo0eD/D1ROxAVZIF8hISDo=,MeyjpaxKMxLyPL/2ekeRKKyB5OQ=
-159,238,24T7mVo0eD/D1ROxAVZIF8hISDo=,MeyjpaxKMxLyPL/2ekeRKKyB5OQ=
-145,237,24T7mVo0eD/D1ROxAVZIF8hISDo=,MeyjpaxKMxLyPL/2ekeRKKyB5OQ=
-146,237,24T7mVo0eD/D1ROxAVZIF8hISDo=,MeyjpaxKMxLyPL/2ekeRKKyB5OQ=
-160,238,24T7mVo0eD/D1ROxAVZIF8hISDo=,MeyjpaxKMxLyPL/2ekeRKKyB5OQ=
-147,237,24T7mVo0eD/D1ROxAVZIF8hISDo=,MeyjpaxKMxLyPL/2ekeRKKyB5OQ=
-155,238,24T7mVo0eD/D1ROxAVZIF8hISDo=,MeyjpaxKMxLyPL/2ekeRKKyB5OQ=
-149,237,24T7mVo0eD/D1ROxAVZIF8hISDo=,MeyjpaxKMxLyPL/2ekeRKKyB5OQ=
-153,226,24T7mVo0eD/D1ROxAVZIF8hISDo=,MeyjpaxKMxLyPL/2ekeRKKyB5OQ=
-148,237,24T7mVo0eD/D1ROxAVZIF8hISDo=,MeyjpaxKMxLyPL/2ekeRKKyB5OQ=
-156,237,24T7mVo0eD/D1ROxAVZIF8hISDo=,MeyjpaxKMxLyPL/2ekeRKKyB5OQ=
-150,237,24T7mVo0eD/D1ROxAVZIF8hISDo=,MeyjpaxKMxLyPL/2ekeRKKyB5OQ=
-155,237,24T7mVo0eD/D1ROxAVZIF8hISDo=,MeyjpaxKMxLyPL/2ekeRKKyB5OQ=
-152,237,24T7mVo0eD/D1ROxAVZIF8hISDo=,MeyjpaxKMxLyPL/2ekeRKKyB5OQ=
-157,237,24T7mVo0eD/D1ROxAVZIF8hISDo=,MeyjpaxKMxLyPL/2ekeRKKyB5OQ=
-149,225,24T7mVo0eD/D1ROxAVZIF8hISDo=,MeyjpaxKMxLyPL/2ekeRKKyB5OQ=
-158,237,24T7mVo0eD/D1ROxAVZIF8hISDo=,MeyjpaxKMxLyPL/2ekeRKKyB5OQ=
-153,237,24T7mVo0eD/D1ROxAVZIF8hISDo=,MeyjpaxKMxLyPL/2ekeRKKyB5OQ=
-151,237,24T7mVo0eD/D1ROxAVZIF8hISDo=,MeyjpaxKMxLyPL/2ekeRKKyB5OQ=
-154,237,24T7mVo0eD/D1ROxAVZIF8hISDo=,MeyjpaxKMxLyPL/2ekeRKKyB5OQ=
-152,226,24T7mVo0eD/D1ROxAVZIF8hISDo=,MeyjpaxKMxLyPL/2ekeRKKyB5OQ=
-160,237,24T7mVo0eD/D1ROxAVZIF8hISDo=,MeyjpaxKMxLyPL/2ekeRKKyB5OQ=
-159,237,24T7mVo0eD/D1ROxAVZIF8hISDo=,MeyjpaxKMxLyPL/2ekeRKKyB5OQ=
-153,236,24T7mVo0eD/D1ROxAVZIF8hISDo=,MeyjpaxKMxLyPL/2ekeRKKyB5OQ=
-155,236,24T7mVo0eD/D1ROxAVZIF8hISDo=,MeyjpaxKMxLyPL/2ekeRKKyB5OQ=
-145,236,24T7mVo0eD/D1ROxAVZIF8hISDo=,MeyjpaxKMxLyPL/2ekeRKKyB5OQ=
-150,236,24T7mVo0eD/D1ROxAVZIF8hISDo=,MeyjpaxKMxLyPL/2ekeRKKyB5OQ=
-156,236,24T7mVo0eD/D1ROxAVZIF8hISDo=,MeyjpaxKMxLyPL/2ekeRKKyB5OQ=
-148,236,24T7mVo0eD/D1ROxAVZIF8hISDo=,MeyjpaxKMxLyPL/2ekeRKKyB5OQ=
-151,236,24T7mVo0eD/D1ROxAVZIF8hISDo=,MeyjpaxKMxLyPL/2ekeRKKyB5OQ=
-151,226,24T7mVo0eD/D1ROxAVZIF8hISDo=,MeyjpaxKMxLyPL/2ekeRKKyB5OQ=
-158,236,24T7mVo0eD/D1ROxAVZIF8hISDo=,MeyjpaxKMxLyPL/2ekeRKKyB5OQ=
-146,236,24T7mVo0eD/D1ROxAVZIF8hISDo=,MeyjpaxKMxLyPL/2ekeRKKyB5OQ=
-157,236,24T7mVo0eD/D1ROxAVZIF8hISDo=,MeyjpaxKMxLyPL/2ekeRKKyB5OQ=
-152,236,24T7mVo0eD/D1ROxAVZIF8hISDo=,MeyjpaxKMxLyPL/2ekeRKKyB5OQ=
-149,236,24T7mVo0eD/D1ROxAVZIF8hISDo=,MeyjpaxKMxLyPL/2ekeRKKyB5OQ=
-154,236,24T7mVo0eD/D1ROxAVZIF8hISDo=,MeyjpaxKMxLyPL/2ekeRKKyB5OQ=
-147,236,24T7mVo0eD/D1ROxAVZIF8hISDo=,MeyjpaxKMxLyPL/2ekeRKKyB5OQ=
-159,236,24T7mVo0eD/D1ROxAVZIF8hISDo=,MeyjpaxKMxLyPL/2ekeRKKyB5OQ=
-153,235,24T7mVo0eD/D1ROxAVZIF8hISDo=,MeyjpaxKMxLyPL/2ekeRKKyB5OQ=
-151,235,24T7mVo0eD/D1ROxAVZIF8hISDo=,MeyjpaxKMxLyPL/2ekeRKKyB5OQ=
-152,235,24T7mVo0eD/D1ROxAVZIF8hISDo=,MeyjpaxKMxLyPL/2ekeRKKyB5OQ=
-145,235,24T7mVo0eD/D1ROxAVZIF8hISDo=,MeyjpaxKMxLyPL/2ekeRKKyB5OQ=
-160,236,24T7mVo0eD/D1ROxAVZIF8hISDo=,MeyjpaxKMxLyPL/2ekeRKKyB5OQ=
-154,235,24T7mVo0eD/D1ROxAVZIF8hISDo=,MeyjpaxKMxLyPL/2ekeRKKyB5OQ=
-156,235,24T7mVo0eD/D1ROxAVZIF8hISDo=,MeyjpaxKMxLyPL/2ekeRKKyB5OQ=
-155,235,24T7mVo0eD/D1ROxAVZIF8hISDo=,MeyjpaxKMxLyPL/2ekeRKKyB5OQ=
-150,235,24T7mVo0eD/D1ROxAVZIF8hISDo=,MeyjpaxKMxLyPL/2ekeRKKyB5OQ=
-148,235,24T7mVo0eD/D1ROxAVZIF8hISDo=,MeyjpaxKMxLyPL/2ekeRKKyB5OQ=
-157,235,24T7mVo0eD/D1ROxAVZIF8hISDo=,MeyjpaxKMxLyPL/2ekeRKKyB5OQ=
-160,235,24T7mVo0eD/D1ROxAVZIF8hISDo=,MeyjpaxKMxLyPL/2ekeRKKyB5OQ=
-159,235,24T7mVo0eD/D1ROxAVZIF8hISDo=,MeyjpaxKMxLyPL/2ekeRKKyB5OQ=
-150,225,24T7mVo0eD/D1ROxAVZIF8hISDo=,MeyjpaxKMxLyPL/2ekeRKKyB5OQ=
-146,235,24T7mVo0eD/D1ROxAVZIF8hISDo=,MeyjpaxKMxLyPL/2ekeRKKyB5OQ=
-149,235,24T7mVo0eD/D1ROxAVZIF8hISDo=,MeyjpaxKMxLyPL/2ekeRKKyB5OQ=
-151,234,24T7mVo0eD/D1ROxAVZIF8hISDo=,MeyjpaxKMxLyPL/2ekeRKKyB5OQ=
-158,235,24T7mVo0eD/D1ROxAVZIF8hISDo=,MeyjpaxKMxLyPL/2ekeRKKyB5OQ=
-150,226,24T7mVo0eD/D1ROxAVZIF8hISDo=,MeyjpaxKMxLyPL/2ekeRKKyB5OQ=
-152,234,24T7mVo0eD/D1ROxAVZIF8hISDo=,MeyjpaxKMxLyPL/2ekeRKKyB5OQ=
-145,234,24T7mVo0eD/D1ROxAVZIF8hISDo=,MeyjpaxKMxLyPL/2ekeRKKyB5OQ=
-147,235,24T7mVo0eD/D1ROxAVZIF8hISDo=,MeyjpaxKMxLyPL/2ekeRKKyB5OQ=
-147,234,24T7mVo0eD/D1ROxAVZIF8hISDo=,MeyjpaxKMxLyPL/2ekeRKKyB5OQ=
-146,234,24T7mVo0eD/D1ROxAVZIF8hISDo=,MeyjpaxKMxLyPL/2ekeRKKyB5OQ=
-153,234,24T7mVo0eD/D1ROxAVZIF8hISDo=,MeyjpaxKMxLyPL/2ekeRKKyB5OQ=
-154,234,24T7mVo0eD/D1ROxAVZIF8hISDo=,MeyjpaxKMxLyPL/2ekeRKKyB5OQ=
-151,225,24T7mVo0eD/D1ROxAVZIF8hISDo=,MeyjpaxKMxLyPL/2ekeRKKyB5OQ=
-160,234,24T7mVo0eD/D1ROxAVZIF8hISDo=,MeyjpaxKMxLyPL/2ekeRKKyB5OQ=
-150,234,24T7mVo0eD/D1ROxAVZIF8hISDo=,MeyjpaxKMxLyPL/2ekeRKKyB5OQ=
-148,234,24T7mVo0eD/D1ROxAVZIF8hISDo=,MeyjpaxKMxLyPL/2ekeRKKyB5OQ=
-155,234,24T7mVo0eD/D1ROxAVZIF8hISDo=,MeyjpaxKMxLyPL/2ekeRKKyB5OQ=
-149,234,24T7mVo0eD/D1ROxAVZIF8hISDo=,MeyjpaxKMxLyPL/2ekeRKKyB5OQ=
-151,233,24T7mVo0eD/D1ROxAVZIF8hISDo=,MeyjpaxKMxLyPL/2ekeRKKyB5OQ=
-158,234,24T7mVo0eD/D1ROxAVZIF8hISDo=,MeyjpaxKMxLyPL/2ekeRKKyB5OQ=
-157,234,24T7mVo0eD/D1ROxAVZIF8hISDo=,MeyjpaxKMxLyPL/2ekeRKKyB5OQ=
-147,233,24T7mVo0eD/D1ROxAVZIF8hISDo=,MeyjpaxKMxLyPL/2ekeRKKyB5OQ=
-156,234,24T7mVo0eD/D1ROxAVZIF8hISDo=,MeyjpaxKMxLyPL/2ekeRKKyB5OQ=
-149,226,24T7mVo0eD/D1ROxAVZIF8hISDo=,MeyjpaxKMxLyPL/2ekeRKKyB5OQ=
-152,233,24T7mVo0eD/D1ROxAVZIF8hISDo=,MeyjpaxKMxLyPL/2ekeRKKyB5OQ=
-150,233,24T7mVo0eD/D1ROxAVZIF8hISDo=,MeyjpaxKMxLyPL/2ekeRKKyB5OQ=
-153,233,24T7mVo0eD/D1ROxAVZIF8hISDo=,MeyjpaxKMxLyPL/2ekeRKKyB5OQ=
-148,233,24T7mVo0eD/D1ROxAVZIF8hISDo=,MeyjpaxKMxLyPL/2ekeRKKyB5OQ=
-146,233,24T7mVo0eD/D1ROxAVZIF8hISDo=,MeyjpaxKMxLyPL/2ekeRKKyB5OQ=
-154,233,24T7mVo0eD/D1ROxAVZIF8hISDo=,MeyjpaxKMxLyPL/2ekeRKKyB5OQ=
-159,234,24T7mVo0eD/D1ROxAVZIF8hISDo=,MeyjpaxKMxLyPL/2ekeRKKyB5OQ=
-145,233,24T7mVo0eD/D1ROxAVZIF8hISDo=,MeyjpaxKMxLyPL/2ekeRKKyB5OQ=
-155,233,24T7mVo0eD/D1ROxAVZIF8hISDo=,MeyjpaxKMxLyPL/2ekeRKKyB5OQ=
-149,233,24T7mVo0eD/D1ROxAVZIF8hISDo=,MeyjpaxKMxLyPL/2ekeRKKyB5OQ=
-160,233,24T7mVo0eD/D1ROxAVZIF8hISDo=,MeyjpaxKMxLyPL/2ekeRKKyB5OQ=
-145,232,24T7mVo0eD/D1ROxAVZIF8hISDo=,MeyjpaxKMxLyPL/2ekeRKKyB5OQ=
-148,226,24T7mVo0eD/D1ROxAVZIF8hISDo=,MeyjpaxKMxLyPL/2ekeRKKyB5OQ=
-159,233,24T7mVo0eD/D1ROxAVZIF8hISDo=,MeyjpaxKMxLyPL/2ekeRKKyB5OQ=
-153,225,24T7mVo0eD/D1ROxAVZIF8hISDo=,MeyjpaxKMxLyPL/2ekeRKKyB5OQ=
-156,238,24T7mVo0eD/D1ROxAVZIF8hISDo=,MeyjpaxKMxLyPL/2ekeRKKyB5OQ=
-146,232,24T7mVo0eD/D1ROxAVZIF8hISDo=,MeyjpaxKMxLyPL/2ekeRKKyB5OQ=
-148,232,24T7mVo0eD/D1ROxAVZIF8hISDo=,MeyjpaxKMxLyPL/2ekeRKKyB5OQ=
-158,233,24T7mVo0eD/D1ROxAVZIF8hISDo=,MeyjpaxKMxLyPL/2ekeRKKyB5OQ=
-147,232,24T7mVo0eD/D1ROxAVZIF8hISDo=,MeyjpaxKMxLyPL/2ekeRKKyB5OQ=
-152,232,24T7mVo0eD/D1ROxAVZIF8hISDo=,MeyjpaxKMxLyPL/2ekeRKKyB5OQ=
-149,232,24T7mVo0eD/D1ROxAVZIF8hISDo=,MeyjpaxKMxLyPL/2ekeRKKyB5OQ=
-153,232,24T7mVo0eD/D1ROxAVZIF8hISDo=,MeyjpaxKMxLyPL/2ekeRKKyB5OQ=
-157,233,24T7mVo0eD/D1ROxAVZIF8hISDo=,MeyjpaxKMxLyPL/2ekeRKKyB5OQ=
-154,232,24T7mVo0eD/D1ROxAVZIF8hISDo=,MeyjpaxKMxLyPL/2ekeRKKyB5OQ=
-156,232,24T7mVo0eD/D1ROxAVZIF8hISDo=,MeyjpaxKMxLyPL/2ekeRKKyB5OQ=
-150,232,24T7mVo0eD/D1ROxAVZIF8hISDo=,MeyjpaxKMxLyPL/2ekeRKKyB5OQ=
-147,226,24T7mVo0eD/D1ROxAVZIF8hISDo=,MeyjpaxKMxLyPL/2ekeRKKyB5OQ=
-158,232,24T7mVo0eD/D1ROxAVZIF8hISDo=,MeyjpaxKMxLyPL/2ekeRKKyB5OQ=
-155,232,24T7mVo0eD/D1ROxAVZIF8hISDo=,MeyjpaxKMxLyPL/2ekeRKKyB5OQ=
-151,232,24T7mVo0eD/D1ROxAVZIF8hISDo=,MeyjpaxKMxLyPL/2ekeRKKyB5OQ=
-157,232,24T7mVo0eD/D1ROxAVZIF8hISDo=,MeyjpaxKMxLyPL/2ekeRKKyB5OQ=
-160,232,24T7mVo0eD/D1ROxAVZIF8hISDo=,MeyjpaxKMxLyPL/2ekeRKKyB5OQ=
-145,231,24T7mVo0eD/D1ROxAVZIF8hISDo=,MeyjpaxKMxLyPL/2ekeRKKyB5OQ=
-152,225,24T7mVo0eD/D1ROxAVZIF8hISDo=,MeyjpaxKMxLyPL/2ekeRKKyB5OQ=
-146,231,24T7mVo0eD/D1ROxAVZIF8hISDo=,MeyjpaxKMxLyPL/2ekeRKKyB5OQ=
-159,232,24T7mVo0eD/D1ROxAVZIF8hISDo=,MeyjpaxKMxLyPL/2ekeRKKyB5OQ=
-152,231,24T7mVo0eD/D1ROxAVZIF8hISDo=,MeyjpaxKMxLyPL/2ekeRKKyB5OQ=
-154,225,24T7mVo0eD/D1ROxAVZIF8hISDo=,MeyjpaxKMxLyPL/2ekeRKKyB5OQ=
-153,231,24T7mVo0eD/D1ROxAVZIF8hISDo=,MeyjpaxKMxLyPL/2ekeRKKyB5OQ=
-147,231,24T7mVo0eD/D1ROxAVZIF8hISDo=,MeyjpaxKMxLyPL/2ekeRKKyB5OQ=
-148,231,24T7mVo0eD/D1ROxAVZIF8hISDo=,MeyjpaxKMxLyPL/2ekeRKKyB5OQ=
-151,231,24T7mVo0eD/D1ROxAVZIF8hISDo=,MeyjpaxKMxLyPL/2ekeRKKyB5OQ=
-149,231,24T7mVo0eD/D1ROxAVZIF8hISDo=,MeyjpaxKMxLyPL/2ekeRKKyB5OQ=
-156,231,24T7mVo0eD/D1ROxAVZIF8hISDo=,MeyjpaxKMxLyPL/2ekeRKKyB5OQ=
-160,225,24T7mVo0eD/D1ROxAVZIF8hISDo=,MeyjpaxKMxLyPL/2ekeRKKyB5OQ=
-150,231,24T7mVo0eD/D1ROxAVZIF8hISDo=,MeyjpaxKMxLyPL/2ekeRKKyB5OQ=
-155,231,24T7mVo0eD/D1ROxAVZIF8hISDo=,MeyjpaxKMxLyPL/2ekeRKKyB5OQ=
-157,231,24T7mVo0eD/D1ROxAVZIF8hISDo=,MeyjpaxKMxLyPL/2ekeRKKyB5OQ=
-146,230,24T7mVo0eD/D1ROxAVZIF8hISDo=,MeyjpaxKMxLyPL/2ekeRKKyB5OQ=
-147,230,24T7mVo0eD/D1ROxAVZIF8hISDo=,MeyjpaxKMxLyPL/2ekeRKKyB5OQ=
-145,230,24T7mVo0eD/D1ROxAVZIF8hISDo=,MeyjpaxKMxLyPL/2ekeRKKyB5OQ=
-148,230,24T7mVo0eD/D1ROxAVZIF8hISDo=,MeyjpaxKMxLyPL/2ekeRKKyB5OQ=
-155,225,24T7mVo0eD/D1ROxAVZIF8hISDo=,MeyjpaxKMxLyPL/2ekeRKKyB5OQ=
-154,231,24T7mVo0eD/D1ROxAVZIF8hISDo=,MeyjpaxKMxLyPL/2ekeRKKyB5OQ=
-160,231,24T7mVo0eD/D1ROxAVZIF8hISDo=,MeyjpaxKMxLyPL/2ekeRKKyB5OQ=
-152,230,24T7mVo0eD/D1ROxAVZIF8hISDo=,MeyjpaxKMxLyPL/2ekeRKKyB5OQ=
-158,231,24T7mVo0eD/D1ROxAVZIF8hISDo=,MeyjpaxKMxLyPL/2ekeRKKyB5OQ=
-153,230,24T7mVo0eD/D1ROxAVZIF8hISDo=,MeyjpaxKMxLyPL/2ekeRKKyB5OQ=
-159,231,24T7mVo0eD/D1ROxAVZIF8hISDo=,MeyjpaxKMxLyPL/2ekeRKKyB5OQ=
-150,230,24T7mVo0eD/D1ROxAVZIF8hISDo=,MeyjpaxKMxLyPL/2ekeRKKyB5OQ=
-149,230,24T7mVo0eD/D1ROxAVZIF8hISDo=,MeyjpaxKMxLyPL/2ekeRKKyB5OQ=
-146,226,24T7mVo0eD/D1ROxAVZIF8hISDo=,MeyjpaxKMxLyPL/2ekeRKKyB5OQ=
-151,230,24T7mVo0eD/D1ROxAVZIF8hISDo=,MeyjpaxKMxLyPL/2ekeRKKyB5OQ=
-157,230,24T7mVo0eD/D1ROxAVZIF8hISDo=,MeyjpaxKMxLyPL/2ekeRKKyB5OQ=
-156,225,24T7mVo0eD/D1ROxAVZIF8hISDo=,MeyjpaxKMxLyPL/2ekeRKKyB5OQ=
-160,230,24T7mVo0eD/D1ROxAVZIF8hISDo=,MeyjpaxKMxLyPL/2ekeRKKyB5OQ=
-156,230,24T7mVo0eD/D1ROxAVZIF8hISDo=,MeyjpaxKMxLyPL/2ekeRKKyB5OQ=
-154,230,24T7mVo0eD/D1ROxAVZIF8hISDo=,MeyjpaxKMxLyPL/2ekeRKKyB5OQ=
-155,230,24T7mVo0eD/D1ROxAVZIF8hISDo=,MeyjpaxKMxLyPL/2ekeRKKyB5OQ=
-145,229,24T7mVo0eD/D1ROxAVZIF8hISDo=,MeyjpaxKMxLyPL/2ekeRKKyB5OQ=
-148,229,24T7mVo0eD/D1ROxAVZIF8hISDo=,MeyjpaxKMxLyPL/2ekeRKKyB5OQ=
-158,230,24T7mVo0eD/D1ROxAVZIF8hISDo=,MeyjpaxKMxLyPL/2ekeRKKyB5OQ=
-156,233,24T7mVo0eD/D1ROxAVZIF8hISDo=,MeyjpaxKMxLyPL/2ekeRKKyB5OQ=
-149,229,24T7mVo0eD/D1ROxAVZIF8hISDo=,MeyjpaxKMxLyPL/2ekeRKKyB5OQ=
-146,229,24T7mVo0eD/D1ROxAVZIF8hISDo=,MeyjpaxKMxLyPL/2ekeRKKyB5OQ=
-145,226,24T7mVo0eD/D1ROxAVZIF8hISDo=,MeyjpaxKMxLyPL/2ekeRKKyB5OQ=
-159,230,24T7mVo0eD/D1ROxAVZIF8hISDo=,MeyjpaxKMxLyPL/2ekeRKKyB5OQ=
-157,225,24T7mVo0eD/D1ROxAVZIF8hISDo=,MeyjpaxKMxLyPL/2ekeRKKyB5OQ=
-151,229,24T7mVo0eD/D1ROxAVZIF8hISDo=,MeyjpaxKMxLyPL/2ekeRKKyB5OQ=
-160,227,24T7mVo0eD/D1ROxAVZIF8hISDo=,MeyjpaxKMxLyPL/2ekeRKKyB5OQ=
-153,229,24T7mVo0eD/D1ROxAVZIF8hISDo=,MeyjpaxKMxLyPL/2ekeRKKyB5OQ=
-159,227,24T7mVo0eD/D1ROxAVZIF8hISDo=,MeyjpaxKMxLyPL/2ekeRKKyB5OQ=
-150,229,24T7mVo0eD/D1ROxAVZIF8hISDo=,MeyjpaxKMxLyPL/2ekeRKKyB5OQ=
-158,227,24T7mVo0eD/D1ROxAVZIF8hISDo=,MeyjpaxKMxLyPL/2ekeRKKyB5OQ=
-152,229,24T7mVo0eD/D1ROxAVZIF8hISDo=,MeyjpaxKMxLyPL/2ekeRKKyB5OQ=
-157,227,24T7mVo0eD/D1ROxAVZIF8hISDo=,MeyjpaxKMxLyPL/2ekeRKKyB5OQ=
-156,227,24T7mVo0eD/D1ROxAVZIF8hISDo=,MeyjpaxKMxLyPL/2ekeRKKyB5OQ=
-154,229,24T7mVo0eD/D1ROxAVZIF8hISDo=,MeyjpaxKMxLyPL/2ekeRKKyB5OQ=
-155,227,24T7mVo0eD/D1ROxAVZIF8hISDo=,MeyjpaxKMxLyPL/2ekeRKKyB5OQ=
-155,229,24T7mVo0eD/D1ROxAVZIF8hISDo=,MeyjpaxKMxLyPL/2ekeRKKyB5OQ=
-158,229,24T7mVo0eD/D1ROxAVZIF8hISDo=,MeyjpaxKMxLyPL/2ekeRKKyB5OQ=
-160,229,24T7mVo0eD/D1ROxAVZIF8hISDo=,MeyjpaxKMxLyPL/2ekeRKKyB5OQ=
-157,229,24T7mVo0eD/D1ROxAVZIF8hISDo=,MeyjpaxKMxLyPL/2ekeRKKyB5OQ=
-145,228,24T7mVo0eD/D1ROxAVZIF8hISDo=,MeyjpaxKMxLyPL/2ekeRKKyB5OQ=
-146,228,24T7mVo0eD/D1ROxAVZIF8hISDo=,MeyjpaxKMxLyPL/2ekeRKKyB5OQ=
-147,228,24T7mVo0eD/D1ROxAVZIF8hISDo=,MeyjpaxKMxLyPL/2ekeRKKyB5OQ=
-155,228,24T7mVo0eD/D1ROxAVZIF8hISDo=,MeyjpaxKMxLyPL/2ekeRKKyB5OQ=
-156,228,24T7mVo0eD/D1ROxAVZIF8hISDo=,MeyjpaxKMxLyPL/2ekeRKKyB5OQ=
-156,229,24T7mVo0eD/D1ROxAVZIF8hISDo=,MeyjpaxKMxLyPL/2ekeRKKyB5OQ=
-154,227,24T7mVo0eD/D1ROxAVZIF8hISDo=,MeyjpaxKMxLyPL/2ekeRKKyB5OQ=
-148,228,24T7mVo0eD/D1ROxAVZIF8hISDo=,MeyjpaxKMxLyPL/2ekeRKKyB5OQ=
-157,228,24T7mVo0eD/D1ROxAVZIF8hISDo=,MeyjpaxKMxLyPL/2ekeRKKyB5OQ=
-151,228,24T7mVo0eD/D1ROxAVZIF8hISDo=,MeyjpaxKMxLyPL/2ekeRKKyB5OQ=
-153,228,24T7mVo0eD/D1ROxAVZIF8hISDo=,MeyjpaxKMxLyPL/2ekeRKKyB5OQ=
-158,225,24T7mVo0eD/D1ROxAVZIF8hISDo=,MeyjpaxKMxLyPL/2ekeRKKyB5OQ=
-158,228,24T7mVo0eD/D1ROxAVZIF8hISDo=,MeyjpaxKMxLyPL/2ekeRKKyB5OQ=
-149,228,24T7mVo0eD/D1ROxAVZIF8hISDo=,MeyjpaxKMxLyPL/2ekeRKKyB5OQ=
-154,228,24T7mVo0eD/D1ROxAVZIF8hISDo=,MeyjpaxKMxLyPL/2ekeRKKyB5OQ=
-150,228,24T7mVo0eD/D1ROxAVZIF8hISDo=,MeyjpaxKMxLyPL/2ekeRKKyB5OQ=
-152,228,24T7mVo0eD/D1ROxAVZIF8hISDo=,MeyjpaxKMxLyPL/2ekeRKKyB5OQ=
-159,228,24T7mVo0eD/D1ROxAVZIF8hISDo=,MeyjpaxKMxLyPL/2ekeRKKyB5OQ=
-160,228,24T7mVo0eD/D1ROxAVZIF8hISDo=,MeyjpaxKMxLyPL/2ekeRKKyB5OQ=
-159,229,24T7mVo0eD/D1ROxAVZIF8hISDo=,MeyjpaxKMxLyPL/2ekeRKKyB5OQ=
-147,227,24T7mVo0eD/D1ROxAVZIF8hISDo=,MeyjpaxKMxLyPL/2ekeRKKyB5OQ=
-145,227,24T7mVo0eD/D1ROxAVZIF8hISDo=,MeyjpaxKMxLyPL/2ekeRKKyB5OQ=
-153,227,24T7mVo0eD/D1ROxAVZIF8hISDo=,MeyjpaxKMxLyPL/2ekeRKKyB5OQ=
-151,227,24T7mVo0eD/D1ROxAVZIF8hISDo=,MeyjpaxKMxLyPL/2ekeRKKyB5OQ=
-159,225,24T7mVo0eD/D1ROxAVZIF8hISDo=,MeyjpaxKMxLyPL/2ekeRKKyB5OQ=
-148,227,24T7mVo0eD/D1ROxAVZIF8hISDo=,MeyjpaxKMxLyPL/2ekeRKKyB5OQ=
-150,227,24T7mVo0eD/D1ROxAVZIF8hISDo=,MeyjpaxKMxLyPL/2ekeRKKyB5OQ=
-149,227,24T7mVo0eD/D1ROxAVZIF8hISDo=,MeyjpaxKMxLyPL/2ekeRKKyB5OQ=
-146,227,24T7mVo0eD/D1ROxAVZIF8hISDo=,MeyjpaxKMxLyPL/2ekeRKKyB5OQ=
-147,229,24T7mVo0eD/D1ROxAVZIF8hISDo=,MeyjpaxKMxLyPL/2ekeRKKyB5OQ=
-152,227,24T7mVo0eD/D1ROxAVZIF8hISDo=,MeyjpaxKMxLyPL/2ekeRKKyB5OQ=
-135,239,24T7mVo0eD/D1ROxAVZIF8hISDo=,MeyjpaxKMxLyPL/2ekeRKKyB5OQ=
-144,225,24T7mVo0eD/D1ROxAVZIF8hISDo=,MeyjpaxKMxLyPL/2ekeRKKyB5OQ=
-134,239,24T7mVo0eD/D1ROxAVZIF8hISDo=,MeyjpaxKMxLyPL/2ekeRKKyB5OQ=
-129,224,24T7mVo0eD/D1ROxAVZIF8hISDo=,MeyjpaxKMxLyPL/2ekeRKKyB5OQ=
-136,239,24T7mVo0eD/D1ROxAVZIF8hISDo=,MeyjpaxKMxLyPL/2ekeRKKyB5OQ=
-130,239,24T7mVo0eD/D1ROxAVZIF8hISDo=,MeyjpaxKMxLyPL/2ekeRKKyB5OQ=
-132,239,24T7mVo0eD/D1ROxAVZIF8hISDo=,MeyjpaxKMxLyPL/2ekeRKKyB5OQ=
-129,239,24T7mVo0eD/D1ROxAVZIF8hISDo=,MeyjpaxKMxLyPL/2ekeRKKyB5OQ=
-131,239,24T7mVo0eD/D1ROxAVZIF8hISDo=,MeyjpaxKMxLyPL/2ekeRKKyB5OQ=
-133,239,24T7mVo0eD/D1ROxAVZIF8hISDo=,MeyjpaxKMxLyPL/2ekeRKKyB5OQ=
-138,239,24T7mVo0eD/D1ROxAVZIF8hISDo=,MeyjpaxKMxLyPL/2ekeRKKyB5OQ=
-139,239,24T7mVo0eD/D1ROxAVZIF8hISDo=,MeyjpaxKMxLyPL/2ekeRKKyB5OQ=
-134,238,24T7mVo0eD/D1ROxAVZIF8hISDo=,MeyjpaxKMxLyPL/2ekeRKKyB5OQ=
-129,238,24T7mVo0eD/D1ROxAVZIF8hISDo=,MeyjpaxKMxLyPL/2ekeRKKyB5OQ=
-130,238,24T7mVo0eD/D1ROxAVZIF8hISDo=,MeyjpaxKMxLyPL/2ekeRKKyB5OQ=
-135,238,24T7mVo0eD/D1ROxAVZIF8hISDo=,MeyjpaxKMxLyPL/2ekeRKKyB5OQ=
-133,238,24T7mVo0eD/D1ROxAVZIF8hISDo=,MeyjpaxKMxLyPL/2ekeRKKyB5OQ=
-142,239,24T7mVo0eD/D1ROxAVZIF8hISDo=,MeyjpaxKMxLyPL/2ekeRKKyB5OQ=
-141,239,24T7mVo0eD/D1ROxAVZIF8hISDo=,MeyjpaxKMxLyPL/2ekeRKKyB5OQ=
-131,238,WeTejpnWBADQrYo/KXFbWkKpqLQ=,MeyjpaxKMxLyPL/2ekeRKKyB5OQ=
-140,239,24T7mVo0eD/D1ROxAVZIF8hISDo=,MeyjpaxKMxLyPL/2ekeRKKyB5OQ=
-144,239,24T7mVo0eD/D1ROxAVZIF8hISDo=,MeyjpaxKMxLyPL/2ekeRKKyB5OQ=
-132,238,24T7mVo0eD/D1ROxAVZIF8hISDo=,MeyjpaxKMxLyPL/2ekeRKKyB5OQ=
-143,239,24T7mVo0eD/D1ROxAVZIF8hISDo=,MeyjpaxKMxLyPL/2ekeRKKyB5OQ=
-129,237,24T7mVo0eD/D1ROxAVZIF8hISDo=,MeyjpaxKMxLyPL/2ekeRKKyB5OQ=
-130,237,24T7mVo0eD/D1ROxAVZIF8hISDo=,MeyjpaxKMxLyPL/2ekeRKKyB5OQ=
-138,238,WeTejpnWBADQrYo/KXFbWkKpqLQ=,MeyjpaxKMxLyPL/2ekeRKKyB5OQ=
-137,238,24T7mVo0eD/D1ROxAVZIF8hISDo=,MeyjpaxKMxLyPL/2ekeRKKyB5OQ=
-136,238,24T7mVo0eD/D1ROxAVZIF8hISDo=,MeyjpaxKMxLyPL/2ekeRKKyB5OQ=
-134,237,WeTejpnWBADQrYo/KXFbWkKpqLQ=,MeyjpaxKMxLyPL/2ekeRKKyB5OQ=
-131,237,24T7mVo0eD/D1ROxAVZIF8hISDo=,MeyjpaxKMxLyPL/2ekeRKKyB5OQ=
-133,237,WeTejpnWBADQrYo/KXFbWkKpqLQ=,MeyjpaxKMxLyPL/2ekeRKKyB5OQ=
-132,237,WeTejpnWBADQrYo/KXFbWkKpqLQ=,MeyjpaxKMxLyPL/2ekeRKKyB5OQ=
-139,238,WeTejpnWBADQrYo/KXFbWkKpqLQ=,MeyjpaxKMxLyPL/2ekeRKKyB5OQ=
-135,237,WeTejpnWBADQrYo/KXFbWkKpqLQ=,MeyjpaxKMxLyPL/2ekeRKKyB5OQ=
-130,224,24T7mVo0eD/D1ROxAVZIF8hISDo=,MeyjpaxKMxLyPL/2ekeRKKyB5OQ=
-141,238,24T7mVo0eD/D1ROxAVZIF8hISDo=,MeyjpaxKMxLyPL/2ekeRKKyB5OQ=
-140,238,24T7mVo0eD/D1ROxAVZIF8hISDo=,MeyjpaxKMxLyPL/2ekeRKKyB5OQ=
-144,238,WeTejpnWBADQrYo/KXFbWkKpqLQ=,MeyjpaxKMxLyPL/2ekeRKKyB5OQ=
-143,238,WeTejpnWBADQrYo/KXFbWkKpqLQ=,MeyjpaxKMxLyPL/2ekeRKKyB5OQ=
-136,237,WeTejpnWBADQrYo/KXFbWkKpqLQ=,MeyjpaxKMxLyPL/2ekeRKKyB5OQ=
-131,224,WeTejpnWBADQrYo/KXFbWkKpqLQ=,MeyjpaxKMxLyPL/2ekeRKKyB5OQ=
-137,237,WeTejpnWBADQrYo/KXFbWkKpqLQ=,MeyjpaxKMxLyPL/2ekeRKKyB5OQ=
-139,237,WeTejpnWBADQrYo/KXFbWkKpqLQ=,MeyjpaxKMxLyPL/2ekeRKKyB5OQ=
-138,237,WeTejpnWBADQrYo/KXFbWkKpqLQ=,MeyjpaxKMxLyPL/2ekeRKKyB5OQ=
-133,236,WeTejpnWBADQrYo/KXFbWkKpqLQ=,MeyjpaxKMxLyPL/2ekeRKKyB5OQ=
-142,237,WeTejpnWBADQrYo/KXFbWkKpqLQ=,MeyjpaxKMxLyPL/2ekeRKKyB5OQ=
-132,236,WeTejpnWBADQrYo/KXFbWkKpqLQ=,MeyjpaxKMxLyPL/2ekeRKKyB5OQ=
-131,236,WeTejpnWBADQrYo/KXFbWkKpqLQ=,MeyjpaxKMxLyPL/2ekeRKKyB5OQ=
-134,236,WeTejpnWBADQrYo/KXFbWkKpqLQ=,MeyjpaxKMxLyPL/2ekeRKKyB5OQ=
-144,237,WeTejpnWBADQrYo/KXFbWkKpqLQ=,MeyjpaxKMxLyPL/2ekeRKKyB5OQ=
-141,237,WeTejpnWBADQrYo/KXFbWkKpqLQ=,MeyjpaxKMxLyPL/2ekeRKKyB5OQ=
-140,237,WeTejpnWBADQrYo/KXFbWkKpqLQ=,MeyjpaxKMxLyPL/2ekeRKKyB5OQ=
-135,236,WeTejpnWBADQrYo/KXFbWkKpqLQ=,MeyjpaxKMxLyPL/2ekeRKKyB5OQ=
-142,238,24T7mVo0eD/D1ROxAVZIF8hISDo=,MeyjpaxKMxLyPL/2ekeRKKyB5OQ=
-129,236,WeTejpnWBADQrYo/KXFbWkKpqLQ=,MeyjpaxKMxLyPL/2ekeRKKyB5OQ=
-130,236,WeTejpnWBADQrYo/KXFbWkKpqLQ=,MeyjpaxKMxLyPL/2ekeRKKyB5OQ=
-137,236,WeTejpnWBADQrYo/KXFbWkKpqLQ=,MeyjpaxKMxLyPL/2ekeRKKyB5OQ=
-136,236,WeTejpnWBADQrYo/KXFbWkKpqLQ=,MeyjpaxKMxLyPL/2ekeRKKyB5OQ=
-143,237,WeTejpnWBADQrYo/KXFbWkKpqLQ=,MeyjpaxKMxLyPL/2ekeRKKyB5OQ=
-139,236,WeTejpnWBADQrYo/KXFbWkKpqLQ=,MeyjpaxKMxLyPL/2ekeRKKyB5OQ=
-132,224,WeTejpnWBADQrYo/KXFbWkKpqLQ=,MeyjpaxKMxLyPL/2ekeRKKyB5OQ=
-141,236,WeTejpnWBADQrYo/KXFbWkKpqLQ=,MeyjpaxKMxLyPL/2ekeRKKyB5OQ=
-142,236,WeTejpnWBADQrYo/KXFbWkKpqLQ=,MeyjpaxKMxLyPL/2ekeRKKyB5OQ=
-140,236,WeTejpnWBADQrYo/KXFbWkKpqLQ=,MeyjpaxKMxLyPL/2ekeRKKyB5OQ=
-132,235,WeTejpnWBADQrYo/KXFbWkKpqLQ=,MeyjpaxKMxLyPL/2ekeRKKyB5OQ=
-144,236,WeTejpnWBADQrYo/KXFbWkKpqLQ=,MeyjpaxKMxLyPL/2ekeRKKyB5OQ=
-143,236,WeTejpnWBADQrYo/KXFbWkKpqLQ=,MeyjpaxKMxLyPL/2ekeRKKyB5OQ=
-131,235,WeTejpnWBADQrYo/KXFbWkKpqLQ=,MeyjpaxKMxLyPL/2ekeRKKyB5OQ=
-135,235,WeTejpnWBADQrYo/KXFbWkKpqLQ=,MeyjpaxKMxLyPL/2ekeRKKyB5OQ=
-134,235,WeTejpnWBADQrYo/KXFbWkKpqLQ=,MeyjpaxKMxLyPL/2ekeRKKyB5OQ=
-137,239,24T7mVo0eD/D1ROxAVZIF8hISDo=,MeyjpaxKMxLyPL/2ekeRKKyB5OQ=
-130,235,WeTejpnWBADQrYo/KXFbWkKpqLQ=,MeyjpaxKMxLyPL/2ekeRKKyB5OQ=
-142,235,WeTejpnWBADQrYo/KXFbWkKpqLQ=,MeyjpaxKMxLyPL/2ekeRKKyB5OQ=
-141,235,WeTejpnWBADQrYo/KXFbWkKpqLQ=,MeyjpaxKMxLyPL/2ekeRKKyB5OQ=
-137,235,WeTejpnWBADQrYo/KXFbWkKpqLQ=,MeyjpaxKMxLyPL/2ekeRKKyB5OQ=
-139,235,WeTejpnWBADQrYo/KXFbWkKpqLQ=,MeyjpaxKMxLyPL/2ekeRKKyB5OQ=
-133,224,WeTejpnWBADQrYo/KXFbWkKpqLQ=,MeyjpaxKMxLyPL/2ekeRKKyB5OQ=
-140,235,WeTejpnWBADQrYo/KXFbWkKpqLQ=,MeyjpaxKMxLyPL/2ekeRKKyB5OQ=
-144,235,WeTejpnWBADQrYo/KXFbWkKpqLQ=,MeyjpaxKMxLyPL/2ekeRKKyB5OQ=
-143,235,WeTejpnWBADQrYo/KXFbWkKpqLQ=,MeyjpaxKMxLyPL/2ekeRKKyB5OQ=
-131,234,WeTejpnWBADQrYo/KXFbWkKpqLQ=,MeyjpaxKMxLyPL/2ekeRKKyB5OQ=
-129,234,WeTejpnWBADQrYo/KXFbWkKpqLQ=,MeyjpaxKMxLyPL/2ekeRKKyB5OQ=
-136,234,WeTejpnWBADQrYo/KXFbWkKpqLQ=,MeyjpaxKMxLyPL/2ekeRKKyB5OQ=
-132,234,WeTejpnWBADQrYo/KXFbWkKpqLQ=,MeyjpaxKMxLyPL/2ekeRKKyB5OQ=
-130,234,WeTejpnWBADQrYo/KXFbWkKpqLQ=,MeyjpaxKMxLyPL/2ekeRKKyB5OQ=
-144,234,WeTejpnWBADQrYo/KXFbWkKpqLQ=,MeyjpaxKMxLyPL/2ekeRKKyB5OQ=
-138,234,WeTejpnWBADQrYo/KXFbWkKpqLQ=,MeyjpaxKMxLyPL/2ekeRKKyB5OQ=
-143,234,WeTejpnWBADQrYo/KXFbWkKpqLQ=,MeyjpaxKMxLyPL/2ekeRKKyB5OQ=
-137,234,WeTejpnWBADQrYo/KXFbWkKpqLQ=,MeyjpaxKMxLyPL/2ekeRKKyB5OQ=
-140,234,WeTejpnWBADQrYo/KXFbWkKpqLQ=,MeyjpaxKMxLyPL/2ekeRKKyB5OQ=
-134,224,WeTejpnWBADQrYo/KXFbWkKpqLQ=,MeyjpaxKMxLyPL/2ekeRKKyB5OQ=
-129,233,WeTejpnWBADQrYo/KXFbWkKpqLQ=,MeyjpaxKMxLyPL/2ekeRKKyB5OQ=
-141,234,WeTejpnWBADQrYo/KXFbWkKpqLQ=,MeyjpaxKMxLyPL/2ekeRKKyB5OQ=
-133,233,WeTejpnWBADQrYo/KXFbWkKpqLQ=,MeyjpaxKMxLyPL/2ekeRKKyB5OQ=
-134,233,WeTejpnWBADQrYo/KXFbWkKpqLQ=,MeyjpaxKMxLyPL/2ekeRKKyB5OQ=
-135,233,WeTejpnWBADQrYo/KXFbWkKpqLQ=,MeyjpaxKMxLyPL/2ekeRKKyB5OQ=
-131,233,WeTejpnWBADQrYo/KXFbWkKpqLQ=,MeyjpaxKMxLyPL/2ekeRKKyB5OQ=
-132,233,WeTejpnWBADQrYo/KXFbWkKpqLQ=,MeyjpaxKMxLyPL/2ekeRKKyB5OQ=
-139,234,WeTejpnWBADQrYo/KXFbWkKpqLQ=,MeyjpaxKMxLyPL/2ekeRKKyB5OQ=
-139,233,WeTejpnWBADQrYo/KXFbWkKpqLQ=,MeyjpaxKMxLyPL/2ekeRKKyB5OQ=
-142,233,WeTejpnWBADQrYo/KXFbWkKpqLQ=,MeyjpaxKMxLyPL/2ekeRKKyB5OQ=
-138,233,WeTejpnWBADQrYo/KXFbWkKpqLQ=,MeyjpaxKMxLyPL/2ekeRKKyB5OQ=
-143,233,WeTejpnWBADQrYo/KXFbWkKpqLQ=,MeyjpaxKMxLyPL/2ekeRKKyB5OQ=
-136,233,WeTejpnWBADQrYo/KXFbWkKpqLQ=,MeyjpaxKMxLyPL/2ekeRKKyB5OQ=
-135,224,WeTejpnWBADQrYo/KXFbWkKpqLQ=,MeyjpaxKMxLyPL/2ekeRKKyB5OQ=
-137,233,WeTejpnWBADQrYo/KXFbWkKpqLQ=,MeyjpaxKMxLyPL/2ekeRKKyB5OQ=
-140,233,WeTejpnWBADQrYo/KXFbWkKpqLQ=,MeyjpaxKMxLyPL/2ekeRKKyB5OQ=
-138,236,WeTejpnWBADQrYo/KXFbWkKpqLQ=,MeyjpaxKMxLyPL/2ekeRKKyB5OQ=
-131,232,WeTejpnWBADQrYo/KXFbWkKpqLQ=,MeyjpaxKMxLyPL/2ekeRKKyB5OQ=
-132,232,WeTejpnWBADQrYo/KXFbWkKpqLQ=,MeyjpaxKMxLyPL/2ekeRKKyB5OQ=
-135,234,WeTejpnWBADQrYo/KXFbWkKpqLQ=,MeyjpaxKMxLyPL/2ekeRKKyB5OQ=
-137,232,WeTejpnWBADQrYo/KXFbWkKpqLQ=,MeyjpaxKMxLyPL/2ekeRKKyB5OQ=
-130,232,WeTejpnWBADQrYo/KXFbWkKpqLQ=,MeyjpaxKMxLyPL/2ekeRKKyB5OQ=
-138,235,WeTejpnWBADQrYo/KXFbWkKpqLQ=,MeyjpaxKMxLyPL/2ekeRKKyB5OQ=
-134,232,WeTejpnWBADQrYo/KXFbWkKpqLQ=,MeyjpaxKMxLyPL/2ekeRKKyB5OQ=
-133,232,WeTejpnWBADQrYo/KXFbWkKpqLQ=,MeyjpaxKMxLyPL/2ekeRKKyB5OQ=
-136,232,WeTejpnWBADQrYo/KXFbWkKpqLQ=,MeyjpaxKMxLyPL/2ekeRKKyB5OQ=
-138,232,WeTejpnWBADQrYo/KXFbWkKpqLQ=,MeyjpaxKMxLyPL/2ekeRKKyB5OQ=
-139,232,WeTejpnWBADQrYo/KXFbWkKpqLQ=,MeyjpaxKMxLyPL/2ekeRKKyB5OQ=
-140,232,WeTejpnWBADQrYo/KXFbWkKpqLQ=,MeyjpaxKMxLyPL/2ekeRKKyB5OQ=
-143,232,WeTejpnWBADQrYo/KXFbWkKpqLQ=,MeyjpaxKMxLyPL/2ekeRKKyB5OQ=
-135,232,WeTejpnWBADQrYo/KXFbWkKpqLQ=,MeyjpaxKMxLyPL/2ekeRKKyB5OQ=
-142,232,WeTejpnWBADQrYo/KXFbWkKpqLQ=,MeyjpaxKMxLyPL/2ekeRKKyB5OQ=
-141,232,WeTejpnWBADQrYo/KXFbWkKpqLQ=,MeyjpaxKMxLyPL/2ekeRKKyB5OQ=
-144,232,WeTejpnWBADQrYo/KXFbWkKpqLQ=,MeyjpaxKMxLyPL/2ekeRKKyB5OQ=
-136,235,WeTejpnWBADQrYo/KXFbWkKpqLQ=,MeyjpaxKMxLyPL/2ekeRKKyB5OQ=
-138,231,WeTejpnWBADQrYo/KXFbWkKpqLQ=,MeyjpaxKMxLyPL/2ekeRKKyB5OQ=
-137,231,WeTejpnWBADQrYo/KXFbWkKpqLQ=,MeyjpaxKMxLyPL/2ekeRKKyB5OQ=
-136,231,WeTejpnWBADQrYo/KXFbWkKpqLQ=,MeyjpaxKMxLyPL/2ekeRKKyB5OQ=
-130,231,WeTejpnWBADQrYo/KXFbWkKpqLQ=,MeyjpaxKMxLyPL/2ekeRKKyB5OQ=
-142,231,WeTejpnWBADQrYo/KXFbWkKpqLQ=,MeyjpaxKMxLyPL/2ekeRKKyB5OQ=
-132,231,WeTejpnWBADQrYo/KXFbWkKpqLQ=,MeyjpaxKMxLyPL/2ekeRKKyB5OQ=
-139,231,WeTejpnWBADQrYo/KXFbWkKpqLQ=,MeyjpaxKMxLyPL/2ekeRKKyB5OQ=
-133,231,WeTejpnWBADQrYo/KXFbWkKpqLQ=,MeyjpaxKMxLyPL/2ekeRKKyB5OQ=
-129,231,WeTejpnWBADQrYo/KXFbWkKpqLQ=,MeyjpaxKMxLyPL/2ekeRKKyB5OQ=
-131,231,WeTejpnWBADQrYo/KXFbWkKpqLQ=,MeyjpaxKMxLyPL/2ekeRKKyB5OQ=
-140,231,WeTejpnWBADQrYo/KXFbWkKpqLQ=,MeyjpaxKMxLyPL/2ekeRKKyB5OQ=
-135,231,WeTejpnWBADQrYo/KXFbWkKpqLQ=,MeyjpaxKMxLyPL/2ekeRKKyB5OQ=
-141,231,WeTejpnWBADQrYo/KXFbWkKpqLQ=,MeyjpaxKMxLyPL/2ekeRKKyB5OQ=
-141,233,WeTejpnWBADQrYo/KXFbWkKpqLQ=,MeyjpaxKMxLyPL/2ekeRKKyB5OQ=
-130,233,WeTejpnWBADQrYo/KXFbWkKpqLQ=,MeyjpaxKMxLyPL/2ekeRKKyB5OQ=
-135,230,WeTejpnWBADQrYo/KXFbWkKpqLQ=,MeyjpaxKMxLyPL/2ekeRKKyB5OQ=
-144,231,WeTejpnWBADQrYo/KXFbWkKpqLQ=,MeyjpaxKMxLyPL/2ekeRKKyB5OQ=
-137,230,WeTejpnWBADQrYo/KXFbWkKpqLQ=,MeyjpaxKMxLyPL/2ekeRKKyB5OQ=
-138,230,WeTejpnWBADQrYo/KXFbWkKpqLQ=,MeyjpaxKMxLyPL/2ekeRKKyB5OQ=
-142,234,WeTejpnWBADQrYo/KXFbWkKpqLQ=,MeyjpaxKMxLyPL/2ekeRKKyB5OQ=
-133,230,WeTejpnWBADQrYo/KXFbWkKpqLQ=,MeyjpaxKMxLyPL/2ekeRKKyB5OQ=
-131,230,WeTejpnWBADQrYo/KXFbWkKpqLQ=,MeyjpaxKMxLyPL/2ekeRKKyB5OQ=
-142,230,WeTejpnWBADQrYo/KXFbWkKpqLQ=,MeyjpaxKMxLyPL/2ekeRKKyB5OQ=
-141,230,WeTejpnWBADQrYo/KXFbWkKpqLQ=,MeyjpaxKMxLyPL/2ekeRKKyB5OQ=
-132,230,WeTejpnWBADQrYo/KXFbWkKpqLQ=,MeyjpaxKMxLyPL/2ekeRKKyB5OQ=
-140,230,WeTejpnWBADQrYo/KXFbWkKpqLQ=,MeyjpaxKMxLyPL/2ekeRKKyB5OQ=
-136,230,WeTejpnWBADQrYo/KXFbWkKpqLQ=,MeyjpaxKMxLyPL/2ekeRKKyB5OQ=
-130,230,WeTejpnWBADQrYo/KXFbWkKpqLQ=,MeyjpaxKMxLyPL/2ekeRKKyB5OQ=
-143,230,WeTejpnWBADQrYo/KXFbWkKpqLQ=,MeyjpaxKMxLyPL/2ekeRKKyB5OQ=
-134,229,WeTejpnWBADQrYo/KXFbWkKpqLQ=,MeyjpaxKMxLyPL/2ekeRKKyB5OQ=
-135,229,WeTejpnWBADQrYo/KXFbWkKpqLQ=,MeyjpaxKMxLyPL/2ekeRKKyB5OQ=
-133,234,WeTejpnWBADQrYo/KXFbWkKpqLQ=,MeyjpaxKMxLyPL/2ekeRKKyB5OQ=
-144,230,WeTejpnWBADQrYo/KXFbWkKpqLQ=,MeyjpaxKMxLyPL/2ekeRKKyB5OQ=
-130,229,WeTejpnWBADQrYo/KXFbWkKpqLQ=,MeyjpaxKMxLyPL/2ekeRKKyB5OQ=
-133,229,WeTejpnWBADQrYo/KXFbWkKpqLQ=,MeyjpaxKMxLyPL/2ekeRKKyB5OQ=
-132,229,WeTejpnWBADQrYo/KXFbWkKpqLQ=,MeyjpaxKMxLyPL/2ekeRKKyB5OQ=
-138,224,WeTejpnWBADQrYo/KXFbWkKpqLQ=,MeyjpaxKMxLyPL/2ekeRKKyB5OQ=
-136,229,WeTejpnWBADQrYo/KXFbWkKpqLQ=,MeyjpaxKMxLyPL/2ekeRKKyB5OQ=
-129,229,WeTejpnWBADQrYo/KXFbWkKpqLQ=,MeyjpaxKMxLyPL/2ekeRKKyB5OQ=
-131,229,WeTejpnWBADQrYo/KXFbWkKpqLQ=,MeyjpaxKMxLyPL/2ekeRKKyB5OQ=
-140,229,WeTejpnWBADQrYo/KXFbWkKpqLQ=,MeyjpaxKMxLyPL/2ekeRKKyB5OQ=
-141,229,WeTejpnWBADQrYo/KXFbWkKpqLQ=,MeyjpaxKMxLyPL/2ekeRKKyB5OQ=
-137,229,WeTejpnWBADQrYo/KXFbWkKpqLQ=,MeyjpaxKMxLyPL/2ekeRKKyB5OQ=
-134,230,WeTejpnWBADQrYo/KXFbWkKpqLQ=,MeyjpaxKMxLyPL/2ekeRKKyB5OQ=
-139,224,WeTejpnWBADQrYo/KXFbWkKpqLQ=,MeyjpaxKMxLyPL/2ekeRKKyB5OQ=
-144,229,WeTejpnWBADQrYo/KXFbWkKpqLQ=,MeyjpaxKMxLyPL/2ekeRKKyB5OQ=
-139,229,WeTejpnWBADQrYo/KXFbWkKpqLQ=,MeyjpaxKMxLyPL/2ekeRKKyB5OQ=
-138,229,WeTejpnWBADQrYo/KXFbWkKpqLQ=,MeyjpaxKMxLyPL/2ekeRKKyB5OQ=
-129,230,WeTejpnWBADQrYo/KXFbWkKpqLQ=,MeyjpaxKMxLyPL/2ekeRKKyB5OQ=
-129,235,WeTejpnWBADQrYo/KXFbWkKpqLQ=,MeyjpaxKMxLyPL/2ekeRKKyB5OQ=
-130,228,WeTejpnWBADQrYo/KXFbWkKpqLQ=,MeyjpaxKMxLyPL/2ekeRKKyB5OQ=
-144,233,WeTejpnWBADQrYo/KXFbWkKpqLQ=,MeyjpaxKMxLyPL/2ekeRKKyB5OQ=
-134,228,WeTejpnWBADQrYo/KXFbWkKpqLQ=,MeyjpaxKMxLyPL/2ekeRKKyB5OQ=
-129,228,WeTejpnWBADQrYo/KXFbWkKpqLQ=,MeyjpaxKMxLyPL/2ekeRKKyB5OQ=
-135,228,WeTejpnWBADQrYo/KXFbWkKpqLQ=,MeyjpaxKMxLyPL/2ekeRKKyB5OQ=
-139,230,WeTejpnWBADQrYo/KXFbWkKpqLQ=,MeyjpaxKMxLyPL/2ekeRKKyB5OQ=
-139,228,WeTejpnWBADQrYo/KXFbWkKpqLQ=,MeyjpaxKMxLyPL/2ekeRKKyB5OQ=
-142,229,WeTejpnWBADQrYo/KXFbWkKpqLQ=,MeyjpaxKMxLyPL/2ekeRKKyB5OQ=
-132,228,WeTejpnWBADQrYo/KXFbWkKpqLQ=,MeyjpaxKMxLyPL/2ekeRKKyB5OQ=
-140,228,WeTejpnWBADQrYo/KXFbWkKpqLQ=,MeyjpaxKMxLyPL/2ekeRKKyB5OQ=
-138,228,WeTejpnWBADQrYo/KXFbWkKpqLQ=,MeyjpaxKMxLyPL/2ekeRKKyB5OQ=
-133,228,WeTejpnWBADQrYo/KXFbWkKpqLQ=,MeyjpaxKMxLyPL/2ekeRKKyB5OQ=
-141,228,WeTejpnWBADQrYo/KXFbWkKpqLQ=,MeyjpaxKMxLyPL/2ekeRKKyB5OQ=
-137,228,WeTejpnWBADQrYo/KXFbWkKpqLQ=,MeyjpaxKMxLyPL/2ekeRKKyB5OQ=
-144,228,WeTejpnWBADQrYo/KXFbWkKpqLQ=,MeyjpaxKMxLyPL/2ekeRKKyB5OQ=
-134,231,WeTejpnWBADQrYo/KXFbWkKpqLQ=,MeyjpaxKMxLyPL/2ekeRKKyB5OQ=
-143,228,WeTejpnWBADQrYo/KXFbWkKpqLQ=,MeyjpaxKMxLyPL/2ekeRKKyB5OQ=
-131,228,WeTejpnWBADQrYo/KXFbWkKpqLQ=,MeyjpaxKMxLyPL/2ekeRKKyB5OQ=
-133,227,WeTejpnWBADQrYo/KXFbWkKpqLQ=,MeyjpaxKMxLyPL/2ekeRKKyB5OQ=
-130,227,WeTejpnWBADQrYo/KXFbWkKpqLQ=,MeyjpaxKMxLyPL/2ekeRKKyB5OQ=
-137,227,WeTejpnWBADQrYo/KXFbWkKpqLQ=,MeyjpaxKMxLyPL/2ekeRKKyB5OQ=
-136,227,WeTejpnWBADQrYo/KXFbWkKpqLQ=,MeyjpaxKMxLyPL/2ekeRKKyB5OQ=
-140,224,WeTejpnWBADQrYo/KXFbWkKpqLQ=,MeyjpaxKMxLyPL/2ekeRKKyB5OQ=
-131,227,WeTejpnWBADQrYo/KXFbWkKpqLQ=,MeyjpaxKMxLyPL/2ekeRKKyB5OQ=
-141,227,WeTejpnWBADQrYo/KXFbWkKpqLQ=,MeyjpaxKMxLyPL/2ekeRKKyB5OQ=
-143,231,WeTejpnWBADQrYo/KXFbWkKpqLQ=,MeyjpaxKMxLyPL/2ekeRKKyB5OQ=
-136,224,WeTejpnWBADQrYo/KXFbWkKpqLQ=,MeyjpaxKMxLyPL/2ekeRKKyB5OQ=
-139,227,WeTejpnWBADQrYo/KXFbWkKpqLQ=,MeyjpaxKMxLyPL/2ekeRKKyB5OQ=
-129,232,WeTejpnWBADQrYo/KXFbWkKpqLQ=,MeyjpaxKMxLyPL/2ekeRKKyB5OQ=
-140,227,WeTejpnWBADQrYo/KXFbWkKpqLQ=,MeyjpaxKMxLyPL/2ekeRKKyB5OQ=
-129,227,WeTejpnWBADQrYo/KXFbWkKpqLQ=,MeyjpaxKMxLyPL/2ekeRKKyB5OQ=
-144,227,WeTejpnWBADQrYo/KXFbWkKpqLQ=,MeyjpaxKMxLyPL/2ekeRKKyB5OQ=
-142,227,WeTejpnWBADQrYo/KXFbWkKpqLQ=,MeyjpaxKMxLyPL/2ekeRKKyB5OQ=
-131,226,WeTejpnWBADQrYo/KXFbWkKpqLQ=,MeyjpaxKMxLyPL/2ekeRKKyB5OQ=
-137,226,WeTejpnWBADQrYo/KXFbWkKpqLQ=,MeyjpaxKMxLyPL/2ekeRKKyB5OQ=
-135,226,WeTejpnWBADQrYo/KXFbWkKpqLQ=,MeyjpaxKMxLyPL/2ekeRKKyB5OQ=
-143,227,WeTejpnWBADQrYo/KXFbWkKpqLQ=,MeyjpaxKMxLyPL/2ekeRKKyB5OQ=
-141,224,WeTejpnWBADQrYo/KXFbWkKpqLQ=,MeyjpaxKMxLyPL/2ekeRKKyB5OQ=
-133,226,WeTejpnWBADQrYo/KXFbWkKpqLQ=,MeyjpaxKMxLyPL/2ekeRKKyB5OQ=
-132,226,WeTejpnWBADQrYo/KXFbWkKpqLQ=,MeyjpaxKMxLyPL/2ekeRKKyB5OQ=
-134,226,WeTejpnWBADQrYo/KXFbWkKpqLQ=,MeyjpaxKMxLyPL/2ekeRKKyB5OQ=
-132,227,WeTejpnWBADQrYo/KXFbWkKpqLQ=,MeyjpaxKMxLyPL/2ekeRKKyB5OQ=
-129,226,WeTejpnWBADQrYo/KXFbWkKpqLQ=,MeyjpaxKMxLyPL/2ekeRKKyB5OQ=
-130,226,WeTejpnWBADQrYo/KXFbWkKpqLQ=,MeyjpaxKMxLyPL/2ekeRKKyB5OQ=
-141,226,WeTejpnWBADQrYo/KXFbWkKpqLQ=,MeyjpaxKMxLyPL/2ekeRKKyB5OQ=
-136,226,WeTejpnWBADQrYo/KXFbWkKpqLQ=,MeyjpaxKMxLyPL/2ekeRKKyB5OQ=
-142,226,WeTejpnWBADQrYo/KXFbWkKpqLQ=,MeyjpaxKMxLyPL/2ekeRKKyB5OQ=
-140,226,WeTejpnWBADQrYo/KXFbWkKpqLQ=,MeyjpaxKMxLyPL/2ekeRKKyB5OQ=
-143,226,WeTejpnWBADQrYo/KXFbWkKpqLQ=,MeyjpaxKMxLyPL/2ekeRKKyB5OQ=
-144,226,WeTejpnWBADQrYo/KXFbWkKpqLQ=,MeyjpaxKMxLyPL/2ekeRKKyB5OQ=
-138,226,WeTejpnWBADQrYo/KXFbWkKpqLQ=,MeyjpaxKMxLyPL/2ekeRKKyB5OQ=
-129,225,WeTejpnWBADQrYo/KXFbWkKpqLQ=,MeyjpaxKMxLyPL/2ekeRKKyB5OQ=
-130,225,WeTejpnWBADQrYo/KXFbWkKpqLQ=,MeyjpaxKMxLyPL/2ekeRKKyB5OQ=
-132,225,WeTejpnWBADQrYo/KXFbWkKpqLQ=,MeyjpaxKMxLyPL/2ekeRKKyB5OQ=
-131,225,WeTejpnWBADQrYo/KXFbWkKpqLQ=,MeyjpaxKMxLyPL/2ekeRKKyB5OQ=
-139,226,WeTejpnWBADQrYo/KXFbWkKpqLQ=,MeyjpaxKMxLyPL/2ekeRKKyB5OQ=
-142,224,WeTejpnWBADQrYo/KXFbWkKpqLQ=,MeyjpaxKMxLyPL/2ekeRKKyB5OQ=
-135,225,WeTejpnWBADQrYo/KXFbWkKpqLQ=,MeyjpaxKMxLyPL/2ekeRKKyB5OQ=
-134,225,WeTejpnWBADQrYo/KXFbWkKpqLQ=,MeyjpaxKMxLyPL/2ekeRKKyB5OQ=
-143,224,WeTejpnWBADQrYo/KXFbWkKpqLQ=,MeyjpaxKMxLyPL/2ekeRKKyB5OQ=
-143,229,WeTejpnWBADQrYo/KXFbWkKpqLQ=,MeyjpaxKMxLyPL/2ekeRKKyB5OQ=
-142,228,WeTejpnWBADQrYo/KXFbWkKpqLQ=,MeyjpaxKMxLyPL/2ekeRKKyB5OQ=
-136,225,WeTejpnWBADQrYo/KXFbWkKpqLQ=,MeyjpaxKMxLyPL/2ekeRKKyB5OQ=
-138,227,WeTejpnWBADQrYo/KXFbWkKpqLQ=,MeyjpaxKMxLyPL/2ekeRKKyB5OQ=
-137,225,WeTejpnWBADQrYo/KXFbWkKpqLQ=,MeyjpaxKMxLyPL/2ekeRKKyB5OQ=
-136,228,WeTejpnWBADQrYo/KXFbWkKpqLQ=,MeyjpaxKMxLyPL/2ekeRKKyB5OQ=
-139,225,WeTejpnWBADQrYo/KXFbWkKpqLQ=,MeyjpaxKMxLyPL/2ekeRKKyB5OQ=
-141,225,24T7mVo0eD/D1ROxAVZIF8hISDo=,MeyjpaxKMxLyPL/2ekeRKKyB5OQ=
-143,225,24T7mVo0eD/D1ROxAVZIF8hISDo=,MeyjpaxKMxLyPL/2ekeRKKyB5OQ=
-142,225,24T7mVo0eD/D1ROxAVZIF8hISDo=,MeyjpaxKMxLyPL/2ekeRKKyB5OQ=
-140,225,WeTejpnWBADQrYo/KXFbWkKpqLQ=,MeyjpaxKMxLyPL/2ekeRKKyB5OQ=
-133,235,WeTejpnWBADQrYo/KXFbWkKpqLQ=,MeyjpaxKMxLyPL/2ekeRKKyB5OQ=
-137,224,WeTejpnWBADQrYo/KXFbWkKpqLQ=,MeyjpaxKMxLyPL/2ekeRKKyB5OQ=
-134,227,WeTejpnWBADQrYo/KXFbWkKpqLQ=,MeyjpaxKMxLyPL/2ekeRKKyB5OQ=
-138,225,WeTejpnWBADQrYo/KXFbWkKpqLQ=,MeyjpaxKMxLyPL/2ekeRKKyB5OQ=
-135,227,WeTejpnWBADQrYo/KXFbWkKpqLQ=,MeyjpaxKMxLyPL/2ekeRKKyB5OQ=
-144,224,24T7mVo0eD/D1ROxAVZIF8hISDo=,MeyjpaxKMxLyPL/2ekeRKKyB5OQ=
-133,225,WeTejpnWBADQrYo/KXFbWkKpqLQ=,MeyjpaxKMxLyPL/2ekeRKKyB5OQ=
-134,234,WeTejpnWBADQrYo/KXFbWkKpqLQ=,MeyjpaxKMxLyPL/2ekeRKKyB5OQ=
-145,255,WeTejpnWBADQrYo/KXFbWkKpqLQ=,MeyjpaxKMxLyPL/2ekeRKKyB5OQ=
-146,255,WeTejpnWBADQrYo/KXFbWkKpqLQ=,MeyjpaxKMxLyPL/2ekeRKKyB5OQ=
-147,255,WeTejpnWBADQrYo/KXFbWkKpqLQ=,MeyjpaxKMxLyPL/2ekeRKKyB5OQ=
-148,255,WeTejpnWBADQrYo/KXFbWkKpqLQ=,MeyjpaxKMxLyPL/2ekeRKKyB5OQ=
-149,255,WeTejpnWBADQrYo/KXFbWkKpqLQ=,MeyjpaxKMxLyPL/2ekeRKKyB5OQ=
-150,255,WeTejpnWBADQrYo/KXFbWkKpqLQ=,MeyjpaxKMxLyPL/2ekeRKKyB5OQ=
-151,255,WeTejpnWBADQrYo/KXFbWkKpqLQ=,MeyjpaxKMxLyPL/2ekeRKKyB5OQ=
-152,255,WeTejpnWBADQrYo/KXFbWkKpqLQ=,MeyjpaxKMxLyPL/2ekeRKKyB5OQ=
-153,255,WeTejpnWBADQrYo/KXFbWkKpqLQ=,MeyjpaxKMxLyPL/2ekeRKKyB5OQ=
-154,255,WeTejpnWBADQrYo/KXFbWkKpqLQ=,MeyjpaxKMxLyPL/2ekeRKKyB5OQ=
-155,255,WeTejpnWBADQrYo/KXFbWkKpqLQ=,MeyjpaxKMxLyPL/2ekeRKKyB5OQ=
-156,255,WeTejpnWBADQrYo/KXFbWkKpqLQ=,MeyjpaxKMxLyPL/2ekeRKKyB5OQ=
-157,255,WeTejpnWBADQrYo/KXFbWkKpqLQ=,MeyjpaxKMxLyPL/2ekeRKKyB5OQ=
-158,255,WeTejpnWBADQrYo/KXFbWkKpqLQ=,MeyjpaxKMxLyPL/2ekeRKKyB5OQ=
-159,255,WeTejpnWBADQrYo/KXFbWkKpqLQ=,MeyjpaxKMxLyPL/2ekeRKKyB5OQ=
-160,255,WeTejpnWBADQrYo/KXFbWkKpqLQ=,MeyjpaxKMxLyPL/2ekeRKKyB5OQ=
-145,254,WeTejpnWBADQrYo/KXFbWkKpqLQ=,MeyjpaxKMxLyPL/2ekeRKKyB5OQ=
-146,254,WeTejpnWBADQrYo/KXFbWkKpqLQ=,MeyjpaxKMxLyPL/2ekeRKKyB5OQ=
-147,254,WeTejpnWBADQrYo/KXFbWkKpqLQ=,MeyjpaxKMxLyPL/2ekeRKKyB5OQ=
-148,254,WeTejpnWBADQrYo/KXFbWkKpqLQ=,MeyjpaxKMxLyPL/2ekeRKKyB5OQ=
-149,254,WeTejpnWBADQrYo/KXFbWkKpqLQ=,MeyjpaxKMxLyPL/2ekeRKKyB5OQ=
-150,254,WeTejpnWBADQrYo/KXFbWkKpqLQ=,MeyjpaxKMxLyPL/2ekeRKKyB5OQ=
-151,254,WeTejpnWBADQrYo/KXFbWkKpqLQ=,MeyjpaxKMxLyPL/2ekeRKKyB5OQ=
-152,254,WeTejpnWBADQrYo/KXFbWkKpqLQ=,MeyjpaxKMxLyPL/2ekeRKKyB5OQ=
-153,254,WeTejpnWBADQrYo/KXFbWkKpqLQ=,MeyjpaxKMxLyPL/2ekeRKKyB5OQ=
-155,254,WeTejpnWBADQrYo/KXFbWkKpqLQ=,MeyjpaxKMxLyPL/2ekeRKKyB5OQ=
-156,254,WeTejpnWBADQrYo/KXFbWkKpqLQ=,MeyjpaxKMxLyPL/2ekeRKKyB5OQ=
-157,254,WeTejpnWBADQrYo/KXFbWkKpqLQ=,MeyjpaxKMxLyPL/2ekeRKKyB5OQ=
-158,254,WeTejpnWBADQrYo/KXFbWkKpqLQ=,MeyjpaxKMxLyPL/2ekeRKKyB5OQ=
-154,254,WeTejpnWBADQrYo/KXFbWkKpqLQ=,MeyjpaxKMxLyPL/2ekeRKKyB5OQ=
-159,254,WeTejpnWBADQrYo/KXFbWkKpqLQ=,MeyjpaxKMxLyPL/2ekeRKKyB5OQ=
-160,254,WeTejpnWBADQrYo/KXFbWkKpqLQ=,MeyjpaxKMxLyPL/2ekeRKKyB5OQ=
-146,253,WeTejpnWBADQrYo/KXFbWkKpqLQ=,MeyjpaxKMxLyPL/2ekeRKKyB5OQ=
-147,253,WeTejpnWBADQrYo/KXFbWkKpqLQ=,MeyjpaxKMxLyPL/2ekeRKKyB5OQ=
-148,253,WeTejpnWBADQrYo/KXFbWkKpqLQ=,MeyjpaxKMxLyPL/2ekeRKKyB5OQ=
-145,253,WeTejpnWBADQrYo/KXFbWkKpqLQ=,MeyjpaxKMxLyPL/2ekeRKKyB5OQ=
-149,253,WeTejpnWBADQrYo/KXFbWkKpqLQ=,MeyjpaxKMxLyPL/2ekeRKKyB5OQ=
-150,253,WeTejpnWBADQrYo/KXFbWkKpqLQ=,MeyjpaxKMxLyPL/2ekeRKKyB5OQ=
-151,253,WeTejpnWBADQrYo/KXFbWkKpqLQ=,MeyjpaxKMxLyPL/2ekeRKKyB5OQ=
-152,253,WeTejpnWBADQrYo/KXFbWkKpqLQ=,MeyjpaxKMxLyPL/2ekeRKKyB5OQ=
-158,253,WeTejpnWBADQrYo/KXFbWkKpqLQ=,MeyjpaxKMxLyPL/2ekeRKKyB5OQ=
-145,252,WeTejpnWBADQrYo/KXFbWkKpqLQ=,MeyjpaxKMxLyPL/2ekeRKKyB5OQ=
-148,252,WeTejpnWBADQrYo/KXFbWkKpqLQ=,MeyjpaxKMxLyPL/2ekeRKKyB5OQ=
-147,252,WeTejpnWBADQrYo/KXFbWkKpqLQ=,MeyjpaxKMxLyPL/2ekeRKKyB5OQ=
-146,252,WeTejpnWBADQrYo/KXFbWkKpqLQ=,MeyjpaxKMxLyPL/2ekeRKKyB5OQ=
-149,252,WeTejpnWBADQrYo/KXFbWkKpqLQ=,MeyjpaxKMxLyPL/2ekeRKKyB5OQ=
-150,252,WeTejpnWBADQrYo/KXFbWkKpqLQ=,MeyjpaxKMxLyPL/2ekeRKKyB5OQ=
-159,253,WeTejpnWBADQrYo/KXFbWkKpqLQ=,MeyjpaxKMxLyPL/2ekeRKKyB5OQ=
-156,253,WeTejpnWBADQrYo/KXFbWkKpqLQ=,MeyjpaxKMxLyPL/2ekeRKKyB5OQ=
-153,253,WeTejpnWBADQrYo/KXFbWkKpqLQ=,MeyjpaxKMxLyPL/2ekeRKKyB5OQ=
-155,253,WeTejpnWBADQrYo/KXFbWkKpqLQ=,MeyjpaxKMxLyPL/2ekeRKKyB5OQ=
-154,253,WeTejpnWBADQrYo/KXFbWkKpqLQ=,MeyjpaxKMxLyPL/2ekeRKKyB5OQ=
-160,240,WeTejpnWBADQrYo/KXFbWkKpqLQ=,MeyjpaxKMxLyPL/2ekeRKKyB5OQ=
-145,240,WeTejpnWBADQrYo/KXFbWkKpqLQ=,MeyjpaxKMxLyPL/2ekeRKKyB5OQ=
-147,240,WeTejpnWBADQrYo/KXFbWkKpqLQ=,MeyjpaxKMxLyPL/2ekeRKKyB5OQ=
-160,241,WeTejpnWBADQrYo/KXFbWkKpqLQ=,MeyjpaxKMxLyPL/2ekeRKKyB5OQ=
-160,253,WeTejpnWBADQrYo/KXFbWkKpqLQ=,MeyjpaxKMxLyPL/2ekeRKKyB5OQ=
-151,252,WeTejpnWBADQrYo/KXFbWkKpqLQ=,MeyjpaxKMxLyPL/2ekeRKKyB5OQ=
-145,251,WeTejpnWBADQrYo/KXFbWkKpqLQ=,MeyjpaxKMxLyPL/2ekeRKKyB5OQ=
-152,252,WeTejpnWBADQrYo/KXFbWkKpqLQ=,MeyjpaxKMxLyPL/2ekeRKKyB5OQ=
-146,251,WeTejpnWBADQrYo/KXFbWkKpqLQ=,MeyjpaxKMxLyPL/2ekeRKKyB5OQ=
-147,251,WeTejpnWBADQrYo/KXFbWkKpqLQ=,MeyjpaxKMxLyPL/2ekeRKKyB5OQ=
-148,240,WeTejpnWBADQrYo/KXFbWkKpqLQ=,MeyjpaxKMxLyPL/2ekeRKKyB5OQ=
-149,240,WeTejpnWBADQrYo/KXFbWkKpqLQ=,MeyjpaxKMxLyPL/2ekeRKKyB5OQ=
-158,252,WeTejpnWBADQrYo/KXFbWkKpqLQ=,MeyjpaxKMxLyPL/2ekeRKKyB5OQ=
-154,252,WeTejpnWBADQrYo/KXFbWkKpqLQ=,MeyjpaxKMxLyPL/2ekeRKKyB5OQ=
-159,241,WeTejpnWBADQrYo/KXFbWkKpqLQ=,MeyjpaxKMxLyPL/2ekeRKKyB5OQ=
-157,252,WeTejpnWBADQrYo/KXFbWkKpqLQ=,MeyjpaxKMxLyPL/2ekeRKKyB5OQ=
-159,252,WeTejpnWBADQrYo/KXFbWkKpqLQ=,MeyjpaxKMxLyPL/2ekeRKKyB5OQ=
-155,252,WeTejpnWBADQrYo/KXFbWkKpqLQ=,MeyjpaxKMxLyPL/2ekeRKKyB5OQ=
-153,252,WeTejpnWBADQrYo/KXFbWkKpqLQ=,MeyjpaxKMxLyPL/2ekeRKKyB5OQ=
-156,252,WeTejpnWBADQrYo/KXFbWkKpqLQ=,MeyjpaxKMxLyPL/2ekeRKKyB5OQ=
-152,251,WeTejpnWBADQrYo/KXFbWkKpqLQ=,MeyjpaxKMxLyPL/2ekeRKKyB5OQ=
-154,251,WeTejpnWBADQrYo/KXFbWkKpqLQ=,MeyjpaxKMxLyPL/2ekeRKKyB5OQ=
-153,251,WeTejpnWBADQrYo/KXFbWkKpqLQ=,MeyjpaxKMxLyPL/2ekeRKKyB5OQ=
-160,252,WeTejpnWBADQrYo/KXFbWkKpqLQ=,MeyjpaxKMxLyPL/2ekeRKKyB5OQ=
-146,250,WeTejpnWBADQrYo/KXFbWkKpqLQ=,MeyjpaxKMxLyPL/2ekeRKKyB5OQ=
-145,250,WeTejpnWBADQrYo/KXFbWkKpqLQ=,MeyjpaxKMxLyPL/2ekeRKKyB5OQ=
-155,251,WeTejpnWBADQrYo/KXFbWkKpqLQ=,MeyjpaxKMxLyPL/2ekeRKKyB5OQ=
-148,251,WeTejpnWBADQrYo/KXFbWkKpqLQ=,MeyjpaxKMxLyPL/2ekeRKKyB5OQ=
-149,251,WeTejpnWBADQrYo/KXFbWkKpqLQ=,MeyjpaxKMxLyPL/2ekeRKKyB5OQ=
-150,251,WeTejpnWBADQrYo/KXFbWkKpqLQ=,MeyjpaxKMxLyPL/2ekeRKKyB5OQ=
-151,251,WeTejpnWBADQrYo/KXFbWkKpqLQ=,MeyjpaxKMxLyPL/2ekeRKKyB5OQ=
-156,251,WeTejpnWBADQrYo/KXFbWkKpqLQ=,MeyjpaxKMxLyPL/2ekeRKKyB5OQ=
-158,241,WeTejpnWBADQrYo/KXFbWkKpqLQ=,MeyjpaxKMxLyPL/2ekeRKKyB5OQ=
-151,250,WeTejpnWBADQrYo/KXFbWkKpqLQ=,MeyjpaxKMxLyPL/2ekeRKKyB5OQ=
-152,250,WeTejpnWBADQrYo/KXFbWkKpqLQ=,MeyjpaxKMxLyPL/2ekeRKKyB5OQ=
-155,250,WeTejpnWBADQrYo/KXFbWkKpqLQ=,MeyjpaxKMxLyPL/2ekeRKKyB5OQ=
-147,250,WeTejpnWBADQrYo/KXFbWkKpqLQ=,MeyjpaxKMxLyPL/2ekeRKKyB5OQ=
-150,250,WeTejpnWBADQrYo/KXFbWkKpqLQ=,MeyjpaxKMxLyPL/2ekeRKKyB5OQ=
-159,251,WeTejpnWBADQrYo/KXFbWkKpqLQ=,MeyjpaxKMxLyPL/2ekeRKKyB5OQ=
-160,251,WeTejpnWBADQrYo/KXFbWkKpqLQ=,MeyjpaxKMxLyPL/2ekeRKKyB5OQ=
-158,251,WeTejpnWBADQrYo/KXFbWkKpqLQ=,MeyjpaxKMxLyPL/2ekeRKKyB5OQ=
-145,249,WeTejpnWBADQrYo/KXFbWkKpqLQ=,MeyjpaxKMxLyPL/2ekeRKKyB5OQ=
-150,240,WeTejpnWBADQrYo/KXFbWkKpqLQ=,MeyjpaxKMxLyPL/2ekeRKKyB5OQ=
-154,250,WeTejpnWBADQrYo/KXFbWkKpqLQ=,MeyjpaxKMxLyPL/2ekeRKKyB5OQ=
-157,251,WeTejpnWBADQrYo/KXFbWkKpqLQ=,MeyjpaxKMxLyPL/2ekeRKKyB5OQ=
-149,250,WeTejpnWBADQrYo/KXFbWkKpqLQ=,MeyjpaxKMxLyPL/2ekeRKKyB5OQ=
-147,249,WeTejpnWBADQrYo/KXFbWkKpqLQ=,MeyjpaxKMxLyPL/2ekeRKKyB5OQ=
-151,249,WeTejpnWBADQrYo/KXFbWkKpqLQ=,MeyjpaxKMxLyPL/2ekeRKKyB5OQ=
-152,249,WeTejpnWBADQrYo/KXFbWkKpqLQ=,MeyjpaxKMxLyPL/2ekeRKKyB5OQ=
-146,249,WeTejpnWBADQrYo/KXFbWkKpqLQ=,MeyjpaxKMxLyPL/2ekeRKKyB5OQ=
-160,250,WeTejpnWBADQrYo/KXFbWkKpqLQ=,MeyjpaxKMxLyPL/2ekeRKKyB5OQ=
-158,250,WeTejpnWBADQrYo/KXFbWkKpqLQ=,MeyjpaxKMxLyPL/2ekeRKKyB5OQ=
-156,249,WeTejpnWBADQrYo/KXFbWkKpqLQ=,MeyjpaxKMxLyPL/2ekeRKKyB5OQ=
-159,250,WeTejpnWBADQrYo/KXFbWkKpqLQ=,MeyjpaxKMxLyPL/2ekeRKKyB5OQ=
-148,249,WeTejpnWBADQrYo/KXFbWkKpqLQ=,MeyjpaxKMxLyPL/2ekeRKKyB5OQ=
-155,249,WeTejpnWBADQrYo/KXFbWkKpqLQ=,MeyjpaxKMxLyPL/2ekeRKKyB5OQ=
-157,253,WeTejpnWBADQrYo/KXFbWkKpqLQ=,MeyjpaxKMxLyPL/2ekeRKKyB5OQ=
-150,249,WeTejpnWBADQrYo/KXFbWkKpqLQ=,MeyjpaxKMxLyPL/2ekeRKKyB5OQ=
-145,248,WeTejpnWBADQrYo/KXFbWkKpqLQ=,MeyjpaxKMxLyPL/2ekeRKKyB5OQ=
-149,249,WeTejpnWBADQrYo/KXFbWkKpqLQ=,MeyjpaxKMxLyPL/2ekeRKKyB5OQ=
-153,249,WeTejpnWBADQrYo/KXFbWkKpqLQ=,MeyjpaxKMxLyPL/2ekeRKKyB5OQ=
-151,240,WeTejpnWBADQrYo/KXFbWkKpqLQ=,MeyjpaxKMxLyPL/2ekeRKKyB5OQ=
-159,249,WeTejpnWBADQrYo/KXFbWkKpqLQ=,MeyjpaxKMxLyPL/2ekeRKKyB5OQ=
-158,249,WeTejpnWBADQrYo/KXFbWkKpqLQ=,MeyjpaxKMxLyPL/2ekeRKKyB5OQ=
-146,248,WeTejpnWBADQrYo/KXFbWkKpqLQ=,MeyjpaxKMxLyPL/2ekeRKKyB5OQ=
-156,248,WeTejpnWBADQrYo/KXFbWkKpqLQ=,MeyjpaxKMxLyPL/2ekeRKKyB5OQ=
-151,248,WeTejpnWBADQrYo/KXFbWkKpqLQ=,MeyjpaxKMxLyPL/2ekeRKKyB5OQ=
-157,248,WeTejpnWBADQrYo/KXFbWkKpqLQ=,MeyjpaxKMxLyPL/2ekeRKKyB5OQ=
-150,248,WeTejpnWBADQrYo/KXFbWkKpqLQ=,MeyjpaxKMxLyPL/2ekeRKKyB5OQ=
-148,248,WeTejpnWBADQrYo/KXFbWkKpqLQ=,MeyjpaxKMxLyPL/2ekeRKKyB5OQ=
-152,248,WeTejpnWBADQrYo/KXFbWkKpqLQ=,MeyjpaxKMxLyPL/2ekeRKKyB5OQ=
-147,248,WeTejpnWBADQrYo/KXFbWkKpqLQ=,MeyjpaxKMxLyPL/2ekeRKKyB5OQ=
-149,248,WeTejpnWBADQrYo/KXFbWkKpqLQ=,MeyjpaxKMxLyPL/2ekeRKKyB5OQ=
-155,248,WeTejpnWBADQrYo/KXFbWkKpqLQ=,MeyjpaxKMxLyPL/2ekeRKKyB5OQ=
-153,248,WeTejpnWBADQrYo/KXFbWkKpqLQ=,MeyjpaxKMxLyPL/2ekeRKKyB5OQ=
-154,248,WeTejpnWBADQrYo/KXFbWkKpqLQ=,MeyjpaxKMxLyPL/2ekeRKKyB5OQ=
-159,248,WeTejpnWBADQrYo/KXFbWkKpqLQ=,MeyjpaxKMxLyPL/2ekeRKKyB5OQ=
-158,248,WeTejpnWBADQrYo/KXFbWkKpqLQ=,MeyjpaxKMxLyPL/2ekeRKKyB5OQ=
-160,248,WeTejpnWBADQrYo/KXFbWkKpqLQ=,MeyjpaxKMxLyPL/2ekeRKKyB5OQ=
-153,240,WeTejpnWBADQrYo/KXFbWkKpqLQ=,MeyjpaxKMxLyPL/2ekeRKKyB5OQ=
-146,247,WeTejpnWBADQrYo/KXFbWkKpqLQ=,MeyjpaxKMxLyPL/2ekeRKKyB5OQ=
-150,247,WeTejpnWBADQrYo/KXFbWkKpqLQ=,MeyjpaxKMxLyPL/2ekeRKKyB5OQ=
-145,247,WeTejpnWBADQrYo/KXFbWkKpqLQ=,MeyjpaxKMxLyPL/2ekeRKKyB5OQ=
-148,247,WeTejpnWBADQrYo/KXFbWkKpqLQ=,MeyjpaxKMxLyPL/2ekeRKKyB5OQ=
-149,247,WeTejpnWBADQrYo/KXFbWkKpqLQ=,MeyjpaxKMxLyPL/2ekeRKKyB5OQ=
-156,250,WeTejpnWBADQrYo/KXFbWkKpqLQ=,MeyjpaxKMxLyPL/2ekeRKKyB5OQ=
-157,247,WeTejpnWBADQrYo/KXFbWkKpqLQ=,MeyjpaxKMxLyPL/2ekeRKKyB5OQ=
-151,247,WeTejpnWBADQrYo/KXFbWkKpqLQ=,MeyjpaxKMxLyPL/2ekeRKKyB5OQ=
-158,247,WeTejpnWBADQrYo/KXFbWkKpqLQ=,MeyjpaxKMxLyPL/2ekeRKKyB5OQ=
-154,249,WeTejpnWBADQrYo/KXFbWkKpqLQ=,MeyjpaxKMxLyPL/2ekeRKKyB5OQ=
-155,247,WeTejpnWBADQrYo/KXFbWkKpqLQ=,MeyjpaxKMxLyPL/2ekeRKKyB5OQ=
-152,247,WeTejpnWBADQrYo/KXFbWkKpqLQ=,MeyjpaxKMxLyPL/2ekeRKKyB5OQ=
-154,247,WeTejpnWBADQrYo/KXFbWkKpqLQ=,MeyjpaxKMxLyPL/2ekeRKKyB5OQ=
-153,250,WeTejpnWBADQrYo/KXFbWkKpqLQ=,MeyjpaxKMxLyPL/2ekeRKKyB5OQ=
-145,246,WeTejpnWBADQrYo/KXFbWkKpqLQ=,MeyjpaxKMxLyPL/2ekeRKKyB5OQ=
-147,246,WeTejpnWBADQrYo/KXFbWkKpqLQ=,MeyjpaxKMxLyPL/2ekeRKKyB5OQ=
-159,247,WeTejpnWBADQrYo/KXFbWkKpqLQ=,MeyjpaxKMxLyPL/2ekeRKKyB5OQ=
-148,250,WeTejpnWBADQrYo/KXFbWkKpqLQ=,MeyjpaxKMxLyPL/2ekeRKKyB5OQ=
-152,246,WeTejpnWBADQrYo/KXFbWkKpqLQ=,MeyjpaxKMxLyPL/2ekeRKKyB5OQ=
-148,246,WeTejpnWBADQrYo/KXFbWkKpqLQ=,MeyjpaxKMxLyPL/2ekeRKKyB5OQ=
-158,246,WeTejpnWBADQrYo/KXFbWkKpqLQ=,MeyjpaxKMxLyPL/2ekeRKKyB5OQ=
-149,246,WeTejpnWBADQrYo/KXFbWkKpqLQ=,MeyjpaxKMxLyPL/2ekeRKKyB5OQ=
-151,246,WeTejpnWBADQrYo/KXFbWkKpqLQ=,MeyjpaxKMxLyPL/2ekeRKKyB5OQ=
-156,247,WeTejpnWBADQrYo/KXFbWkKpqLQ=,MeyjpaxKMxLyPL/2ekeRKKyB5OQ=
-153,246,WeTejpnWBADQrYo/KXFbWkKpqLQ=,MeyjpaxKMxLyPL/2ekeRKKyB5OQ=
-159,246,WeTejpnWBADQrYo/KXFbWkKpqLQ=,MeyjpaxKMxLyPL/2ekeRKKyB5OQ=
-157,250,WeTejpnWBADQrYo/KXFbWkKpqLQ=,MeyjpaxKMxLyPL/2ekeRKKyB5OQ=
-157,246,WeTejpnWBADQrYo/KXFbWkKpqLQ=,MeyjpaxKMxLyPL/2ekeRKKyB5OQ=
-160,246,WeTejpnWBADQrYo/KXFbWkKpqLQ=,MeyjpaxKMxLyPL/2ekeRKKyB5OQ=
-146,246,WeTejpnWBADQrYo/KXFbWkKpqLQ=,MeyjpaxKMxLyPL/2ekeRKKyB5OQ=
-147,247,WeTejpnWBADQrYo/KXFbWkKpqLQ=,MeyjpaxKMxLyPL/2ekeRKKyB5OQ=
-155,246,WeTejpnWBADQrYo/KXFbWkKpqLQ=,MeyjpaxKMxLyPL/2ekeRKKyB5OQ=
-156,246,WeTejpnWBADQrYo/KXFbWkKpqLQ=,MeyjpaxKMxLyPL/2ekeRKKyB5OQ=
-157,249,WeTejpnWBADQrYo/KXFbWkKpqLQ=,MeyjpaxKMxLyPL/2ekeRKKyB5OQ=
-150,246,WeTejpnWBADQrYo/KXFbWkKpqLQ=,MeyjpaxKMxLyPL/2ekeRKKyB5OQ=
-147,245,WeTejpnWBADQrYo/KXFbWkKpqLQ=,MeyjpaxKMxLyPL/2ekeRKKyB5OQ=
-153,247,WeTejpnWBADQrYo/KXFbWkKpqLQ=,MeyjpaxKMxLyPL/2ekeRKKyB5OQ=
-159,245,WeTejpnWBADQrYo/KXFbWkKpqLQ=,MeyjpaxKMxLyPL/2ekeRKKyB5OQ=
-152,240,WeTejpnWBADQrYo/KXFbWkKpqLQ=,MeyjpaxKMxLyPL/2ekeRKKyB5OQ=
-160,245,WeTejpnWBADQrYo/KXFbWkKpqLQ=,MeyjpaxKMxLyPL/2ekeRKKyB5OQ=
-149,245,WeTejpnWBADQrYo/KXFbWkKpqLQ=,MeyjpaxKMxLyPL/2ekeRKKyB5OQ=
-148,245,WeTejpnWBADQrYo/KXFbWkKpqLQ=,MeyjpaxKMxLyPL/2ekeRKKyB5OQ=
-152,245,WeTejpnWBADQrYo/KXFbWkKpqLQ=,MeyjpaxKMxLyPL/2ekeRKKyB5OQ=
-155,245,WeTejpnWBADQrYo/KXFbWkKpqLQ=,MeyjpaxKMxLyPL/2ekeRKKyB5OQ=
-151,245,WeTejpnWBADQrYo/KXFbWkKpqLQ=,MeyjpaxKMxLyPL/2ekeRKKyB5OQ=
-153,245,WeTejpnWBADQrYo/KXFbWkKpqLQ=,MeyjpaxKMxLyPL/2ekeRKKyB5OQ=
-157,245,WeTejpnWBADQrYo/KXFbWkKpqLQ=,MeyjpaxKMxLyPL/2ekeRKKyB5OQ=
-150,245,WeTejpnWBADQrYo/KXFbWkKpqLQ=,MeyjpaxKMxLyPL/2ekeRKKyB5OQ=
-156,245,WeTejpnWBADQrYo/KXFbWkKpqLQ=,MeyjpaxKMxLyPL/2ekeRKKyB5OQ=
-156,240,WeTejpnWBADQrYo/KXFbWkKpqLQ=,MeyjpaxKMxLyPL/2ekeRKKyB5OQ=
-158,245,WeTejpnWBADQrYo/KXFbWkKpqLQ=,MeyjpaxKMxLyPL/2ekeRKKyB5OQ=
-147,244,WeTejpnWBADQrYo/KXFbWkKpqLQ=,MeyjpaxKMxLyPL/2ekeRKKyB5OQ=
-155,240,WeTejpnWBADQrYo/KXFbWkKpqLQ=,MeyjpaxKMxLyPL/2ekeRKKyB5OQ=
-148,244,WeTejpnWBADQrYo/KXFbWkKpqLQ=,MeyjpaxKMxLyPL/2ekeRKKyB5OQ=
-160,249,WeTejpnWBADQrYo/KXFbWkKpqLQ=,MeyjpaxKMxLyPL/2ekeRKKyB5OQ=
-145,244,WeTejpnWBADQrYo/KXFbWkKpqLQ=,MeyjpaxKMxLyPL/2ekeRKKyB5OQ=
-160,244,WeTejpnWBADQrYo/KXFbWkKpqLQ=,MeyjpaxKMxLyPL/2ekeRKKyB5OQ=
-149,244,WeTejpnWBADQrYo/KXFbWkKpqLQ=,MeyjpaxKMxLyPL/2ekeRKKyB5OQ=
-154,244,WeTejpnWBADQrYo/KXFbWkKpqLQ=,MeyjpaxKMxLyPL/2ekeRKKyB5OQ=
-146,244,WeTejpnWBADQrYo/KXFbWkKpqLQ=,MeyjpaxKMxLyPL/2ekeRKKyB5OQ=
-160,247,WeTejpnWBADQrYo/KXFbWkKpqLQ=,MeyjpaxKMxLyPL/2ekeRKKyB5OQ=
-159,244,WeTejpnWBADQrYo/KXFbWkKpqLQ=,MeyjpaxKMxLyPL/2ekeRKKyB5OQ=
-155,244,WeTejpnWBADQrYo/KXFbWkKpqLQ=,MeyjpaxKMxLyPL/2ekeRKKyB5OQ=
-150,244,WeTejpnWBADQrYo/KXFbWkKpqLQ=,MeyjpaxKMxLyPL/2ekeRKKyB5OQ=
-146,245,WeTejpnWBADQrYo/KXFbWkKpqLQ=,MeyjpaxKMxLyPL/2ekeRKKyB5OQ=
-154,240,WeTejpnWBADQrYo/KXFbWkKpqLQ=,MeyjpaxKMxLyPL/2ekeRKKyB5OQ=
-158,244,WeTejpnWBADQrYo/KXFbWkKpqLQ=,MeyjpaxKMxLyPL/2ekeRKKyB5OQ=
-156,244,WeTejpnWBADQrYo/KXFbWkKpqLQ=,MeyjpaxKMxLyPL/2ekeRKKyB5OQ=
-146,243,WeTejpnWBADQrYo/KXFbWkKpqLQ=,MeyjpaxKMxLyPL/2ekeRKKyB5OQ=
-148,243,WeTejpnWBADQrYo/KXFbWkKpqLQ=,MeyjpaxKMxLyPL/2ekeRKKyB5OQ=
-145,243,WeTejpnWBADQrYo/KXFbWkKpqLQ=,MeyjpaxKMxLyPL/2ekeRKKyB5OQ=
-153,244,WeTejpnWBADQrYo/KXFbWkKpqLQ=,MeyjpaxKMxLyPL/2ekeRKKyB5OQ=
-155,243,WeTejpnWBADQrYo/KXFbWkKpqLQ=,MeyjpaxKMxLyPL/2ekeRKKyB5OQ=
-153,243,WeTejpnWBADQrYo/KXFbWkKpqLQ=,MeyjpaxKMxLyPL/2ekeRKKyB5OQ=
-150,243,WeTejpnWBADQrYo/KXFbWkKpqLQ=,MeyjpaxKMxLyPL/2ekeRKKyB5OQ=
-158,243,WeTejpnWBADQrYo/KXFbWkKpqLQ=,MeyjpaxKMxLyPL/2ekeRKKyB5OQ=
-154,243,WeTejpnWBADQrYo/KXFbWkKpqLQ=,MeyjpaxKMxLyPL/2ekeRKKyB5OQ=
-146,240,WeTejpnWBADQrYo/KXFbWkKpqLQ=,MeyjpaxKMxLyPL/2ekeRKKyB5OQ=
-149,243,WeTejpnWBADQrYo/KXFbWkKpqLQ=,MeyjpaxKMxLyPL/2ekeRKKyB5OQ=
-157,244,WeTejpnWBADQrYo/KXFbWkKpqLQ=,MeyjpaxKMxLyPL/2ekeRKKyB5OQ=
-157,243,WeTejpnWBADQrYo/KXFbWkKpqLQ=,MeyjpaxKMxLyPL/2ekeRKKyB5OQ=
-159,243,WeTejpnWBADQrYo/KXFbWkKpqLQ=,MeyjpaxKMxLyPL/2ekeRKKyB5OQ=
-157,241,WeTejpnWBADQrYo/KXFbWkKpqLQ=,MeyjpaxKMxLyPL/2ekeRKKyB5OQ=
-160,243,WeTejpnWBADQrYo/KXFbWkKpqLQ=,MeyjpaxKMxLyPL/2ekeRKKyB5OQ=
-146,242,WeTejpnWBADQrYo/KXFbWkKpqLQ=,MeyjpaxKMxLyPL/2ekeRKKyB5OQ=
-148,242,WeTejpnWBADQrYo/KXFbWkKpqLQ=,MeyjpaxKMxLyPL/2ekeRKKyB5OQ=
-147,243,WeTejpnWBADQrYo/KXFbWkKpqLQ=,MeyjpaxKMxLyPL/2ekeRKKyB5OQ=
-149,242,WeTejpnWBADQrYo/KXFbWkKpqLQ=,MeyjpaxKMxLyPL/2ekeRKKyB5OQ=
-145,242,WeTejpnWBADQrYo/KXFbWkKpqLQ=,MeyjpaxKMxLyPL/2ekeRKKyB5OQ=
-153,242,WeTejpnWBADQrYo/KXFbWkKpqLQ=,MeyjpaxKMxLyPL/2ekeRKKyB5OQ=
-150,242,WeTejpnWBADQrYo/KXFbWkKpqLQ=,MeyjpaxKMxLyPL/2ekeRKKyB5OQ=
-145,245,WeTejpnWBADQrYo/KXFbWkKpqLQ=,MeyjpaxKMxLyPL/2ekeRKKyB5OQ=
-152,242,WeTejpnWBADQrYo/KXFbWkKpqLQ=,MeyjpaxKMxLyPL/2ekeRKKyB5OQ=
-154,242,WeTejpnWBADQrYo/KXFbWkKpqLQ=,MeyjpaxKMxLyPL/2ekeRKKyB5OQ=
-151,242,WeTejpnWBADQrYo/KXFbWkKpqLQ=,MeyjpaxKMxLyPL/2ekeRKKyB5OQ=
-156,241,WeTejpnWBADQrYo/KXFbWkKpqLQ=,MeyjpaxKMxLyPL/2ekeRKKyB5OQ=
-155,242,WeTejpnWBADQrYo/KXFbWkKpqLQ=,MeyjpaxKMxLyPL/2ekeRKKyB5OQ=
-156,242,WeTejpnWBADQrYo/KXFbWkKpqLQ=,MeyjpaxKMxLyPL/2ekeRKKyB5OQ=
-157,242,WeTejpnWBADQrYo/KXFbWkKpqLQ=,MeyjpaxKMxLyPL/2ekeRKKyB5OQ=
-158,242,WeTejpnWBADQrYo/KXFbWkKpqLQ=,MeyjpaxKMxLyPL/2ekeRKKyB5OQ=
-159,242,WeTejpnWBADQrYo/KXFbWkKpqLQ=,MeyjpaxKMxLyPL/2ekeRKKyB5OQ=
-160,242,WeTejpnWBADQrYo/KXFbWkKpqLQ=,MeyjpaxKMxLyPL/2ekeRKKyB5OQ=
-154,246,WeTejpnWBADQrYo/KXFbWkKpqLQ=,MeyjpaxKMxLyPL/2ekeRKKyB5OQ=
-152,244,WeTejpnWBADQrYo/KXFbWkKpqLQ=,MeyjpaxKMxLyPL/2ekeRKKyB5OQ=
-147,241,WeTejpnWBADQrYo/KXFbWkKpqLQ=,MeyjpaxKMxLyPL/2ekeRKKyB5OQ=
-149,241,WeTejpnWBADQrYo/KXFbWkKpqLQ=,MeyjpaxKMxLyPL/2ekeRKKyB5OQ=
-155,241,WeTejpnWBADQrYo/KXFbWkKpqLQ=,MeyjpaxKMxLyPL/2ekeRKKyB5OQ=
-159,240,WeTejpnWBADQrYo/KXFbWkKpqLQ=,MeyjpaxKMxLyPL/2ekeRKKyB5OQ=
-154,245,WeTejpnWBADQrYo/KXFbWkKpqLQ=,MeyjpaxKMxLyPL/2ekeRKKyB5OQ=
-150,241,WeTejpnWBADQrYo/KXFbWkKpqLQ=,MeyjpaxKMxLyPL/2ekeRKKyB5OQ=
-148,241,WeTejpnWBADQrYo/KXFbWkKpqLQ=,MeyjpaxKMxLyPL/2ekeRKKyB5OQ=
-145,241,WeTejpnWBADQrYo/KXFbWkKpqLQ=,MeyjpaxKMxLyPL/2ekeRKKyB5OQ=
-153,241,WeTejpnWBADQrYo/KXFbWkKpqLQ=,MeyjpaxKMxLyPL/2ekeRKKyB5OQ=
-157,240,WeTejpnWBADQrYo/KXFbWkKpqLQ=,MeyjpaxKMxLyPL/2ekeRKKyB5OQ=
-152,241,WeTejpnWBADQrYo/KXFbWkKpqLQ=,MeyjpaxKMxLyPL/2ekeRKKyB5OQ=
-151,241,WeTejpnWBADQrYo/KXFbWkKpqLQ=,MeyjpaxKMxLyPL/2ekeRKKyB5OQ=
-156,243,WeTejpnWBADQrYo/KXFbWkKpqLQ=,MeyjpaxKMxLyPL/2ekeRKKyB5OQ=
-147,242,WeTejpnWBADQrYo/KXFbWkKpqLQ=,MeyjpaxKMxLyPL/2ekeRKKyB5OQ=
-154,241,WeTejpnWBADQrYo/KXFbWkKpqLQ=,MeyjpaxKMxLyPL/2ekeRKKyB5OQ=
-152,243,WeTejpnWBADQrYo/KXFbWkKpqLQ=,MeyjpaxKMxLyPL/2ekeRKKyB5OQ=
-151,243,WeTejpnWBADQrYo/KXFbWkKpqLQ=,MeyjpaxKMxLyPL/2ekeRKKyB5OQ=
-158,240,WeTejpnWBADQrYo/KXFbWkKpqLQ=,MeyjpaxKMxLyPL/2ekeRKKyB5OQ=
-146,241,WeTejpnWBADQrYo/KXFbWkKpqLQ=,MeyjpaxKMxLyPL/2ekeRKKyB5OQ=
-151,244,WeTejpnWBADQrYo/KXFbWkKpqLQ=,MeyjpaxKMxLyPL/2ekeRKKyB5OQ=
-129,255,WeTejpnWBADQrYo/KXFbWkKpqLQ=,MeyjpaxKMxLyPL/2ekeRKKyB5OQ=
-130,255,WeTejpnWBADQrYo/KXFbWkKpqLQ=,MeyjpaxKMxLyPL/2ekeRKKyB5OQ=
-129,240,FXIX/X42MGPCCg1CXuvHviZoFrY=,MeyjpaxKMxLyPL/2ekeRKKyB5OQ=
-132,240,WeTejpnWBADQrYo/KXFbWkKpqLQ=,MeyjpaxKMxLyPL/2ekeRKKyB5OQ=
-136,240,FXIX/X42MGPCCg1CXuvHviZoFrY=,MeyjpaxKMxLyPL/2ekeRKKyB5OQ=
-131,240,WeTejpnWBADQrYo/KXFbWkKpqLQ=,MeyjpaxKMxLyPL/2ekeRKKyB5OQ=
-130,240,WeTejpnWBADQrYo/KXFbWkKpqLQ=,MeyjpaxKMxLyPL/2ekeRKKyB5OQ=
-131,255,FXIX/X42MGPCCg1CXuvHviZoFrY=,MeyjpaxKMxLyPL/2ekeRKKyB5OQ=
-134,240,FXIX/X42MGPCCg1CXuvHviZoFrY=,MeyjpaxKMxLyPL/2ekeRKKyB5OQ=
-132,255,FXIX/X42MGPCCg1CXuvHviZoFrY=,MeyjpaxKMxLyPL/2ekeRKKyB5OQ=
-138,240,FXIX/X42MGPCCg1CXuvHviZoFrY=,MeyjpaxKMxLyPL/2ekeRKKyB5OQ=
-133,255,FXIX/X42MGPCCg1CXuvHviZoFrY=,MeyjpaxKMxLyPL/2ekeRKKyB5OQ=
-135,255,FXIX/X42MGPCCg1CXuvHviZoFrY=,MeyjpaxKMxLyPL/2ekeRKKyB5OQ=
-134,255,FXIX/X42MGPCCg1CXuvHviZoFrY=,MeyjpaxKMxLyPL/2ekeRKKyB5OQ=
-137,255,FXIX/X42MGPCCg1CXuvHviZoFrY=,MeyjpaxKMxLyPL/2ekeRKKyB5OQ=
-136,255,FXIX/X42MGPCCg1CXuvHviZoFrY=,MeyjpaxKMxLyPL/2ekeRKKyB5OQ=
-138,255,FXIX/X42MGPCCg1CXuvHviZoFrY=,MeyjpaxKMxLyPL/2ekeRKKyB5OQ=
-139,255,FXIX/X42MGPCCg1CXuvHviZoFrY=,MeyjpaxKMxLyPL/2ekeRKKyB5OQ=
-133,240,FXIX/X42MGPCCg1CXuvHviZoFrY=,MeyjpaxKMxLyPL/2ekeRKKyB5OQ=
-140,255,FXIX/X42MGPCCg1CXuvHviZoFrY=,MeyjpaxKMxLyPL/2ekeRKKyB5OQ=
-141,255,FXIX/X42MGPCCg1CXuvHviZoFrY=,MeyjpaxKMxLyPL/2ekeRKKyB5OQ=
-142,255,FXIX/X42MGPCCg1CXuvHviZoFrY=,MeyjpaxKMxLyPL/2ekeRKKyB5OQ=
-143,255,FXIX/X42MGPCCg1CXuvHviZoFrY=,MeyjpaxKMxLyPL/2ekeRKKyB5OQ=
-144,255,FXIX/X42MGPCCg1CXuvHviZoFrY=,MeyjpaxKMxLyPL/2ekeRKKyB5OQ=
-129,254,FXIX/X42MGPCCg1CXuvHviZoFrY=,MeyjpaxKMxLyPL/2ekeRKKyB5OQ=
-130,254,FXIX/X42MGPCCg1CXuvHviZoFrY=,MeyjpaxKMxLyPL/2ekeRKKyB5OQ=
-131,254,FXIX/X42MGPCCg1CXuvHviZoFrY=,MeyjpaxKMxLyPL/2ekeRKKyB5OQ=
-132,254,FXIX/X42MGPCCg1CXuvHviZoFrY=,MeyjpaxKMxLyPL/2ekeRKKyB5OQ=
-133,254,FXIX/X42MGPCCg1CXuvHviZoFrY=,MeyjpaxKMxLyPL/2ekeRKKyB5OQ=
-134,254,FXIX/X42MGPCCg1CXuvHviZoFrY=,MeyjpaxKMxLyPL/2ekeRKKyB5OQ=
-135,254,FXIX/X42MGPCCg1CXuvHviZoFrY=,MeyjpaxKMxLyPL/2ekeRKKyB5OQ=
-136,254,FXIX/X42MGPCCg1CXuvHviZoFrY=,MeyjpaxKMxLyPL/2ekeRKKyB5OQ=
-137,254,FXIX/X42MGPCCg1CXuvHviZoFrY=,MeyjpaxKMxLyPL/2ekeRKKyB5OQ=
-138,254,FXIX/X42MGPCCg1CXuvHviZoFrY=,MeyjpaxKMxLyPL/2ekeRKKyB5OQ=
-139,254,FXIX/X42MGPCCg1CXuvHviZoFrY=,MeyjpaxKMxLyPL/2ekeRKKyB5OQ=
-140,254,FXIX/X42MGPCCg1CXuvHviZoFrY=,MeyjpaxKMxLyPL/2ekeRKKyB5OQ=
-142,254,FXIX/X42MGPCCg1CXuvHviZoFrY=,MeyjpaxKMxLyPL/2ekeRKKyB5OQ=
-141,254,FXIX/X42MGPCCg1CXuvHviZoFrY=,MeyjpaxKMxLyPL/2ekeRKKyB5OQ=
-143,254,FXIX/X42MGPCCg1CXuvHviZoFrY=,MeyjpaxKMxLyPL/2ekeRKKyB5OQ=
-129,253,FXIX/X42MGPCCg1CXuvHviZoFrY=,MeyjpaxKMxLyPL/2ekeRKKyB5OQ=
-130,253,FXIX/X42MGPCCg1CXuvHviZoFrY=,MeyjpaxKMxLyPL/2ekeRKKyB5OQ=
-144,254,FXIX/X42MGPCCg1CXuvHviZoFrY=,MeyjpaxKMxLyPL/2ekeRKKyB5OQ=
-131,253,FXIX/X42MGPCCg1CXuvHviZoFrY=,MeyjpaxKMxLyPL/2ekeRKKyB5OQ=
-133,253,FXIX/X42MGPCCg1CXuvHviZoFrY=,MeyjpaxKMxLyPL/2ekeRKKyB5OQ=
-135,253,FXIX/X42MGPCCg1CXuvHviZoFrY=,MeyjpaxKMxLyPL/2ekeRKKyB5OQ=
-134,253,FXIX/X42MGPCCg1CXuvHviZoFrY=,MeyjpaxKMxLyPL/2ekeRKKyB5OQ=
-136,253,FXIX/X42MGPCCg1CXuvHviZoFrY=,MeyjpaxKMxLyPL/2ekeRKKyB5OQ=
-138,253,FXIX/X42MGPCCg1CXuvHviZoFrY=,MeyjpaxKMxLyPL/2ekeRKKyB5OQ=
-132,253,FXIX/X42MGPCCg1CXuvHviZoFrY=,MeyjpaxKMxLyPL/2ekeRKKyB5OQ=
-139,253,FXIX/X42MGPCCg1CXuvHviZoFrY=,MeyjpaxKMxLyPL/2ekeRKKyB5OQ=
-140,253,FXIX/X42MGPCCg1CXuvHviZoFrY=,MeyjpaxKMxLyPL/2ekeRKKyB5OQ=
-139,240,FXIX/X42MGPCCg1CXuvHviZoFrY=,MeyjpaxKMxLyPL/2ekeRKKyB5OQ=
-137,253,FXIX/X42MGPCCg1CXuvHviZoFrY=,MeyjpaxKMxLyPL/2ekeRKKyB5OQ=
-141,253,FXIX/X42MGPCCg1CXuvHviZoFrY=,MeyjpaxKMxLyPL/2ekeRKKyB5OQ=
-142,253,FXIX/X42MGPCCg1CXuvHviZoFrY=,MeyjpaxKMxLyPL/2ekeRKKyB5OQ=
-144,253,FXIX/X42MGPCCg1CXuvHviZoFrY=,MeyjpaxKMxLyPL/2ekeRKKyB5OQ=
-143,253,FXIX/X42MGPCCg1CXuvHviZoFrY=,MeyjpaxKMxLyPL/2ekeRKKyB5OQ=
-132,252,FXIX/X42MGPCCg1CXuvHviZoFrY=,MeyjpaxKMxLyPL/2ekeRKKyB5OQ=
-144,241,FXIX/X42MGPCCg1CXuvHviZoFrY=,MeyjpaxKMxLyPL/2ekeRKKyB5OQ=
-134,252,FXIX/X42MGPCCg1CXuvHviZoFrY=,MeyjpaxKMxLyPL/2ekeRKKyB5OQ=
-135,252,FXIX/X42MGPCCg1CXuvHviZoFrY=,MeyjpaxKMxLyPL/2ekeRKKyB5OQ=
-133,252,FXIX/X42MGPCCg1CXuvHviZoFrY=,MeyjpaxKMxLyPL/2ekeRKKyB5OQ=
-136,252,FXIX/X42MGPCCg1CXuvHviZoFrY=,MeyjpaxKMxLyPL/2ekeRKKyB5OQ=
-138,252,FXIX/X42MGPCCg1CXuvHviZoFrY=,MeyjpaxKMxLyPL/2ekeRKKyB5OQ=
-139,252,FXIX/X42MGPCCg1CXuvHviZoFrY=,MeyjpaxKMxLyPL/2ekeRKKyB5OQ=
-137,252,FXIX/X42MGPCCg1CXuvHviZoFrY=,MeyjpaxKMxLyPL/2ekeRKKyB5OQ=
-141,252,FXIX/X42MGPCCg1CXuvHviZoFrY=,MeyjpaxKMxLyPL/2ekeRKKyB5OQ=
-140,252,FXIX/X42MGPCCg1CXuvHviZoFrY=,MeyjpaxKMxLyPL/2ekeRKKyB5OQ=
-142,252,FXIX/X42MGPCCg1CXuvHviZoFrY=,MeyjpaxKMxLyPL/2ekeRKKyB5OQ=
-144,252,FXIX/X42MGPCCg1CXuvHviZoFrY=,MeyjpaxKMxLyPL/2ekeRKKyB5OQ=
-137,240,FXIX/X42MGPCCg1CXuvHviZoFrY=,MeyjpaxKMxLyPL/2ekeRKKyB5OQ=
-143,252,FXIX/X42MGPCCg1CXuvHviZoFrY=,MeyjpaxKMxLyPL/2ekeRKKyB5OQ=
-130,252,FXIX/X42MGPCCg1CXuvHviZoFrY=,MeyjpaxKMxLyPL/2ekeRKKyB5OQ=
-129,251,FXIX/X42MGPCCg1CXuvHviZoFrY=,MeyjpaxKMxLyPL/2ekeRKKyB5OQ=
-133,251,FXIX/X42MGPCCg1CXuvHviZoFrY=,MeyjpaxKMxLyPL/2ekeRKKyB5OQ=
-130,251,FXIX/X42MGPCCg1CXuvHviZoFrY=,MeyjpaxKMxLyPL/2ekeRKKyB5OQ=
-134,251,FXIX/X42MGPCCg1CXuvHviZoFrY=,MeyjpaxKMxLyPL/2ekeRKKyB5OQ=
-136,251,FXIX/X42MGPCCg1CXuvHviZoFrY=,MeyjpaxKMxLyPL/2ekeRKKyB5OQ=
-137,251,FXIX/X42MGPCCg1CXuvHviZoFrY=,MeyjpaxKMxLyPL/2ekeRKKyB5OQ=
-139,251,FXIX/X42MGPCCg1CXuvHviZoFrY=,MeyjpaxKMxLyPL/2ekeRKKyB5OQ=
-138,251,FXIX/X42MGPCCg1CXuvHviZoFrY=,MeyjpaxKMxLyPL/2ekeRKKyB5OQ=
-141,251,FXIX/X42MGPCCg1CXuvHviZoFrY=,MeyjpaxKMxLyPL/2ekeRKKyB5OQ=
-135,251,FXIX/X42MGPCCg1CXuvHviZoFrY=,MeyjpaxKMxLyPL/2ekeRKKyB5OQ=
-140,251,FXIX/X42MGPCCg1CXuvHviZoFrY=,MeyjpaxKMxLyPL/2ekeRKKyB5OQ=
-144,251,FXIX/X42MGPCCg1CXuvHviZoFrY=,MeyjpaxKMxLyPL/2ekeRKKyB5OQ=
-142,251,FXIX/X42MGPCCg1CXuvHviZoFrY=,MeyjpaxKMxLyPL/2ekeRKKyB5OQ=
-143,251,FXIX/X42MGPCCg1CXuvHviZoFrY=,MeyjpaxKMxLyPL/2ekeRKKyB5OQ=
-140,240,FXIX/X42MGPCCg1CXuvHviZoFrY=,MeyjpaxKMxLyPL/2ekeRKKyB5OQ=
-130,250,FXIX/X42MGPCCg1CXuvHviZoFrY=,MeyjpaxKMxLyPL/2ekeRKKyB5OQ=
-131,250,FXIX/X42MGPCCg1CXuvHviZoFrY=,MeyjpaxKMxLyPL/2ekeRKKyB5OQ=
-129,250,FXIX/X42MGPCCg1CXuvHviZoFrY=,MeyjpaxKMxLyPL/2ekeRKKyB5OQ=
-129,252,FXIX/X42MGPCCg1CXuvHviZoFrY=,MeyjpaxKMxLyPL/2ekeRKKyB5OQ=
-134,250,FXIX/X42MGPCCg1CXuvHviZoFrY=,MeyjpaxKMxLyPL/2ekeRKKyB5OQ=
-135,250,FXIX/X42MGPCCg1CXuvHviZoFrY=,MeyjpaxKMxLyPL/2ekeRKKyB5OQ=
-137,250,FXIX/X42MGPCCg1CXuvHviZoFrY=,MeyjpaxKMxLyPL/2ekeRKKyB5OQ=
-136,250,FXIX/X42MGPCCg1CXuvHviZoFrY=,MeyjpaxKMxLyPL/2ekeRKKyB5OQ=
-138,250,FXIX/X42MGPCCg1CXuvHviZoFrY=,MeyjpaxKMxLyPL/2ekeRKKyB5OQ=
-139,250,FXIX/X42MGPCCg1CXuvHviZoFrY=,MeyjpaxKMxLyPL/2ekeRKKyB5OQ=
-140,250,FXIX/X42MGPCCg1CXuvHviZoFrY=,MeyjpaxKMxLyPL/2ekeRKKyB5OQ=
-141,250,FXIX/X42MGPCCg1CXuvHviZoFrY=,MeyjpaxKMxLyPL/2ekeRKKyB5OQ=
-142,250,FXIX/X42MGPCCg1CXuvHviZoFrY=,MeyjpaxKMxLyPL/2ekeRKKyB5OQ=
-143,250,FXIX/X42MGPCCg1CXuvHviZoFrY=,MeyjpaxKMxLyPL/2ekeRKKyB5OQ=
-129,249,FXIX/X42MGPCCg1CXuvHviZoFrY=,MeyjpaxKMxLyPL/2ekeRKKyB5OQ=
-130,249,FXIX/X42MGPCCg1CXuvHviZoFrY=,MeyjpaxKMxLyPL/2ekeRKKyB5OQ=
-141,240,FXIX/X42MGPCCg1CXuvHviZoFrY=,MeyjpaxKMxLyPL/2ekeRKKyB5OQ=
-144,250,FXIX/X42MGPCCg1CXuvHviZoFrY=,MeyjpaxKMxLyPL/2ekeRKKyB5OQ=
-131,251,FXIX/X42MGPCCg1CXuvHviZoFrY=,MeyjpaxKMxLyPL/2ekeRKKyB5OQ=
-131,252,FXIX/X42MGPCCg1CXuvHviZoFrY=,MeyjpaxKMxLyPL/2ekeRKKyB5OQ=
-135,249,FXIX/X42MGPCCg1CXuvHviZoFrY=,MeyjpaxKMxLyPL/2ekeRKKyB5OQ=
-144,240,FXIX/X42MGPCCg1CXuvHviZoFrY=,MeyjpaxKMxLyPL/2ekeRKKyB5OQ=
-137,249,FXIX/X42MGPCCg1CXuvHviZoFrY=,MeyjpaxKMxLyPL/2ekeRKKyB5OQ=
-138,249,FXIX/X42MGPCCg1CXuvHviZoFrY=,MeyjpaxKMxLyPL/2ekeRKKyB5OQ=
-136,249,FXIX/X42MGPCCg1CXuvHviZoFrY=,MeyjpaxKMxLyPL/2ekeRKKyB5OQ=
-139,249,FXIX/X42MGPCCg1CXuvHviZoFrY=,MeyjpaxKMxLyPL/2ekeRKKyB5OQ=
-143,241,FXIX/X42MGPCCg1CXuvHviZoFrY=,MeyjpaxKMxLyPL/2ekeRKKyB5OQ=
-143,240,FXIX/X42MGPCCg1CXuvHviZoFrY=,MeyjpaxKMxLyPL/2ekeRKKyB5OQ=
-140,249,FXIX/X42MGPCCg1CXuvHviZoFrY=,MeyjpaxKMxLyPL/2ekeRKKyB5OQ=
-141,249,FXIX/X42MGPCCg1CXuvHviZoFrY=,MeyjpaxKMxLyPL/2ekeRKKyB5OQ=
-143,249,FXIX/X42MGPCCg1CXuvHviZoFrY=,MeyjpaxKMxLyPL/2ekeRKKyB5OQ=
-142,249,FXIX/X42MGPCCg1CXuvHviZoFrY=,MeyjpaxKMxLyPL/2ekeRKKyB5OQ=
-144,249,FXIX/X42MGPCCg1CXuvHviZoFrY=,MeyjpaxKMxLyPL/2ekeRKKyB5OQ=
-132,249,FXIX/X42MGPCCg1CXuvHviZoFrY=,MeyjpaxKMxLyPL/2ekeRKKyB5OQ=
-131,248,FXIX/X42MGPCCg1CXuvHviZoFrY=,MeyjpaxKMxLyPL/2ekeRKKyB5OQ=
-131,249,FXIX/X42MGPCCg1CXuvHviZoFrY=,MeyjpaxKMxLyPL/2ekeRKKyB5OQ=
-130,248,FXIX/X42MGPCCg1CXuvHviZoFrY=,MeyjpaxKMxLyPL/2ekeRKKyB5OQ=
-129,248,FXIX/X42MGPCCg1CXuvHviZoFrY=,MeyjpaxKMxLyPL/2ekeRKKyB5OQ=
-135,248,FXIX/X42MGPCCg1CXuvHviZoFrY=,MeyjpaxKMxLyPL/2ekeRKKyB5OQ=
-136,248,FXIX/X42MGPCCg1CXuvHviZoFrY=,MeyjpaxKMxLyPL/2ekeRKKyB5OQ=
-137,248,FXIX/X42MGPCCg1CXuvHviZoFrY=,MeyjpaxKMxLyPL/2ekeRKKyB5OQ=
-138,248,FXIX/X42MGPCCg1CXuvHviZoFrY=,MeyjpaxKMxLyPL/2ekeRKKyB5OQ=
-139,248,FXIX/X42MGPCCg1CXuvHviZoFrY=,MeyjpaxKMxLyPL/2ekeRKKyB5OQ=
-140,248,FXIX/X42MGPCCg1CXuvHviZoFrY=,MeyjpaxKMxLyPL/2ekeRKKyB5OQ=
-142,248,FXIX/X42MGPCCg1CXuvHviZoFrY=,MeyjpaxKMxLyPL/2ekeRKKyB5OQ=
-141,248,FXIX/X42MGPCCg1CXuvHviZoFrY=,MeyjpaxKMxLyPL/2ekeRKKyB5OQ=
-143,248,FXIX/X42MGPCCg1CXuvHviZoFrY=,MeyjpaxKMxLyPL/2ekeRKKyB5OQ=
-144,248,FXIX/X42MGPCCg1CXuvHviZoFrY=,MeyjpaxKMxLyPL/2ekeRKKyB5OQ=
-142,240,FXIX/X42MGPCCg1CXuvHviZoFrY=,MeyjpaxKMxLyPL/2ekeRKKyB5OQ=
-132,251,FXIX/X42MGPCCg1CXuvHviZoFrY=,MeyjpaxKMxLyPL/2ekeRKKyB5OQ=
-132,250,FXIX/X42MGPCCg1CXuvHviZoFrY=,MeyjpaxKMxLyPL/2ekeRKKyB5OQ=
-134,249,FXIX/X42MGPCCg1CXuvHviZoFrY=,MeyjpaxKMxLyPL/2ekeRKKyB5OQ=
-133,249,FXIX/X42MGPCCg1CXuvHviZoFrY=,MeyjpaxKMxLyPL/2ekeRKKyB5OQ=
-133,250,FXIX/X42MGPCCg1CXuvHviZoFrY=,MeyjpaxKMxLyPL/2ekeRKKyB5OQ=
-132,247,FXIX/X42MGPCCg1CXuvHviZoFrY=,MeyjpaxKMxLyPL/2ekeRKKyB5OQ=
-136,247,FXIX/X42MGPCCg1CXuvHviZoFrY=,MeyjpaxKMxLyPL/2ekeRKKyB5OQ=
-137,247,FXIX/X42MGPCCg1CXuvHviZoFrY=,MeyjpaxKMxLyPL/2ekeRKKyB5OQ=
-134,248,FXIX/X42MGPCCg1CXuvHviZoFrY=,MeyjpaxKMxLyPL/2ekeRKKyB5OQ=
-139,247,FXIX/X42MGPCCg1CXuvHviZoFrY=,MeyjpaxKMxLyPL/2ekeRKKyB5OQ=
-138,247,FXIX/X42MGPCCg1CXuvHviZoFrY=,MeyjpaxKMxLyPL/2ekeRKKyB5OQ=
-140,247,FXIX/X42MGPCCg1CXuvHviZoFrY=,MeyjpaxKMxLyPL/2ekeRKKyB5OQ=
-143,247,FXIX/X42MGPCCg1CXuvHviZoFrY=,MeyjpaxKMxLyPL/2ekeRKKyB5OQ=
-141,247,FXIX/X42MGPCCg1CXuvHviZoFrY=,MeyjpaxKMxLyPL/2ekeRKKyB5OQ=
-142,247,FXIX/X42MGPCCg1CXuvHviZoFrY=,MeyjpaxKMxLyPL/2ekeRKKyB5OQ=
-144,247,FXIX/X42MGPCCg1CXuvHviZoFrY=,MeyjpaxKMxLyPL/2ekeRKKyB5OQ=
-132,248,FXIX/X42MGPCCg1CXuvHviZoFrY=,MeyjpaxKMxLyPL/2ekeRKKyB5OQ=
-135,247,FXIX/X42MGPCCg1CXuvHviZoFrY=,MeyjpaxKMxLyPL/2ekeRKKyB5OQ=
-132,246,FXIX/X42MGPCCg1CXuvHviZoFrY=,MeyjpaxKMxLyPL/2ekeRKKyB5OQ=
-131,246,FXIX/X42MGPCCg1CXuvHviZoFrY=,MeyjpaxKMxLyPL/2ekeRKKyB5OQ=
-142,241,FXIX/X42MGPCCg1CXuvHviZoFrY=,MeyjpaxKMxLyPL/2ekeRKKyB5OQ=
-131,247,FXIX/X42MGPCCg1CXuvHviZoFrY=,MeyjpaxKMxLyPL/2ekeRKKyB5OQ=
-134,247,FXIX/X42MGPCCg1CXuvHviZoFrY=,MeyjpaxKMxLyPL/2ekeRKKyB5OQ=
-130,247,FXIX/X42MGPCCg1CXuvHviZoFrY=,MeyjpaxKMxLyPL/2ekeRKKyB5OQ=
-133,248,FXIX/X42MGPCCg1CXuvHviZoFrY=,MeyjpaxKMxLyPL/2ekeRKKyB5OQ=
-135,246,FXIX/X42MGPCCg1CXuvHviZoFrY=,MeyjpaxKMxLyPL/2ekeRKKyB5OQ=
-133,246,FXIX/X42MGPCCg1CXuvHviZoFrY=,MeyjpaxKMxLyPL/2ekeRKKyB5OQ=
-129,247,FXIX/X42MGPCCg1CXuvHviZoFrY=,MeyjpaxKMxLyPL/2ekeRKKyB5OQ=
-133,247,FXIX/X42MGPCCg1CXuvHviZoFrY=,MeyjpaxKMxLyPL/2ekeRKKyB5OQ=
-136,246,FXIX/X42MGPCCg1CXuvHviZoFrY=,MeyjpaxKMxLyPL/2ekeRKKyB5OQ=
-130,246,FXIX/X42MGPCCg1CXuvHviZoFrY=,MeyjpaxKMxLyPL/2ekeRKKyB5OQ=
-137,246,FXIX/X42MGPCCg1CXuvHviZoFrY=,MeyjpaxKMxLyPL/2ekeRKKyB5OQ=
-134,246,FXIX/X42MGPCCg1CXuvHviZoFrY=,MeyjpaxKMxLyPL/2ekeRKKyB5OQ=
-139,246,FXIX/X42MGPCCg1CXuvHviZoFrY=,MeyjpaxKMxLyPL/2ekeRKKyB5OQ=
-141,246,FXIX/X42MGPCCg1CXuvHviZoFrY=,MeyjpaxKMxLyPL/2ekeRKKyB5OQ=
-143,246,FXIX/X42MGPCCg1CXuvHviZoFrY=,MeyjpaxKMxLyPL/2ekeRKKyB5OQ=
-142,246,FXIX/X42MGPCCg1CXuvHviZoFrY=,MeyjpaxKMxLyPL/2ekeRKKyB5OQ=
-140,246,FXIX/X42MGPCCg1CXuvHviZoFrY=,MeyjpaxKMxLyPL/2ekeRKKyB5OQ=
-133,245,FXIX/X42MGPCCg1CXuvHviZoFrY=,MeyjpaxKMxLyPL/2ekeRKKyB5OQ=
-129,246,FXIX/X42MGPCCg1CXuvHviZoFrY=,MeyjpaxKMxLyPL/2ekeRKKyB5OQ=
-141,241,FXIX/X42MGPCCg1CXuvHviZoFrY=,MeyjpaxKMxLyPL/2ekeRKKyB5OQ=
-138,246,FXIX/X42MGPCCg1CXuvHviZoFrY=,MeyjpaxKMxLyPL/2ekeRKKyB5OQ=
-144,246,FXIX/X42MGPCCg1CXuvHviZoFrY=,MeyjpaxKMxLyPL/2ekeRKKyB5OQ=
-135,240,FXIX/X42MGPCCg1CXuvHviZoFrY=,MeyjpaxKMxLyPL/2ekeRKKyB5OQ=
-132,245,FXIX/X42MGPCCg1CXuvHviZoFrY=,MeyjpaxKMxLyPL/2ekeRKKyB5OQ=
-129,245,FXIX/X42MGPCCg1CXuvHviZoFrY=,MeyjpaxKMxLyPL/2ekeRKKyB5OQ=
-130,245,FXIX/X42MGPCCg1CXuvHviZoFrY=,MeyjpaxKMxLyPL/2ekeRKKyB5OQ=
-131,245,FXIX/X42MGPCCg1CXuvHviZoFrY=,MeyjpaxKMxLyPL/2ekeRKKyB5OQ=
-134,245,FXIX/X42MGPCCg1CXuvHviZoFrY=,MeyjpaxKMxLyPL/2ekeRKKyB5OQ=
-136,245,FXIX/X42MGPCCg1CXuvHviZoFrY=,MeyjpaxKMxLyPL/2ekeRKKyB5OQ=
-140,241,FXIX/X42MGPCCg1CXuvHviZoFrY=,MeyjpaxKMxLyPL/2ekeRKKyB5OQ=
-139,245,FXIX/X42MGPCCg1CXuvHviZoFrY=,MeyjpaxKMxLyPL/2ekeRKKyB5OQ=
-138,245,FXIX/X42MGPCCg1CXuvHviZoFrY=,MeyjpaxKMxLyPL/2ekeRKKyB5OQ=
-137,245,FXIX/X42MGPCCg1CXuvHviZoFrY=,MeyjpaxKMxLyPL/2ekeRKKyB5OQ=
-140,245,FXIX/X42MGPCCg1CXuvHviZoFrY=,MeyjpaxKMxLyPL/2ekeRKKyB5OQ=
-141,245,FXIX/X42MGPCCg1CXuvHviZoFrY=,MeyjpaxKMxLyPL/2ekeRKKyB5OQ=
-142,245,FXIX/X42MGPCCg1CXuvHviZoFrY=,MeyjpaxKMxLyPL/2ekeRKKyB5OQ=
-143,245,FXIX/X42MGPCCg1CXuvHviZoFrY=,MeyjpaxKMxLyPL/2ekeRKKyB5OQ=
-133,244,FXIX/X42MGPCCg1CXuvHviZoFrY=,MeyjpaxKMxLyPL/2ekeRKKyB5OQ=
-135,244,FXIX/X42MGPCCg1CXuvHviZoFrY=,MeyjpaxKMxLyPL/2ekeRKKyB5OQ=
-144,245,FXIX/X42MGPCCg1CXuvHviZoFrY=,MeyjpaxKMxLyPL/2ekeRKKyB5OQ=
-130,244,FXIX/X42MGPCCg1CXuvHviZoFrY=,MeyjpaxKMxLyPL/2ekeRKKyB5OQ=
-134,244,FXIX/X42MGPCCg1CXuvHviZoFrY=,MeyjpaxKMxLyPL/2ekeRKKyB5OQ=
-129,244,FXIX/X42MGPCCg1CXuvHviZoFrY=,MeyjpaxKMxLyPL/2ekeRKKyB5OQ=
-132,244,FXIX/X42MGPCCg1CXuvHviZoFrY=,MeyjpaxKMxLyPL/2ekeRKKyB5OQ=
-131,244,FXIX/X42MGPCCg1CXuvHviZoFrY=,MeyjpaxKMxLyPL/2ekeRKKyB5OQ=
-139,241,FXIX/X42MGPCCg1CXuvHviZoFrY=,MeyjpaxKMxLyPL/2ekeRKKyB5OQ=
-136,244,FXIX/X42MGPCCg1CXuvHviZoFrY=,MeyjpaxKMxLyPL/2ekeRKKyB5OQ=
-137,244,FXIX/X42MGPCCg1CXuvHviZoFrY=,MeyjpaxKMxLyPL/2ekeRKKyB5OQ=
-141,244,FXIX/X42MGPCCg1CXuvHviZoFrY=,MeyjpaxKMxLyPL/2ekeRKKyB5OQ=
-140,244,FXIX/X42MGPCCg1CXuvHviZoFrY=,MeyjpaxKMxLyPL/2ekeRKKyB5OQ=
-142,244,FXIX/X42MGPCCg1CXuvHviZoFrY=,MeyjpaxKMxLyPL/2ekeRKKyB5OQ=
-139,244,FXIX/X42MGPCCg1CXuvHviZoFrY=,MeyjpaxKMxLyPL/2ekeRKKyB5OQ=
-143,244,FXIX/X42MGPCCg1CXuvHviZoFrY=,MeyjpaxKMxLyPL/2ekeRKKyB5OQ=
-135,243,FXIX/X42MGPCCg1CXuvHviZoFrY=,MeyjpaxKMxLyPL/2ekeRKKyB5OQ=
-134,243,FXIX/X42MGPCCg1CXuvHviZoFrY=,MeyjpaxKMxLyPL/2ekeRKKyB5OQ=
-129,243,FXIX/X42MGPCCg1CXuvHviZoFrY=,MeyjpaxKMxLyPL/2ekeRKKyB5OQ=
-138,241,FXIX/X42MGPCCg1CXuvHviZoFrY=,MeyjpaxKMxLyPL/2ekeRKKyB5OQ=
-130,243,FXIX/X42MGPCCg1CXuvHviZoFrY=,MeyjpaxKMxLyPL/2ekeRKKyB5OQ=
-144,244,FXIX/X42MGPCCg1CXuvHviZoFrY=,MeyjpaxKMxLyPL/2ekeRKKyB5OQ=
-132,243,FXIX/X42MGPCCg1CXuvHviZoFrY=,MeyjpaxKMxLyPL/2ekeRKKyB5OQ=
-133,243,FXIX/X42MGPCCg1CXuvHviZoFrY=,MeyjpaxKMxLyPL/2ekeRKKyB5OQ=
-131,243,FXIX/X42MGPCCg1CXuvHviZoFrY=,MeyjpaxKMxLyPL/2ekeRKKyB5OQ=
-135,245,FXIX/X42MGPCCg1CXuvHviZoFrY=,MeyjpaxKMxLyPL/2ekeRKKyB5OQ=
-137,243,FXIX/X42MGPCCg1CXuvHviZoFrY=,MeyjpaxKMxLyPL/2ekeRKKyB5OQ=
-139,243,FXIX/X42MGPCCg1CXuvHviZoFrY=,MeyjpaxKMxLyPL/2ekeRKKyB5OQ=
-138,243,FXIX/X42MGPCCg1CXuvHviZoFrY=,MeyjpaxKMxLyPL/2ekeRKKyB5OQ=
-141,243,FXIX/X42MGPCCg1CXuvHviZoFrY=,MeyjpaxKMxLyPL/2ekeRKKyB5OQ=
-137,241,FXIX/X42MGPCCg1CXuvHviZoFrY=,MeyjpaxKMxLyPL/2ekeRKKyB5OQ=
-143,243,FXIX/X42MGPCCg1CXuvHviZoFrY=,MeyjpaxKMxLyPL/2ekeRKKyB5OQ=
-142,243,FXIX/X42MGPCCg1CXuvHviZoFrY=,MeyjpaxKMxLyPL/2ekeRKKyB5OQ=
-130,242,FXIX/X42MGPCCg1CXuvHviZoFrY=,MeyjpaxKMxLyPL/2ekeRKKyB5OQ=
-129,242,FXIX/X42MGPCCg1CXuvHviZoFrY=,MeyjpaxKMxLyPL/2ekeRKKyB5OQ=
-135,242,FXIX/X42MGPCCg1CXuvHviZoFrY=,MeyjpaxKMxLyPL/2ekeRKKyB5OQ=
-140,243,FXIX/X42MGPCCg1CXuvHviZoFrY=,MeyjpaxKMxLyPL/2ekeRKKyB5OQ=
-134,242,FXIX/X42MGPCCg1CXuvHviZoFrY=,MeyjpaxKMxLyPL/2ekeRKKyB5OQ=
-138,244,FXIX/X42MGPCCg1CXuvHviZoFrY=,MeyjpaxKMxLyPL/2ekeRKKyB5OQ=
-133,242,FXIX/X42MGPCCg1CXuvHviZoFrY=,MeyjpaxKMxLyPL/2ekeRKKyB5OQ=
-131,242,FXIX/X42MGPCCg1CXuvHviZoFrY=,MeyjpaxKMxLyPL/2ekeRKKyB5OQ=
-144,243,FXIX/X42MGPCCg1CXuvHviZoFrY=,MeyjpaxKMxLyPL/2ekeRKKyB5OQ=
-132,242,FXIX/X42MGPCCg1CXuvHviZoFrY=,MeyjpaxKMxLyPL/2ekeRKKyB5OQ=
-136,242,FXIX/X42MGPCCg1CXuvHviZoFrY=,MeyjpaxKMxLyPL/2ekeRKKyB5OQ=
-136,241,FXIX/X42MGPCCg1CXuvHviZoFrY=,MeyjpaxKMxLyPL/2ekeRKKyB5OQ=
-139,242,FXIX/X42MGPCCg1CXuvHviZoFrY=,MeyjpaxKMxLyPL/2ekeRKKyB5OQ=
-137,242,FXIX/X42MGPCCg1CXuvHviZoFrY=,MeyjpaxKMxLyPL/2ekeRKKyB5OQ=
-138,242,FXIX/X42MGPCCg1CXuvHviZoFrY=,MeyjpaxKMxLyPL/2ekeRKKyB5OQ=
-142,242,FXIX/X42MGPCCg1CXuvHviZoFrY=,MeyjpaxKMxLyPL/2ekeRKKyB5OQ=
-141,242,FXIX/X42MGPCCg1CXuvHviZoFrY=,MeyjpaxKMxLyPL/2ekeRKKyB5OQ=
-140,242,FXIX/X42MGPCCg1CXuvHviZoFrY=,MeyjpaxKMxLyPL/2ekeRKKyB5OQ=
-135,241,FXIX/X42MGPCCg1CXuvHviZoFrY=,MeyjpaxKMxLyPL/2ekeRKKyB5OQ=
-143,242,FXIX/X42MGPCCg1CXuvHviZoFrY=,MeyjpaxKMxLyPL/2ekeRKKyB5OQ=
-144,242,FXIX/X42MGPCCg1CXuvHviZoFrY=,MeyjpaxKMxLyPL/2ekeRKKyB5OQ=
-133,241,FXIX/X42MGPCCg1CXuvHviZoFrY=,MeyjpaxKMxLyPL/2ekeRKKyB5OQ=
-130,241,FXIX/X42MGPCCg1CXuvHviZoFrY=,MeyjpaxKMxLyPL/2ekeRKKyB5OQ=
-132,241,FXIX/X42MGPCCg1CXuvHviZoFrY=,MeyjpaxKMxLyPL/2ekeRKKyB5OQ=
-131,241,FXIX/X42MGPCCg1CXuvHviZoFrY=,MeyjpaxKMxLyPL/2ekeRKKyB5OQ=
-136,243,FXIX/X42MGPCCg1CXuvHviZoFrY=,MeyjpaxKMxLyPL/2ekeRKKyB5OQ=
-129,241,FXIX/X42MGPCCg1CXuvHviZoFrY=,MeyjpaxKMxLyPL/2ekeRKKyB5OQ=
-134,241,FXIX/X42MGPCCg1CXuvHviZoFrY=,MeyjpaxKMxLyPL/2ekeRKKyB5OQ=
