-274,-95,381iXTRAC+b15o3fOvfw4KlcE7U=,QJml649/eWjXI4eWhqDic4M7e14=
-273,-96,381iXTRAC+b15o3fOvfw4KlcE7U=,QJml649/eWjXI4eWhqDic4M7e14=
-273,-95,381iXTRAC+b15o3fOvfw4KlcE7U=,QJml649/eWjXI4eWhqDic4M7e14=
-273,-81,381iXTRAC+b15o3fOvfw4KlcE7U=,QJml649/eWjXI4eWhqDic4M7e14=
-278,-81,381iXTRAC+b15o3fOvfw4KlcE7U=,QJml649/eWjXI4eWhqDic4M7e14=
-280,-81,381iXTRAC+b15o3fOvfw4KlcE7U=,QJml649/eWjXI4eWhqDic4M7e14=
-281,-81,381iXTRAC+b15o3fOvfw4KlcE7U=,QJml649/eWjXI4eWhqDic4M7e14=
-279,-81,381iXTRAC+b15o3fOvfw4KlcE7U=,QJml649/eWjXI4eWhqDic4M7e14=
-274,-81,381iXTRAC+b15o3fOvfw4KlcE7U=,QJml649/eWjXI4eWhqDic4M7e14=
-277,-81,381iXTRAC+b15o3fOvfw4KlcE7U=,QJml649/eWjXI4eWhqDic4M7e14=
-275,-81,381iXTRAC+b15o3fOvfw4KlcE7U=,QJml649/eWjXI4eWhqDic4M7e14=
-288,-96,381iXTRAC+b15o3fOvfw4KlcE7U=,QJml649/eWjXI4eWhqDic4M7e14=
-282,-81,381iXTRAC+b15o3fOvfw4KlcE7U=,QJml649/eWjXI4eWhqDic4M7e14=
-288,-94,381iXTRAC+b15o3fOvfw4KlcE7U=,QJml649/eWjXI4eWhqDic4M7e14=
-274,-96,381iXTRAC+b15o3fOvfw4KlcE7U=,QJml649/eWjXI4eWhqDic4M7e14=
-276,-81,381iXTRAC+b15o3fOvfw4KlcE7U=,QJml649/eWjXI4eWhqDic4M7e14=
-278,-96,381iXTRAC+b15o3fOvfw4KlcE7U=,QJml649/eWjXI4eWhqDic4M7e14=
-275,-96,381iXTRAC+b15o3fOvfw4KlcE7U=,QJml649/eWjXI4eWhqDic4M7e14=
-279,-96,381iXTRAC+b15o3fOvfw4KlcE7U=,QJml649/eWjXI4eWhqDic4M7e14=
-276,-96,381iXTRAC+b15o3fOvfw4KlcE7U=,QJml649/eWjXI4eWhqDic4M7e14=
-283,-81,381iXTRAC+b15o3fOvfw4KlcE7U=,QJml649/eWjXI4eWhqDic4M7e14=
-280,-96,381iXTRAC+b15o3fOvfw4KlcE7U=,QJml649/eWjXI4eWhqDic4M7e14=
-281,-96,381iXTRAC+b15o3fOvfw4KlcE7U=,QJml649/eWjXI4eWhqDic4M7e14=
-282,-96,381iXTRAC+b15o3fOvfw4KlcE7U=,QJml649/eWjXI4eWhqDic4M7e14=
-283,-96,381iXTRAC+b15o3fOvfw4KlcE7U=,QJml649/eWjXI4eWhqDic4M7e14=
-284,-81,381iXTRAC+b15o3fOvfw4KlcE7U=,QJml649/eWjXI4eWhqDic4M7e14=
-288,-81,381iXTRAC+b15o3fOvfw4KlcE7U=,QJml649/eWjXI4eWhqDic4M7e14=
-277,-96,381iXTRAC+b15o3fOvfw4KlcE7U=,QJml649/eWjXI4eWhqDic4M7e14=
-284,-96,381iXTRAC+b15o3fOvfw4KlcE7U=,QJml649/eWjXI4eWhqDic4M7e14=
-273,-82,381iXTRAC+b15o3fOvfw4KlcE7U=,QJml649/eWjXI4eWhqDic4M7e14=
-285,-96,381iXTRAC+b15o3fOvfw4KlcE7U=,QJml649/eWjXI4eWhqDic4M7e14=
-275,-95,381iXTRAC+b15o3fOvfw4KlcE7U=,QJml649/eWjXI4eWhqDic4M7e14=
-285,-81,381iXTRAC+b15o3fOvfw4KlcE7U=,QJml649/eWjXI4eWhqDic4M7e14=
-274,-82,381iXTRAC+b15o3fOvfw4KlcE7U=,QJml649/eWjXI4eWhqDic4M7e14=
-287,-81,381iXTRAC+b15o3fOvfw4KlcE7U=,QJml649/eWjXI4eWhqDic4M7e14=
-287,-94,381iXTRAC+b15o3fOvfw4KlcE7U=,QJml649/eWjXI4eWhqDic4M7e14=
-286,-81,381iXTRAC+b15o3fOvfw4KlcE7U=,QJml649/eWjXI4eWhqDic4M7e14=
-286,-96,381iXTRAC+b15o3fOvfw4KlcE7U=,QJml649/eWjXI4eWhqDic4M7e14=
-276,-82,381iXTRAC+b15o3fOvfw4KlcE7U=,QJml649/eWjXI4eWhqDic4M7e14=
-279,-82,381iXTRAC+b15o3fOvfw4KlcE7U=,QJml649/eWjXI4eWhqDic4M7e14=
-280,-82,381iXTRAC+b15o3fOvfw4KlcE7U=,QJml649/eWjXI4eWhqDic4M7e14=
-278,-82,381iXTRAC+b15o3fOvfw4KlcE7U=,QJml649/eWjXI4eWhqDic4M7e14=
-287,-96,381iXTRAC+b15o3fOvfw4KlcE7U=,QJml649/eWjXI4eWhqDic4M7e14=
-284,-82,381iXTRAC+b15o3fOvfw4KlcE7U=,QJml649/eWjXI4eWhqDic4M7e14=
-283,-82,381iXTRAC+b15o3fOvfw4KlcE7U=,QJml649/eWjXI4eWhqDic4M7e14=
-277,-82,381iXTRAC+b15o3fOvfw4KlcE7U=,QJml649/eWjXI4eWhqDic4M7e14=
-281,-82,381iXTRAC+b15o3fOvfw4KlcE7U=,QJml649/eWjXI4eWhqDic4M7e14=
-275,-82,381iXTRAC+b15o3fOvfw4KlcE7U=,QJml649/eWjXI4eWhqDic4M7e14=
-274,-83,381iXTRAC+b15o3fOvfw4KlcE7U=,QJml649/eWjXI4eWhqDic4M7e14=
-286,-94,381iXTRAC+b15o3fOvfw4KlcE7U=,QJml649/eWjXI4eWhqDic4M7e14=
-282,-82,381iXTRAC+b15o3fOvfw4KlcE7U=,QJml649/eWjXI4eWhqDic4M7e14=
-276,-95,381iXTRAC+b15o3fOvfw4KlcE7U=,QJml649/eWjXI4eWhqDic4M7e14=
-277,-83,381iXTRAC+b15o3fOvfw4KlcE7U=,QJml649/eWjXI4eWhqDic4M7e14=
-273,-83,381iXTRAC+b15o3fOvfw4KlcE7U=,QJml649/eWjXI4eWhqDic4M7e14=
-275,-83,381iXTRAC+b15o3fOvfw4KlcE7U=,QJml649/eWjXI4eWhqDic4M7e14=
-287,-82,381iXTRAC+b15o3fOvfw4KlcE7U=,QJml649/eWjXI4eWhqDic4M7e14=
-286,-82,381iXTRAC+b15o3fOvfw4KlcE7U=,QJml649/eWjXI4eWhqDic4M7e14=
-276,-83,381iXTRAC+b15o3fOvfw4KlcE7U=,QJml649/eWjXI4eWhqDic4M7e14=
-282,-83,381iXTRAC+b15o3fOvfw4KlcE7U=,QJml649/eWjXI4eWhqDic4M7e14=
-278,-83,381iXTRAC+b15o3fOvfw4KlcE7U=,QJml649/eWjXI4eWhqDic4M7e14=
-281,-83,381iXTRAC+b15o3fOvfw4KlcE7U=,QJml649/eWjXI4eWhqDic4M7e14=
-284,-83,381iXTRAC+b15o3fOvfw4KlcE7U=,QJml649/eWjXI4eWhqDic4M7e14=
-285,-82,381iXTRAC+b15o3fOvfw4KlcE7U=,QJml649/eWjXI4eWhqDic4M7e14=
-280,-83,381iXTRAC+b15o3fOvfw4KlcE7U=,QJml649/eWjXI4eWhqDic4M7e14=
-277,-95,381iXTRAC+b15o3fOvfw4KlcE7U=,QJml649/eWjXI4eWhqDic4M7e14=
-274,-84,381iXTRAC+b15o3fOvfw4KlcE7U=,QJml649/eWjXI4eWhqDic4M7e14=
-288,-82,381iXTRAC+b15o3fOvfw4KlcE7U=,QJml649/eWjXI4eWhqDic4M7e14=
-283,-83,381iXTRAC+b15o3fOvfw4KlcE7U=,QJml649/eWjXI4eWhqDic4M7e14=
-279,-83,381iXTRAC+b15o3fOvfw4KlcE7U=,QJml649/eWjXI4eWhqDic4M7e14=
-275,-84,381iXTRAC+b15o3fOvfw4KlcE7U=,QJml649/eWjXI4eWhqDic4M7e14=
-273,-84,381iXTRAC+b15o3fOvfw4KlcE7U=,QJml649/eWjXI4eWhqDic4M7e14=
-285,-94,381iXTRAC+b15o3fOvfw4KlcE7U=,QJml649/eWjXI4eWhqDic4M7e14=
-286,-83,381iXTRAC+b15o3fOvfw4KlcE7U=,QJml649/eWjXI4eWhqDic4M7e14=
-278,-84,381iXTRAC+b15o3fOvfw4KlcE7U=,QJml649/eWjXI4eWhqDic4M7e14=
-287,-83,381iXTRAC+b15o3fOvfw4KlcE7U=,QJml649/eWjXI4eWhqDic4M7e14=
-277,-84,381iXTRAC+b15o3fOvfw4KlcE7U=,QJml649/eWjXI4eWhqDic4M7e14=
-282,-84,381iXTRAC+b15o3fOvfw4KlcE7U=,QJml649/eWjXI4eWhqDic4M7e14=
-288,-83,381iXTRAC+b15o3fOvfw4KlcE7U=,QJml649/eWjXI4eWhqDic4M7e14=
-286,-84,381iXTRAC+b15o3fOvfw4KlcE7U=,QJml649/eWjXI4eWhqDic4M7e14=
-278,-95,381iXTRAC+b15o3fOvfw4KlcE7U=,QJml649/eWjXI4eWhqDic4M7e14=
-285,-83,381iXTRAC+b15o3fOvfw4KlcE7U=,QJml649/eWjXI4eWhqDic4M7e14=
-280,-84,381iXTRAC+b15o3fOvfw4KlcE7U=,QJml649/eWjXI4eWhqDic4M7e14=
-283,-84,381iXTRAC+b15o3fOvfw4KlcE7U=,QJml649/eWjXI4eWhqDic4M7e14=
-281,-84,381iXTRAC+b15o3fOvfw4KlcE7U=,QJml649/eWjXI4eWhqDic4M7e14=
-284,-94,381iXTRAC+b15o3fOvfw4KlcE7U=,QJml649/eWjXI4eWhqDic4M7e14=
-276,-84,381iXTRAC+b15o3fOvfw4KlcE7U=,QJml649/eWjXI4eWhqDic4M7e14=
-274,-85,381iXTRAC+b15o3fOvfw4KlcE7U=,QJml649/eWjXI4eWhqDic4M7e14=
-283,-94,381iXTRAC+b15o3fOvfw4KlcE7U=,QJml649/eWjXI4eWhqDic4M7e14=
-279,-84,381iXTRAC+b15o3fOvfw4KlcE7U=,QJml649/eWjXI4eWhqDic4M7e14=
-282,-94,381iXTRAC+b15o3fOvfw4KlcE7U=,QJml649/eWjXI4eWhqDic4M7e14=
-284,-84,381iXTRAC+b15o3fOvfw4KlcE7U=,QJml649/eWjXI4eWhqDic4M7e14=
-281,-94,381iXTRAC+b15o3fOvfw4KlcE7U=,QJml649/eWjXI4eWhqDic4M7e14=
-279,-94,381iXTRAC+b15o3fOvfw4KlcE7U=,QJml649/eWjXI4eWhqDic4M7e14=
-280,-94,381iXTRAC+b15o3fOvfw4KlcE7U=,QJml649/eWjXI4eWhqDic4M7e14=
-278,-94,381iXTRAC+b15o3fOvfw4KlcE7U=,QJml649/eWjXI4eWhqDic4M7e14=
-277,-94,381iXTRAC+b15o3fOvfw4KlcE7U=,QJml649/eWjXI4eWhqDic4M7e14=
-275,-85,381iXTRAC+b15o3fOvfw4KlcE7U=,QJml649/eWjXI4eWhqDic4M7e14=
-276,-94,381iXTRAC+b15o3fOvfw4KlcE7U=,QJml649/eWjXI4eWhqDic4M7e14=
-285,-84,381iXTRAC+b15o3fOvfw4KlcE7U=,QJml649/eWjXI4eWhqDic4M7e14=
-287,-84,381iXTRAC+b15o3fOvfw4KlcE7U=,QJml649/eWjXI4eWhqDic4M7e14=
-275,-94,381iXTRAC+b15o3fOvfw4KlcE7U=,QJml649/eWjXI4eWhqDic4M7e14=
-278,-85,381iXTRAC+b15o3fOvfw4KlcE7U=,QJml649/eWjXI4eWhqDic4M7e14=
-282,-85,381iXTRAC+b15o3fOvfw4KlcE7U=,QJml649/eWjXI4eWhqDic4M7e14=
-276,-85,381iXTRAC+b15o3fOvfw4KlcE7U=,QJml649/eWjXI4eWhqDic4M7e14=
-286,-85,381iXTRAC+b15o3fOvfw4KlcE7U=,QJml649/eWjXI4eWhqDic4M7e14=
-283,-85,381iXTRAC+b15o3fOvfw4KlcE7U=,QJml649/eWjXI4eWhqDic4M7e14=
-277,-85,381iXTRAC+b15o3fOvfw4KlcE7U=,QJml649/eWjXI4eWhqDic4M7e14=
-279,-95,381iXTRAC+b15o3fOvfw4KlcE7U=,QJml649/eWjXI4eWhqDic4M7e14=
-273,-85,381iXTRAC+b15o3fOvfw4KlcE7U=,QJml649/eWjXI4eWhqDic4M7e14=
-288,-84,381iXTRAC+b15o3fOvfw4KlcE7U=,QJml649/eWjXI4eWhqDic4M7e14=
-279,-85,381iXTRAC+b15o3fOvfw4KlcE7U=,QJml649/eWjXI4eWhqDic4M7e14=
-287,-85,381iXTRAC+b15o3fOvfw4KlcE7U=,QJml649/eWjXI4eWhqDic4M7e14=
-284,-85,381iXTRAC+b15o3fOvfw4KlcE7U=,QJml649/eWjXI4eWhqDic4M7e14=
-285,-85,381iXTRAC+b15o3fOvfw4KlcE7U=,QJml649/eWjXI4eWhqDic4M7e14=
-280,-85,381iXTRAC+b15o3fOvfw4KlcE7U=,QJml649/eWjXI4eWhqDic4M7e14=
-288,-85,381iXTRAC+b15o3fOvfw4KlcE7U=,QJml649/eWjXI4eWhqDic4M7e14=
-275,-86,381iXTRAC+b15o3fOvfw4KlcE7U=,QJml649/eWjXI4eWhqDic4M7e14=
-274,-86,381iXTRAC+b15o3fOvfw4KlcE7U=,QJml649/eWjXI4eWhqDic4M7e14=
-280,-95,381iXTRAC+b15o3fOvfw4KlcE7U=,QJml649/eWjXI4eWhqDic4M7e14=
-281,-85,381iXTRAC+b15o3fOvfw4KlcE7U=,QJml649/eWjXI4eWhqDic4M7e14=
-278,-86,381iXTRAC+b15o3fOvfw4KlcE7U=,QJml649/eWjXI4eWhqDic4M7e14=
-286,-86,381iXTRAC+b15o3fOvfw4KlcE7U=,QJml649/eWjXI4eWhqDic4M7e14=
-281,-86,381iXTRAC+b15o3fOvfw4KlcE7U=,QJml649/eWjXI4eWhqDic4M7e14=
-285,-86,381iXTRAC+b15o3fOvfw4KlcE7U=,QJml649/eWjXI4eWhqDic4M7e14=
-277,-86,381iXTRAC+b15o3fOvfw4KlcE7U=,QJml649/eWjXI4eWhqDic4M7e14=
-279,-86,381iXTRAC+b15o3fOvfw4KlcE7U=,QJml649/eWjXI4eWhqDic4M7e14=
-273,-86,381iXTRAC+b15o3fOvfw4KlcE7U=,QJml649/eWjXI4eWhqDic4M7e14=
-287,-86,381iXTRAC+b15o3fOvfw4KlcE7U=,QJml649/eWjXI4eWhqDic4M7e14=
-282,-86,381iXTRAC+b15o3fOvfw4KlcE7U=,QJml649/eWjXI4eWhqDic4M7e14=
-278,-87,381iXTRAC+b15o3fOvfw4KlcE7U=,QJml649/eWjXI4eWhqDic4M7e14=
-280,-86,381iXTRAC+b15o3fOvfw4KlcE7U=,QJml649/eWjXI4eWhqDic4M7e14=
-288,-86,381iXTRAC+b15o3fOvfw4KlcE7U=,QJml649/eWjXI4eWhqDic4M7e14=
-276,-86,381iXTRAC+b15o3fOvfw4KlcE7U=,QJml649/eWjXI4eWhqDic4M7e14=
-281,-95,381iXTRAC+b15o3fOvfw4KlcE7U=,QJml649/eWjXI4eWhqDic4M7e14=
-284,-86,381iXTRAC+b15o3fOvfw4KlcE7U=,QJml649/eWjXI4eWhqDic4M7e14=
-279,-87,381iXTRAC+b15o3fOvfw4KlcE7U=,QJml649/eWjXI4eWhqDic4M7e14=
-288,-95,381iXTRAC+b15o3fOvfw4KlcE7U=,QJml649/eWjXI4eWhqDic4M7e14=
-273,-94,381iXTRAC+b15o3fOvfw4KlcE7U=,QJml649/eWjXI4eWhqDic4M7e14=
-274,-94,381iXTRAC+b15o3fOvfw4KlcE7U=,QJml649/eWjXI4eWhqDic4M7e14=
-283,-86,381iXTRAC+b15o3fOvfw4KlcE7U=,QJml649/eWjXI4eWhqDic4M7e14=
-284,-87,381iXTRAC+b15o3fOvfw4KlcE7U=,QJml649/eWjXI4eWhqDic4M7e14=
-280,-87,381iXTRAC+b15o3fOvfw4KlcE7U=,QJml649/eWjXI4eWhqDic4M7e14=
-285,-87,381iXTRAC+b15o3fOvfw4KlcE7U=,QJml649/eWjXI4eWhqDic4M7e14=
-273,-87,381iXTRAC+b15o3fOvfw4KlcE7U=,QJml649/eWjXI4eWhqDic4M7e14=
-274,-87,381iXTRAC+b15o3fOvfw4KlcE7U=,QJml649/eWjXI4eWhqDic4M7e14=
-275,-87,381iXTRAC+b15o3fOvfw4KlcE7U=,QJml649/eWjXI4eWhqDic4M7e14=
-286,-87,381iXTRAC+b15o3fOvfw4KlcE7U=,QJml649/eWjXI4eWhqDic4M7e14=
-276,-87,381iXTRAC+b15o3fOvfw4KlcE7U=,QJml649/eWjXI4eWhqDic4M7e14=
-277,-87,381iXTRAC+b15o3fOvfw4KlcE7U=,QJml649/eWjXI4eWhqDic4M7e14=
-283,-87,381iXTRAC+b15o3fOvfw4KlcE7U=,QJml649/eWjXI4eWhqDic4M7e14=
-281,-87,381iXTRAC+b15o3fOvfw4KlcE7U=,QJml649/eWjXI4eWhqDic4M7e14=
-279,-88,381iXTRAC+b15o3fOvfw4KlcE7U=,QJml649/eWjXI4eWhqDic4M7e14=
-288,-93,381iXTRAC+b15o3fOvfw4KlcE7U=,QJml649/eWjXI4eWhqDic4M7e14=
-278,-88,381iXTRAC+b15o3fOvfw4KlcE7U=,QJml649/eWjXI4eWhqDic4M7e14=
-282,-95,381iXTRAC+b15o3fOvfw4KlcE7U=,QJml649/eWjXI4eWhqDic4M7e14=
-287,-93,381iXTRAC+b15o3fOvfw4KlcE7U=,QJml649/eWjXI4eWhqDic4M7e14=
-281,-88,381iXTRAC+b15o3fOvfw4KlcE7U=,QJml649/eWjXI4eWhqDic4M7e14=
-275,-88,381iXTRAC+b15o3fOvfw4KlcE7U=,QJml649/eWjXI4eWhqDic4M7e14=
-283,-88,381iXTRAC+b15o3fOvfw4KlcE7U=,QJml649/eWjXI4eWhqDic4M7e14=
-282,-88,381iXTRAC+b15o3fOvfw4KlcE7U=,QJml649/eWjXI4eWhqDic4M7e14=
-277,-88,381iXTRAC+b15o3fOvfw4KlcE7U=,QJml649/eWjXI4eWhqDic4M7e14=
-284,-88,381iXTRAC+b15o3fOvfw4KlcE7U=,QJml649/eWjXI4eWhqDic4M7e14=
-285,-88,381iXTRAC+b15o3fOvfw4KlcE7U=,QJml649/eWjXI4eWhqDic4M7e14=
-286,-88,381iXTRAC+b15o3fOvfw4KlcE7U=,QJml649/eWjXI4eWhqDic4M7e14=
-287,-87,381iXTRAC+b15o3fOvfw4KlcE7U=,QJml649/eWjXI4eWhqDic4M7e14=
-280,-88,381iXTRAC+b15o3fOvfw4KlcE7U=,QJml649/eWjXI4eWhqDic4M7e14=
-282,-87,381iXTRAC+b15o3fOvfw4KlcE7U=,QJml649/eWjXI4eWhqDic4M7e14=
-274,-89,381iXTRAC+b15o3fOvfw4KlcE7U=,QJml649/eWjXI4eWhqDic4M7e14=
-287,-88,381iXTRAC+b15o3fOvfw4KlcE7U=,QJml649/eWjXI4eWhqDic4M7e14=
-276,-88,381iXTRAC+b15o3fOvfw4KlcE7U=,QJml649/eWjXI4eWhqDic4M7e14=
-275,-89,381iXTRAC+b15o3fOvfw4KlcE7U=,QJml649/eWjXI4eWhqDic4M7e14=
-286,-93,381iXTRAC+b15o3fOvfw4KlcE7U=,QJml649/eWjXI4eWhqDic4M7e14=
-283,-95,381iXTRAC+b15o3fOvfw4KlcE7U=,QJml649/eWjXI4eWhqDic4M7e14=
-278,-89,381iXTRAC+b15o3fOvfw4KlcE7U=,QJml649/eWjXI4eWhqDic4M7e14=
-274,-88,381iXTRAC+b15o3fOvfw4KlcE7U=,QJml649/eWjXI4eWhqDic4M7e14=
-281,-89,381iXTRAC+b15o3fOvfw4KlcE7U=,QJml649/eWjXI4eWhqDic4M7e14=
-282,-89,381iXTRAC+b15o3fOvfw4KlcE7U=,QJml649/eWjXI4eWhqDic4M7e14=
-283,-89,381iXTRAC+b15o3fOvfw4KlcE7U=,QJml649/eWjXI4eWhqDic4M7e14=
-288,-87,381iXTRAC+b15o3fOvfw4KlcE7U=,QJml649/eWjXI4eWhqDic4M7e14=
-277,-89,381iXTRAC+b15o3fOvfw4KlcE7U=,QJml649/eWjXI4eWhqDic4M7e14=
-287,-89,381iXTRAC+b15o3fOvfw4KlcE7U=,QJml649/eWjXI4eWhqDic4M7e14=
-276,-89,381iXTRAC+b15o3fOvfw4KlcE7U=,QJml649/eWjXI4eWhqDic4M7e14=
-273,-89,381iXTRAC+b15o3fOvfw4KlcE7U=,QJml649/eWjXI4eWhqDic4M7e14=
-274,-90,381iXTRAC+b15o3fOvfw4KlcE7U=,QJml649/eWjXI4eWhqDic4M7e14=
-275,-90,381iXTRAC+b15o3fOvfw4KlcE7U=,QJml649/eWjXI4eWhqDic4M7e14=
-286,-89,381iXTRAC+b15o3fOvfw4KlcE7U=,QJml649/eWjXI4eWhqDic4M7e14=
-284,-89,381iXTRAC+b15o3fOvfw4KlcE7U=,QJml649/eWjXI4eWhqDic4M7e14=
-273,-88,381iXTRAC+b15o3fOvfw4KlcE7U=,QJml649/eWjXI4eWhqDic4M7e14=
-278,-90,381iXTRAC+b15o3fOvfw4KlcE7U=,QJml649/eWjXI4eWhqDic4M7e14=
-288,-88,381iXTRAC+b15o3fOvfw4KlcE7U=,QJml649/eWjXI4eWhqDic4M7e14=
-285,-89,381iXTRAC+b15o3fOvfw4KlcE7U=,QJml649/eWjXI4eWhqDic4M7e14=
-279,-89,381iXTRAC+b15o3fOvfw4KlcE7U=,QJml649/eWjXI4eWhqDic4M7e14=
-284,-95,381iXTRAC+b15o3fOvfw4KlcE7U=,QJml649/eWjXI4eWhqDic4M7e14=
-280,-89,381iXTRAC+b15o3fOvfw4KlcE7U=,QJml649/eWjXI4eWhqDic4M7e14=
-288,-89,381iXTRAC+b15o3fOvfw4KlcE7U=,QJml649/eWjXI4eWhqDic4M7e14=
-273,-90,381iXTRAC+b15o3fOvfw4KlcE7U=,QJml649/eWjXI4eWhqDic4M7e14=
-277,-90,381iXTRAC+b15o3fOvfw4KlcE7U=,QJml649/eWjXI4eWhqDic4M7e14=
-287,-90,381iXTRAC+b15o3fOvfw4KlcE7U=,QJml649/eWjXI4eWhqDic4M7e14=
-276,-90,381iXTRAC+b15o3fOvfw4KlcE7U=,QJml649/eWjXI4eWhqDic4M7e14=
-283,-90,381iXTRAC+b15o3fOvfw4KlcE7U=,QJml649/eWjXI4eWhqDic4M7e14=
-279,-90,381iXTRAC+b15o3fOvfw4KlcE7U=,QJml649/eWjXI4eWhqDic4M7e14=
-282,-90,381iXTRAC+b15o3fOvfw4KlcE7U=,QJml649/eWjXI4eWhqDic4M7e14=
-285,-93,381iXTRAC+b15o3fOvfw4KlcE7U=,QJml649/eWjXI4eWhqDic4M7e14=
-274,-91,381iXTRAC+b15o3fOvfw4KlcE7U=,QJml649/eWjXI4eWhqDic4M7e14=
-286,-90,381iXTRAC+b15o3fOvfw4KlcE7U=,QJml649/eWjXI4eWhqDic4M7e14=
-275,-91,381iXTRAC+b15o3fOvfw4KlcE7U=,QJml649/eWjXI4eWhqDic4M7e14=
-280,-90,381iXTRAC+b15o3fOvfw4KlcE7U=,QJml649/eWjXI4eWhqDic4M7e14=
-285,-90,381iXTRAC+b15o3fOvfw4KlcE7U=,QJml649/eWjXI4eWhqDic4M7e14=
-276,-91,381iXTRAC+b15o3fOvfw4KlcE7U=,QJml649/eWjXI4eWhqDic4M7e14=
-285,-95,381iXTRAC+b15o3fOvfw4KlcE7U=,QJml649/eWjXI4eWhqDic4M7e14=
-283,-93,381iXTRAC+b15o3fOvfw4KlcE7U=,QJml649/eWjXI4eWhqDic4M7e14=
-279,-91,381iXTRAC+b15o3fOvfw4KlcE7U=,QJml649/eWjXI4eWhqDic4M7e14=
-284,-93,381iXTRAC+b15o3fOvfw4KlcE7U=,QJml649/eWjXI4eWhqDic4M7e14=
-277,-91,381iXTRAC+b15o3fOvfw4KlcE7U=,QJml649/eWjXI4eWhqDic4M7e14=
-281,-90,381iXTRAC+b15o3fOvfw4KlcE7U=,QJml649/eWjXI4eWhqDic4M7e14=
-280,-91,381iXTRAC+b15o3fOvfw4KlcE7U=,QJml649/eWjXI4eWhqDic4M7e14=
-273,-91,381iXTRAC+b15o3fOvfw4KlcE7U=,QJml649/eWjXI4eWhqDic4M7e14=
-278,-91,381iXTRAC+b15o3fOvfw4KlcE7U=,QJml649/eWjXI4eWhqDic4M7e14=
-282,-93,381iXTRAC+b15o3fOvfw4KlcE7U=,QJml649/eWjXI4eWhqDic4M7e14=
-287,-91,381iXTRAC+b15o3fOvfw4KlcE7U=,QJml649/eWjXI4eWhqDic4M7e14=
-281,-91,381iXTRAC+b15o3fOvfw4KlcE7U=,QJml649/eWjXI4eWhqDic4M7e14=
-284,-90,381iXTRAC+b15o3fOvfw4KlcE7U=,QJml649/eWjXI4eWhqDic4M7e14=
-281,-93,381iXTRAC+b15o3fOvfw4KlcE7U=,QJml649/eWjXI4eWhqDic4M7e14=
-274,-92,381iXTRAC+b15o3fOvfw4KlcE7U=,QJml649/eWjXI4eWhqDic4M7e14=
-286,-91,381iXTRAC+b15o3fOvfw4KlcE7U=,QJml649/eWjXI4eWhqDic4M7e14=
-288,-90,381iXTRAC+b15o3fOvfw4KlcE7U=,QJml649/eWjXI4eWhqDic4M7e14=
-279,-93,381iXTRAC+b15o3fOvfw4KlcE7U=,QJml649/eWjXI4eWhqDic4M7e14=
-282,-91,381iXTRAC+b15o3fOvfw4KlcE7U=,QJml649/eWjXI4eWhqDic4M7e14=
-283,-91,381iXTRAC+b15o3fOvfw4KlcE7U=,QJml649/eWjXI4eWhqDic4M7e14=
-279,-92,381iXTRAC+b15o3fOvfw4KlcE7U=,QJml649/eWjXI4eWhqDic4M7e14=
-277,-92,381iXTRAC+b15o3fOvfw4KlcE7U=,QJml649/eWjXI4eWhqDic4M7e14=
-280,-93,381iXTRAC+b15o3fOvfw4KlcE7U=,QJml649/eWjXI4eWhqDic4M7e14=
-284,-91,381iXTRAC+b15o3fOvfw4KlcE7U=,QJml649/eWjXI4eWhqDic4M7e14=
-278,-93,381iXTRAC+b15o3fOvfw4KlcE7U=,QJml649/eWjXI4eWhqDic4M7e14=
-275,-92,381iXTRAC+b15o3fOvfw4KlcE7U=,QJml649/eWjXI4eWhqDic4M7e14=
-278,-92,381iXTRAC+b15o3fOvfw4KlcE7U=,QJml649/eWjXI4eWhqDic4M7e14=
-276,-92,381iXTRAC+b15o3fOvfw4KlcE7U=,QJml649/eWjXI4eWhqDic4M7e14=
-285,-91,381iXTRAC+b15o3fOvfw4KlcE7U=,QJml649/eWjXI4eWhqDic4M7e14=
-280,-92,381iXTRAC+b15o3fOvfw4KlcE7U=,QJml649/eWjXI4eWhqDic4M7e14=
-277,-93,381iXTRAC+b15o3fOvfw4KlcE7U=,QJml649/eWjXI4eWhqDic4M7e14=
-276,-93,381iXTRAC+b15o3fOvfw4KlcE7U=,QJml649/eWjXI4eWhqDic4M7e14=
-287,-92,381iXTRAC+b15o3fOvfw4KlcE7U=,QJml649/eWjXI4eWhqDic4M7e14=
-286,-95,381iXTRAC+b15o3fOvfw4KlcE7U=,QJml649/eWjXI4eWhqDic4M7e14=
-288,-91,381iXTRAC+b15o3fOvfw4KlcE7U=,QJml649/eWjXI4eWhqDic4M7e14=
-282,-92,381iXTRAC+b15o3fOvfw4KlcE7U=,QJml649/eWjXI4eWhqDic4M7e14=
-273,-92,381iXTRAC+b15o3fOvfw4KlcE7U=,QJml649/eWjXI4eWhqDic4M7e14=
-281,-92,381iXTRAC+b15o3fOvfw4KlcE7U=,QJml649/eWjXI4eWhqDic4M7e14=
-275,-93,381iXTRAC+b15o3fOvfw4KlcE7U=,QJml649/eWjXI4eWhqDic4M7e14=
-283,-92,381iXTRAC+b15o3fOvfw4KlcE7U=,QJml649/eWjXI4eWhqDic4M7e14=
-286,-92,381iXTRAC+b15o3fOvfw4KlcE7U=,QJml649/eWjXI4eWhqDic4M7e14=
-285,-92,381iXTRAC+b15o3fOvfw4KlcE7U=,QJml649/eWjXI4eWhqDic4M7e14=
-274,-93,381iXTRAC+b15o3fOvfw4KlcE7U=,QJml649/eWjXI4eWhqDic4M7e14=
-287,-95,381iXTRAC+b15o3fOvfw4KlcE7U=,QJml649/eWjXI4eWhqDic4M7e14=
-273,-93,381iXTRAC+b15o3fOvfw4KlcE7U=,QJml649/eWjXI4eWhqDic4M7e14=
-284,-92,381iXTRAC+b15o3fOvfw4KlcE7U=,QJml649/eWjXI4eWhqDic4M7e14=
-288,-92,381iXTRAC+b15o3fOvfw4KlcE7U=,QJml649/eWjXI4eWhqDic4M7e14=
-272,-95,uULRDHR4z7kEr7ZGLs0heIAfLss=,QJml649/eWjXI4eWhqDic4M7e14=
-257,-96,uULRDHR4z7kEr7ZGLs0heIAfLss=,QJml649/eWjXI4eWhqDic4M7e14=
-259,-81,uULRDHR4z7kEr7ZGLs0heIAfLss=,QJml649/eWjXI4eWhqDic4M7e14=
-263,-81,uULRDHR4z7kEr7ZGLs0heIAfLss=,QJml649/eWjXI4eWhqDic4M7e14=
-257,-81,uULRDHR4z7kEr7ZGLs0heIAfLss=,QJml649/eWjXI4eWhqDic4M7e14=
-260,-81,uULRDHR4z7kEr7ZGLs0heIAfLss=,QJml649/eWjXI4eWhqDic4M7e14=
-262,-81,uULRDHR4z7kEr7ZGLs0heIAfLss=,QJml649/eWjXI4eWhqDic4M7e14=
-264,-81,uULRDHR4z7kEr7ZGLs0heIAfLss=,QJml649/eWjXI4eWhqDic4M7e14=
-261,-81,uULRDHR4z7kEr7ZGLs0heIAfLss=,QJml649/eWjXI4eWhqDic4M7e14=
-265,-81,uULRDHR4z7kEr7ZGLs0heIAfLss=,QJml649/eWjXI4eWhqDic4M7e14=
-258,-81,uULRDHR4z7kEr7ZGLs0heIAfLss=,QJml649/eWjXI4eWhqDic4M7e14=
-272,-81,uULRDHR4z7kEr7ZGLs0heIAfLss=,QJml649/eWjXI4eWhqDic4M7e14=
-258,-82,uULRDHR4z7kEr7ZGLs0heIAfLss=,QJml649/eWjXI4eWhqDic4M7e14=
-271,-81,uULRDHR4z7kEr7ZGLs0heIAfLss=,QJml649/eWjXI4eWhqDic4M7e14=
-266,-81,uULRDHR4z7kEr7ZGLs0heIAfLss=,QJml649/eWjXI4eWhqDic4M7e14=
-257,-82,uULRDHR4z7kEr7ZGLs0heIAfLss=,QJml649/eWjXI4eWhqDic4M7e14=
-261,-82,uULRDHR4z7kEr7ZGLs0heIAfLss=,QJml649/eWjXI4eWhqDic4M7e14=
-259,-82,uULRDHR4z7kEr7ZGLs0heIAfLss=,QJml649/eWjXI4eWhqDic4M7e14=
-262,-82,uULRDHR4z7kEr7ZGLs0heIAfLss=,QJml649/eWjXI4eWhqDic4M7e14=
-270,-81,uULRDHR4z7kEr7ZGLs0heIAfLss=,QJml649/eWjXI4eWhqDic4M7e14=
-263,-82,uULRDHR4z7kEr7ZGLs0heIAfLss=,QJml649/eWjXI4eWhqDic4M7e14=
-260,-82,uULRDHR4z7kEr7ZGLs0heIAfLss=,QJml649/eWjXI4eWhqDic4M7e14=
-269,-81,uULRDHR4z7kEr7ZGLs0heIAfLss=,QJml649/eWjXI4eWhqDic4M7e14=
-267,-81,uULRDHR4z7kEr7ZGLs0heIAfLss=,QJml649/eWjXI4eWhqDic4M7e14=
-268,-81,uULRDHR4z7kEr7ZGLs0heIAfLss=,QJml649/eWjXI4eWhqDic4M7e14=
-272,-82,uULRDHR4z7kEr7ZGLs0heIAfLss=,QJml649/eWjXI4eWhqDic4M7e14=
-265,-82,uULRDHR4z7kEr7ZGLs0heIAfLss=,QJml649/eWjXI4eWhqDic4M7e14=
-259,-83,uULRDHR4z7kEr7ZGLs0heIAfLss=,QJml649/eWjXI4eWhqDic4M7e14=
-260,-83,uULRDHR4z7kEr7ZGLs0heIAfLss=,QJml649/eWjXI4eWhqDic4M7e14=
-261,-83,uULRDHR4z7kEr7ZGLs0heIAfLss=,QJml649/eWjXI4eWhqDic4M7e14=
-258,-96,uULRDHR4z7kEr7ZGLs0heIAfLss=,QJml649/eWjXI4eWhqDic4M7e14=
-271,-82,uULRDHR4z7kEr7ZGLs0heIAfLss=,QJml649/eWjXI4eWhqDic4M7e14=
-258,-83,uULRDHR4z7kEr7ZGLs0heIAfLss=,QJml649/eWjXI4eWhqDic4M7e14=
-268,-82,uULRDHR4z7kEr7ZGLs0heIAfLss=,QJml649/eWjXI4eWhqDic4M7e14=
-263,-83,uULRDHR4z7kEr7ZGLs0heIAfLss=,QJml649/eWjXI4eWhqDic4M7e14=
-267,-82,uULRDHR4z7kEr7ZGLs0heIAfLss=,QJml649/eWjXI4eWhqDic4M7e14=
-266,-82,uULRDHR4z7kEr7ZGLs0heIAfLss=,QJml649/eWjXI4eWhqDic4M7e14=
-257,-83,uULRDHR4z7kEr7ZGLs0heIAfLss=,QJml649/eWjXI4eWhqDic4M7e14=
-272,-83,uULRDHR4z7kEr7ZGLs0heIAfLss=,QJml649/eWjXI4eWhqDic4M7e14=
-262,-83,uULRDHR4z7kEr7ZGLs0heIAfLss=,QJml649/eWjXI4eWhqDic4M7e14=
-270,-82,uULRDHR4z7kEr7ZGLs0heIAfLss=,QJml649/eWjXI4eWhqDic4M7e14=
-265,-83,uULRDHR4z7kEr7ZGLs0heIAfLss=,QJml649/eWjXI4eWhqDic4M7e14=
-268,-83,uULRDHR4z7kEr7ZGLs0heIAfLss=,QJml649/eWjXI4eWhqDic4M7e14=
-264,-83,uULRDHR4z7kEr7ZGLs0heIAfLss=,QJml649/eWjXI4eWhqDic4M7e14=
-266,-83,uULRDHR4z7kEr7ZGLs0heIAfLss=,QJml649/eWjXI4eWhqDic4M7e14=
-270,-83,uULRDHR4z7kEr7ZGLs0heIAfLss=,QJml649/eWjXI4eWhqDic4M7e14=
-271,-83,uULRDHR4z7kEr7ZGLs0heIAfLss=,QJml649/eWjXI4eWhqDic4M7e14=
-269,-83,uULRDHR4z7kEr7ZGLs0heIAfLss=,QJml649/eWjXI4eWhqDic4M7e14=
-258,-84,uULRDHR4z7kEr7ZGLs0heIAfLss=,QJml649/eWjXI4eWhqDic4M7e14=
-267,-83,uULRDHR4z7kEr7ZGLs0heIAfLss=,QJml649/eWjXI4eWhqDic4M7e14=
-261,-84,uULRDHR4z7kEr7ZGLs0heIAfLss=,QJml649/eWjXI4eWhqDic4M7e14=
-264,-84,uULRDHR4z7kEr7ZGLs0heIAfLss=,QJml649/eWjXI4eWhqDic4M7e14=
-259,-96,uULRDHR4z7kEr7ZGLs0heIAfLss=,QJml649/eWjXI4eWhqDic4M7e14=
-265,-84,uULRDHR4z7kEr7ZGLs0heIAfLss=,QJml649/eWjXI4eWhqDic4M7e14=
-259,-84,uULRDHR4z7kEr7ZGLs0heIAfLss=,QJml649/eWjXI4eWhqDic4M7e14=
-263,-84,uULRDHR4z7kEr7ZGLs0heIAfLss=,QJml649/eWjXI4eWhqDic4M7e14=
-266,-84,uULRDHR4z7kEr7ZGLs0heIAfLss=,QJml649/eWjXI4eWhqDic4M7e14=
-269,-84,uULRDHR4z7kEr7ZGLs0heIAfLss=,QJml649/eWjXI4eWhqDic4M7e14=
-262,-84,uULRDHR4z7kEr7ZGLs0heIAfLss=,QJml649/eWjXI4eWhqDic4M7e14=
-257,-84,uULRDHR4z7kEr7ZGLs0heIAfLss=,QJml649/eWjXI4eWhqDic4M7e14=
-267,-84,uULRDHR4z7kEr7ZGLs0heIAfLss=,QJml649/eWjXI4eWhqDic4M7e14=
-260,-84,uULRDHR4z7kEr7ZGLs0heIAfLss=,QJml649/eWjXI4eWhqDic4M7e14=
-268,-84,uULRDHR4z7kEr7ZGLs0heIAfLss=,QJml649/eWjXI4eWhqDic4M7e14=
-270,-84,uULRDHR4z7kEr7ZGLs0heIAfLss=,QJml649/eWjXI4eWhqDic4M7e14=
-271,-84,uULRDHR4z7kEr7ZGLs0heIAfLss=,QJml649/eWjXI4eWhqDic4M7e14=
-259,-85,uULRDHR4z7kEr7ZGLs0heIAfLss=,QJml649/eWjXI4eWhqDic4M7e14=
-258,-85,uULRDHR4z7kEr7ZGLs0heIAfLss=,QJml649/eWjXI4eWhqDic4M7e14=
-260,-85,uULRDHR4z7kEr7ZGLs0heIAfLss=,QJml649/eWjXI4eWhqDic4M7e14=
-264,-85,uULRDHR4z7kEr7ZGLs0heIAfLss=,QJml649/eWjXI4eWhqDic4M7e14=
-267,-85,uULRDHR4z7kEr7ZGLs0heIAfLss=,QJml649/eWjXI4eWhqDic4M7e14=
-262,-85,uULRDHR4z7kEr7ZGLs0heIAfLss=,QJml649/eWjXI4eWhqDic4M7e14=
-257,-85,uULRDHR4z7kEr7ZGLs0heIAfLss=,QJml649/eWjXI4eWhqDic4M7e14=
-261,-96,uULRDHR4z7kEr7ZGLs0heIAfLss=,QJml649/eWjXI4eWhqDic4M7e14=
-261,-85,uULRDHR4z7kEr7ZGLs0heIAfLss=,QJml649/eWjXI4eWhqDic4M7e14=
-269,-85,uULRDHR4z7kEr7ZGLs0heIAfLss=,QJml649/eWjXI4eWhqDic4M7e14=
-260,-86,uULRDHR4z7kEr7ZGLs0heIAfLss=,QJml649/eWjXI4eWhqDic4M7e14=
-272,-84,uULRDHR4z7kEr7ZGLs0heIAfLss=,QJml649/eWjXI4eWhqDic4M7e14=
-268,-85,uULRDHR4z7kEr7ZGLs0heIAfLss=,QJml649/eWjXI4eWhqDic4M7e14=
-261,-86,uULRDHR4z7kEr7ZGLs0heIAfLss=,QJml649/eWjXI4eWhqDic4M7e14=
-263,-86,uULRDHR4z7kEr7ZGLs0heIAfLss=,QJml649/eWjXI4eWhqDic4M7e14=
-259,-86,uULRDHR4z7kEr7ZGLs0heIAfLss=,QJml649/eWjXI4eWhqDic4M7e14=
-266,-86,uULRDHR4z7kEr7ZGLs0heIAfLss=,QJml649/eWjXI4eWhqDic4M7e14=
-265,-86,uULRDHR4z7kEr7ZGLs0heIAfLss=,QJml649/eWjXI4eWhqDic4M7e14=
-270,-85,uULRDHR4z7kEr7ZGLs0heIAfLss=,QJml649/eWjXI4eWhqDic4M7e14=
-258,-86,uULRDHR4z7kEr7ZGLs0heIAfLss=,QJml649/eWjXI4eWhqDic4M7e14=
-262,-86,uULRDHR4z7kEr7ZGLs0heIAfLss=,QJml649/eWjXI4eWhqDic4M7e14=
-267,-86,uULRDHR4z7kEr7ZGLs0heIAfLss=,QJml649/eWjXI4eWhqDic4M7e14=
-257,-86,uULRDHR4z7kEr7ZGLs0heIAfLss=,QJml649/eWjXI4eWhqDic4M7e14=
-271,-85,uULRDHR4z7kEr7ZGLs0heIAfLss=,QJml649/eWjXI4eWhqDic4M7e14=
-269,-86,uULRDHR4z7kEr7ZGLs0heIAfLss=,QJml649/eWjXI4eWhqDic4M7e14=
-262,-96,uULRDHR4z7kEr7ZGLs0heIAfLss=,QJml649/eWjXI4eWhqDic4M7e14=
-260,-87,uULRDHR4z7kEr7ZGLs0heIAfLss=,QJml649/eWjXI4eWhqDic4M7e14=
-272,-85,uULRDHR4z7kEr7ZGLs0heIAfLss=,QJml649/eWjXI4eWhqDic4M7e14=
-261,-87,uULRDHR4z7kEr7ZGLs0heIAfLss=,QJml649/eWjXI4eWhqDic4M7e14=
-263,-87,uULRDHR4z7kEr7ZGLs0heIAfLss=,QJml649/eWjXI4eWhqDic4M7e14=
-264,-86,uULRDHR4z7kEr7ZGLs0heIAfLss=,QJml649/eWjXI4eWhqDic4M7e14=
-262,-87,uULRDHR4z7kEr7ZGLs0heIAfLss=,QJml649/eWjXI4eWhqDic4M7e14=
-259,-87,uULRDHR4z7kEr7ZGLs0heIAfLss=,QJml649/eWjXI4eWhqDic4M7e14=
-268,-86,uULRDHR4z7kEr7ZGLs0heIAfLss=,QJml649/eWjXI4eWhqDic4M7e14=
-270,-86,uULRDHR4z7kEr7ZGLs0heIAfLss=,QJml649/eWjXI4eWhqDic4M7e14=
-257,-87,uULRDHR4z7kEr7ZGLs0heIAfLss=,QJml649/eWjXI4eWhqDic4M7e14=
-265,-87,uULRDHR4z7kEr7ZGLs0heIAfLss=,QJml649/eWjXI4eWhqDic4M7e14=
-271,-87,uULRDHR4z7kEr7ZGLs0heIAfLss=,QJml649/eWjXI4eWhqDic4M7e14=
-264,-87,uULRDHR4z7kEr7ZGLs0heIAfLss=,QJml649/eWjXI4eWhqDic4M7e14=
-266,-87,uULRDHR4z7kEr7ZGLs0heIAfLss=,QJml649/eWjXI4eWhqDic4M7e14=
-270,-87,uULRDHR4z7kEr7ZGLs0heIAfLss=,QJml649/eWjXI4eWhqDic4M7e14=
-263,-96,uULRDHR4z7kEr7ZGLs0heIAfLss=,QJml649/eWjXI4eWhqDic4M7e14=
-258,-87,uULRDHR4z7kEr7ZGLs0heIAfLss=,QJml649/eWjXI4eWhqDic4M7e14=
-261,-88,uULRDHR4z7kEr7ZGLs0heIAfLss=,QJml649/eWjXI4eWhqDic4M7e14=
-271,-86,uULRDHR4z7kEr7ZGLs0heIAfLss=,QJml649/eWjXI4eWhqDic4M7e14=
-272,-86,uULRDHR4z7kEr7ZGLs0heIAfLss=,QJml649/eWjXI4eWhqDic4M7e14=
-267,-87,uULRDHR4z7kEr7ZGLs0heIAfLss=,QJml649/eWjXI4eWhqDic4M7e14=
-262,-88,uULRDHR4z7kEr7ZGLs0heIAfLss=,QJml649/eWjXI4eWhqDic4M7e14=
-269,-87,uULRDHR4z7kEr7ZGLs0heIAfLss=,QJml649/eWjXI4eWhqDic4M7e14=
-257,-88,uULRDHR4z7kEr7ZGLs0heIAfLss=,QJml649/eWjXI4eWhqDic4M7e14=
-264,-88,uULRDHR4z7kEr7ZGLs0heIAfLss=,QJml649/eWjXI4eWhqDic4M7e14=
-272,-87,uULRDHR4z7kEr7ZGLs0heIAfLss=,QJml649/eWjXI4eWhqDic4M7e14=
-263,-88,uULRDHR4z7kEr7ZGLs0heIAfLss=,QJml649/eWjXI4eWhqDic4M7e14=
-260,-88,uULRDHR4z7kEr7ZGLs0heIAfLss=,QJml649/eWjXI4eWhqDic4M7e14=
-265,-88,uULRDHR4z7kEr7ZGLs0heIAfLss=,QJml649/eWjXI4eWhqDic4M7e14=
-270,-88,uULRDHR4z7kEr7ZGLs0heIAfLss=,QJml649/eWjXI4eWhqDic4M7e14=
-264,-96,uULRDHR4z7kEr7ZGLs0heIAfLss=,QJml649/eWjXI4eWhqDic4M7e14=
-271,-88,uULRDHR4z7kEr7ZGLs0heIAfLss=,QJml649/eWjXI4eWhqDic4M7e14=
-258,-88,uULRDHR4z7kEr7ZGLs0heIAfLss=,QJml649/eWjXI4eWhqDic4M7e14=
-259,-88,uULRDHR4z7kEr7ZGLs0heIAfLss=,QJml649/eWjXI4eWhqDic4M7e14=
-262,-89,uULRDHR4z7kEr7ZGLs0heIAfLss=,QJml649/eWjXI4eWhqDic4M7e14=
-261,-89,uULRDHR4z7kEr7ZGLs0heIAfLss=,QJml649/eWjXI4eWhqDic4M7e14=
-268,-88,uULRDHR4z7kEr7ZGLs0heIAfLss=,QJml649/eWjXI4eWhqDic4M7e14=
-266,-88,uULRDHR4z7kEr7ZGLs0heIAfLss=,QJml649/eWjXI4eWhqDic4M7e14=
-259,-89,uULRDHR4z7kEr7ZGLs0heIAfLss=,QJml649/eWjXI4eWhqDic4M7e14=
-267,-88,uULRDHR4z7kEr7ZGLs0heIAfLss=,QJml649/eWjXI4eWhqDic4M7e14=
-269,-88,uULRDHR4z7kEr7ZGLs0heIAfLss=,QJml649/eWjXI4eWhqDic4M7e14=
-263,-89,uULRDHR4z7kEr7ZGLs0heIAfLss=,QJml649/eWjXI4eWhqDic4M7e14=
-264,-89,uULRDHR4z7kEr7ZGLs0heIAfLss=,QJml649/eWjXI4eWhqDic4M7e14=
-265,-89,uULRDHR4z7kEr7ZGLs0heIAfLss=,QJml649/eWjXI4eWhqDic4M7e14=
-258,-89,uULRDHR4z7kEr7ZGLs0heIAfLss=,QJml649/eWjXI4eWhqDic4M7e14=
-257,-89,uULRDHR4z7kEr7ZGLs0heIAfLss=,QJml649/eWjXI4eWhqDic4M7e14=
-270,-89,uULRDHR4z7kEr7ZGLs0heIAfLss=,QJml649/eWjXI4eWhqDic4M7e14=
-265,-96,uULRDHR4z7kEr7ZGLs0heIAfLss=,QJml649/eWjXI4eWhqDic4M7e14=
-258,-90,uULRDHR4z7kEr7ZGLs0heIAfLss=,QJml649/eWjXI4eWhqDic4M7e14=
-259,-90,uULRDHR4z7kEr7ZGLs0heIAfLss=,QJml649/eWjXI4eWhqDic4M7e14=
-269,-89,uULRDHR4z7kEr7ZGLs0heIAfLss=,QJml649/eWjXI4eWhqDic4M7e14=
-272,-88,uULRDHR4z7kEr7ZGLs0heIAfLss=,QJml649/eWjXI4eWhqDic4M7e14=
-271,-89,uULRDHR4z7kEr7ZGLs0heIAfLss=,QJml649/eWjXI4eWhqDic4M7e14=
-260,-89,uULRDHR4z7kEr7ZGLs0heIAfLss=,QJml649/eWjXI4eWhqDic4M7e14=
-263,-85,uULRDHR4z7kEr7ZGLs0heIAfLss=,QJml649/eWjXI4eWhqDic4M7e14=
-262,-90,uULRDHR4z7kEr7ZGLs0heIAfLss=,QJml649/eWjXI4eWhqDic4M7e14=
-264,-90,uULRDHR4z7kEr7ZGLs0heIAfLss=,QJml649/eWjXI4eWhqDic4M7e14=
-257,-90,uULRDHR4z7kEr7ZGLs0heIAfLss=,QJml649/eWjXI4eWhqDic4M7e14=
-266,-89,uULRDHR4z7kEr7ZGLs0heIAfLss=,QJml649/eWjXI4eWhqDic4M7e14=
-267,-90,uULRDHR4z7kEr7ZGLs0heIAfLss=,QJml649/eWjXI4eWhqDic4M7e14=
-263,-90,uULRDHR4z7kEr7ZGLs0heIAfLss=,QJml649/eWjXI4eWhqDic4M7e14=
-261,-90,uULRDHR4z7kEr7ZGLs0heIAfLss=,QJml649/eWjXI4eWhqDic4M7e14=
-268,-90,uULRDHR4z7kEr7ZGLs0heIAfLss=,QJml649/eWjXI4eWhqDic4M7e14=
-257,-91,uULRDHR4z7kEr7ZGLs0heIAfLss=,QJml649/eWjXI4eWhqDic4M7e14=
-258,-91,uULRDHR4z7kEr7ZGLs0heIAfLss=,QJml649/eWjXI4eWhqDic4M7e14=
-265,-90,uULRDHR4z7kEr7ZGLs0heIAfLss=,QJml649/eWjXI4eWhqDic4M7e14=
-272,-89,uULRDHR4z7kEr7ZGLs0heIAfLss=,QJml649/eWjXI4eWhqDic4M7e14=
-259,-91,uULRDHR4z7kEr7ZGLs0heIAfLss=,QJml649/eWjXI4eWhqDic4M7e14=
-266,-96,uULRDHR4z7kEr7ZGLs0heIAfLss=,QJml649/eWjXI4eWhqDic4M7e14=
-265,-85,uULRDHR4z7kEr7ZGLs0heIAfLss=,QJml649/eWjXI4eWhqDic4M7e14=
-260,-90,uULRDHR4z7kEr7ZGLs0heIAfLss=,QJml649/eWjXI4eWhqDic4M7e14=
-268,-87,uULRDHR4z7kEr7ZGLs0heIAfLss=,QJml649/eWjXI4eWhqDic4M7e14=
-264,-91,uULRDHR4z7kEr7ZGLs0heIAfLss=,QJml649/eWjXI4eWhqDic4M7e14=
-267,-91,uULRDHR4z7kEr7ZGLs0heIAfLss=,QJml649/eWjXI4eWhqDic4M7e14=
-269,-90,uULRDHR4z7kEr7ZGLs0heIAfLss=,QJml649/eWjXI4eWhqDic4M7e14=
-262,-91,uULRDHR4z7kEr7ZGLs0heIAfLss=,QJml649/eWjXI4eWhqDic4M7e14=
-263,-91,uULRDHR4z7kEr7ZGLs0heIAfLss=,QJml649/eWjXI4eWhqDic4M7e14=
-260,-96,uULRDHR4z7kEr7ZGLs0heIAfLss=,QJml649/eWjXI4eWhqDic4M7e14=
-265,-91,uULRDHR4z7kEr7ZGLs0heIAfLss=,QJml649/eWjXI4eWhqDic4M7e14=
-257,-92,uULRDHR4z7kEr7ZGLs0heIAfLss=,QJml649/eWjXI4eWhqDic4M7e14=
-268,-91,uULRDHR4z7kEr7ZGLs0heIAfLss=,QJml649/eWjXI4eWhqDic4M7e14=
-258,-92,uULRDHR4z7kEr7ZGLs0heIAfLss=,QJml649/eWjXI4eWhqDic4M7e14=
-259,-92,uULRDHR4z7kEr7ZGLs0heIAfLss=,QJml649/eWjXI4eWhqDic4M7e14=
-266,-91,uULRDHR4z7kEr7ZGLs0heIAfLss=,QJml649/eWjXI4eWhqDic4M7e14=
-261,-91,uULRDHR4z7kEr7ZGLs0heIAfLss=,QJml649/eWjXI4eWhqDic4M7e14=
-260,-92,uULRDHR4z7kEr7ZGLs0heIAfLss=,QJml649/eWjXI4eWhqDic4M7e14=
-270,-90,uULRDHR4z7kEr7ZGLs0heIAfLss=,QJml649/eWjXI4eWhqDic4M7e14=
-272,-90,uULRDHR4z7kEr7ZGLs0heIAfLss=,QJml649/eWjXI4eWhqDic4M7e14=
-266,-90,uULRDHR4z7kEr7ZGLs0heIAfLss=,QJml649/eWjXI4eWhqDic4M7e14=
-271,-90,uULRDHR4z7kEr7ZGLs0heIAfLss=,QJml649/eWjXI4eWhqDic4M7e14=
-264,-92,uULRDHR4z7kEr7ZGLs0heIAfLss=,QJml649/eWjXI4eWhqDic4M7e14=
-265,-92,uULRDHR4z7kEr7ZGLs0heIAfLss=,QJml649/eWjXI4eWhqDic4M7e14=
-262,-92,uULRDHR4z7kEr7ZGLs0heIAfLss=,QJml649/eWjXI4eWhqDic4M7e14=
-263,-92,uULRDHR4z7kEr7ZGLs0heIAfLss=,QJml649/eWjXI4eWhqDic4M7e14=
-269,-91,uULRDHR4z7kEr7ZGLs0heIAfLss=,QJml649/eWjXI4eWhqDic4M7e14=
-271,-91,uULRDHR4z7kEr7ZGLs0heIAfLss=,QJml649/eWjXI4eWhqDic4M7e14=
-261,-92,uULRDHR4z7kEr7ZGLs0heIAfLss=,QJml649/eWjXI4eWhqDic4M7e14=
-259,-93,uULRDHR4z7kEr7ZGLs0heIAfLss=,QJml649/eWjXI4eWhqDic4M7e14=
-272,-91,uULRDHR4z7kEr7ZGLs0heIAfLss=,QJml649/eWjXI4eWhqDic4M7e14=
-267,-92,uULRDHR4z7kEr7ZGLs0heIAfLss=,QJml649/eWjXI4eWhqDic4M7e14=
-258,-93,uULRDHR4z7kEr7ZGLs0heIAfLss=,QJml649/eWjXI4eWhqDic4M7e14=
-271,-92,uULRDHR4z7kEr7ZGLs0heIAfLss=,QJml649/eWjXI4eWhqDic4M7e14=
-270,-92,uULRDHR4z7kEr7ZGLs0heIAfLss=,QJml649/eWjXI4eWhqDic4M7e14=
-263,-93,uULRDHR4z7kEr7ZGLs0heIAfLss=,QJml649/eWjXI4eWhqDic4M7e14=
-266,-92,uULRDHR4z7kEr7ZGLs0heIAfLss=,QJml649/eWjXI4eWhqDic4M7e14=
-269,-92,uULRDHR4z7kEr7ZGLs0heIAfLss=,QJml649/eWjXI4eWhqDic4M7e14=
-264,-93,uULRDHR4z7kEr7ZGLs0heIAfLss=,QJml649/eWjXI4eWhqDic4M7e14=
-268,-96,uULRDHR4z7kEr7ZGLs0heIAfLss=,QJml649/eWjXI4eWhqDic4M7e14=
-257,-93,uULRDHR4z7kEr7ZGLs0heIAfLss=,QJml649/eWjXI4eWhqDic4M7e14=
-267,-89,uULRDHR4z7kEr7ZGLs0heIAfLss=,QJml649/eWjXI4eWhqDic4M7e14=
-267,-96,uULRDHR4z7kEr7ZGLs0heIAfLss=,QJml649/eWjXI4eWhqDic4M7e14=
-270,-93,uULRDHR4z7kEr7ZGLs0heIAfLss=,QJml649/eWjXI4eWhqDic4M7e14=
-262,-93,uULRDHR4z7kEr7ZGLs0heIAfLss=,QJml649/eWjXI4eWhqDic4M7e14=
-260,-93,uULRDHR4z7kEr7ZGLs0heIAfLss=,QJml649/eWjXI4eWhqDic4M7e14=
-269,-96,uULRDHR4z7kEr7ZGLs0heIAfLss=,QJml649/eWjXI4eWhqDic4M7e14=
-265,-93,uULRDHR4z7kEr7ZGLs0heIAfLss=,QJml649/eWjXI4eWhqDic4M7e14=
-270,-91,uULRDHR4z7kEr7ZGLs0heIAfLss=,QJml649/eWjXI4eWhqDic4M7e14=
-268,-89,uULRDHR4z7kEr7ZGLs0heIAfLss=,QJml649/eWjXI4eWhqDic4M7e14=
-272,-92,uULRDHR4z7kEr7ZGLs0heIAfLss=,QJml649/eWjXI4eWhqDic4M7e14=
-269,-93,uULRDHR4z7kEr7ZGLs0heIAfLss=,QJml649/eWjXI4eWhqDic4M7e14=
-263,-94,uULRDHR4z7kEr7ZGLs0heIAfLss=,QJml649/eWjXI4eWhqDic4M7e14=
-267,-93,uULRDHR4z7kEr7ZGLs0heIAfLss=,QJml649/eWjXI4eWhqDic4M7e14=
-271,-93,uULRDHR4z7kEr7ZGLs0heIAfLss=,QJml649/eWjXI4eWhqDic4M7e14=
-265,-94,uULRDHR4z7kEr7ZGLs0heIAfLss=,QJml649/eWjXI4eWhqDic4M7e14=
-262,-94,uULRDHR4z7kEr7ZGLs0heIAfLss=,QJml649/eWjXI4eWhqDic4M7e14=
-268,-93,uULRDHR4z7kEr7ZGLs0heIAfLss=,QJml649/eWjXI4eWhqDic4M7e14=
-272,-93,uULRDHR4z7kEr7ZGLs0heIAfLss=,QJml649/eWjXI4eWhqDic4M7e14=
-270,-94,uULRDHR4z7kEr7ZGLs0heIAfLss=,QJml649/eWjXI4eWhqDic4M7e14=
-269,-94,uULRDHR4z7kEr7ZGLs0heIAfLss=,QJml649/eWjXI4eWhqDic4M7e14=
-257,-94,uULRDHR4z7kEr7ZGLs0heIAfLss=,QJml649/eWjXI4eWhqDic4M7e14=
-264,-94,uULRDHR4z7kEr7ZGLs0heIAfLss=,QJml649/eWjXI4eWhqDic4M7e14=
-271,-96,uULRDHR4z7kEr7ZGLs0heIAfLss=,QJml649/eWjXI4eWhqDic4M7e14=
-270,-96,uULRDHR4z7kEr7ZGLs0heIAfLss=,QJml649/eWjXI4eWhqDic4M7e14=
-272,-94,uULRDHR4z7kEr7ZGLs0heIAfLss=,QJml649/eWjXI4eWhqDic4M7e14=
-266,-93,uULRDHR4z7kEr7ZGLs0heIAfLss=,QJml649/eWjXI4eWhqDic4M7e14=
-260,-94,uULRDHR4z7kEr7ZGLs0heIAfLss=,QJml649/eWjXI4eWhqDic4M7e14=
-261,-94,uULRDHR4z7kEr7ZGLs0heIAfLss=,QJml649/eWjXI4eWhqDic4M7e14=
-259,-94,uULRDHR4z7kEr7ZGLs0heIAfLss=,QJml649/eWjXI4eWhqDic4M7e14=
-268,-94,uULRDHR4z7kEr7ZGLs0heIAfLss=,QJml649/eWjXI4eWhqDic4M7e14=
-271,-94,uULRDHR4z7kEr7ZGLs0heIAfLss=,QJml649/eWjXI4eWhqDic4M7e14=
-267,-94,uULRDHR4z7kEr7ZGLs0heIAfLss=,QJml649/eWjXI4eWhqDic4M7e14=
-263,-95,uULRDHR4z7kEr7ZGLs0heIAfLss=,QJml649/eWjXI4eWhqDic4M7e14=
-266,-94,uULRDHR4z7kEr7ZGLs0heIAfLss=,QJml649/eWjXI4eWhqDic4M7e14=
-265,-95,uULRDHR4z7kEr7ZGLs0heIAfLss=,QJml649/eWjXI4eWhqDic4M7e14=
-269,-95,uULRDHR4z7kEr7ZGLs0heIAfLss=,QJml649/eWjXI4eWhqDic4M7e14=
-270,-95,uULRDHR4z7kEr7ZGLs0heIAfLss=,QJml649/eWjXI4eWhqDic4M7e14=
-262,-95,uULRDHR4z7kEr7ZGLs0heIAfLss=,QJml649/eWjXI4eWhqDic4M7e14=
-271,-95,uULRDHR4z7kEr7ZGLs0heIAfLss=,QJml649/eWjXI4eWhqDic4M7e14=
-266,-95,uULRDHR4z7kEr7ZGLs0heIAfLss=,QJml649/eWjXI4eWhqDic4M7e14=
-269,-82,uULRDHR4z7kEr7ZGLs0heIAfLss=,QJml649/eWjXI4eWhqDic4M7e14=
-259,-95,uULRDHR4z7kEr7ZGLs0heIAfLss=,QJml649/eWjXI4eWhqDic4M7e14=
-272,-96,uULRDHR4z7kEr7ZGLs0heIAfLss=,QJml649/eWjXI4eWhqDic4M7e14=
-260,-91,uULRDHR4z7kEr7ZGLs0heIAfLss=,QJml649/eWjXI4eWhqDic4M7e14=
-264,-82,uULRDHR4z7kEr7ZGLs0heIAfLss=,QJml649/eWjXI4eWhqDic4M7e14=
-264,-95,uULRDHR4z7kEr7ZGLs0heIAfLss=,QJml649/eWjXI4eWhqDic4M7e14=
-268,-92,uULRDHR4z7kEr7ZGLs0heIAfLss=,QJml649/eWjXI4eWhqDic4M7e14=
-261,-95,uULRDHR4z7kEr7ZGLs0heIAfLss=,QJml649/eWjXI4eWhqDic4M7e14=
-257,-95,uULRDHR4z7kEr7ZGLs0heIAfLss=,QJml649/eWjXI4eWhqDic4M7e14=
-267,-95,uULRDHR4z7kEr7ZGLs0heIAfLss=,QJml649/eWjXI4eWhqDic4M7e14=
-266,-85,uULRDHR4z7kEr7ZGLs0heIAfLss=,QJml649/eWjXI4eWhqDic4M7e14=
-268,-95,uULRDHR4z7kEr7ZGLs0heIAfLss=,QJml649/eWjXI4eWhqDic4M7e14=
-258,-95,uULRDHR4z7kEr7ZGLs0heIAfLss=,QJml649/eWjXI4eWhqDic4M7e14=
-260,-95,uULRDHR4z7kEr7ZGLs0heIAfLss=,QJml649/eWjXI4eWhqDic4M7e14=
-261,-93,uULRDHR4z7kEr7ZGLs0heIAfLss=,QJml649/eWjXI4eWhqDic4M7e14=
-258,-94,uULRDHR4z7kEr7ZGLs0heIAfLss=,QJml649/eWjXI4eWhqDic4M7e14=
-288,-80,uULRDHR4z7kEr7ZGLs0heIAfLss=,QJml649/eWjXI4eWhqDic4M7e14=
-288,-79,uULRDHR4z7kEr7ZGLs0heIAfLss=,QJml649/eWjXI4eWhqDic4M7e14=
-287,-79,uULRDHR4z7kEr7ZGLs0heIAfLss=,QJml649/eWjXI4eWhqDic4M7e14=
-273,-65,uULRDHR4z7kEr7ZGLs0heIAfLss=,QJml649/eWjXI4eWhqDic4M7e14=
-286,-79,uULRDHR4z7kEr7ZGLs0heIAfLss=,QJml649/eWjXI4eWhqDic4M7e14=
-274,-65,uULRDHR4z7kEr7ZGLs0heIAfLss=,QJml649/eWjXI4eWhqDic4M7e14=
-275,-65,uULRDHR4z7kEr7ZGLs0heIAfLss=,QJml649/eWjXI4eWhqDic4M7e14=
-276,-65,uULRDHR4z7kEr7ZGLs0heIAfLss=,QJml649/eWjXI4eWhqDic4M7e14=
-277,-65,uULRDHR4z7kEr7ZGLs0heIAfLss=,QJml649/eWjXI4eWhqDic4M7e14=
-278,-65,uULRDHR4z7kEr7ZGLs0heIAfLss=,QJml649/eWjXI4eWhqDic4M7e14=
-279,-65,uULRDHR4z7kEr7ZGLs0heIAfLss=,QJml649/eWjXI4eWhqDic4M7e14=
-280,-65,uULRDHR4z7kEr7ZGLs0heIAfLss=,QJml649/eWjXI4eWhqDic4M7e14=
-281,-65,uULRDHR4z7kEr7ZGLs0heIAfLss=,QJml649/eWjXI4eWhqDic4M7e14=
-283,-65,uULRDHR4z7kEr7ZGLs0heIAfLss=,QJml649/eWjXI4eWhqDic4M7e14=
-284,-65,uULRDHR4z7kEr7ZGLs0heIAfLss=,QJml649/eWjXI4eWhqDic4M7e14=
-282,-65,uULRDHR4z7kEr7ZGLs0heIAfLss=,QJml649/eWjXI4eWhqDic4M7e14=
-285,-65,uULRDHR4z7kEr7ZGLs0heIAfLss=,QJml649/eWjXI4eWhqDic4M7e14=
-286,-65,uULRDHR4z7kEr7ZGLs0heIAfLss=,QJml649/eWjXI4eWhqDic4M7e14=
-287,-65,uULRDHR4z7kEr7ZGLs0heIAfLss=,QJml649/eWjXI4eWhqDic4M7e14=
-288,-65,uULRDHR4z7kEr7ZGLs0heIAfLss=,QJml649/eWjXI4eWhqDic4M7e14=
-273,-66,uULRDHR4z7kEr7ZGLs0heIAfLss=,QJml649/eWjXI4eWhqDic4M7e14=
-274,-66,uULRDHR4z7kEr7ZGLs0heIAfLss=,QJml649/eWjXI4eWhqDic4M7e14=
-277,-66,uULRDHR4z7kEr7ZGLs0heIAfLss=,QJml649/eWjXI4eWhqDic4M7e14=
-278,-66,uULRDHR4z7kEr7ZGLs0heIAfLss=,QJml649/eWjXI4eWhqDic4M7e14=
-276,-66,uULRDHR4z7kEr7ZGLs0heIAfLss=,QJml649/eWjXI4eWhqDic4M7e14=
-279,-66,uULRDHR4z7kEr7ZGLs0heIAfLss=,QJml649/eWjXI4eWhqDic4M7e14=
-280,-66,uULRDHR4z7kEr7ZGLs0heIAfLss=,QJml649/eWjXI4eWhqDic4M7e14=
-275,-66,uULRDHR4z7kEr7ZGLs0heIAfLss=,QJml649/eWjXI4eWhqDic4M7e14=
-281,-66,uULRDHR4z7kEr7ZGLs0heIAfLss=,QJml649/eWjXI4eWhqDic4M7e14=
-283,-66,uULRDHR4z7kEr7ZGLs0heIAfLss=,QJml649/eWjXI4eWhqDic4M7e14=
-282,-66,uULRDHR4z7kEr7ZGLs0heIAfLss=,QJml649/eWjXI4eWhqDic4M7e14=
-284,-66,uULRDHR4z7kEr7ZGLs0heIAfLss=,QJml649/eWjXI4eWhqDic4M7e14=
-285,-66,uULRDHR4z7kEr7ZGLs0heIAfLss=,QJml649/eWjXI4eWhqDic4M7e14=
-287,-66,uULRDHR4z7kEr7ZGLs0heIAfLss=,QJml649/eWjXI4eWhqDic4M7e14=
-286,-66,uULRDHR4z7kEr7ZGLs0heIAfLss=,QJml649/eWjXI4eWhqDic4M7e14=
-275,-67,uULRDHR4z7kEr7ZGLs0heIAfLss=,QJml649/eWjXI4eWhqDic4M7e14=
-288,-66,uULRDHR4z7kEr7ZGLs0heIAfLss=,QJml649/eWjXI4eWhqDic4M7e14=
-274,-67,uULRDHR4z7kEr7ZGLs0heIAfLss=,QJml649/eWjXI4eWhqDic4M7e14=
-276,-67,uULRDHR4z7kEr7ZGLs0heIAfLss=,QJml649/eWjXI4eWhqDic4M7e14=
-277,-67,uULRDHR4z7kEr7ZGLs0heIAfLss=,QJml649/eWjXI4eWhqDic4M7e14=
-280,-67,uULRDHR4z7kEr7ZGLs0heIAfLss=,QJml649/eWjXI4eWhqDic4M7e14=
-279,-67,uULRDHR4z7kEr7ZGLs0heIAfLss=,QJml649/eWjXI4eWhqDic4M7e14=
-273,-67,uULRDHR4z7kEr7ZGLs0heIAfLss=,QJml649/eWjXI4eWhqDic4M7e14=
-281,-67,uULRDHR4z7kEr7ZGLs0heIAfLss=,QJml649/eWjXI4eWhqDic4M7e14=
-283,-67,uULRDHR4z7kEr7ZGLs0heIAfLss=,QJml649/eWjXI4eWhqDic4M7e14=
-282,-67,uULRDHR4z7kEr7ZGLs0heIAfLss=,QJml649/eWjXI4eWhqDic4M7e14=
-285,-67,uULRDHR4z7kEr7ZGLs0heIAfLss=,QJml649/eWjXI4eWhqDic4M7e14=
-284,-67,uULRDHR4z7kEr7ZGLs0heIAfLss=,QJml649/eWjXI4eWhqDic4M7e14=
-286,-67,uULRDHR4z7kEr7ZGLs0heIAfLss=,QJml649/eWjXI4eWhqDic4M7e14=
-288,-67,uULRDHR4z7kEr7ZGLs0heIAfLss=,QJml649/eWjXI4eWhqDic4M7e14=
-287,-67,uULRDHR4z7kEr7ZGLs0heIAfLss=,QJml649/eWjXI4eWhqDic4M7e14=
-273,-68,uULRDHR4z7kEr7ZGLs0heIAfLss=,QJml649/eWjXI4eWhqDic4M7e14=
-278,-67,uULRDHR4z7kEr7ZGLs0heIAfLss=,QJml649/eWjXI4eWhqDic4M7e14=
-274,-68,uULRDHR4z7kEr7ZGLs0heIAfLss=,QJml649/eWjXI4eWhqDic4M7e14=
-276,-68,uULRDHR4z7kEr7ZGLs0heIAfLss=,QJml649/eWjXI4eWhqDic4M7e14=
-277,-68,uULRDHR4z7kEr7ZGLs0heIAfLss=,QJml649/eWjXI4eWhqDic4M7e14=
-278,-68,uULRDHR4z7kEr7ZGLs0heIAfLss=,QJml649/eWjXI4eWhqDic4M7e14=
-275,-68,uULRDHR4z7kEr7ZGLs0heIAfLss=,QJml649/eWjXI4eWhqDic4M7e14=
-280,-68,uULRDHR4z7kEr7ZGLs0heIAfLss=,QJml649/eWjXI4eWhqDic4M7e14=
-282,-68,uULRDHR4z7kEr7ZGLs0heIAfLss=,QJml649/eWjXI4eWhqDic4M7e14=
-281,-68,uULRDHR4z7kEr7ZGLs0heIAfLss=,QJml649/eWjXI4eWhqDic4M7e14=
-283,-68,uULRDHR4z7kEr7ZGLs0heIAfLss=,QJml649/eWjXI4eWhqDic4M7e14=
-286,-68,uULRDHR4z7kEr7ZGLs0heIAfLss=,QJml649/eWjXI4eWhqDic4M7e14=
-284,-68,uULRDHR4z7kEr7ZGLs0heIAfLss=,QJml649/eWjXI4eWhqDic4M7e14=
-287,-68,uULRDHR4z7kEr7ZGLs0heIAfLss=,QJml649/eWjXI4eWhqDic4M7e14=
-285,-68,uULRDHR4z7kEr7ZGLs0heIAfLss=,QJml649/eWjXI4eWhqDic4M7e14=
-279,-68,uULRDHR4z7kEr7ZGLs0heIAfLss=,QJml649/eWjXI4eWhqDic4M7e14=
-288,-68,uULRDHR4z7kEr7ZGLs0heIAfLss=,QJml649/eWjXI4eWhqDic4M7e14=
-273,-69,uULRDHR4z7kEr7ZGLs0heIAfLss=,QJml649/eWjXI4eWhqDic4M7e14=
-274,-69,uULRDHR4z7kEr7ZGLs0heIAfLss=,QJml649/eWjXI4eWhqDic4M7e14=
-278,-69,uULRDHR4z7kEr7ZGLs0heIAfLss=,QJml649/eWjXI4eWhqDic4M7e14=
-276,-69,uULRDHR4z7kEr7ZGLs0heIAfLss=,QJml649/eWjXI4eWhqDic4M7e14=
-275,-69,uULRDHR4z7kEr7ZGLs0heIAfLss=,QJml649/eWjXI4eWhqDic4M7e14=
-277,-69,uULRDHR4z7kEr7ZGLs0heIAfLss=,QJml649/eWjXI4eWhqDic4M7e14=
-280,-69,uULRDHR4z7kEr7ZGLs0heIAfLss=,QJml649/eWjXI4eWhqDic4M7e14=
-279,-69,uULRDHR4z7kEr7ZGLs0heIAfLss=,QJml649/eWjXI4eWhqDic4M7e14=
-281,-69,uULRDHR4z7kEr7ZGLs0heIAfLss=,QJml649/eWjXI4eWhqDic4M7e14=
-283,-69,uULRDHR4z7kEr7ZGLs0heIAfLss=,QJml649/eWjXI4eWhqDic4M7e14=
-282,-69,uULRDHR4z7kEr7ZGLs0heIAfLss=,QJml649/eWjXI4eWhqDic4M7e14=
-286,-69,uULRDHR4z7kEr7ZGLs0heIAfLss=,QJml649/eWjXI4eWhqDic4M7e14=
-285,-69,uULRDHR4z7kEr7ZGLs0heIAfLss=,QJml649/eWjXI4eWhqDic4M7e14=
-284,-69,uULRDHR4z7kEr7ZGLs0heIAfLss=,QJml649/eWjXI4eWhqDic4M7e14=
-288,-69,uULRDHR4z7kEr7ZGLs0heIAfLss=,QJml649/eWjXI4eWhqDic4M7e14=
-273,-70,uULRDHR4z7kEr7ZGLs0heIAfLss=,QJml649/eWjXI4eWhqDic4M7e14=
-274,-70,uULRDHR4z7kEr7ZGLs0heIAfLss=,QJml649/eWjXI4eWhqDic4M7e14=
-275,-70,uULRDHR4z7kEr7ZGLs0heIAfLss=,QJml649/eWjXI4eWhqDic4M7e14=
-287,-69,uULRDHR4z7kEr7ZGLs0heIAfLss=,QJml649/eWjXI4eWhqDic4M7e14=
-276,-70,uULRDHR4z7kEr7ZGLs0heIAfLss=,QJml649/eWjXI4eWhqDic4M7e14=
-280,-70,uULRDHR4z7kEr7ZGLs0heIAfLss=,QJml649/eWjXI4eWhqDic4M7e14=
-279,-70,uULRDHR4z7kEr7ZGLs0heIAfLss=,QJml649/eWjXI4eWhqDic4M7e14=
-277,-70,uULRDHR4z7kEr7ZGLs0heIAfLss=,QJml649/eWjXI4eWhqDic4M7e14=
-281,-70,uULRDHR4z7kEr7ZGLs0heIAfLss=,QJml649/eWjXI4eWhqDic4M7e14=
-282,-70,uULRDHR4z7kEr7ZGLs0heIAfLss=,QJml649/eWjXI4eWhqDic4M7e14=
-278,-70,uULRDHR4z7kEr7ZGLs0heIAfLss=,QJml649/eWjXI4eWhqDic4M7e14=
-283,-70,uULRDHR4z7kEr7ZGLs0heIAfLss=,QJml649/eWjXI4eWhqDic4M7e14=
-284,-70,uULRDHR4z7kEr7ZGLs0heIAfLss=,QJml649/eWjXI4eWhqDic4M7e14=
-285,-70,uULRDHR4z7kEr7ZGLs0heIAfLss=,QJml649/eWjXI4eWhqDic4M7e14=
-287,-70,uULRDHR4z7kEr7ZGLs0heIAfLss=,QJml649/eWjXI4eWhqDic4M7e14=
-286,-70,uULRDHR4z7kEr7ZGLs0heIAfLss=,QJml649/eWjXI4eWhqDic4M7e14=
-288,-70,uULRDHR4z7kEr7ZGLs0heIAfLss=,QJml649/eWjXI4eWhqDic4M7e14=
-274,-71,uULRDHR4z7kEr7ZGLs0heIAfLss=,QJml649/eWjXI4eWhqDic4M7e14=
-273,-71,uULRDHR4z7kEr7ZGLs0heIAfLss=,QJml649/eWjXI4eWhqDic4M7e14=
-275,-71,uULRDHR4z7kEr7ZGLs0heIAfLss=,QJml649/eWjXI4eWhqDic4M7e14=
-276,-71,uULRDHR4z7kEr7ZGLs0heIAfLss=,QJml649/eWjXI4eWhqDic4M7e14=
-278,-71,uULRDHR4z7kEr7ZGLs0heIAfLss=,QJml649/eWjXI4eWhqDic4M7e14=
-279,-71,uULRDHR4z7kEr7ZGLs0heIAfLss=,QJml649/eWjXI4eWhqDic4M7e14=
-280,-71,uULRDHR4z7kEr7ZGLs0heIAfLss=,QJml649/eWjXI4eWhqDic4M7e14=
-277,-71,uULRDHR4z7kEr7ZGLs0heIAfLss=,QJml649/eWjXI4eWhqDic4M7e14=
-281,-71,uULRDHR4z7kEr7ZGLs0heIAfLss=,QJml649/eWjXI4eWhqDic4M7e14=
-282,-71,uULRDHR4z7kEr7ZGLs0heIAfLss=,QJml649/eWjXI4eWhqDic4M7e14=
-284,-71,uULRDHR4z7kEr7ZGLs0heIAfLss=,QJml649/eWjXI4eWhqDic4M7e14=
-286,-71,uULRDHR4z7kEr7ZGLs0heIAfLss=,QJml649/eWjXI4eWhqDic4M7e14=
-283,-71,uULRDHR4z7kEr7ZGLs0heIAfLss=,QJml649/eWjXI4eWhqDic4M7e14=
-285,-71,uULRDHR4z7kEr7ZGLs0heIAfLss=,QJml649/eWjXI4eWhqDic4M7e14=
-288,-71,uULRDHR4z7kEr7ZGLs0heIAfLss=,QJml649/eWjXI4eWhqDic4M7e14=
-273,-72,uULRDHR4z7kEr7ZGLs0heIAfLss=,QJml649/eWjXI4eWhqDic4M7e14=
-287,-71,uULRDHR4z7kEr7ZGLs0heIAfLss=,QJml649/eWjXI4eWhqDic4M7e14=
-274,-72,uULRDHR4z7kEr7ZGLs0heIAfLss=,QJml649/eWjXI4eWhqDic4M7e14=
-275,-72,uULRDHR4z7kEr7ZGLs0heIAfLss=,QJml649/eWjXI4eWhqDic4M7e14=
-277,-72,uULRDHR4z7kEr7ZGLs0heIAfLss=,QJml649/eWjXI4eWhqDic4M7e14=
-276,-72,uULRDHR4z7kEr7ZGLs0heIAfLss=,QJml649/eWjXI4eWhqDic4M7e14=
-279,-72,uULRDHR4z7kEr7ZGLs0heIAfLss=,QJml649/eWjXI4eWhqDic4M7e14=
-278,-72,uULRDHR4z7kEr7ZGLs0heIAfLss=,QJml649/eWjXI4eWhqDic4M7e14=
-281,-72,uULRDHR4z7kEr7ZGLs0heIAfLss=,QJml649/eWjXI4eWhqDic4M7e14=
-280,-72,uULRDHR4z7kEr7ZGLs0heIAfLss=,QJml649/eWjXI4eWhqDic4M7e14=
-282,-72,uULRDHR4z7kEr7ZGLs0heIAfLss=,QJml649/eWjXI4eWhqDic4M7e14=
-283,-72,uULRDHR4z7kEr7ZGLs0heIAfLss=,QJml649/eWjXI4eWhqDic4M7e14=
-284,-72,uULRDHR4z7kEr7ZGLs0heIAfLss=,QJml649/eWjXI4eWhqDic4M7e14=
-286,-72,uULRDHR4z7kEr7ZGLs0heIAfLss=,QJml649/eWjXI4eWhqDic4M7e14=
-287,-72,uULRDHR4z7kEr7ZGLs0heIAfLss=,QJml649/eWjXI4eWhqDic4M7e14=
-285,-72,uULRDHR4z7kEr7ZGLs0heIAfLss=,QJml649/eWjXI4eWhqDic4M7e14=
-280,-80,uULRDHR4z7kEr7ZGLs0heIAfLss=,QJml649/eWjXI4eWhqDic4M7e14=
-288,-72,uULRDHR4z7kEr7ZGLs0heIAfLss=,QJml649/eWjXI4eWhqDic4M7e14=
-274,-73,uULRDHR4z7kEr7ZGLs0heIAfLss=,QJml649/eWjXI4eWhqDic4M7e14=
-273,-73,uULRDHR4z7kEr7ZGLs0heIAfLss=,QJml649/eWjXI4eWhqDic4M7e14=
-275,-73,uULRDHR4z7kEr7ZGLs0heIAfLss=,QJml649/eWjXI4eWhqDic4M7e14=
-276,-73,uULRDHR4z7kEr7ZGLs0heIAfLss=,QJml649/eWjXI4eWhqDic4M7e14=
-278,-73,uULRDHR4z7kEr7ZGLs0heIAfLss=,QJml649/eWjXI4eWhqDic4M7e14=
-277,-73,uULRDHR4z7kEr7ZGLs0heIAfLss=,QJml649/eWjXI4eWhqDic4M7e14=
-281,-73,uULRDHR4z7kEr7ZGLs0heIAfLss=,QJml649/eWjXI4eWhqDic4M7e14=
-279,-73,uULRDHR4z7kEr7ZGLs0heIAfLss=,QJml649/eWjXI4eWhqDic4M7e14=
-280,-73,uULRDHR4z7kEr7ZGLs0heIAfLss=,QJml649/eWjXI4eWhqDic4M7e14=
-282,-73,uULRDHR4z7kEr7ZGLs0heIAfLss=,QJml649/eWjXI4eWhqDic4M7e14=
-283,-73,uULRDHR4z7kEr7ZGLs0heIAfLss=,QJml649/eWjXI4eWhqDic4M7e14=
-284,-73,uULRDHR4z7kEr7ZGLs0heIAfLss=,QJml649/eWjXI4eWhqDic4M7e14=
-285,-73,uULRDHR4z7kEr7ZGLs0heIAfLss=,QJml649/eWjXI4eWhqDic4M7e14=
-286,-73,uULRDHR4z7kEr7ZGLs0heIAfLss=,QJml649/eWjXI4eWhqDic4M7e14=
-285,-79,uULRDHR4z7kEr7ZGLs0heIAfLss=,QJml649/eWjXI4eWhqDic4M7e14=
-287,-73,uULRDHR4z7kEr7ZGLs0heIAfLss=,QJml649/eWjXI4eWhqDic4M7e14=
-273,-74,uULRDHR4z7kEr7ZGLs0heIAfLss=,QJml649/eWjXI4eWhqDic4M7e14=
-288,-73,uULRDHR4z7kEr7ZGLs0heIAfLss=,QJml649/eWjXI4eWhqDic4M7e14=
-275,-74,uULRDHR4z7kEr7ZGLs0heIAfLss=,QJml649/eWjXI4eWhqDic4M7e14=
-274,-74,uULRDHR4z7kEr7ZGLs0heIAfLss=,QJml649/eWjXI4eWhqDic4M7e14=
-278,-80,uULRDHR4z7kEr7ZGLs0heIAfLss=,QJml649/eWjXI4eWhqDic4M7e14=
-276,-74,uULRDHR4z7kEr7ZGLs0heIAfLss=,QJml649/eWjXI4eWhqDic4M7e14=
-277,-74,uULRDHR4z7kEr7ZGLs0heIAfLss=,QJml649/eWjXI4eWhqDic4M7e14=
-278,-74,uULRDHR4z7kEr7ZGLs0heIAfLss=,QJml649/eWjXI4eWhqDic4M7e14=
-280,-74,uULRDHR4z7kEr7ZGLs0heIAfLss=,QJml649/eWjXI4eWhqDic4M7e14=
-281,-74,uULRDHR4z7kEr7ZGLs0heIAfLss=,QJml649/eWjXI4eWhqDic4M7e14=
-283,-74,uULRDHR4z7kEr7ZGLs0heIAfLss=,QJml649/eWjXI4eWhqDic4M7e14=
-279,-74,uULRDHR4z7kEr7ZGLs0heIAfLss=,QJml649/eWjXI4eWhqDic4M7e14=
-282,-74,uULRDHR4z7kEr7ZGLs0heIAfLss=,QJml649/eWjXI4eWhqDic4M7e14=
-285,-74,uULRDHR4z7kEr7ZGLs0heIAfLss=,QJml649/eWjXI4eWhqDic4M7e14=
-284,-74,uULRDHR4z7kEr7ZGLs0heIAfLss=,QJml649/eWjXI4eWhqDic4M7e14=
-286,-74,uULRDHR4z7kEr7ZGLs0heIAfLss=,QJml649/eWjXI4eWhqDic4M7e14=
-287,-74,uULRDHR4z7kEr7ZGLs0heIAfLss=,QJml649/eWjXI4eWhqDic4M7e14=
-288,-74,uULRDHR4z7kEr7ZGLs0heIAfLss=,QJml649/eWjXI4eWhqDic4M7e14=
-273,-75,uULRDHR4z7kEr7ZGLs0heIAfLss=,QJml649/eWjXI4eWhqDic4M7e14=
-274,-75,uULRDHR4z7kEr7ZGLs0heIAfLss=,QJml649/eWjXI4eWhqDic4M7e14=
-275,-75,uULRDHR4z7kEr7ZGLs0heIAfLss=,QJml649/eWjXI4eWhqDic4M7e14=
-276,-75,uULRDHR4z7kEr7ZGLs0heIAfLss=,QJml649/eWjXI4eWhqDic4M7e14=
-277,-75,uULRDHR4z7kEr7ZGLs0heIAfLss=,QJml649/eWjXI4eWhqDic4M7e14=
-279,-75,uULRDHR4z7kEr7ZGLs0heIAfLss=,QJml649/eWjXI4eWhqDic4M7e14=
-278,-75,uULRDHR4z7kEr7ZGLs0heIAfLss=,QJml649/eWjXI4eWhqDic4M7e14=
-280,-75,uULRDHR4z7kEr7ZGLs0heIAfLss=,QJml649/eWjXI4eWhqDic4M7e14=
-281,-75,uULRDHR4z7kEr7ZGLs0heIAfLss=,QJml649/eWjXI4eWhqDic4M7e14=
-283,-75,uULRDHR4z7kEr7ZGLs0heIAfLss=,QJml649/eWjXI4eWhqDic4M7e14=
-282,-75,uULRDHR4z7kEr7ZGLs0heIAfLss=,QJml649/eWjXI4eWhqDic4M7e14=
-284,-75,uULRDHR4z7kEr7ZGLs0heIAfLss=,QJml649/eWjXI4eWhqDic4M7e14=
-285,-75,uULRDHR4z7kEr7ZGLs0heIAfLss=,QJml649/eWjXI4eWhqDic4M7e14=
-287,-75,uULRDHR4z7kEr7ZGLs0heIAfLss=,QJml649/eWjXI4eWhqDic4M7e14=
-281,-80,uULRDHR4z7kEr7ZGLs0heIAfLss=,QJml649/eWjXI4eWhqDic4M7e14=
-286,-75,uULRDHR4z7kEr7ZGLs0heIAfLss=,QJml649/eWjXI4eWhqDic4M7e14=
-288,-75,uULRDHR4z7kEr7ZGLs0heIAfLss=,QJml649/eWjXI4eWhqDic4M7e14=
-274,-76,uULRDHR4z7kEr7ZGLs0heIAfLss=,QJml649/eWjXI4eWhqDic4M7e14=
-273,-76,uULRDHR4z7kEr7ZGLs0heIAfLss=,QJml649/eWjXI4eWhqDic4M7e14=
-275,-76,uULRDHR4z7kEr7ZGLs0heIAfLss=,QJml649/eWjXI4eWhqDic4M7e14=
-277,-76,uULRDHR4z7kEr7ZGLs0heIAfLss=,QJml649/eWjXI4eWhqDic4M7e14=
-276,-76,uULRDHR4z7kEr7ZGLs0heIAfLss=,QJml649/eWjXI4eWhqDic4M7e14=
-279,-76,uULRDHR4z7kEr7ZGLs0heIAfLss=,QJml649/eWjXI4eWhqDic4M7e14=
-280,-76,uULRDHR4z7kEr7ZGLs0heIAfLss=,QJml649/eWjXI4eWhqDic4M7e14=
-278,-76,uULRDHR4z7kEr7ZGLs0heIAfLss=,QJml649/eWjXI4eWhqDic4M7e14=
-281,-76,uULRDHR4z7kEr7ZGLs0heIAfLss=,QJml649/eWjXI4eWhqDic4M7e14=
-283,-76,uULRDHR4z7kEr7ZGLs0heIAfLss=,QJml649/eWjXI4eWhqDic4M7e14=
-284,-76,uULRDHR4z7kEr7ZGLs0heIAfLss=,QJml649/eWjXI4eWhqDic4M7e14=
-282,-76,uULRDHR4z7kEr7ZGLs0heIAfLss=,QJml649/eWjXI4eWhqDic4M7e14=
-285,-76,uULRDHR4z7kEr7ZGLs0heIAfLss=,QJml649/eWjXI4eWhqDic4M7e14=
-286,-76,uULRDHR4z7kEr7ZGLs0heIAfLss=,QJml649/eWjXI4eWhqDic4M7e14=
-287,-76,uULRDHR4z7kEr7ZGLs0heIAfLss=,QJml649/eWjXI4eWhqDic4M7e14=
-279,-80,uULRDHR4z7kEr7ZGLs0heIAfLss=,QJml649/eWjXI4eWhqDic4M7e14=
-288,-76,uULRDHR4z7kEr7ZGLs0heIAfLss=,QJml649/eWjXI4eWhqDic4M7e14=
-284,-79,uULRDHR4z7kEr7ZGLs0heIAfLss=,QJml649/eWjXI4eWhqDic4M7e14=
-282,-80,uULRDHR4z7kEr7ZGLs0heIAfLss=,QJml649/eWjXI4eWhqDic4M7e14=
-273,-80,uULRDHR4z7kEr7ZGLs0heIAfLss=,QJml649/eWjXI4eWhqDic4M7e14=
-276,-80,uULRDHR4z7kEr7ZGLs0heIAfLss=,QJml649/eWjXI4eWhqDic4M7e14=
-274,-80,uULRDHR4z7kEr7ZGLs0heIAfLss=,QJml649/eWjXI4eWhqDic4M7e14=
-283,-80,uULRDHR4z7kEr7ZGLs0heIAfLss=,QJml649/eWjXI4eWhqDic4M7e14=
-283,-79,uULRDHR4z7kEr7ZGLs0heIAfLss=,QJml649/eWjXI4eWhqDic4M7e14=
-285,-80,uULRDHR4z7kEr7ZGLs0heIAfLss=,QJml649/eWjXI4eWhqDic4M7e14=
-283,-77,uULRDHR4z7kEr7ZGLs0heIAfLss=,QJml649/eWjXI4eWhqDic4M7e14=
-282,-77,uULRDHR4z7kEr7ZGLs0heIAfLss=,QJml649/eWjXI4eWhqDic4M7e14=
-285,-77,uULRDHR4z7kEr7ZGLs0heIAfLss=,QJml649/eWjXI4eWhqDic4M7e14=
-284,-77,uULRDHR4z7kEr7ZGLs0heIAfLss=,QJml649/eWjXI4eWhqDic4M7e14=
-286,-77,uULRDHR4z7kEr7ZGLs0heIAfLss=,QJml649/eWjXI4eWhqDic4M7e14=
-287,-77,uULRDHR4z7kEr7ZGLs0heIAfLss=,QJml649/eWjXI4eWhqDic4M7e14=
-288,-77,uULRDHR4z7kEr7ZGLs0heIAfLss=,QJml649/eWjXI4eWhqDic4M7e14=
-277,-80,uULRDHR4z7kEr7ZGLs0heIAfLss=,QJml649/eWjXI4eWhqDic4M7e14=
-279,-77,uULRDHR4z7kEr7ZGLs0heIAfLss=,QJml649/eWjXI4eWhqDic4M7e14=
-274,-77,uULRDHR4z7kEr7ZGLs0heIAfLss=,QJml649/eWjXI4eWhqDic4M7e14=
-278,-77,uULRDHR4z7kEr7ZGLs0heIAfLss=,QJml649/eWjXI4eWhqDic4M7e14=
-282,-79,uULRDHR4z7kEr7ZGLs0heIAfLss=,QJml649/eWjXI4eWhqDic4M7e14=
-275,-78,uULRDHR4z7kEr7ZGLs0heIAfLss=,QJml649/eWjXI4eWhqDic4M7e14=
-276,-77,uULRDHR4z7kEr7ZGLs0heIAfLss=,QJml649/eWjXI4eWhqDic4M7e14=
-277,-77,uULRDHR4z7kEr7ZGLs0heIAfLss=,QJml649/eWjXI4eWhqDic4M7e14=
-280,-77,uULRDHR4z7kEr7ZGLs0heIAfLss=,QJml649/eWjXI4eWhqDic4M7e14=
-278,-78,uULRDHR4z7kEr7ZGLs0heIAfLss=,QJml649/eWjXI4eWhqDic4M7e14=
-281,-79,uULRDHR4z7kEr7ZGLs0heIAfLss=,QJml649/eWjXI4eWhqDic4M7e14=
-280,-79,uULRDHR4z7kEr7ZGLs0heIAfLss=,QJml649/eWjXI4eWhqDic4M7e14=
-281,-77,uULRDHR4z7kEr7ZGLs0heIAfLss=,QJml649/eWjXI4eWhqDic4M7e14=
-279,-78,uULRDHR4z7kEr7ZGLs0heIAfLss=,QJml649/eWjXI4eWhqDic4M7e14=
-285,-78,uULRDHR4z7kEr7ZGLs0heIAfLss=,QJml649/eWjXI4eWhqDic4M7e14=
-286,-78,uULRDHR4z7kEr7ZGLs0heIAfLss=,QJml649/eWjXI4eWhqDic4M7e14=
-287,-78,uULRDHR4z7kEr7ZGLs0heIAfLss=,QJml649/eWjXI4eWhqDic4M7e14=
-287,-80,uULRDHR4z7kEr7ZGLs0heIAfLss=,QJml649/eWjXI4eWhqDic4M7e14=
-282,-78,uULRDHR4z7kEr7ZGLs0heIAfLss=,QJml649/eWjXI4eWhqDic4M7e14=
-288,-78,uULRDHR4z7kEr7ZGLs0heIAfLss=,QJml649/eWjXI4eWhqDic4M7e14=
-277,-78,uULRDHR4z7kEr7ZGLs0heIAfLss=,QJml649/eWjXI4eWhqDic4M7e14=
-283,-78,uULRDHR4z7kEr7ZGLs0heIAfLss=,QJml649/eWjXI4eWhqDic4M7e14=
-273,-78,uULRDHR4z7kEr7ZGLs0heIAfLss=,QJml649/eWjXI4eWhqDic4M7e14=
-279,-79,uULRDHR4z7kEr7ZGLs0heIAfLss=,QJml649/eWjXI4eWhqDic4M7e14=
-274,-78,uULRDHR4z7kEr7ZGLs0heIAfLss=,QJml649/eWjXI4eWhqDic4M7e14=
-281,-78,uULRDHR4z7kEr7ZGLs0heIAfLss=,QJml649/eWjXI4eWhqDic4M7e14=
-286,-80,uULRDHR4z7kEr7ZGLs0heIAfLss=,QJml649/eWjXI4eWhqDic4M7e14=
-284,-78,uULRDHR4z7kEr7ZGLs0heIAfLss=,QJml649/eWjXI4eWhqDic4M7e14=
-284,-80,uULRDHR4z7kEr7ZGLs0heIAfLss=,QJml649/eWjXI4eWhqDic4M7e14=
-273,-77,uULRDHR4z7kEr7ZGLs0heIAfLss=,QJml649/eWjXI4eWhqDic4M7e14=
-276,-78,uULRDHR4z7kEr7ZGLs0heIAfLss=,QJml649/eWjXI4eWhqDic4M7e14=
-275,-80,uULRDHR4z7kEr7ZGLs0heIAfLss=,QJml649/eWjXI4eWhqDic4M7e14=
-275,-79,uULRDHR4z7kEr7ZGLs0heIAfLss=,QJml649/eWjXI4eWhqDic4M7e14=
-278,-79,uULRDHR4z7kEr7ZGLs0heIAfLss=,QJml649/eWjXI4eWhqDic4M7e14=
-276,-79,uULRDHR4z7kEr7ZGLs0heIAfLss=,QJml649/eWjXI4eWhqDic4M7e14=
-273,-79,uULRDHR4z7kEr7ZGLs0heIAfLss=,QJml649/eWjXI4eWhqDic4M7e14=
-277,-79,uULRDHR4z7kEr7ZGLs0heIAfLss=,QJml649/eWjXI4eWhqDic4M7e14=
-280,-78,uULRDHR4z7kEr7ZGLs0heIAfLss=,QJml649/eWjXI4eWhqDic4M7e14=
-275,-77,uULRDHR4z7kEr7ZGLs0heIAfLss=,QJml649/eWjXI4eWhqDic4M7e14=
-274,-79,uULRDHR4z7kEr7ZGLs0heIAfLss=,QJml649/eWjXI4eWhqDic4M7e14=
-258,-65,uULRDHR4z7kEr7ZGLs0heIAfLss=,QJml649/eWjXI4eWhqDic4M7e14=
-257,-65,uULRDHR4z7kEr7ZGLs0heIAfLss=,QJml649/eWjXI4eWhqDic4M7e14=
-258,-80,uULRDHR4z7kEr7ZGLs0heIAfLss=,QJml649/eWjXI4eWhqDic4M7e14=
-259,-80,uULRDHR4z7kEr7ZGLs0heIAfLss=,QJml649/eWjXI4eWhqDic4M7e14=
-262,-80,uULRDHR4z7kEr7ZGLs0heIAfLss=,QJml649/eWjXI4eWhqDic4M7e14=
-260,-80,uULRDHR4z7kEr7ZGLs0heIAfLss=,QJml649/eWjXI4eWhqDic4M7e14=
-263,-80,uULRDHR4z7kEr7ZGLs0heIAfLss=,QJml649/eWjXI4eWhqDic4M7e14=
-259,-65,Uko4GTQ2LWlG6/yvSHe0H67qGcY=,QJml649/eWjXI4eWhqDic4M7e14=
-257,-80,uULRDHR4z7kEr7ZGLs0heIAfLss=,QJml649/eWjXI4eWhqDic4M7e14=
-260,-65,Uko4GTQ2LWlG6/yvSHe0H67qGcY=,QJml649/eWjXI4eWhqDic4M7e14=
-261,-65,Uko4GTQ2LWlG6/yvSHe0H67qGcY=,QJml649/eWjXI4eWhqDic4M7e14=
-263,-65,Uko4GTQ2LWlG6/yvSHe0H67qGcY=,QJml649/eWjXI4eWhqDic4M7e14=
-262,-65,Uko4GTQ2LWlG6/yvSHe0H67qGcY=,QJml649/eWjXI4eWhqDic4M7e14=
-264,-65,Uko4GTQ2LWlG6/yvSHe0H67qGcY=,QJml649/eWjXI4eWhqDic4M7e14=
-265,-65,Uko4GTQ2LWlG6/yvSHe0H67qGcY=,QJml649/eWjXI4eWhqDic4M7e14=
-266,-65,Uko4GTQ2LWlG6/yvSHe0H67qGcY=,QJml649/eWjXI4eWhqDic4M7e14=
-268,-65,Uko4GTQ2LWlG6/yvSHe0H67qGcY=,QJml649/eWjXI4eWhqDic4M7e14=
-267,-65,Uko4GTQ2LWlG6/yvSHe0H67qGcY=,QJml649/eWjXI4eWhqDic4M7e14=
-270,-65,Uko4GTQ2LWlG6/yvSHe0H67qGcY=,QJml649/eWjXI4eWhqDic4M7e14=
-269,-65,Uko4GTQ2LWlG6/yvSHe0H67qGcY=,QJml649/eWjXI4eWhqDic4M7e14=
-271,-65,Uko4GTQ2LWlG6/yvSHe0H67qGcY=,QJml649/eWjXI4eWhqDic4M7e14=
-257,-66,Uko4GTQ2LWlG6/yvSHe0H67qGcY=,QJml649/eWjXI4eWhqDic4M7e14=
-272,-65,Uko4GTQ2LWlG6/yvSHe0H67qGcY=,QJml649/eWjXI4eWhqDic4M7e14=
-258,-66,Uko4GTQ2LWlG6/yvSHe0H67qGcY=,QJml649/eWjXI4eWhqDic4M7e14=
-259,-66,Uko4GTQ2LWlG6/yvSHe0H67qGcY=,QJml649/eWjXI4eWhqDic4M7e14=
-262,-66,Uko4GTQ2LWlG6/yvSHe0H67qGcY=,QJml649/eWjXI4eWhqDic4M7e14=
-263,-66,Uko4GTQ2LWlG6/yvSHe0H67qGcY=,QJml649/eWjXI4eWhqDic4M7e14=
-261,-66,Uko4GTQ2LWlG6/yvSHe0H67qGcY=,QJml649/eWjXI4eWhqDic4M7e14=
-260,-66,Uko4GTQ2LWlG6/yvSHe0H67qGcY=,QJml649/eWjXI4eWhqDic4M7e14=
-265,-66,Uko4GTQ2LWlG6/yvSHe0H67qGcY=,QJml649/eWjXI4eWhqDic4M7e14=
-266,-66,Uko4GTQ2LWlG6/yvSHe0H67qGcY=,QJml649/eWjXI4eWhqDic4M7e14=
-264,-66,Uko4GTQ2LWlG6/yvSHe0H67qGcY=,QJml649/eWjXI4eWhqDic4M7e14=
-269,-66,Uko4GTQ2LWlG6/yvSHe0H67qGcY=,QJml649/eWjXI4eWhqDic4M7e14=
-270,-66,Uko4GTQ2LWlG6/yvSHe0H67qGcY=,QJml649/eWjXI4eWhqDic4M7e14=
-267,-66,Uko4GTQ2LWlG6/yvSHe0H67qGcY=,QJml649/eWjXI4eWhqDic4M7e14=
-268,-66,Uko4GTQ2LWlG6/yvSHe0H67qGcY=,QJml649/eWjXI4eWhqDic4M7e14=
-272,-66,Uko4GTQ2LWlG6/yvSHe0H67qGcY=,QJml649/eWjXI4eWhqDic4M7e14=
-271,-66,Uko4GTQ2LWlG6/yvSHe0H67qGcY=,QJml649/eWjXI4eWhqDic4M7e14=
-258,-67,Uko4GTQ2LWlG6/yvSHe0H67qGcY=,QJml649/eWjXI4eWhqDic4M7e14=
-259,-67,Uko4GTQ2LWlG6/yvSHe0H67qGcY=,QJml649/eWjXI4eWhqDic4M7e14=
-257,-67,Uko4GTQ2LWlG6/yvSHe0H67qGcY=,QJml649/eWjXI4eWhqDic4M7e14=
-260,-67,Uko4GTQ2LWlG6/yvSHe0H67qGcY=,QJml649/eWjXI4eWhqDic4M7e14=
-262,-67,Uko4GTQ2LWlG6/yvSHe0H67qGcY=,QJml649/eWjXI4eWhqDic4M7e14=
-263,-67,Uko4GTQ2LWlG6/yvSHe0H67qGcY=,QJml649/eWjXI4eWhqDic4M7e14=
-261,-67,Uko4GTQ2LWlG6/yvSHe0H67qGcY=,QJml649/eWjXI4eWhqDic4M7e14=
-266,-67,Uko4GTQ2LWlG6/yvSHe0H67qGcY=,QJml649/eWjXI4eWhqDic4M7e14=
-265,-67,Uko4GTQ2LWlG6/yvSHe0H67qGcY=,QJml649/eWjXI4eWhqDic4M7e14=
-264,-67,Uko4GTQ2LWlG6/yvSHe0H67qGcY=,QJml649/eWjXI4eWhqDic4M7e14=
-267,-67,Uko4GTQ2LWlG6/yvSHe0H67qGcY=,QJml649/eWjXI4eWhqDic4M7e14=
-269,-67,Uko4GTQ2LWlG6/yvSHe0H67qGcY=,QJml649/eWjXI4eWhqDic4M7e14=
-268,-67,Uko4GTQ2LWlG6/yvSHe0H67qGcY=,QJml649/eWjXI4eWhqDic4M7e14=
-270,-67,Uko4GTQ2LWlG6/yvSHe0H67qGcY=,QJml649/eWjXI4eWhqDic4M7e14=
-271,-67,Uko4GTQ2LWlG6/yvSHe0H67qGcY=,QJml649/eWjXI4eWhqDic4M7e14=
-272,-67,Uko4GTQ2LWlG6/yvSHe0H67qGcY=,QJml649/eWjXI4eWhqDic4M7e14=
-257,-68,Uko4GTQ2LWlG6/yvSHe0H67qGcY=,QJml649/eWjXI4eWhqDic4M7e14=
-258,-68,Uko4GTQ2LWlG6/yvSHe0H67qGcY=,QJml649/eWjXI4eWhqDic4M7e14=
-259,-68,Uko4GTQ2LWlG6/yvSHe0H67qGcY=,QJml649/eWjXI4eWhqDic4M7e14=
-260,-68,Uko4GTQ2LWlG6/yvSHe0H67qGcY=,QJml649/eWjXI4eWhqDic4M7e14=
-261,-68,Uko4GTQ2LWlG6/yvSHe0H67qGcY=,QJml649/eWjXI4eWhqDic4M7e14=
-262,-68,Uko4GTQ2LWlG6/yvSHe0H67qGcY=,QJml649/eWjXI4eWhqDic4M7e14=
-265,-68,Uko4GTQ2LWlG6/yvSHe0H67qGcY=,QJml649/eWjXI4eWhqDic4M7e14=
-263,-68,Uko4GTQ2LWlG6/yvSHe0H67qGcY=,QJml649/eWjXI4eWhqDic4M7e14=
-264,-68,Uko4GTQ2LWlG6/yvSHe0H67qGcY=,QJml649/eWjXI4eWhqDic4M7e14=
-266,-68,Uko4GTQ2LWlG6/yvSHe0H67qGcY=,QJml649/eWjXI4eWhqDic4M7e14=
-267,-68,Uko4GTQ2LWlG6/yvSHe0H67qGcY=,QJml649/eWjXI4eWhqDic4M7e14=
-268,-68,Uko4GTQ2LWlG6/yvSHe0H67qGcY=,QJml649/eWjXI4eWhqDic4M7e14=
-269,-68,Uko4GTQ2LWlG6/yvSHe0H67qGcY=,QJml649/eWjXI4eWhqDic4M7e14=
-271,-68,Uko4GTQ2LWlG6/yvSHe0H67qGcY=,QJml649/eWjXI4eWhqDic4M7e14=
-272,-79,uULRDHR4z7kEr7ZGLs0heIAfLss=,QJml649/eWjXI4eWhqDic4M7e14=
-270,-68,Uko4GTQ2LWlG6/yvSHe0H67qGcY=,QJml649/eWjXI4eWhqDic4M7e14=
-272,-68,Uko4GTQ2LWlG6/yvSHe0H67qGcY=,QJml649/eWjXI4eWhqDic4M7e14=
-259,-69,Uko4GTQ2LWlG6/yvSHe0H67qGcY=,QJml649/eWjXI4eWhqDic4M7e14=
-257,-69,Uko4GTQ2LWlG6/yvSHe0H67qGcY=,QJml649/eWjXI4eWhqDic4M7e14=
-258,-69,Uko4GTQ2LWlG6/yvSHe0H67qGcY=,QJml649/eWjXI4eWhqDic4M7e14=
-261,-69,Uko4GTQ2LWlG6/yvSHe0H67qGcY=,QJml649/eWjXI4eWhqDic4M7e14=
-260,-69,Uko4GTQ2LWlG6/yvSHe0H67qGcY=,QJml649/eWjXI4eWhqDic4M7e14=
-262,-69,Uko4GTQ2LWlG6/yvSHe0H67qGcY=,QJml649/eWjXI4eWhqDic4M7e14=
-263,-69,Uko4GTQ2LWlG6/yvSHe0H67qGcY=,QJml649/eWjXI4eWhqDic4M7e14=
-264,-69,Uko4GTQ2LWlG6/yvSHe0H67qGcY=,QJml649/eWjXI4eWhqDic4M7e14=
-261,-80,uULRDHR4z7kEr7ZGLs0heIAfLss=,QJml649/eWjXI4eWhqDic4M7e14=
-265,-69,Uko4GTQ2LWlG6/yvSHe0H67qGcY=,QJml649/eWjXI4eWhqDic4M7e14=
-266,-69,Uko4GTQ2LWlG6/yvSHe0H67qGcY=,QJml649/eWjXI4eWhqDic4M7e14=
-267,-69,Uko4GTQ2LWlG6/yvSHe0H67qGcY=,QJml649/eWjXI4eWhqDic4M7e14=
-270,-69,Uko4GTQ2LWlG6/yvSHe0H67qGcY=,QJml649/eWjXI4eWhqDic4M7e14=
-268,-69,Uko4GTQ2LWlG6/yvSHe0H67qGcY=,QJml649/eWjXI4eWhqDic4M7e14=
-271,-69,Uko4GTQ2LWlG6/yvSHe0H67qGcY=,QJml649/eWjXI4eWhqDic4M7e14=
-269,-69,Uko4GTQ2LWlG6/yvSHe0H67qGcY=,QJml649/eWjXI4eWhqDic4M7e14=
-258,-70,Uko4GTQ2LWlG6/yvSHe0H67qGcY=,QJml649/eWjXI4eWhqDic4M7e14=
-272,-69,Uko4GTQ2LWlG6/yvSHe0H67qGcY=,QJml649/eWjXI4eWhqDic4M7e14=
-257,-70,Uko4GTQ2LWlG6/yvSHe0H67qGcY=,QJml649/eWjXI4eWhqDic4M7e14=
-260,-70,Uko4GTQ2LWlG6/yvSHe0H67qGcY=,QJml649/eWjXI4eWhqDic4M7e14=
-261,-70,Uko4GTQ2LWlG6/yvSHe0H67qGcY=,QJml649/eWjXI4eWhqDic4M7e14=
-264,-70,Uko4GTQ2LWlG6/yvSHe0H67qGcY=,QJml649/eWjXI4eWhqDic4M7e14=
-262,-70,Uko4GTQ2LWlG6/yvSHe0H67qGcY=,QJml649/eWjXI4eWhqDic4M7e14=
-259,-70,Uko4GTQ2LWlG6/yvSHe0H67qGcY=,QJml649/eWjXI4eWhqDic4M7e14=
-263,-70,Uko4GTQ2LWlG6/yvSHe0H67qGcY=,QJml649/eWjXI4eWhqDic4M7e14=
-266,-70,Uko4GTQ2LWlG6/yvSHe0H67qGcY=,QJml649/eWjXI4eWhqDic4M7e14=
-265,-70,Uko4GTQ2LWlG6/yvSHe0H67qGcY=,QJml649/eWjXI4eWhqDic4M7e14=
-267,-70,Uko4GTQ2LWlG6/yvSHe0H67qGcY=,QJml649/eWjXI4eWhqDic4M7e14=
-268,-70,Uko4GTQ2LWlG6/yvSHe0H67qGcY=,QJml649/eWjXI4eWhqDic4M7e14=
-269,-70,Uko4GTQ2LWlG6/yvSHe0H67qGcY=,QJml649/eWjXI4eWhqDic4M7e14=
-270,-70,Uko4GTQ2LWlG6/yvSHe0H67qGcY=,QJml649/eWjXI4eWhqDic4M7e14=
-271,-70,Uko4GTQ2LWlG6/yvSHe0H67qGcY=,QJml649/eWjXI4eWhqDic4M7e14=
-272,-70,Uko4GTQ2LWlG6/yvSHe0H67qGcY=,QJml649/eWjXI4eWhqDic4M7e14=
-258,-71,Uko4GTQ2LWlG6/yvSHe0H67qGcY=,QJml649/eWjXI4eWhqDic4M7e14=
-257,-71,Uko4GTQ2LWlG6/yvSHe0H67qGcY=,QJml649/eWjXI4eWhqDic4M7e14=
-259,-71,Uko4GTQ2LWlG6/yvSHe0H67qGcY=,QJml649/eWjXI4eWhqDic4M7e14=
-261,-71,Uko4GTQ2LWlG6/yvSHe0H67qGcY=,QJml649/eWjXI4eWhqDic4M7e14=
-262,-71,Uko4GTQ2LWlG6/yvSHe0H67qGcY=,QJml649/eWjXI4eWhqDic4M7e14=
-260,-71,Uko4GTQ2LWlG6/yvSHe0H67qGcY=,QJml649/eWjXI4eWhqDic4M7e14=
-263,-71,Uko4GTQ2LWlG6/yvSHe0H67qGcY=,QJml649/eWjXI4eWhqDic4M7e14=
-264,-71,Uko4GTQ2LWlG6/yvSHe0H67qGcY=,QJml649/eWjXI4eWhqDic4M7e14=
-265,-71,Uko4GTQ2LWlG6/yvSHe0H67qGcY=,QJml649/eWjXI4eWhqDic4M7e14=
-271,-71,Uko4GTQ2LWlG6/yvSHe0H67qGcY=,QJml649/eWjXI4eWhqDic4M7e14=
-270,-71,Uko4GTQ2LWlG6/yvSHe0H67qGcY=,QJml649/eWjXI4eWhqDic4M7e14=
-272,-71,Uko4GTQ2LWlG6/yvSHe0H67qGcY=,QJml649/eWjXI4eWhqDic4M7e14=
-257,-72,Uko4GTQ2LWlG6/yvSHe0H67qGcY=,QJml649/eWjXI4eWhqDic4M7e14=
-258,-72,Uko4GTQ2LWlG6/yvSHe0H67qGcY=,QJml649/eWjXI4eWhqDic4M7e14=
-261,-72,Uko4GTQ2LWlG6/yvSHe0H67qGcY=,QJml649/eWjXI4eWhqDic4M7e14=
-260,-72,Uko4GTQ2LWlG6/yvSHe0H67qGcY=,QJml649/eWjXI4eWhqDic4M7e14=
-259,-72,Uko4GTQ2LWlG6/yvSHe0H67qGcY=,QJml649/eWjXI4eWhqDic4M7e14=
-262,-72,Uko4GTQ2LWlG6/yvSHe0H67qGcY=,QJml649/eWjXI4eWhqDic4M7e14=
-266,-71,Uko4GTQ2LWlG6/yvSHe0H67qGcY=,QJml649/eWjXI4eWhqDic4M7e14=
-263,-72,Uko4GTQ2LWlG6/yvSHe0H67qGcY=,QJml649/eWjXI4eWhqDic4M7e14=
-264,-72,Uko4GTQ2LWlG6/yvSHe0H67qGcY=,QJml649/eWjXI4eWhqDic4M7e14=
-265,-72,Uko4GTQ2LWlG6/yvSHe0H67qGcY=,QJml649/eWjXI4eWhqDic4M7e14=
-266,-72,Uko4GTQ2LWlG6/yvSHe0H67qGcY=,QJml649/eWjXI4eWhqDic4M7e14=
-269,-72,Uko4GTQ2LWlG6/yvSHe0H67qGcY=,QJml649/eWjXI4eWhqDic4M7e14=
-268,-71,Uko4GTQ2LWlG6/yvSHe0H67qGcY=,QJml649/eWjXI4eWhqDic4M7e14=
-267,-72,Uko4GTQ2LWlG6/yvSHe0H67qGcY=,QJml649/eWjXI4eWhqDic4M7e14=
-268,-72,Uko4GTQ2LWlG6/yvSHe0H67qGcY=,QJml649/eWjXI4eWhqDic4M7e14=
-267,-71,Uko4GTQ2LWlG6/yvSHe0H67qGcY=,QJml649/eWjXI4eWhqDic4M7e14=
-271,-72,Uko4GTQ2LWlG6/yvSHe0H67qGcY=,QJml649/eWjXI4eWhqDic4M7e14=
-272,-72,Uko4GTQ2LWlG6/yvSHe0H67qGcY=,QJml649/eWjXI4eWhqDic4M7e14=
-258,-73,Uko4GTQ2LWlG6/yvSHe0H67qGcY=,QJml649/eWjXI4eWhqDic4M7e14=
-270,-72,Uko4GTQ2LWlG6/yvSHe0H67qGcY=,QJml649/eWjXI4eWhqDic4M7e14=
-257,-73,Uko4GTQ2LWlG6/yvSHe0H67qGcY=,QJml649/eWjXI4eWhqDic4M7e14=
-259,-73,Uko4GTQ2LWlG6/yvSHe0H67qGcY=,QJml649/eWjXI4eWhqDic4M7e14=
-260,-73,Uko4GTQ2LWlG6/yvSHe0H67qGcY=,QJml649/eWjXI4eWhqDic4M7e14=
-269,-71,Uko4GTQ2LWlG6/yvSHe0H67qGcY=,QJml649/eWjXI4eWhqDic4M7e14=
-261,-73,Uko4GTQ2LWlG6/yvSHe0H67qGcY=,QJml649/eWjXI4eWhqDic4M7e14=
-262,-73,Uko4GTQ2LWlG6/yvSHe0H67qGcY=,QJml649/eWjXI4eWhqDic4M7e14=
-264,-73,Uko4GTQ2LWlG6/yvSHe0H67qGcY=,QJml649/eWjXI4eWhqDic4M7e14=
-265,-73,Uko4GTQ2LWlG6/yvSHe0H67qGcY=,QJml649/eWjXI4eWhqDic4M7e14=
-266,-73,Uko4GTQ2LWlG6/yvSHe0H67qGcY=,QJml649/eWjXI4eWhqDic4M7e14=
-263,-73,Uko4GTQ2LWlG6/yvSHe0H67qGcY=,QJml649/eWjXI4eWhqDic4M7e14=
-267,-73,Uko4GTQ2LWlG6/yvSHe0H67qGcY=,QJml649/eWjXI4eWhqDic4M7e14=
-268,-73,Uko4GTQ2LWlG6/yvSHe0H67qGcY=,QJml649/eWjXI4eWhqDic4M7e14=
-270,-73,Uko4GTQ2LWlG6/yvSHe0H67qGcY=,QJml649/eWjXI4eWhqDic4M7e14=
-269,-73,Uko4GTQ2LWlG6/yvSHe0H67qGcY=,QJml649/eWjXI4eWhqDic4M7e14=
-271,-73,Uko4GTQ2LWlG6/yvSHe0H67qGcY=,QJml649/eWjXI4eWhqDic4M7e14=
-272,-73,Uko4GTQ2LWlG6/yvSHe0H67qGcY=,QJml649/eWjXI4eWhqDic4M7e14=
-257,-74,Uko4GTQ2LWlG6/yvSHe0H67qGcY=,QJml649/eWjXI4eWhqDic4M7e14=
-258,-74,Uko4GTQ2LWlG6/yvSHe0H67qGcY=,QJml649/eWjXI4eWhqDic4M7e14=
-259,-74,Uko4GTQ2LWlG6/yvSHe0H67qGcY=,QJml649/eWjXI4eWhqDic4M7e14=
-260,-74,Uko4GTQ2LWlG6/yvSHe0H67qGcY=,QJml649/eWjXI4eWhqDic4M7e14=
-261,-74,Uko4GTQ2LWlG6/yvSHe0H67qGcY=,QJml649/eWjXI4eWhqDic4M7e14=
-262,-74,Uko4GTQ2LWlG6/yvSHe0H67qGcY=,QJml649/eWjXI4eWhqDic4M7e14=
-263,-74,Uko4GTQ2LWlG6/yvSHe0H67qGcY=,QJml649/eWjXI4eWhqDic4M7e14=
-264,-74,Uko4GTQ2LWlG6/yvSHe0H67qGcY=,QJml649/eWjXI4eWhqDic4M7e14=
-265,-74,Uko4GTQ2LWlG6/yvSHe0H67qGcY=,QJml649/eWjXI4eWhqDic4M7e14=
-266,-74,Uko4GTQ2LWlG6/yvSHe0H67qGcY=,QJml649/eWjXI4eWhqDic4M7e14=
-268,-74,Uko4GTQ2LWlG6/yvSHe0H67qGcY=,QJml649/eWjXI4eWhqDic4M7e14=
-269,-74,Uko4GTQ2LWlG6/yvSHe0H67qGcY=,QJml649/eWjXI4eWhqDic4M7e14=
-270,-74,Uko4GTQ2LWlG6/yvSHe0H67qGcY=,QJml649/eWjXI4eWhqDic4M7e14=
-271,-74,Uko4GTQ2LWlG6/yvSHe0H67qGcY=,QJml649/eWjXI4eWhqDic4M7e14=
-272,-74,Uko4GTQ2LWlG6/yvSHe0H67qGcY=,QJml649/eWjXI4eWhqDic4M7e14=
-257,-75,Uko4GTQ2LWlG6/yvSHe0H67qGcY=,QJml649/eWjXI4eWhqDic4M7e14=
-259,-75,Uko4GTQ2LWlG6/yvSHe0H67qGcY=,QJml649/eWjXI4eWhqDic4M7e14=
-261,-75,Uko4GTQ2LWlG6/yvSHe0H67qGcY=,QJml649/eWjXI4eWhqDic4M7e14=
-258,-75,Uko4GTQ2LWlG6/yvSHe0H67qGcY=,QJml649/eWjXI4eWhqDic4M7e14=
-260,-75,Uko4GTQ2LWlG6/yvSHe0H67qGcY=,QJml649/eWjXI4eWhqDic4M7e14=
-262,-75,Uko4GTQ2LWlG6/yvSHe0H67qGcY=,QJml649/eWjXI4eWhqDic4M7e14=
-263,-75,Uko4GTQ2LWlG6/yvSHe0H67qGcY=,QJml649/eWjXI4eWhqDic4M7e14=
-266,-75,Uko4GTQ2LWlG6/yvSHe0H67qGcY=,QJml649/eWjXI4eWhqDic4M7e14=
-265,-75,Uko4GTQ2LWlG6/yvSHe0H67qGcY=,QJml649/eWjXI4eWhqDic4M7e14=
-264,-75,Uko4GTQ2LWlG6/yvSHe0H67qGcY=,QJml649/eWjXI4eWhqDic4M7e14=
-267,-75,Uko4GTQ2LWlG6/yvSHe0H67qGcY=,QJml649/eWjXI4eWhqDic4M7e14=
-268,-75,Uko4GTQ2LWlG6/yvSHe0H67qGcY=,QJml649/eWjXI4eWhqDic4M7e14=
-269,-75,Uko4GTQ2LWlG6/yvSHe0H67qGcY=,QJml649/eWjXI4eWhqDic4M7e14=
-270,-75,Uko4GTQ2LWlG6/yvSHe0H67qGcY=,QJml649/eWjXI4eWhqDic4M7e14=
-271,-75,Uko4GTQ2LWlG6/yvSHe0H67qGcY=,QJml649/eWjXI4eWhqDic4M7e14=
-272,-75,Uko4GTQ2LWlG6/yvSHe0H67qGcY=,QJml649/eWjXI4eWhqDic4M7e14=
-257,-76,Uko4GTQ2LWlG6/yvSHe0H67qGcY=,QJml649/eWjXI4eWhqDic4M7e14=
-258,-76,Uko4GTQ2LWlG6/yvSHe0H67qGcY=,QJml649/eWjXI4eWhqDic4M7e14=
-259,-76,Uko4GTQ2LWlG6/yvSHe0H67qGcY=,QJml649/eWjXI4eWhqDic4M7e14=
-260,-76,Uko4GTQ2LWlG6/yvSHe0H67qGcY=,QJml649/eWjXI4eWhqDic4M7e14=
-262,-76,Uko4GTQ2LWlG6/yvSHe0H67qGcY=,QJml649/eWjXI4eWhqDic4M7e14=
-261,-76,Uko4GTQ2LWlG6/yvSHe0H67qGcY=,QJml649/eWjXI4eWhqDic4M7e14=
-263,-76,Uko4GTQ2LWlG6/yvSHe0H67qGcY=,QJml649/eWjXI4eWhqDic4M7e14=
-264,-76,Uko4GTQ2LWlG6/yvSHe0H67qGcY=,QJml649/eWjXI4eWhqDic4M7e14=
-265,-76,Uko4GTQ2LWlG6/yvSHe0H67qGcY=,QJml649/eWjXI4eWhqDic4M7e14=
-266,-76,Uko4GTQ2LWlG6/yvSHe0H67qGcY=,QJml649/eWjXI4eWhqDic4M7e14=
-267,-76,Uko4GTQ2LWlG6/yvSHe0H67qGcY=,QJml649/eWjXI4eWhqDic4M7e14=
-268,-76,Uko4GTQ2LWlG6/yvSHe0H67qGcY=,QJml649/eWjXI4eWhqDic4M7e14=
-269,-76,Uko4GTQ2LWlG6/yvSHe0H67qGcY=,QJml649/eWjXI4eWhqDic4M7e14=
-270,-76,Uko4GTQ2LWlG6/yvSHe0H67qGcY=,QJml649/eWjXI4eWhqDic4M7e14=
-271,-76,Uko4GTQ2LWlG6/yvSHe0H67qGcY=,QJml649/eWjXI4eWhqDic4M7e14=
-272,-76,Uko4GTQ2LWlG6/yvSHe0H67qGcY=,QJml649/eWjXI4eWhqDic4M7e14=
-268,-80,Uko4GTQ2LWlG6/yvSHe0H67qGcY=,QJml649/eWjXI4eWhqDic4M7e14=
-266,-80,uULRDHR4z7kEr7ZGLs0heIAfLss=,QJml649/eWjXI4eWhqDic4M7e14=
-271,-79,uULRDHR4z7kEr7ZGLs0heIAfLss=,QJml649/eWjXI4eWhqDic4M7e14=
-257,-77,Uko4GTQ2LWlG6/yvSHe0H67qGcY=,QJml649/eWjXI4eWhqDic4M7e14=
-258,-77,Uko4GTQ2LWlG6/yvSHe0H67qGcY=,QJml649/eWjXI4eWhqDic4M7e14=
-271,-80,Uko4GTQ2LWlG6/yvSHe0H67qGcY=,QJml649/eWjXI4eWhqDic4M7e14=
-270,-80,Uko4GTQ2LWlG6/yvSHe0H67qGcY=,QJml649/eWjXI4eWhqDic4M7e14=
-272,-80,Uko4GTQ2LWlG6/yvSHe0H67qGcY=,QJml649/eWjXI4eWhqDic4M7e14=
-259,-77,Uko4GTQ2LWlG6/yvSHe0H67qGcY=,QJml649/eWjXI4eWhqDic4M7e14=
-270,-79,uULRDHR4z7kEr7ZGLs0heIAfLss=,QJml649/eWjXI4eWhqDic4M7e14=
-260,-77,Uko4GTQ2LWlG6/yvSHe0H67qGcY=,QJml649/eWjXI4eWhqDic4M7e14=
-262,-77,Uko4GTQ2LWlG6/yvSHe0H67qGcY=,QJml649/eWjXI4eWhqDic4M7e14=
-263,-77,Uko4GTQ2LWlG6/yvSHe0H67qGcY=,QJml649/eWjXI4eWhqDic4M7e14=
-268,-77,Uko4GTQ2LWlG6/yvSHe0H67qGcY=,QJml649/eWjXI4eWhqDic4M7e14=
-267,-77,Uko4GTQ2LWlG6/yvSHe0H67qGcY=,QJml649/eWjXI4eWhqDic4M7e14=
-266,-77,Uko4GTQ2LWlG6/yvSHe0H67qGcY=,QJml649/eWjXI4eWhqDic4M7e14=
-260,-78,Uko4GTQ2LWlG6/yvSHe0H67qGcY=,QJml649/eWjXI4eWhqDic4M7e14=
-270,-77,Uko4GTQ2LWlG6/yvSHe0H67qGcY=,QJml649/eWjXI4eWhqDic4M7e14=
-264,-77,Uko4GTQ2LWlG6/yvSHe0H67qGcY=,QJml649/eWjXI4eWhqDic4M7e14=
-261,-78,Uko4GTQ2LWlG6/yvSHe0H67qGcY=,QJml649/eWjXI4eWhqDic4M7e14=
-267,-80,uULRDHR4z7kEr7ZGLs0heIAfLss=,QJml649/eWjXI4eWhqDic4M7e14=
-262,-78,Uko4GTQ2LWlG6/yvSHe0H67qGcY=,QJml649/eWjXI4eWhqDic4M7e14=
-259,-78,Uko4GTQ2LWlG6/yvSHe0H67qGcY=,QJml649/eWjXI4eWhqDic4M7e14=
-263,-78,Uko4GTQ2LWlG6/yvSHe0H67qGcY=,QJml649/eWjXI4eWhqDic4M7e14=
-257,-78,Uko4GTQ2LWlG6/yvSHe0H67qGcY=,QJml649/eWjXI4eWhqDic4M7e14=
-271,-77,Uko4GTQ2LWlG6/yvSHe0H67qGcY=,QJml649/eWjXI4eWhqDic4M7e14=
-267,-74,Uko4GTQ2LWlG6/yvSHe0H67qGcY=,QJml649/eWjXI4eWhqDic4M7e14=
-258,-78,Uko4GTQ2LWlG6/yvSHe0H67qGcY=,QJml649/eWjXI4eWhqDic4M7e14=
-264,-78,Uko4GTQ2LWlG6/yvSHe0H67qGcY=,QJml649/eWjXI4eWhqDic4M7e14=
-269,-78,Uko4GTQ2LWlG6/yvSHe0H67qGcY=,QJml649/eWjXI4eWhqDic4M7e14=
-271,-78,Uko4GTQ2LWlG6/yvSHe0H67qGcY=,QJml649/eWjXI4eWhqDic4M7e14=
-259,-79,Uko4GTQ2LWlG6/yvSHe0H67qGcY=,QJml649/eWjXI4eWhqDic4M7e14=
-260,-79,Uko4GTQ2LWlG6/yvSHe0H67qGcY=,QJml649/eWjXI4eWhqDic4M7e14=
-258,-79,Uko4GTQ2LWlG6/yvSHe0H67qGcY=,QJml649/eWjXI4eWhqDic4M7e14=
-261,-79,Uko4GTQ2LWlG6/yvSHe0H67qGcY=,QJml649/eWjXI4eWhqDic4M7e14=
-270,-78,Uko4GTQ2LWlG6/yvSHe0H67qGcY=,QJml649/eWjXI4eWhqDic4M7e14=
-265,-77,Uko4GTQ2LWlG6/yvSHe0H67qGcY=,QJml649/eWjXI4eWhqDic4M7e14=
-268,-78,Uko4GTQ2LWlG6/yvSHe0H67qGcY=,QJml649/eWjXI4eWhqDic4M7e14=
-263,-79,Uko4GTQ2LWlG6/yvSHe0H67qGcY=,QJml649/eWjXI4eWhqDic4M7e14=
-257,-79,Uko4GTQ2LWlG6/yvSHe0H67qGcY=,QJml649/eWjXI4eWhqDic4M7e14=
-262,-79,Uko4GTQ2LWlG6/yvSHe0H67qGcY=,QJml649/eWjXI4eWhqDic4M7e14=
-272,-78,Uko4GTQ2LWlG6/yvSHe0H67qGcY=,QJml649/eWjXI4eWhqDic4M7e14=
-264,-79,Uko4GTQ2LWlG6/yvSHe0H67qGcY=,QJml649/eWjXI4eWhqDic4M7e14=
-265,-78,Uko4GTQ2LWlG6/yvSHe0H67qGcY=,QJml649/eWjXI4eWhqDic4M7e14=
-266,-78,Uko4GTQ2LWlG6/yvSHe0H67qGcY=,QJml649/eWjXI4eWhqDic4M7e14=
-269,-77,Uko4GTQ2LWlG6/yvSHe0H67qGcY=,QJml649/eWjXI4eWhqDic4M7e14=
-261,-77,Uko4GTQ2LWlG6/yvSHe0H67qGcY=,QJml649/eWjXI4eWhqDic4M7e14=
-265,-79,Uko4GTQ2LWlG6/yvSHe0H67qGcY=,QJml649/eWjXI4eWhqDic4M7e14=
-267,-78,Uko4GTQ2LWlG6/yvSHe0H67qGcY=,QJml649/eWjXI4eWhqDic4M7e14=
-266,-79,uULRDHR4z7kEr7ZGLs0heIAfLss=,QJml649/eWjXI4eWhqDic4M7e14=
-269,-79,uULRDHR4z7kEr7ZGLs0heIAfLss=,QJml649/eWjXI4eWhqDic4M7e14=
-265,-80,uULRDHR4z7kEr7ZGLs0heIAfLss=,QJml649/eWjXI4eWhqDic4M7e14=
-264,-80,uULRDHR4z7kEr7ZGLs0heIAfLss=,QJml649/eWjXI4eWhqDic4M7e14=
-268,-79,uULRDHR4z7kEr7ZGLs0heIAfLss=,QJml649/eWjXI4eWhqDic4M7e14=
-267,-79,uULRDHR4z7kEr7ZGLs0heIAfLss=,QJml649/eWjXI4eWhqDic4M7e14=
-272,-77,Uko4GTQ2LWlG6/yvSHe0H67qGcY=,QJml649/eWjXI4eWhqDic4M7e14=
-269,-80,Uko4GTQ2LWlG6/yvSHe0H67qGcY=,QJml649/eWjXI4eWhqDic4M7e14=
