0,33,7WH7WRZS6Gf14Mfcq7XFvI8WQFU=,ufk1w6B7ejutaOzrucyuFEr95lI=
0,32,7WH7WRZS6Gf14Mfcq7XFvI8WQFU=,ufk1w6B7ejutaOzrucyuFEr95lI=
14,47,7WH7WRZS6Gf14Mfcq7XFvI8WQFU=,ufk1w6B7ejutaOzrucyuFEr95lI=
13,47,7WH7WRZS6Gf14Mfcq7XFvI8WQFU=,ufk1w6B7ejutaOzrucyuFEr95lI=
15,47,7WH7WRZS6Gf14Mfcq7XFvI8WQFU=,ufk1w6B7ejutaOzrucyuFEr95lI=
11,47,7WH7WRZS6Gf14Mfcq7XFvI8WQFU=,ufk1w6B7ejutaOzrucyuFEr95lI=
10,47,7WH7WRZS6Gf14Mfcq7XFvI8WQFU=,ufk1w6B7ejutaOzrucyuFEr95lI=
9,47,7WH7WRZS6Gf14Mfcq7XFvI8WQFU=,ufk1w6B7ejutaOzrucyuFEr95lI=
12,47,7WH7WRZS6Gf14Mfcq7XFvI8WQFU=,ufk1w6B7ejutaOzrucyuFEr95lI=
8,47,7WH7WRZS6Gf14Mfcq7XFvI8WQFU=,ufk1w6B7ejutaOzrucyuFEr95lI=
6,47,7WH7WRZS6Gf14Mfcq7XFvI8WQFU=,ufk1w6B7ejutaOzrucyuFEr95lI=
7,47,7WH7WRZS6Gf14Mfcq7XFvI8WQFU=,ufk1w6B7ejutaOzrucyuFEr95lI=
5,47,7WH7WRZS6Gf14Mfcq7XFvI8WQFU=,ufk1w6B7ejutaOzrucyuFEr95lI=
4,47,7WH7WRZS6Gf14Mfcq7XFvI8WQFU=,ufk1w6B7ejutaOzrucyuFEr95lI=
2,47,7WH7WRZS6Gf14Mfcq7XFvI8WQFU=,ufk1w6B7ejutaOzrucyuFEr95lI=
3,47,7WH7WRZS6Gf14Mfcq7XFvI8WQFU=,ufk1w6B7ejutaOzrucyuFEr95lI=
14,33,7WH7WRZS6Gf14Mfcq7XFvI8WQFU=,ufk1w6B7ejutaOzrucyuFEr95lI=
15,32,7WH7WRZS6Gf14Mfcq7XFvI8WQFU=,ufk1w6B7ejutaOzrucyuFEr95lI=
1,47,7WH7WRZS6Gf14Mfcq7XFvI8WQFU=,ufk1w6B7ejutaOzrucyuFEr95lI=
14,32,7WH7WRZS6Gf14Mfcq7XFvI8WQFU=,ufk1w6B7ejutaOzrucyuFEr95lI=
0,47,7WH7WRZS6Gf14Mfcq7XFvI8WQFU=,ufk1w6B7ejutaOzrucyuFEr95lI=
13,32,7WH7WRZS6Gf14Mfcq7XFvI8WQFU=,ufk1w6B7ejutaOzrucyuFEr95lI=
11,32,7WH7WRZS6Gf14Mfcq7XFvI8WQFU=,ufk1w6B7ejutaOzrucyuFEr95lI=
10,32,7WH7WRZS6Gf14Mfcq7XFvI8WQFU=,ufk1w6B7ejutaOzrucyuFEr95lI=
9,32,7WH7WRZS6Gf14Mfcq7XFvI8WQFU=,ufk1w6B7ejutaOzrucyuFEr95lI=
8,32,7WH7WRZS6Gf14Mfcq7XFvI8WQFU=,ufk1w6B7ejutaOzrucyuFEr95lI=
7,32,7WH7WRZS6Gf14Mfcq7XFvI8WQFU=,ufk1w6B7ejutaOzrucyuFEr95lI=
6,32,7WH7WRZS6Gf14Mfcq7XFvI8WQFU=,ufk1w6B7ejutaOzrucyuFEr95lI=
5,32,7WH7WRZS6Gf14Mfcq7XFvI8WQFU=,ufk1w6B7ejutaOzrucyuFEr95lI=
12,32,7WH7WRZS6Gf14Mfcq7XFvI8WQFU=,ufk1w6B7ejutaOzrucyuFEr95lI=
4,32,7WH7WRZS6Gf14Mfcq7XFvI8WQFU=,ufk1w6B7ejutaOzrucyuFEr95lI=
3,32,7WH7WRZS6Gf14Mfcq7XFvI8WQFU=,ufk1w6B7ejutaOzrucyuFEr95lI=
2,32,7WH7WRZS6Gf14Mfcq7XFvI8WQFU=,ufk1w6B7ejutaOzrucyuFEr95lI=
1,32,7WH7WRZS6Gf14Mfcq7XFvI8WQFU=,ufk1w6B7ejutaOzrucyuFEr95lI=
13,33,7WH7WRZS6Gf14Mfcq7XFvI8WQFU=,ufk1w6B7ejutaOzrucyuFEr95lI=
14,46,7WH7WRZS6Gf14Mfcq7XFvI8WQFU=,ufk1w6B7ejutaOzrucyuFEr95lI=
13,46,7WH7WRZS6Gf14Mfcq7XFvI8WQFU=,ufk1w6B7ejutaOzrucyuFEr95lI=
12,46,7WH7WRZS6Gf14Mfcq7XFvI8WQFU=,ufk1w6B7ejutaOzrucyuFEr95lI=
11,46,7WH7WRZS6Gf14Mfcq7XFvI8WQFU=,ufk1w6B7ejutaOzrucyuFEr95lI=
10,46,7WH7WRZS6Gf14Mfcq7XFvI8WQFU=,ufk1w6B7ejutaOzrucyuFEr95lI=
15,46,7WH7WRZS6Gf14Mfcq7XFvI8WQFU=,ufk1w6B7ejutaOzrucyuFEr95lI=
9,46,7WH7WRZS6Gf14Mfcq7XFvI8WQFU=,ufk1w6B7ejutaOzrucyuFEr95lI=
8,46,7WH7WRZS6Gf14Mfcq7XFvI8WQFU=,ufk1w6B7ejutaOzrucyuFEr95lI=
6,46,7WH7WRZS6Gf14Mfcq7XFvI8WQFU=,ufk1w6B7ejutaOzrucyuFEr95lI=
5,46,7WH7WRZS6Gf14Mfcq7XFvI8WQFU=,ufk1w6B7ejutaOzrucyuFEr95lI=
4,46,7WH7WRZS6Gf14Mfcq7XFvI8WQFU=,ufk1w6B7ejutaOzrucyuFEr95lI=
3,46,7WH7WRZS6Gf14Mfcq7XFvI8WQFU=,ufk1w6B7ejutaOzrucyuFEr95lI=
2,46,7WH7WRZS6Gf14Mfcq7XFvI8WQFU=,ufk1w6B7ejutaOzrucyuFEr95lI=
7,46,7WH7WRZS6Gf14Mfcq7XFvI8WQFU=,ufk1w6B7ejutaOzrucyuFEr95lI=
1,46,7WH7WRZS6Gf14Mfcq7XFvI8WQFU=,ufk1w6B7ejutaOzrucyuFEr95lI=
0,46,7WH7WRZS6Gf14Mfcq7XFvI8WQFU=,ufk1w6B7ejutaOzrucyuFEr95lI=
12,33,7WH7WRZS6Gf14Mfcq7XFvI8WQFU=,ufk1w6B7ejutaOzrucyuFEr95lI=
15,45,7WH7WRZS6Gf14Mfcq7XFvI8WQFU=,ufk1w6B7ejutaOzrucyuFEr95lI=
13,45,7WH7WRZS6Gf14Mfcq7XFvI8WQFU=,ufk1w6B7ejutaOzrucyuFEr95lI=
12,45,7WH7WRZS6Gf14Mfcq7XFvI8WQFU=,ufk1w6B7ejutaOzrucyuFEr95lI=
11,45,7WH7WRZS6Gf14Mfcq7XFvI8WQFU=,ufk1w6B7ejutaOzrucyuFEr95lI=
10,45,7WH7WRZS6Gf14Mfcq7XFvI8WQFU=,ufk1w6B7ejutaOzrucyuFEr95lI=
14,45,7WH7WRZS6Gf14Mfcq7XFvI8WQFU=,ufk1w6B7ejutaOzrucyuFEr95lI=
9,45,7WH7WRZS6Gf14Mfcq7XFvI8WQFU=,ufk1w6B7ejutaOzrucyuFEr95lI=
8,45,7WH7WRZS6Gf14Mfcq7XFvI8WQFU=,ufk1w6B7ejutaOzrucyuFEr95lI=
6,45,7WH7WRZS6Gf14Mfcq7XFvI8WQFU=,ufk1w6B7ejutaOzrucyuFEr95lI=
5,45,7WH7WRZS6Gf14Mfcq7XFvI8WQFU=,ufk1w6B7ejutaOzrucyuFEr95lI=
4,45,7WH7WRZS6Gf14Mfcq7XFvI8WQFU=,ufk1w6B7ejutaOzrucyuFEr95lI=
7,45,7WH7WRZS6Gf14Mfcq7XFvI8WQFU=,ufk1w6B7ejutaOzrucyuFEr95lI=
2,45,7WH7WRZS6Gf14Mfcq7XFvI8WQFU=,ufk1w6B7ejutaOzrucyuFEr95lI=
3,45,7WH7WRZS6Gf14Mfcq7XFvI8WQFU=,ufk1w6B7ejutaOzrucyuFEr95lI=
1,45,7WH7WRZS6Gf14Mfcq7XFvI8WQFU=,ufk1w6B7ejutaOzrucyuFEr95lI=
11,33,7WH7WRZS6Gf14Mfcq7XFvI8WQFU=,ufk1w6B7ejutaOzrucyuFEr95lI=
0,45,7WH7WRZS6Gf14Mfcq7XFvI8WQFU=,ufk1w6B7ejutaOzrucyuFEr95lI=
15,44,7WH7WRZS6Gf14Mfcq7XFvI8WQFU=,ufk1w6B7ejutaOzrucyuFEr95lI=
13,44,7WH7WRZS6Gf14Mfcq7XFvI8WQFU=,ufk1w6B7ejutaOzrucyuFEr95lI=
12,44,7WH7WRZS6Gf14Mfcq7XFvI8WQFU=,ufk1w6B7ejutaOzrucyuFEr95lI=
11,44,7WH7WRZS6Gf14Mfcq7XFvI8WQFU=,ufk1w6B7ejutaOzrucyuFEr95lI=
10,44,7WH7WRZS6Gf14Mfcq7XFvI8WQFU=,ufk1w6B7ejutaOzrucyuFEr95lI=
14,44,7WH7WRZS6Gf14Mfcq7XFvI8WQFU=,ufk1w6B7ejutaOzrucyuFEr95lI=
9,44,7WH7WRZS6Gf14Mfcq7XFvI8WQFU=,ufk1w6B7ejutaOzrucyuFEr95lI=
8,44,7WH7WRZS6Gf14Mfcq7XFvI8WQFU=,ufk1w6B7ejutaOzrucyuFEr95lI=
6,44,7WH7WRZS6Gf14Mfcq7XFvI8WQFU=,ufk1w6B7ejutaOzrucyuFEr95lI=
5,44,7WH7WRZS6Gf14Mfcq7XFvI8WQFU=,ufk1w6B7ejutaOzrucyuFEr95lI=
7,44,7WH7WRZS6Gf14Mfcq7XFvI8WQFU=,ufk1w6B7ejutaOzrucyuFEr95lI=
4,44,7WH7WRZS6Gf14Mfcq7XFvI8WQFU=,ufk1w6B7ejutaOzrucyuFEr95lI=
3,44,7WH7WRZS6Gf14Mfcq7XFvI8WQFU=,ufk1w6B7ejutaOzrucyuFEr95lI=
1,44,7WH7WRZS6Gf14Mfcq7XFvI8WQFU=,ufk1w6B7ejutaOzrucyuFEr95lI=
0,44,7WH7WRZS6Gf14Mfcq7XFvI8WQFU=,ufk1w6B7ejutaOzrucyuFEr95lI=
10,33,7WH7WRZS6Gf14Mfcq7XFvI8WQFU=,ufk1w6B7ejutaOzrucyuFEr95lI=
2,44,7WH7WRZS6Gf14Mfcq7XFvI8WQFU=,ufk1w6B7ejutaOzrucyuFEr95lI=
15,43,7WH7WRZS6Gf14Mfcq7XFvI8WQFU=,ufk1w6B7ejutaOzrucyuFEr95lI=
13,43,7WH7WRZS6Gf14Mfcq7XFvI8WQFU=,ufk1w6B7ejutaOzrucyuFEr95lI=
12,43,7WH7WRZS6Gf14Mfcq7XFvI8WQFU=,ufk1w6B7ejutaOzrucyuFEr95lI=
11,43,7WH7WRZS6Gf14Mfcq7XFvI8WQFU=,ufk1w6B7ejutaOzrucyuFEr95lI=
10,43,7WH7WRZS6Gf14Mfcq7XFvI8WQFU=,ufk1w6B7ejutaOzrucyuFEr95lI=
14,43,7WH7WRZS6Gf14Mfcq7XFvI8WQFU=,ufk1w6B7ejutaOzrucyuFEr95lI=
9,43,7WH7WRZS6Gf14Mfcq7XFvI8WQFU=,ufk1w6B7ejutaOzrucyuFEr95lI=
8,43,7WH7WRZS6Gf14Mfcq7XFvI8WQFU=,ufk1w6B7ejutaOzrucyuFEr95lI=
7,43,7WH7WRZS6Gf14Mfcq7XFvI8WQFU=,ufk1w6B7ejutaOzrucyuFEr95lI=
5,43,7WH7WRZS6Gf14Mfcq7XFvI8WQFU=,ufk1w6B7ejutaOzrucyuFEr95lI=
6,43,7WH7WRZS6Gf14Mfcq7XFvI8WQFU=,ufk1w6B7ejutaOzrucyuFEr95lI=
3,43,7WH7WRZS6Gf14Mfcq7XFvI8WQFU=,ufk1w6B7ejutaOzrucyuFEr95lI=
4,43,7WH7WRZS6Gf14Mfcq7XFvI8WQFU=,ufk1w6B7ejutaOzrucyuFEr95lI=
1,43,7WH7WRZS6Gf14Mfcq7XFvI8WQFU=,ufk1w6B7ejutaOzrucyuFEr95lI=
2,43,7WH7WRZS6Gf14Mfcq7XFvI8WQFU=,ufk1w6B7ejutaOzrucyuFEr95lI=
9,33,7WH7WRZS6Gf14Mfcq7XFvI8WQFU=,ufk1w6B7ejutaOzrucyuFEr95lI=
15,42,7WH7WRZS6Gf14Mfcq7XFvI8WQFU=,ufk1w6B7ejutaOzrucyuFEr95lI=
14,42,7WH7WRZS6Gf14Mfcq7XFvI8WQFU=,ufk1w6B7ejutaOzrucyuFEr95lI=
13,42,7WH7WRZS6Gf14Mfcq7XFvI8WQFU=,ufk1w6B7ejutaOzrucyuFEr95lI=
11,42,7WH7WRZS6Gf14Mfcq7XFvI8WQFU=,ufk1w6B7ejutaOzrucyuFEr95lI=
12,42,7WH7WRZS6Gf14Mfcq7XFvI8WQFU=,ufk1w6B7ejutaOzrucyuFEr95lI=
9,42,7WH7WRZS6Gf14Mfcq7XFvI8WQFU=,ufk1w6B7ejutaOzrucyuFEr95lI=
10,42,7WH7WRZS6Gf14Mfcq7XFvI8WQFU=,ufk1w6B7ejutaOzrucyuFEr95lI=
8,42,7WH7WRZS6Gf14Mfcq7XFvI8WQFU=,ufk1w6B7ejutaOzrucyuFEr95lI=
7,42,7WH7WRZS6Gf14Mfcq7XFvI8WQFU=,ufk1w6B7ejutaOzrucyuFEr95lI=
0,43,7WH7WRZS6Gf14Mfcq7XFvI8WQFU=,ufk1w6B7ejutaOzrucyuFEr95lI=
6,42,7WH7WRZS6Gf14Mfcq7XFvI8WQFU=,ufk1w6B7ejutaOzrucyuFEr95lI=
3,42,7WH7WRZS6Gf14Mfcq7XFvI8WQFU=,ufk1w6B7ejutaOzrucyuFEr95lI=
4,42,7WH7WRZS6Gf14Mfcq7XFvI8WQFU=,ufk1w6B7ejutaOzrucyuFEr95lI=
2,42,7WH7WRZS6Gf14Mfcq7XFvI8WQFU=,ufk1w6B7ejutaOzrucyuFEr95lI=
1,42,7WH7WRZS6Gf14Mfcq7XFvI8WQFU=,ufk1w6B7ejutaOzrucyuFEr95lI=
15,41,7WH7WRZS6Gf14Mfcq7XFvI8WQFU=,ufk1w6B7ejutaOzrucyuFEr95lI=
5,42,7WH7WRZS6Gf14Mfcq7XFvI8WQFU=,ufk1w6B7ejutaOzrucyuFEr95lI=
8,33,7WH7WRZS6Gf14Mfcq7XFvI8WQFU=,ufk1w6B7ejutaOzrucyuFEr95lI=
14,41,7WH7WRZS6Gf14Mfcq7XFvI8WQFU=,ufk1w6B7ejutaOzrucyuFEr95lI=
13,41,7WH7WRZS6Gf14Mfcq7XFvI8WQFU=,ufk1w6B7ejutaOzrucyuFEr95lI=
12,41,7WH7WRZS6Gf14Mfcq7XFvI8WQFU=,ufk1w6B7ejutaOzrucyuFEr95lI=
11,41,7WH7WRZS6Gf14Mfcq7XFvI8WQFU=,ufk1w6B7ejutaOzrucyuFEr95lI=
10,41,7WH7WRZS6Gf14Mfcq7XFvI8WQFU=,ufk1w6B7ejutaOzrucyuFEr95lI=
9,41,7WH7WRZS6Gf14Mfcq7XFvI8WQFU=,ufk1w6B7ejutaOzrucyuFEr95lI=
8,41,7WH7WRZS6Gf14Mfcq7XFvI8WQFU=,ufk1w6B7ejutaOzrucyuFEr95lI=
0,42,7WH7WRZS6Gf14Mfcq7XFvI8WQFU=,ufk1w6B7ejutaOzrucyuFEr95lI=
7,41,7WH7WRZS6Gf14Mfcq7XFvI8WQFU=,ufk1w6B7ejutaOzrucyuFEr95lI=
5,41,7WH7WRZS6Gf14Mfcq7XFvI8WQFU=,ufk1w6B7ejutaOzrucyuFEr95lI=
6,41,7WH7WRZS6Gf14Mfcq7XFvI8WQFU=,ufk1w6B7ejutaOzrucyuFEr95lI=
4,41,7WH7WRZS6Gf14Mfcq7XFvI8WQFU=,ufk1w6B7ejutaOzrucyuFEr95lI=
3,41,7WH7WRZS6Gf14Mfcq7XFvI8WQFU=,ufk1w6B7ejutaOzrucyuFEr95lI=
2,41,7WH7WRZS6Gf14Mfcq7XFvI8WQFU=,ufk1w6B7ejutaOzrucyuFEr95lI=
1,41,7WH7WRZS6Gf14Mfcq7XFvI8WQFU=,ufk1w6B7ejutaOzrucyuFEr95lI=
7,33,7WH7WRZS6Gf14Mfcq7XFvI8WQFU=,ufk1w6B7ejutaOzrucyuFEr95lI=
0,41,7WH7WRZS6Gf14Mfcq7XFvI8WQFU=,ufk1w6B7ejutaOzrucyuFEr95lI=
14,40,7WH7WRZS6Gf14Mfcq7XFvI8WQFU=,ufk1w6B7ejutaOzrucyuFEr95lI=
15,40,7WH7WRZS6Gf14Mfcq7XFvI8WQFU=,ufk1w6B7ejutaOzrucyuFEr95lI=
12,40,7WH7WRZS6Gf14Mfcq7XFvI8WQFU=,ufk1w6B7ejutaOzrucyuFEr95lI=
13,40,7WH7WRZS6Gf14Mfcq7XFvI8WQFU=,ufk1w6B7ejutaOzrucyuFEr95lI=
11,40,7WH7WRZS6Gf14Mfcq7XFvI8WQFU=,ufk1w6B7ejutaOzrucyuFEr95lI=
10,40,7WH7WRZS6Gf14Mfcq7XFvI8WQFU=,ufk1w6B7ejutaOzrucyuFEr95lI=
9,40,7WH7WRZS6Gf14Mfcq7XFvI8WQFU=,ufk1w6B7ejutaOzrucyuFEr95lI=
8,40,7WH7WRZS6Gf14Mfcq7XFvI8WQFU=,ufk1w6B7ejutaOzrucyuFEr95lI=
6,40,7WH7WRZS6Gf14Mfcq7XFvI8WQFU=,ufk1w6B7ejutaOzrucyuFEr95lI=
7,40,7WH7WRZS6Gf14Mfcq7XFvI8WQFU=,ufk1w6B7ejutaOzrucyuFEr95lI=
5,40,7WH7WRZS6Gf14Mfcq7XFvI8WQFU=,ufk1w6B7ejutaOzrucyuFEr95lI=
3,40,7WH7WRZS6Gf14Mfcq7XFvI8WQFU=,ufk1w6B7ejutaOzrucyuFEr95lI=
4,40,7WH7WRZS6Gf14Mfcq7XFvI8WQFU=,ufk1w6B7ejutaOzrucyuFEr95lI=
2,40,7WH7WRZS6Gf14Mfcq7XFvI8WQFU=,ufk1w6B7ejutaOzrucyuFEr95lI=
1,40,7WH7WRZS6Gf14Mfcq7XFvI8WQFU=,ufk1w6B7ejutaOzrucyuFEr95lI=
6,33,7WH7WRZS6Gf14Mfcq7XFvI8WQFU=,ufk1w6B7ejutaOzrucyuFEr95lI=
0,40,7WH7WRZS6Gf14Mfcq7XFvI8WQFU=,ufk1w6B7ejutaOzrucyuFEr95lI=
15,39,7WH7WRZS6Gf14Mfcq7XFvI8WQFU=,ufk1w6B7ejutaOzrucyuFEr95lI=
13,39,7WH7WRZS6Gf14Mfcq7XFvI8WQFU=,ufk1w6B7ejutaOzrucyuFEr95lI=
12,39,7WH7WRZS6Gf14Mfcq7XFvI8WQFU=,ufk1w6B7ejutaOzrucyuFEr95lI=
14,39,7WH7WRZS6Gf14Mfcq7XFvI8WQFU=,ufk1w6B7ejutaOzrucyuFEr95lI=
10,39,7WH7WRZS6Gf14Mfcq7XFvI8WQFU=,ufk1w6B7ejutaOzrucyuFEr95lI=
9,39,7WH7WRZS6Gf14Mfcq7XFvI8WQFU=,ufk1w6B7ejutaOzrucyuFEr95lI=
7,39,7WH7WRZS6Gf14Mfcq7XFvI8WQFU=,ufk1w6B7ejutaOzrucyuFEr95lI=
8,39,7WH7WRZS6Gf14Mfcq7XFvI8WQFU=,ufk1w6B7ejutaOzrucyuFEr95lI=
5,39,7WH7WRZS6Gf14Mfcq7XFvI8WQFU=,ufk1w6B7ejutaOzrucyuFEr95lI=
6,39,7WH7WRZS6Gf14Mfcq7XFvI8WQFU=,ufk1w6B7ejutaOzrucyuFEr95lI=
4,39,7WH7WRZS6Gf14Mfcq7XFvI8WQFU=,ufk1w6B7ejutaOzrucyuFEr95lI=
3,39,7WH7WRZS6Gf14Mfcq7XFvI8WQFU=,ufk1w6B7ejutaOzrucyuFEr95lI=
2,39,7WH7WRZS6Gf14Mfcq7XFvI8WQFU=,ufk1w6B7ejutaOzrucyuFEr95lI=
1,39,7WH7WRZS6Gf14Mfcq7XFvI8WQFU=,ufk1w6B7ejutaOzrucyuFEr95lI=
5,33,7WH7WRZS6Gf14Mfcq7XFvI8WQFU=,ufk1w6B7ejutaOzrucyuFEr95lI=
15,38,7WH7WRZS6Gf14Mfcq7XFvI8WQFU=,ufk1w6B7ejutaOzrucyuFEr95lI=
0,39,7WH7WRZS6Gf14Mfcq7XFvI8WQFU=,ufk1w6B7ejutaOzrucyuFEr95lI=
14,38,7WH7WRZS6Gf14Mfcq7XFvI8WQFU=,ufk1w6B7ejutaOzrucyuFEr95lI=
12,38,7WH7WRZS6Gf14Mfcq7XFvI8WQFU=,ufk1w6B7ejutaOzrucyuFEr95lI=
11,38,7WH7WRZS6Gf14Mfcq7XFvI8WQFU=,ufk1w6B7ejutaOzrucyuFEr95lI=
10,38,7WH7WRZS6Gf14Mfcq7XFvI8WQFU=,ufk1w6B7ejutaOzrucyuFEr95lI=
9,38,7WH7WRZS6Gf14Mfcq7XFvI8WQFU=,ufk1w6B7ejutaOzrucyuFEr95lI=
8,38,7WH7WRZS6Gf14Mfcq7XFvI8WQFU=,ufk1w6B7ejutaOzrucyuFEr95lI=
7,38,7WH7WRZS6Gf14Mfcq7XFvI8WQFU=,ufk1w6B7ejutaOzrucyuFEr95lI=
6,38,7WH7WRZS6Gf14Mfcq7XFvI8WQFU=,ufk1w6B7ejutaOzrucyuFEr95lI=
5,38,7WH7WRZS6Gf14Mfcq7XFvI8WQFU=,ufk1w6B7ejutaOzrucyuFEr95lI=
13,38,7WH7WRZS6Gf14Mfcq7XFvI8WQFU=,ufk1w6B7ejutaOzrucyuFEr95lI=
3,38,7WH7WRZS6Gf14Mfcq7XFvI8WQFU=,ufk1w6B7ejutaOzrucyuFEr95lI=
4,38,7WH7WRZS6Gf14Mfcq7XFvI8WQFU=,ufk1w6B7ejutaOzrucyuFEr95lI=
2,38,7WH7WRZS6Gf14Mfcq7XFvI8WQFU=,ufk1w6B7ejutaOzrucyuFEr95lI=
0,38,7WH7WRZS6Gf14Mfcq7XFvI8WQFU=,ufk1w6B7ejutaOzrucyuFEr95lI=
4,33,7WH7WRZS6Gf14Mfcq7XFvI8WQFU=,ufk1w6B7ejutaOzrucyuFEr95lI=
1,38,7WH7WRZS6Gf14Mfcq7XFvI8WQFU=,ufk1w6B7ejutaOzrucyuFEr95lI=
15,37,7WH7WRZS6Gf14Mfcq7XFvI8WQFU=,ufk1w6B7ejutaOzrucyuFEr95lI=
14,37,7WH7WRZS6Gf14Mfcq7XFvI8WQFU=,ufk1w6B7ejutaOzrucyuFEr95lI=
12,37,7WH7WRZS6Gf14Mfcq7XFvI8WQFU=,ufk1w6B7ejutaOzrucyuFEr95lI=
11,37,7WH7WRZS6Gf14Mfcq7XFvI8WQFU=,ufk1w6B7ejutaOzrucyuFEr95lI=
10,37,7WH7WRZS6Gf14Mfcq7XFvI8WQFU=,ufk1w6B7ejutaOzrucyuFEr95lI=
9,37,7WH7WRZS6Gf14Mfcq7XFvI8WQFU=,ufk1w6B7ejutaOzrucyuFEr95lI=
8,37,7WH7WRZS6Gf14Mfcq7XFvI8WQFU=,ufk1w6B7ejutaOzrucyuFEr95lI=
7,37,7WH7WRZS6Gf14Mfcq7XFvI8WQFU=,ufk1w6B7ejutaOzrucyuFEr95lI=
6,37,7WH7WRZS6Gf14Mfcq7XFvI8WQFU=,ufk1w6B7ejutaOzrucyuFEr95lI=
13,37,7WH7WRZS6Gf14Mfcq7XFvI8WQFU=,ufk1w6B7ejutaOzrucyuFEr95lI=
5,37,7WH7WRZS6Gf14Mfcq7XFvI8WQFU=,ufk1w6B7ejutaOzrucyuFEr95lI=
3,37,7WH7WRZS6Gf14Mfcq7XFvI8WQFU=,ufk1w6B7ejutaOzrucyuFEr95lI=
4,37,7WH7WRZS6Gf14Mfcq7XFvI8WQFU=,ufk1w6B7ejutaOzrucyuFEr95lI=
2,37,7WH7WRZS6Gf14Mfcq7XFvI8WQFU=,ufk1w6B7ejutaOzrucyuFEr95lI=
1,37,7WH7WRZS6Gf14Mfcq7XFvI8WQFU=,ufk1w6B7ejutaOzrucyuFEr95lI=
3,33,7WH7WRZS6Gf14Mfcq7XFvI8WQFU=,ufk1w6B7ejutaOzrucyuFEr95lI=
15,36,7WH7WRZS6Gf14Mfcq7XFvI8WQFU=,ufk1w6B7ejutaOzrucyuFEr95lI=
0,37,7WH7WRZS6Gf14Mfcq7XFvI8WQFU=,ufk1w6B7ejutaOzrucyuFEr95lI=
14,36,7WH7WRZS6Gf14Mfcq7XFvI8WQFU=,ufk1w6B7ejutaOzrucyuFEr95lI=
12,36,7WH7WRZS6Gf14Mfcq7XFvI8WQFU=,ufk1w6B7ejutaOzrucyuFEr95lI=
11,36,7WH7WRZS6Gf14Mfcq7XFvI8WQFU=,ufk1w6B7ejutaOzrucyuFEr95lI=
10,36,7WH7WRZS6Gf14Mfcq7XFvI8WQFU=,ufk1w6B7ejutaOzrucyuFEr95lI=
9,36,7WH7WRZS6Gf14Mfcq7XFvI8WQFU=,ufk1w6B7ejutaOzrucyuFEr95lI=
8,36,7WH7WRZS6Gf14Mfcq7XFvI8WQFU=,ufk1w6B7ejutaOzrucyuFEr95lI=
7,36,7WH7WRZS6Gf14Mfcq7XFvI8WQFU=,ufk1w6B7ejutaOzrucyuFEr95lI=
13,36,7WH7WRZS6Gf14Mfcq7XFvI8WQFU=,ufk1w6B7ejutaOzrucyuFEr95lI=
6,36,7WH7WRZS6Gf14Mfcq7XFvI8WQFU=,ufk1w6B7ejutaOzrucyuFEr95lI=
5,36,7WH7WRZS6Gf14Mfcq7XFvI8WQFU=,ufk1w6B7ejutaOzrucyuFEr95lI=
4,36,7WH7WRZS6Gf14Mfcq7XFvI8WQFU=,ufk1w6B7ejutaOzrucyuFEr95lI=
2,36,7WH7WRZS6Gf14Mfcq7XFvI8WQFU=,ufk1w6B7ejutaOzrucyuFEr95lI=
3,36,7WH7WRZS6Gf14Mfcq7XFvI8WQFU=,ufk1w6B7ejutaOzrucyuFEr95lI=
1,36,7WH7WRZS6Gf14Mfcq7XFvI8WQFU=,ufk1w6B7ejutaOzrucyuFEr95lI=
2,33,7WH7WRZS6Gf14Mfcq7XFvI8WQFU=,ufk1w6B7ejutaOzrucyuFEr95lI=
0,36,7WH7WRZS6Gf14Mfcq7XFvI8WQFU=,ufk1w6B7ejutaOzrucyuFEr95lI=
15,35,7WH7WRZS6Gf14Mfcq7XFvI8WQFU=,ufk1w6B7ejutaOzrucyuFEr95lI=
13,35,7WH7WRZS6Gf14Mfcq7XFvI8WQFU=,ufk1w6B7ejutaOzrucyuFEr95lI=
14,35,7WH7WRZS6Gf14Mfcq7XFvI8WQFU=,ufk1w6B7ejutaOzrucyuFEr95lI=
11,35,7WH7WRZS6Gf14Mfcq7XFvI8WQFU=,ufk1w6B7ejutaOzrucyuFEr95lI=
10,35,7WH7WRZS6Gf14Mfcq7XFvI8WQFU=,ufk1w6B7ejutaOzrucyuFEr95lI=
9,35,7WH7WRZS6Gf14Mfcq7XFvI8WQFU=,ufk1w6B7ejutaOzrucyuFEr95lI=
8,35,7WH7WRZS6Gf14Mfcq7XFvI8WQFU=,ufk1w6B7ejutaOzrucyuFEr95lI=
12,35,7WH7WRZS6Gf14Mfcq7XFvI8WQFU=,ufk1w6B7ejutaOzrucyuFEr95lI=
7,35,7WH7WRZS6Gf14Mfcq7XFvI8WQFU=,ufk1w6B7ejutaOzrucyuFEr95lI=
5,35,7WH7WRZS6Gf14Mfcq7XFvI8WQFU=,ufk1w6B7ejutaOzrucyuFEr95lI=
4,35,7WH7WRZS6Gf14Mfcq7XFvI8WQFU=,ufk1w6B7ejutaOzrucyuFEr95lI=
3,35,7WH7WRZS6Gf14Mfcq7XFvI8WQFU=,ufk1w6B7ejutaOzrucyuFEr95lI=
2,35,7WH7WRZS6Gf14Mfcq7XFvI8WQFU=,ufk1w6B7ejutaOzrucyuFEr95lI=
6,35,7WH7WRZS6Gf14Mfcq7XFvI8WQFU=,ufk1w6B7ejutaOzrucyuFEr95lI=
0,35,7WH7WRZS6Gf14Mfcq7XFvI8WQFU=,ufk1w6B7ejutaOzrucyuFEr95lI=
1,35,7WH7WRZS6Gf14Mfcq7XFvI8WQFU=,ufk1w6B7ejutaOzrucyuFEr95lI=
15,34,7WH7WRZS6Gf14Mfcq7XFvI8WQFU=,ufk1w6B7ejutaOzrucyuFEr95lI=
14,34,7WH7WRZS6Gf14Mfcq7XFvI8WQFU=,ufk1w6B7ejutaOzrucyuFEr95lI=
1,33,7WH7WRZS6Gf14Mfcq7XFvI8WQFU=,ufk1w6B7ejutaOzrucyuFEr95lI=
12,34,7WH7WRZS6Gf14Mfcq7XFvI8WQFU=,ufk1w6B7ejutaOzrucyuFEr95lI=
11,34,7WH7WRZS6Gf14Mfcq7XFvI8WQFU=,ufk1w6B7ejutaOzrucyuFEr95lI=
10,34,7WH7WRZS6Gf14Mfcq7XFvI8WQFU=,ufk1w6B7ejutaOzrucyuFEr95lI=
9,34,7WH7WRZS6Gf14Mfcq7XFvI8WQFU=,ufk1w6B7ejutaOzrucyuFEr95lI=
8,34,7WH7WRZS6Gf14Mfcq7XFvI8WQFU=,ufk1w6B7ejutaOzrucyuFEr95lI=
7,34,7WH7WRZS6Gf14Mfcq7XFvI8WQFU=,ufk1w6B7ejutaOzrucyuFEr95lI=
13,34,7WH7WRZS6Gf14Mfcq7XFvI8WQFU=,ufk1w6B7ejutaOzrucyuFEr95lI=
5,34,7WH7WRZS6Gf14Mfcq7XFvI8WQFU=,ufk1w6B7ejutaOzrucyuFEr95lI=
4,34,7WH7WRZS6Gf14Mfcq7XFvI8WQFU=,ufk1w6B7ejutaOzrucyuFEr95lI=
3,34,7WH7WRZS6Gf14Mfcq7XFvI8WQFU=,ufk1w6B7ejutaOzrucyuFEr95lI=
6,34,7WH7WRZS6Gf14Mfcq7XFvI8WQFU=,ufk1w6B7ejutaOzrucyuFEr95lI=
2,34,7WH7WRZS6Gf14Mfcq7XFvI8WQFU=,ufk1w6B7ejutaOzrucyuFEr95lI=
0,34,7WH7WRZS6Gf14Mfcq7XFvI8WQFU=,ufk1w6B7ejutaOzrucyuFEr95lI=
15,33,7WH7WRZS6Gf14Mfcq7XFvI8WQFU=,ufk1w6B7ejutaOzrucyuFEr95lI=
1,34,7WH7WRZS6Gf14Mfcq7XFvI8WQFU=,ufk1w6B7ejutaOzrucyuFEr95lI=
11,39,7WH7WRZS6Gf14Mfcq7XFvI8WQFU=,ufk1w6B7ejutaOzrucyuFEr95lI=
16,32,7WH7WRZS6Gf14Mfcq7XFvI8WQFU=,ufk1w6B7ejutaOzrucyuFEr95lI=
31,32,7WH7WRZS6Gf14Mfcq7XFvI8WQFU=,ufk1w6B7ejutaOzrucyuFEr95lI=
31,47,7WH7WRZS6Gf14Mfcq7XFvI8WQFU=,ufk1w6B7ejutaOzrucyuFEr95lI=
30,47,7WH7WRZS6Gf14Mfcq7XFvI8WQFU=,ufk1w6B7ejutaOzrucyuFEr95lI=
28,47,7WH7WRZS6Gf14Mfcq7XFvI8WQFU=,ufk1w6B7ejutaOzrucyuFEr95lI=
29,47,7WH7WRZS6Gf14Mfcq7XFvI8WQFU=,ufk1w6B7ejutaOzrucyuFEr95lI=
26,47,7WH7WRZS6Gf14Mfcq7XFvI8WQFU=,ufk1w6B7ejutaOzrucyuFEr95lI=
27,47,7WH7WRZS6Gf14Mfcq7XFvI8WQFU=,ufk1w6B7ejutaOzrucyuFEr95lI=
25,47,7WH7WRZS6Gf14Mfcq7XFvI8WQFU=,ufk1w6B7ejutaOzrucyuFEr95lI=
24,47,7WH7WRZS6Gf14Mfcq7XFvI8WQFU=,ufk1w6B7ejutaOzrucyuFEr95lI=
23,47,7WH7WRZS6Gf14Mfcq7XFvI8WQFU=,ufk1w6B7ejutaOzrucyuFEr95lI=
22,47,7WH7WRZS6Gf14Mfcq7XFvI8WQFU=,ufk1w6B7ejutaOzrucyuFEr95lI=
21,47,7WH7WRZS6Gf14Mfcq7XFvI8WQFU=,ufk1w6B7ejutaOzrucyuFEr95lI=
20,47,7WH7WRZS6Gf14Mfcq7XFvI8WQFU=,ufk1w6B7ejutaOzrucyuFEr95lI=
19,47,7WH7WRZS6Gf14Mfcq7XFvI8WQFU=,ufk1w6B7ejutaOzrucyuFEr95lI=
18,47,7WH7WRZS6Gf14Mfcq7XFvI8WQFU=,ufk1w6B7ejutaOzrucyuFEr95lI=
17,47,7WH7WRZS6Gf14Mfcq7XFvI8WQFU=,ufk1w6B7ejutaOzrucyuFEr95lI=
31,46,7WH7WRZS6Gf14Mfcq7XFvI8WQFU=,ufk1w6B7ejutaOzrucyuFEr95lI=
30,32,7WH7WRZS6Gf14Mfcq7XFvI8WQFU=,ufk1w6B7ejutaOzrucyuFEr95lI=
16,47,7WH7WRZS6Gf14Mfcq7XFvI8WQFU=,ufk1w6B7ejutaOzrucyuFEr95lI=
30,46,7WH7WRZS6Gf14Mfcq7XFvI8WQFU=,ufk1w6B7ejutaOzrucyuFEr95lI=
29,46,7WH7WRZS6Gf14Mfcq7XFvI8WQFU=,ufk1w6B7ejutaOzrucyuFEr95lI=
27,46,7WH7WRZS6Gf14Mfcq7XFvI8WQFU=,ufk1w6B7ejutaOzrucyuFEr95lI=
26,46,7WH7WRZS6Gf14Mfcq7XFvI8WQFU=,ufk1w6B7ejutaOzrucyuFEr95lI=
28,46,7WH7WRZS6Gf14Mfcq7XFvI8WQFU=,ufk1w6B7ejutaOzrucyuFEr95lI=
25,46,7WH7WRZS6Gf14Mfcq7XFvI8WQFU=,ufk1w6B7ejutaOzrucyuFEr95lI=
24,46,7WH7WRZS6Gf14Mfcq7XFvI8WQFU=,ufk1w6B7ejutaOzrucyuFEr95lI=
22,46,7WH7WRZS6Gf14Mfcq7XFvI8WQFU=,ufk1w6B7ejutaOzrucyuFEr95lI=
23,46,7WH7WRZS6Gf14Mfcq7XFvI8WQFU=,ufk1w6B7ejutaOzrucyuFEr95lI=
21,46,7WH7WRZS6Gf14Mfcq7XFvI8WQFU=,ufk1w6B7ejutaOzrucyuFEr95lI=
20,46,7WH7WRZS6Gf14Mfcq7XFvI8WQFU=,ufk1w6B7ejutaOzrucyuFEr95lI=
19,46,7WH7WRZS6Gf14Mfcq7XFvI8WQFU=,ufk1w6B7ejutaOzrucyuFEr95lI=
18,46,7WH7WRZS6Gf14Mfcq7XFvI8WQFU=,ufk1w6B7ejutaOzrucyuFEr95lI=
17,46,7WH7WRZS6Gf14Mfcq7XFvI8WQFU=,ufk1w6B7ejutaOzrucyuFEr95lI=
16,46,7WH7WRZS6Gf14Mfcq7XFvI8WQFU=,ufk1w6B7ejutaOzrucyuFEr95lI=
31,45,7WH7WRZS6Gf14Mfcq7XFvI8WQFU=,ufk1w6B7ejutaOzrucyuFEr95lI=
30,45,7WH7WRZS6Gf14Mfcq7XFvI8WQFU=,ufk1w6B7ejutaOzrucyuFEr95lI=
29,45,7WH7WRZS6Gf14Mfcq7XFvI8WQFU=,ufk1w6B7ejutaOzrucyuFEr95lI=
27,45,7WH7WRZS6Gf14Mfcq7XFvI8WQFU=,ufk1w6B7ejutaOzrucyuFEr95lI=
28,45,7WH7WRZS6Gf14Mfcq7XFvI8WQFU=,ufk1w6B7ejutaOzrucyuFEr95lI=
26,45,AtEr1FbNI2MyOYH7T/eOkhw1uOA=,ufk1w6B7ejutaOzrucyuFEr95lI=
25,45,AtEr1FbNI2MyOYH7T/eOkhw1uOA=,ufk1w6B7ejutaOzrucyuFEr95lI=
24,45,AtEr1FbNI2MyOYH7T/eOkhw1uOA=,ufk1w6B7ejutaOzrucyuFEr95lI=
23,45,AtEr1FbNI2MyOYH7T/eOkhw1uOA=,ufk1w6B7ejutaOzrucyuFEr95lI=
22,45,AtEr1FbNI2MyOYH7T/eOkhw1uOA=,ufk1w6B7ejutaOzrucyuFEr95lI=
21,45,AtEr1FbNI2MyOYH7T/eOkhw1uOA=,ufk1w6B7ejutaOzrucyuFEr95lI=
19,45,AtEr1FbNI2MyOYH7T/eOkhw1uOA=,ufk1w6B7ejutaOzrucyuFEr95lI=
18,45,AtEr1FbNI2MyOYH7T/eOkhw1uOA=,ufk1w6B7ejutaOzrucyuFEr95lI=
17,45,AtEr1FbNI2MyOYH7T/eOkhw1uOA=,ufk1w6B7ejutaOzrucyuFEr95lI=
20,45,AtEr1FbNI2MyOYH7T/eOkhw1uOA=,ufk1w6B7ejutaOzrucyuFEr95lI=
29,32,AtEr1FbNI2MyOYH7T/eOkhw1uOA=,ufk1w6B7ejutaOzrucyuFEr95lI=
16,45,AtEr1FbNI2MyOYH7T/eOkhw1uOA=,ufk1w6B7ejutaOzrucyuFEr95lI=
30,44,AtEr1FbNI2MyOYH7T/eOkhw1uOA=,ufk1w6B7ejutaOzrucyuFEr95lI=
31,44,AtEr1FbNI2MyOYH7T/eOkhw1uOA=,ufk1w6B7ejutaOzrucyuFEr95lI=
28,44,AtEr1FbNI2MyOYH7T/eOkhw1uOA=,ufk1w6B7ejutaOzrucyuFEr95lI=
27,44,AtEr1FbNI2MyOYH7T/eOkhw1uOA=,ufk1w6B7ejutaOzrucyuFEr95lI=
29,44,AtEr1FbNI2MyOYH7T/eOkhw1uOA=,ufk1w6B7ejutaOzrucyuFEr95lI=
26,44,AtEr1FbNI2MyOYH7T/eOkhw1uOA=,ufk1w6B7ejutaOzrucyuFEr95lI=
24,44,AtEr1FbNI2MyOYH7T/eOkhw1uOA=,ufk1w6B7ejutaOzrucyuFEr95lI=
23,44,AtEr1FbNI2MyOYH7T/eOkhw1uOA=,ufk1w6B7ejutaOzrucyuFEr95lI=
25,44,AtEr1FbNI2MyOYH7T/eOkhw1uOA=,ufk1w6B7ejutaOzrucyuFEr95lI=
22,44,AtEr1FbNI2MyOYH7T/eOkhw1uOA=,ufk1w6B7ejutaOzrucyuFEr95lI=
21,44,AtEr1FbNI2MyOYH7T/eOkhw1uOA=,ufk1w6B7ejutaOzrucyuFEr95lI=
20,44,AtEr1FbNI2MyOYH7T/eOkhw1uOA=,ufk1w6B7ejutaOzrucyuFEr95lI=
19,44,AtEr1FbNI2MyOYH7T/eOkhw1uOA=,ufk1w6B7ejutaOzrucyuFEr95lI=
18,44,AtEr1FbNI2MyOYH7T/eOkhw1uOA=,ufk1w6B7ejutaOzrucyuFEr95lI=
28,32,AtEr1FbNI2MyOYH7T/eOkhw1uOA=,ufk1w6B7ejutaOzrucyuFEr95lI=
17,44,AtEr1FbNI2MyOYH7T/eOkhw1uOA=,ufk1w6B7ejutaOzrucyuFEr95lI=
16,44,AtEr1FbNI2MyOYH7T/eOkhw1uOA=,ufk1w6B7ejutaOzrucyuFEr95lI=
31,43,AtEr1FbNI2MyOYH7T/eOkhw1uOA=,ufk1w6B7ejutaOzrucyuFEr95lI=
30,43,AtEr1FbNI2MyOYH7T/eOkhw1uOA=,ufk1w6B7ejutaOzrucyuFEr95lI=
28,43,AtEr1FbNI2MyOYH7T/eOkhw1uOA=,ufk1w6B7ejutaOzrucyuFEr95lI=
27,43,AtEr1FbNI2MyOYH7T/eOkhw1uOA=,ufk1w6B7ejutaOzrucyuFEr95lI=
29,43,AtEr1FbNI2MyOYH7T/eOkhw1uOA=,ufk1w6B7ejutaOzrucyuFEr95lI=
26,43,AtEr1FbNI2MyOYH7T/eOkhw1uOA=,ufk1w6B7ejutaOzrucyuFEr95lI=
24,43,AtEr1FbNI2MyOYH7T/eOkhw1uOA=,ufk1w6B7ejutaOzrucyuFEr95lI=
23,43,AtEr1FbNI2MyOYH7T/eOkhw1uOA=,ufk1w6B7ejutaOzrucyuFEr95lI=
25,43,AtEr1FbNI2MyOYH7T/eOkhw1uOA=,ufk1w6B7ejutaOzrucyuFEr95lI=
22,43,AtEr1FbNI2MyOYH7T/eOkhw1uOA=,ufk1w6B7ejutaOzrucyuFEr95lI=
20,43,AtEr1FbNI2MyOYH7T/eOkhw1uOA=,ufk1w6B7ejutaOzrucyuFEr95lI=
19,43,AtEr1FbNI2MyOYH7T/eOkhw1uOA=,ufk1w6B7ejutaOzrucyuFEr95lI=
18,43,AtEr1FbNI2MyOYH7T/eOkhw1uOA=,ufk1w6B7ejutaOzrucyuFEr95lI=
21,43,AtEr1FbNI2MyOYH7T/eOkhw1uOA=,ufk1w6B7ejutaOzrucyuFEr95lI=
27,32,AtEr1FbNI2MyOYH7T/eOkhw1uOA=,ufk1w6B7ejutaOzrucyuFEr95lI=
17,43,AtEr1FbNI2MyOYH7T/eOkhw1uOA=,ufk1w6B7ejutaOzrucyuFEr95lI=
16,43,AtEr1FbNI2MyOYH7T/eOkhw1uOA=,ufk1w6B7ejutaOzrucyuFEr95lI=
31,42,AtEr1FbNI2MyOYH7T/eOkhw1uOA=,ufk1w6B7ejutaOzrucyuFEr95lI=
30,42,AtEr1FbNI2MyOYH7T/eOkhw1uOA=,ufk1w6B7ejutaOzrucyuFEr95lI=
28,42,AtEr1FbNI2MyOYH7T/eOkhw1uOA=,ufk1w6B7ejutaOzrucyuFEr95lI=
27,42,AtEr1FbNI2MyOYH7T/eOkhw1uOA=,ufk1w6B7ejutaOzrucyuFEr95lI=
29,42,AtEr1FbNI2MyOYH7T/eOkhw1uOA=,ufk1w6B7ejutaOzrucyuFEr95lI=
26,42,AtEr1FbNI2MyOYH7T/eOkhw1uOA=,ufk1w6B7ejutaOzrucyuFEr95lI=
24,42,AtEr1FbNI2MyOYH7T/eOkhw1uOA=,ufk1w6B7ejutaOzrucyuFEr95lI=
23,42,AtEr1FbNI2MyOYH7T/eOkhw1uOA=,ufk1w6B7ejutaOzrucyuFEr95lI=
25,42,AtEr1FbNI2MyOYH7T/eOkhw1uOA=,ufk1w6B7ejutaOzrucyuFEr95lI=
22,42,AtEr1FbNI2MyOYH7T/eOkhw1uOA=,ufk1w6B7ejutaOzrucyuFEr95lI=
21,42,AtEr1FbNI2MyOYH7T/eOkhw1uOA=,ufk1w6B7ejutaOzrucyuFEr95lI=
19,42,AtEr1FbNI2MyOYH7T/eOkhw1uOA=,ufk1w6B7ejutaOzrucyuFEr95lI=
18,42,AtEr1FbNI2MyOYH7T/eOkhw1uOA=,ufk1w6B7ejutaOzrucyuFEr95lI=
17,42,AtEr1FbNI2MyOYH7T/eOkhw1uOA=,ufk1w6B7ejutaOzrucyuFEr95lI=
26,32,AtEr1FbNI2MyOYH7T/eOkhw1uOA=,ufk1w6B7ejutaOzrucyuFEr95lI=
20,42,AtEr1FbNI2MyOYH7T/eOkhw1uOA=,ufk1w6B7ejutaOzrucyuFEr95lI=
16,42,AtEr1FbNI2MyOYH7T/eOkhw1uOA=,ufk1w6B7ejutaOzrucyuFEr95lI=
31,41,AtEr1FbNI2MyOYH7T/eOkhw1uOA=,ufk1w6B7ejutaOzrucyuFEr95lI=
30,41,AtEr1FbNI2MyOYH7T/eOkhw1uOA=,ufk1w6B7ejutaOzrucyuFEr95lI=
27,41,AtEr1FbNI2MyOYH7T/eOkhw1uOA=,ufk1w6B7ejutaOzrucyuFEr95lI=
28,41,AtEr1FbNI2MyOYH7T/eOkhw1uOA=,ufk1w6B7ejutaOzrucyuFEr95lI=
26,41,AtEr1FbNI2MyOYH7T/eOkhw1uOA=,ufk1w6B7ejutaOzrucyuFEr95lI=
25,41,AtEr1FbNI2MyOYH7T/eOkhw1uOA=,ufk1w6B7ejutaOzrucyuFEr95lI=
23,41,AtEr1FbNI2MyOYH7T/eOkhw1uOA=,ufk1w6B7ejutaOzrucyuFEr95lI=
24,41,AtEr1FbNI2MyOYH7T/eOkhw1uOA=,ufk1w6B7ejutaOzrucyuFEr95lI=
22,41,AtEr1FbNI2MyOYH7T/eOkhw1uOA=,ufk1w6B7ejutaOzrucyuFEr95lI=
21,41,AtEr1FbNI2MyOYH7T/eOkhw1uOA=,ufk1w6B7ejutaOzrucyuFEr95lI=
20,41,AtEr1FbNI2MyOYH7T/eOkhw1uOA=,ufk1w6B7ejutaOzrucyuFEr95lI=
19,41,AtEr1FbNI2MyOYH7T/eOkhw1uOA=,ufk1w6B7ejutaOzrucyuFEr95lI=
18,41,AtEr1FbNI2MyOYH7T/eOkhw1uOA=,ufk1w6B7ejutaOzrucyuFEr95lI=
17,41,AtEr1FbNI2MyOYH7T/eOkhw1uOA=,ufk1w6B7ejutaOzrucyuFEr95lI=
31,40,AtEr1FbNI2MyOYH7T/eOkhw1uOA=,ufk1w6B7ejutaOzrucyuFEr95lI=
25,32,AtEr1FbNI2MyOYH7T/eOkhw1uOA=,ufk1w6B7ejutaOzrucyuFEr95lI=
16,41,AtEr1FbNI2MyOYH7T/eOkhw1uOA=,ufk1w6B7ejutaOzrucyuFEr95lI=
30,40,AtEr1FbNI2MyOYH7T/eOkhw1uOA=,ufk1w6B7ejutaOzrucyuFEr95lI=
27,40,AtEr1FbNI2MyOYH7T/eOkhw1uOA=,ufk1w6B7ejutaOzrucyuFEr95lI=
29,40,AtEr1FbNI2MyOYH7T/eOkhw1uOA=,ufk1w6B7ejutaOzrucyuFEr95lI=
28,40,AtEr1FbNI2MyOYH7T/eOkhw1uOA=,ufk1w6B7ejutaOzrucyuFEr95lI=
26,40,AtEr1FbNI2MyOYH7T/eOkhw1uOA=,ufk1w6B7ejutaOzrucyuFEr95lI=
25,40,AtEr1FbNI2MyOYH7T/eOkhw1uOA=,ufk1w6B7ejutaOzrucyuFEr95lI=
23,40,AtEr1FbNI2MyOYH7T/eOkhw1uOA=,ufk1w6B7ejutaOzrucyuFEr95lI=
24,40,AtEr1FbNI2MyOYH7T/eOkhw1uOA=,ufk1w6B7ejutaOzrucyuFEr95lI=
22,40,AtEr1FbNI2MyOYH7T/eOkhw1uOA=,ufk1w6B7ejutaOzrucyuFEr95lI=
21,40,AtEr1FbNI2MyOYH7T/eOkhw1uOA=,ufk1w6B7ejutaOzrucyuFEr95lI=
20,40,AtEr1FbNI2MyOYH7T/eOkhw1uOA=,ufk1w6B7ejutaOzrucyuFEr95lI=
19,40,AtEr1FbNI2MyOYH7T/eOkhw1uOA=,ufk1w6B7ejutaOzrucyuFEr95lI=
18,40,AtEr1FbNI2MyOYH7T/eOkhw1uOA=,ufk1w6B7ejutaOzrucyuFEr95lI=
24,32,AtEr1FbNI2MyOYH7T/eOkhw1uOA=,ufk1w6B7ejutaOzrucyuFEr95lI=
31,39,AtEr1FbNI2MyOYH7T/eOkhw1uOA=,ufk1w6B7ejutaOzrucyuFEr95lI=
17,40,AtEr1FbNI2MyOYH7T/eOkhw1uOA=,ufk1w6B7ejutaOzrucyuFEr95lI=
16,40,AtEr1FbNI2MyOYH7T/eOkhw1uOA=,ufk1w6B7ejutaOzrucyuFEr95lI=
30,39,AtEr1FbNI2MyOYH7T/eOkhw1uOA=,ufk1w6B7ejutaOzrucyuFEr95lI=
29,39,AtEr1FbNI2MyOYH7T/eOkhw1uOA=,ufk1w6B7ejutaOzrucyuFEr95lI=
27,39,AtEr1FbNI2MyOYH7T/eOkhw1uOA=,ufk1w6B7ejutaOzrucyuFEr95lI=
26,39,AtEr1FbNI2MyOYH7T/eOkhw1uOA=,ufk1w6B7ejutaOzrucyuFEr95lI=
28,39,AtEr1FbNI2MyOYH7T/eOkhw1uOA=,ufk1w6B7ejutaOzrucyuFEr95lI=
23,39,AtEr1FbNI2MyOYH7T/eOkhw1uOA=,ufk1w6B7ejutaOzrucyuFEr95lI=
24,39,AtEr1FbNI2MyOYH7T/eOkhw1uOA=,ufk1w6B7ejutaOzrucyuFEr95lI=
25,39,AtEr1FbNI2MyOYH7T/eOkhw1uOA=,ufk1w6B7ejutaOzrucyuFEr95lI=
21,39,AtEr1FbNI2MyOYH7T/eOkhw1uOA=,ufk1w6B7ejutaOzrucyuFEr95lI=
19,39,AtEr1FbNI2MyOYH7T/eOkhw1uOA=,ufk1w6B7ejutaOzrucyuFEr95lI=
22,39,AtEr1FbNI2MyOYH7T/eOkhw1uOA=,ufk1w6B7ejutaOzrucyuFEr95lI=
20,39,AtEr1FbNI2MyOYH7T/eOkhw1uOA=,ufk1w6B7ejutaOzrucyuFEr95lI=
18,39,AtEr1FbNI2MyOYH7T/eOkhw1uOA=,ufk1w6B7ejutaOzrucyuFEr95lI=
23,32,AtEr1FbNI2MyOYH7T/eOkhw1uOA=,ufk1w6B7ejutaOzrucyuFEr95lI=
17,39,AtEr1FbNI2MyOYH7T/eOkhw1uOA=,ufk1w6B7ejutaOzrucyuFEr95lI=
31,38,AtEr1FbNI2MyOYH7T/eOkhw1uOA=,ufk1w6B7ejutaOzrucyuFEr95lI=
30,38,AtEr1FbNI2MyOYH7T/eOkhw1uOA=,ufk1w6B7ejutaOzrucyuFEr95lI=
16,39,AtEr1FbNI2MyOYH7T/eOkhw1uOA=,ufk1w6B7ejutaOzrucyuFEr95lI=
29,38,AtEr1FbNI2MyOYH7T/eOkhw1uOA=,ufk1w6B7ejutaOzrucyuFEr95lI=
28,38,AtEr1FbNI2MyOYH7T/eOkhw1uOA=,ufk1w6B7ejutaOzrucyuFEr95lI=
27,38,AtEr1FbNI2MyOYH7T/eOkhw1uOA=,ufk1w6B7ejutaOzrucyuFEr95lI=
25,38,AtEr1FbNI2MyOYH7T/eOkhw1uOA=,ufk1w6B7ejutaOzrucyuFEr95lI=
24,38,AtEr1FbNI2MyOYH7T/eOkhw1uOA=,ufk1w6B7ejutaOzrucyuFEr95lI=
26,38,AtEr1FbNI2MyOYH7T/eOkhw1uOA=,ufk1w6B7ejutaOzrucyuFEr95lI=
22,38,AtEr1FbNI2MyOYH7T/eOkhw1uOA=,ufk1w6B7ejutaOzrucyuFEr95lI=
23,38,AtEr1FbNI2MyOYH7T/eOkhw1uOA=,ufk1w6B7ejutaOzrucyuFEr95lI=
20,38,AtEr1FbNI2MyOYH7T/eOkhw1uOA=,ufk1w6B7ejutaOzrucyuFEr95lI=
18,38,AtEr1FbNI2MyOYH7T/eOkhw1uOA=,ufk1w6B7ejutaOzrucyuFEr95lI=
19,38,AtEr1FbNI2MyOYH7T/eOkhw1uOA=,ufk1w6B7ejutaOzrucyuFEr95lI=
17,38,AtEr1FbNI2MyOYH7T/eOkhw1uOA=,ufk1w6B7ejutaOzrucyuFEr95lI=
21,38,AtEr1FbNI2MyOYH7T/eOkhw1uOA=,ufk1w6B7ejutaOzrucyuFEr95lI=
22,32,AtEr1FbNI2MyOYH7T/eOkhw1uOA=,ufk1w6B7ejutaOzrucyuFEr95lI=
16,38,AtEr1FbNI2MyOYH7T/eOkhw1uOA=,ufk1w6B7ejutaOzrucyuFEr95lI=
31,37,AtEr1FbNI2MyOYH7T/eOkhw1uOA=,ufk1w6B7ejutaOzrucyuFEr95lI=
30,37,AtEr1FbNI2MyOYH7T/eOkhw1uOA=,ufk1w6B7ejutaOzrucyuFEr95lI=
29,37,AtEr1FbNI2MyOYH7T/eOkhw1uOA=,ufk1w6B7ejutaOzrucyuFEr95lI=
27,37,AtEr1FbNI2MyOYH7T/eOkhw1uOA=,ufk1w6B7ejutaOzrucyuFEr95lI=
25,37,AtEr1FbNI2MyOYH7T/eOkhw1uOA=,ufk1w6B7ejutaOzrucyuFEr95lI=
26,37,AtEr1FbNI2MyOYH7T/eOkhw1uOA=,ufk1w6B7ejutaOzrucyuFEr95lI=
24,37,AtEr1FbNI2MyOYH7T/eOkhw1uOA=,ufk1w6B7ejutaOzrucyuFEr95lI=
23,37,AtEr1FbNI2MyOYH7T/eOkhw1uOA=,ufk1w6B7ejutaOzrucyuFEr95lI=
22,37,AtEr1FbNI2MyOYH7T/eOkhw1uOA=,ufk1w6B7ejutaOzrucyuFEr95lI=
28,37,AtEr1FbNI2MyOYH7T/eOkhw1uOA=,ufk1w6B7ejutaOzrucyuFEr95lI=
21,37,AtEr1FbNI2MyOYH7T/eOkhw1uOA=,ufk1w6B7ejutaOzrucyuFEr95lI=
20,37,AtEr1FbNI2MyOYH7T/eOkhw1uOA=,ufk1w6B7ejutaOzrucyuFEr95lI=
19,37,AtEr1FbNI2MyOYH7T/eOkhw1uOA=,ufk1w6B7ejutaOzrucyuFEr95lI=
18,37,AtEr1FbNI2MyOYH7T/eOkhw1uOA=,ufk1w6B7ejutaOzrucyuFEr95lI=
21,32,AtEr1FbNI2MyOYH7T/eOkhw1uOA=,ufk1w6B7ejutaOzrucyuFEr95lI=
17,37,AtEr1FbNI2MyOYH7T/eOkhw1uOA=,ufk1w6B7ejutaOzrucyuFEr95lI=
16,37,AtEr1FbNI2MyOYH7T/eOkhw1uOA=,ufk1w6B7ejutaOzrucyuFEr95lI=
31,36,AtEr1FbNI2MyOYH7T/eOkhw1uOA=,ufk1w6B7ejutaOzrucyuFEr95lI=
30,36,AtEr1FbNI2MyOYH7T/eOkhw1uOA=,ufk1w6B7ejutaOzrucyuFEr95lI=
29,36,AtEr1FbNI2MyOYH7T/eOkhw1uOA=,ufk1w6B7ejutaOzrucyuFEr95lI=
28,36,AtEr1FbNI2MyOYH7T/eOkhw1uOA=,ufk1w6B7ejutaOzrucyuFEr95lI=
26,36,AtEr1FbNI2MyOYH7T/eOkhw1uOA=,ufk1w6B7ejutaOzrucyuFEr95lI=
25,36,AtEr1FbNI2MyOYH7T/eOkhw1uOA=,ufk1w6B7ejutaOzrucyuFEr95lI=
24,36,AtEr1FbNI2MyOYH7T/eOkhw1uOA=,ufk1w6B7ejutaOzrucyuFEr95lI=
27,36,AtEr1FbNI2MyOYH7T/eOkhw1uOA=,ufk1w6B7ejutaOzrucyuFEr95lI=
22,36,AtEr1FbNI2MyOYH7T/eOkhw1uOA=,ufk1w6B7ejutaOzrucyuFEr95lI=
23,36,AtEr1FbNI2MyOYH7T/eOkhw1uOA=,ufk1w6B7ejutaOzrucyuFEr95lI=
21,36,AtEr1FbNI2MyOYH7T/eOkhw1uOA=,ufk1w6B7ejutaOzrucyuFEr95lI=
19,36,AtEr1FbNI2MyOYH7T/eOkhw1uOA=,ufk1w6B7ejutaOzrucyuFEr95lI=
20,36,AtEr1FbNI2MyOYH7T/eOkhw1uOA=,ufk1w6B7ejutaOzrucyuFEr95lI=
20,32,AtEr1FbNI2MyOYH7T/eOkhw1uOA=,ufk1w6B7ejutaOzrucyuFEr95lI=
17,36,AtEr1FbNI2MyOYH7T/eOkhw1uOA=,ufk1w6B7ejutaOzrucyuFEr95lI=
16,36,AtEr1FbNI2MyOYH7T/eOkhw1uOA=,ufk1w6B7ejutaOzrucyuFEr95lI=
18,36,AtEr1FbNI2MyOYH7T/eOkhw1uOA=,ufk1w6B7ejutaOzrucyuFEr95lI=
31,35,AtEr1FbNI2MyOYH7T/eOkhw1uOA=,ufk1w6B7ejutaOzrucyuFEr95lI=
30,35,AtEr1FbNI2MyOYH7T/eOkhw1uOA=,ufk1w6B7ejutaOzrucyuFEr95lI=
29,35,AtEr1FbNI2MyOYH7T/eOkhw1uOA=,ufk1w6B7ejutaOzrucyuFEr95lI=
28,35,AtEr1FbNI2MyOYH7T/eOkhw1uOA=,ufk1w6B7ejutaOzrucyuFEr95lI=
26,35,AtEr1FbNI2MyOYH7T/eOkhw1uOA=,ufk1w6B7ejutaOzrucyuFEr95lI=
25,35,AtEr1FbNI2MyOYH7T/eOkhw1uOA=,ufk1w6B7ejutaOzrucyuFEr95lI=
24,35,AtEr1FbNI2MyOYH7T/eOkhw1uOA=,ufk1w6B7ejutaOzrucyuFEr95lI=
22,35,AtEr1FbNI2MyOYH7T/eOkhw1uOA=,ufk1w6B7ejutaOzrucyuFEr95lI=
23,35,AtEr1FbNI2MyOYH7T/eOkhw1uOA=,ufk1w6B7ejutaOzrucyuFEr95lI=
21,35,AtEr1FbNI2MyOYH7T/eOkhw1uOA=,ufk1w6B7ejutaOzrucyuFEr95lI=
27,35,AtEr1FbNI2MyOYH7T/eOkhw1uOA=,ufk1w6B7ejutaOzrucyuFEr95lI=
20,35,AtEr1FbNI2MyOYH7T/eOkhw1uOA=,ufk1w6B7ejutaOzrucyuFEr95lI=
18,35,AtEr1FbNI2MyOYH7T/eOkhw1uOA=,ufk1w6B7ejutaOzrucyuFEr95lI=
19,35,AtEr1FbNI2MyOYH7T/eOkhw1uOA=,ufk1w6B7ejutaOzrucyuFEr95lI=
17,35,AtEr1FbNI2MyOYH7T/eOkhw1uOA=,ufk1w6B7ejutaOzrucyuFEr95lI=
31,34,AtEr1FbNI2MyOYH7T/eOkhw1uOA=,ufk1w6B7ejutaOzrucyuFEr95lI=
19,32,AtEr1FbNI2MyOYH7T/eOkhw1uOA=,ufk1w6B7ejutaOzrucyuFEr95lI=
30,34,AtEr1FbNI2MyOYH7T/eOkhw1uOA=,ufk1w6B7ejutaOzrucyuFEr95lI=
29,34,AtEr1FbNI2MyOYH7T/eOkhw1uOA=,ufk1w6B7ejutaOzrucyuFEr95lI=
16,35,AtEr1FbNI2MyOYH7T/eOkhw1uOA=,ufk1w6B7ejutaOzrucyuFEr95lI=
28,34,AtEr1FbNI2MyOYH7T/eOkhw1uOA=,ufk1w6B7ejutaOzrucyuFEr95lI=
26,34,AtEr1FbNI2MyOYH7T/eOkhw1uOA=,ufk1w6B7ejutaOzrucyuFEr95lI=
25,34,AtEr1FbNI2MyOYH7T/eOkhw1uOA=,ufk1w6B7ejutaOzrucyuFEr95lI=
24,34,AtEr1FbNI2MyOYH7T/eOkhw1uOA=,ufk1w6B7ejutaOzrucyuFEr95lI=
23,34,AtEr1FbNI2MyOYH7T/eOkhw1uOA=,ufk1w6B7ejutaOzrucyuFEr95lI=
22,34,AtEr1FbNI2MyOYH7T/eOkhw1uOA=,ufk1w6B7ejutaOzrucyuFEr95lI=
21,34,AtEr1FbNI2MyOYH7T/eOkhw1uOA=,ufk1w6B7ejutaOzrucyuFEr95lI=
20,34,AtEr1FbNI2MyOYH7T/eOkhw1uOA=,ufk1w6B7ejutaOzrucyuFEr95lI=
19,34,AtEr1FbNI2MyOYH7T/eOkhw1uOA=,ufk1w6B7ejutaOzrucyuFEr95lI=
27,34,AtEr1FbNI2MyOYH7T/eOkhw1uOA=,ufk1w6B7ejutaOzrucyuFEr95lI=
17,34,AtEr1FbNI2MyOYH7T/eOkhw1uOA=,ufk1w6B7ejutaOzrucyuFEr95lI=
18,32,AtEr1FbNI2MyOYH7T/eOkhw1uOA=,ufk1w6B7ejutaOzrucyuFEr95lI=
18,34,AtEr1FbNI2MyOYH7T/eOkhw1uOA=,ufk1w6B7ejutaOzrucyuFEr95lI=
31,33,AtEr1FbNI2MyOYH7T/eOkhw1uOA=,ufk1w6B7ejutaOzrucyuFEr95lI=
29,33,AtEr1FbNI2MyOYH7T/eOkhw1uOA=,ufk1w6B7ejutaOzrucyuFEr95lI=
16,34,AtEr1FbNI2MyOYH7T/eOkhw1uOA=,ufk1w6B7ejutaOzrucyuFEr95lI=
28,33,AtEr1FbNI2MyOYH7T/eOkhw1uOA=,ufk1w6B7ejutaOzrucyuFEr95lI=
27,33,AtEr1FbNI2MyOYH7T/eOkhw1uOA=,ufk1w6B7ejutaOzrucyuFEr95lI=
30,33,AtEr1FbNI2MyOYH7T/eOkhw1uOA=,ufk1w6B7ejutaOzrucyuFEr95lI=
26,33,AtEr1FbNI2MyOYH7T/eOkhw1uOA=,ufk1w6B7ejutaOzrucyuFEr95lI=
25,33,AtEr1FbNI2MyOYH7T/eOkhw1uOA=,ufk1w6B7ejutaOzrucyuFEr95lI=
23,33,AtEr1FbNI2MyOYH7T/eOkhw1uOA=,ufk1w6B7ejutaOzrucyuFEr95lI=
24,33,AtEr1FbNI2MyOYH7T/eOkhw1uOA=,ufk1w6B7ejutaOzrucyuFEr95lI=
21,33,AtEr1FbNI2MyOYH7T/eOkhw1uOA=,ufk1w6B7ejutaOzrucyuFEr95lI=
20,33,AtEr1FbNI2MyOYH7T/eOkhw1uOA=,ufk1w6B7ejutaOzrucyuFEr95lI=
19,33,AtEr1FbNI2MyOYH7T/eOkhw1uOA=,ufk1w6B7ejutaOzrucyuFEr95lI=
18,33,AtEr1FbNI2MyOYH7T/eOkhw1uOA=,ufk1w6B7ejutaOzrucyuFEr95lI=
22,33,AtEr1FbNI2MyOYH7T/eOkhw1uOA=,ufk1w6B7ejutaOzrucyuFEr95lI=
17,32,AtEr1FbNI2MyOYH7T/eOkhw1uOA=,ufk1w6B7ejutaOzrucyuFEr95lI=
16,33,AtEr1FbNI2MyOYH7T/eOkhw1uOA=,ufk1w6B7ejutaOzrucyuFEr95lI=
17,33,AtEr1FbNI2MyOYH7T/eOkhw1uOA=,ufk1w6B7ejutaOzrucyuFEr95lI=
29,41,AtEr1FbNI2MyOYH7T/eOkhw1uOA=,ufk1w6B7ejutaOzrucyuFEr95lI=
15,48,AtEr1FbNI2MyOYH7T/eOkhw1uOA=,ufk1w6B7ejutaOzrucyuFEr95lI=
0,48,AtEr1FbNI2MyOYH7T/eOkhw1uOA=,ufk1w6B7ejutaOzrucyuFEr95lI=
0,49,AtEr1FbNI2MyOYH7T/eOkhw1uOA=,ufk1w6B7ejutaOzrucyuFEr95lI=
1,49,AtEr1FbNI2MyOYH7T/eOkhw1uOA=,ufk1w6B7ejutaOzrucyuFEr95lI=
15,63,AtEr1FbNI2MyOYH7T/eOkhw1uOA=,ufk1w6B7ejutaOzrucyuFEr95lI=
2,49,AtEr1FbNI2MyOYH7T/eOkhw1uOA=,ufk1w6B7ejutaOzrucyuFEr95lI=
3,49,AtEr1FbNI2MyOYH7T/eOkhw1uOA=,ufk1w6B7ejutaOzrucyuFEr95lI=
4,49,AtEr1FbNI2MyOYH7T/eOkhw1uOA=,ufk1w6B7ejutaOzrucyuFEr95lI=
5,49,AtEr1FbNI2MyOYH7T/eOkhw1uOA=,ufk1w6B7ejutaOzrucyuFEr95lI=
6,49,AtEr1FbNI2MyOYH7T/eOkhw1uOA=,ufk1w6B7ejutaOzrucyuFEr95lI=
14,63,AtEr1FbNI2MyOYH7T/eOkhw1uOA=,ufk1w6B7ejutaOzrucyuFEr95lI=
7,49,AtEr1FbNI2MyOYH7T/eOkhw1uOA=,ufk1w6B7ejutaOzrucyuFEr95lI=
13,63,AtEr1FbNI2MyOYH7T/eOkhw1uOA=,ufk1w6B7ejutaOzrucyuFEr95lI=
8,49,AtEr1FbNI2MyOYH7T/eOkhw1uOA=,ufk1w6B7ejutaOzrucyuFEr95lI=
9,49,AtEr1FbNI2MyOYH7T/eOkhw1uOA=,ufk1w6B7ejutaOzrucyuFEr95lI=
10,49,AtEr1FbNI2MyOYH7T/eOkhw1uOA=,ufk1w6B7ejutaOzrucyuFEr95lI=
11,49,AtEr1FbNI2MyOYH7T/eOkhw1uOA=,ufk1w6B7ejutaOzrucyuFEr95lI=
12,49,AtEr1FbNI2MyOYH7T/eOkhw1uOA=,ufk1w6B7ejutaOzrucyuFEr95lI=
13,49,AtEr1FbNI2MyOYH7T/eOkhw1uOA=,ufk1w6B7ejutaOzrucyuFEr95lI=
14,49,AtEr1FbNI2MyOYH7T/eOkhw1uOA=,ufk1w6B7ejutaOzrucyuFEr95lI=
15,49,AtEr1FbNI2MyOYH7T/eOkhw1uOA=,ufk1w6B7ejutaOzrucyuFEr95lI=
12,63,AtEr1FbNI2MyOYH7T/eOkhw1uOA=,ufk1w6B7ejutaOzrucyuFEr95lI=
0,50,AtEr1FbNI2MyOYH7T/eOkhw1uOA=,ufk1w6B7ejutaOzrucyuFEr95lI=
11,63,AtEr1FbNI2MyOYH7T/eOkhw1uOA=,ufk1w6B7ejutaOzrucyuFEr95lI=
1,48,AtEr1FbNI2MyOYH7T/eOkhw1uOA=,ufk1w6B7ejutaOzrucyuFEr95lI=
10,63,AtEr1FbNI2MyOYH7T/eOkhw1uOA=,ufk1w6B7ejutaOzrucyuFEr95lI=
1,50,AtEr1FbNI2MyOYH7T/eOkhw1uOA=,ufk1w6B7ejutaOzrucyuFEr95lI=
2,50,AtEr1FbNI2MyOYH7T/eOkhw1uOA=,ufk1w6B7ejutaOzrucyuFEr95lI=
3,50,AtEr1FbNI2MyOYH7T/eOkhw1uOA=,ufk1w6B7ejutaOzrucyuFEr95lI=
9,63,AtEr1FbNI2MyOYH7T/eOkhw1uOA=,ufk1w6B7ejutaOzrucyuFEr95lI=
4,50,AtEr1FbNI2MyOYH7T/eOkhw1uOA=,ufk1w6B7ejutaOzrucyuFEr95lI=
5,50,AtEr1FbNI2MyOYH7T/eOkhw1uOA=,ufk1w6B7ejutaOzrucyuFEr95lI=
6,50,AtEr1FbNI2MyOYH7T/eOkhw1uOA=,ufk1w6B7ejutaOzrucyuFEr95lI=
7,50,AtEr1FbNI2MyOYH7T/eOkhw1uOA=,ufk1w6B7ejutaOzrucyuFEr95lI=
8,50,AtEr1FbNI2MyOYH7T/eOkhw1uOA=,ufk1w6B7ejutaOzrucyuFEr95lI=
9,50,AtEr1FbNI2MyOYH7T/eOkhw1uOA=,ufk1w6B7ejutaOzrucyuFEr95lI=
10,50,AtEr1FbNI2MyOYH7T/eOkhw1uOA=,ufk1w6B7ejutaOzrucyuFEr95lI=
8,63,AtEr1FbNI2MyOYH7T/eOkhw1uOA=,ufk1w6B7ejutaOzrucyuFEr95lI=
11,50,AtEr1FbNI2MyOYH7T/eOkhw1uOA=,ufk1w6B7ejutaOzrucyuFEr95lI=
12,50,AtEr1FbNI2MyOYH7T/eOkhw1uOA=,ufk1w6B7ejutaOzrucyuFEr95lI=
13,50,AtEr1FbNI2MyOYH7T/eOkhw1uOA=,ufk1w6B7ejutaOzrucyuFEr95lI=
14,50,AtEr1FbNI2MyOYH7T/eOkhw1uOA=,ufk1w6B7ejutaOzrucyuFEr95lI=
7,63,AtEr1FbNI2MyOYH7T/eOkhw1uOA=,ufk1w6B7ejutaOzrucyuFEr95lI=
15,50,AtEr1FbNI2MyOYH7T/eOkhw1uOA=,ufk1w6B7ejutaOzrucyuFEr95lI=
0,51,AtEr1FbNI2MyOYH7T/eOkhw1uOA=,ufk1w6B7ejutaOzrucyuFEr95lI=
6,63,AtEr1FbNI2MyOYH7T/eOkhw1uOA=,ufk1w6B7ejutaOzrucyuFEr95lI=
2,48,AtEr1FbNI2MyOYH7T/eOkhw1uOA=,ufk1w6B7ejutaOzrucyuFEr95lI=
1,51,AtEr1FbNI2MyOYH7T/eOkhw1uOA=,ufk1w6B7ejutaOzrucyuFEr95lI=
5,63,AtEr1FbNI2MyOYH7T/eOkhw1uOA=,ufk1w6B7ejutaOzrucyuFEr95lI=
2,51,AtEr1FbNI2MyOYH7T/eOkhw1uOA=,ufk1w6B7ejutaOzrucyuFEr95lI=
4,63,AtEr1FbNI2MyOYH7T/eOkhw1uOA=,ufk1w6B7ejutaOzrucyuFEr95lI=
3,51,AtEr1FbNI2MyOYH7T/eOkhw1uOA=,ufk1w6B7ejutaOzrucyuFEr95lI=
3,63,AtEr1FbNI2MyOYH7T/eOkhw1uOA=,ufk1w6B7ejutaOzrucyuFEr95lI=
2,63,AtEr1FbNI2MyOYH7T/eOkhw1uOA=,ufk1w6B7ejutaOzrucyuFEr95lI=
1,63,AtEr1FbNI2MyOYH7T/eOkhw1uOA=,ufk1w6B7ejutaOzrucyuFEr95lI=
4,51,AtEr1FbNI2MyOYH7T/eOkhw1uOA=,ufk1w6B7ejutaOzrucyuFEr95lI=
5,51,AtEr1FbNI2MyOYH7T/eOkhw1uOA=,ufk1w6B7ejutaOzrucyuFEr95lI=
6,51,AtEr1FbNI2MyOYH7T/eOkhw1uOA=,ufk1w6B7ejutaOzrucyuFEr95lI=
7,51,AtEr1FbNI2MyOYH7T/eOkhw1uOA=,ufk1w6B7ejutaOzrucyuFEr95lI=
8,51,AtEr1FbNI2MyOYH7T/eOkhw1uOA=,ufk1w6B7ejutaOzrucyuFEr95lI=
9,51,AtEr1FbNI2MyOYH7T/eOkhw1uOA=,ufk1w6B7ejutaOzrucyuFEr95lI=
14,48,AtEr1FbNI2MyOYH7T/eOkhw1uOA=,ufk1w6B7ejutaOzrucyuFEr95lI=
0,63,AtEr1FbNI2MyOYH7T/eOkhw1uOA=,ufk1w6B7ejutaOzrucyuFEr95lI=
10,51,AtEr1FbNI2MyOYH7T/eOkhw1uOA=,ufk1w6B7ejutaOzrucyuFEr95lI=
11,51,AtEr1FbNI2MyOYH7T/eOkhw1uOA=,ufk1w6B7ejutaOzrucyuFEr95lI=
15,62,AtEr1FbNI2MyOYH7T/eOkhw1uOA=,ufk1w6B7ejutaOzrucyuFEr95lI=
12,51,AtEr1FbNI2MyOYH7T/eOkhw1uOA=,ufk1w6B7ejutaOzrucyuFEr95lI=
13,51,AtEr1FbNI2MyOYH7T/eOkhw1uOA=,ufk1w6B7ejutaOzrucyuFEr95lI=
14,51,AtEr1FbNI2MyOYH7T/eOkhw1uOA=,ufk1w6B7ejutaOzrucyuFEr95lI=
15,51,AtEr1FbNI2MyOYH7T/eOkhw1uOA=,ufk1w6B7ejutaOzrucyuFEr95lI=
0,52,AtEr1FbNI2MyOYH7T/eOkhw1uOA=,ufk1w6B7ejutaOzrucyuFEr95lI=
14,62,AtEr1FbNI2MyOYH7T/eOkhw1uOA=,ufk1w6B7ejutaOzrucyuFEr95lI=
3,48,AtEr1FbNI2MyOYH7T/eOkhw1uOA=,ufk1w6B7ejutaOzrucyuFEr95lI=
1,52,AtEr1FbNI2MyOYH7T/eOkhw1uOA=,ufk1w6B7ejutaOzrucyuFEr95lI=
13,62,AtEr1FbNI2MyOYH7T/eOkhw1uOA=,ufk1w6B7ejutaOzrucyuFEr95lI=
2,52,AtEr1FbNI2MyOYH7T/eOkhw1uOA=,ufk1w6B7ejutaOzrucyuFEr95lI=
12,62,AtEr1FbNI2MyOYH7T/eOkhw1uOA=,ufk1w6B7ejutaOzrucyuFEr95lI=
3,52,AtEr1FbNI2MyOYH7T/eOkhw1uOA=,ufk1w6B7ejutaOzrucyuFEr95lI=
4,52,AtEr1FbNI2MyOYH7T/eOkhw1uOA=,ufk1w6B7ejutaOzrucyuFEr95lI=
11,62,AtEr1FbNI2MyOYH7T/eOkhw1uOA=,ufk1w6B7ejutaOzrucyuFEr95lI=
5,52,AtEr1FbNI2MyOYH7T/eOkhw1uOA=,ufk1w6B7ejutaOzrucyuFEr95lI=
6,52,AtEr1FbNI2MyOYH7T/eOkhw1uOA=,ufk1w6B7ejutaOzrucyuFEr95lI=
7,52,AtEr1FbNI2MyOYH7T/eOkhw1uOA=,ufk1w6B7ejutaOzrucyuFEr95lI=
8,52,AtEr1FbNI2MyOYH7T/eOkhw1uOA=,ufk1w6B7ejutaOzrucyuFEr95lI=
9,52,AtEr1FbNI2MyOYH7T/eOkhw1uOA=,ufk1w6B7ejutaOzrucyuFEr95lI=
10,62,AtEr1FbNI2MyOYH7T/eOkhw1uOA=,ufk1w6B7ejutaOzrucyuFEr95lI=
10,52,AtEr1FbNI2MyOYH7T/eOkhw1uOA=,ufk1w6B7ejutaOzrucyuFEr95lI=
9,62,AtEr1FbNI2MyOYH7T/eOkhw1uOA=,ufk1w6B7ejutaOzrucyuFEr95lI=
8,62,AtEr1FbNI2MyOYH7T/eOkhw1uOA=,ufk1w6B7ejutaOzrucyuFEr95lI=
11,52,AtEr1FbNI2MyOYH7T/eOkhw1uOA=,ufk1w6B7ejutaOzrucyuFEr95lI=
7,62,AtEr1FbNI2MyOYH7T/eOkhw1uOA=,ufk1w6B7ejutaOzrucyuFEr95lI=
12,52,AtEr1FbNI2MyOYH7T/eOkhw1uOA=,ufk1w6B7ejutaOzrucyuFEr95lI=
6,62,AtEr1FbNI2MyOYH7T/eOkhw1uOA=,ufk1w6B7ejutaOzrucyuFEr95lI=
13,52,AtEr1FbNI2MyOYH7T/eOkhw1uOA=,ufk1w6B7ejutaOzrucyuFEr95lI=
14,52,AtEr1FbNI2MyOYH7T/eOkhw1uOA=,ufk1w6B7ejutaOzrucyuFEr95lI=
5,62,AtEr1FbNI2MyOYH7T/eOkhw1uOA=,ufk1w6B7ejutaOzrucyuFEr95lI=
15,52,AtEr1FbNI2MyOYH7T/eOkhw1uOA=,ufk1w6B7ejutaOzrucyuFEr95lI=
4,62,AtEr1FbNI2MyOYH7T/eOkhw1uOA=,ufk1w6B7ejutaOzrucyuFEr95lI=
0,53,AtEr1FbNI2MyOYH7T/eOkhw1uOA=,ufk1w6B7ejutaOzrucyuFEr95lI=
4,48,AtEr1FbNI2MyOYH7T/eOkhw1uOA=,ufk1w6B7ejutaOzrucyuFEr95lI=
1,53,AtEr1FbNI2MyOYH7T/eOkhw1uOA=,ufk1w6B7ejutaOzrucyuFEr95lI=
3,62,AtEr1FbNI2MyOYH7T/eOkhw1uOA=,ufk1w6B7ejutaOzrucyuFEr95lI=
2,53,AtEr1FbNI2MyOYH7T/eOkhw1uOA=,ufk1w6B7ejutaOzrucyuFEr95lI=
2,62,AtEr1FbNI2MyOYH7T/eOkhw1uOA=,ufk1w6B7ejutaOzrucyuFEr95lI=
3,53,AtEr1FbNI2MyOYH7T/eOkhw1uOA=,ufk1w6B7ejutaOzrucyuFEr95lI=
1,62,AtEr1FbNI2MyOYH7T/eOkhw1uOA=,ufk1w6B7ejutaOzrucyuFEr95lI=
4,53,AtEr1FbNI2MyOYH7T/eOkhw1uOA=,ufk1w6B7ejutaOzrucyuFEr95lI=
13,48,AtEr1FbNI2MyOYH7T/eOkhw1uOA=,ufk1w6B7ejutaOzrucyuFEr95lI=
5,53,AtEr1FbNI2MyOYH7T/eOkhw1uOA=,ufk1w6B7ejutaOzrucyuFEr95lI=
6,53,AtEr1FbNI2MyOYH7T/eOkhw1uOA=,ufk1w6B7ejutaOzrucyuFEr95lI=
0,62,AtEr1FbNI2MyOYH7T/eOkhw1uOA=,ufk1w6B7ejutaOzrucyuFEr95lI=
7,53,AtEr1FbNI2MyOYH7T/eOkhw1uOA=,ufk1w6B7ejutaOzrucyuFEr95lI=
8,53,AtEr1FbNI2MyOYH7T/eOkhw1uOA=,ufk1w6B7ejutaOzrucyuFEr95lI=
15,61,AtEr1FbNI2MyOYH7T/eOkhw1uOA=,ufk1w6B7ejutaOzrucyuFEr95lI=
9,53,AtEr1FbNI2MyOYH7T/eOkhw1uOA=,ufk1w6B7ejutaOzrucyuFEr95lI=
14,61,AtEr1FbNI2MyOYH7T/eOkhw1uOA=,ufk1w6B7ejutaOzrucyuFEr95lI=
10,53,AtEr1FbNI2MyOYH7T/eOkhw1uOA=,ufk1w6B7ejutaOzrucyuFEr95lI=
11,53,AtEr1FbNI2MyOYH7T/eOkhw1uOA=,ufk1w6B7ejutaOzrucyuFEr95lI=
13,61,AtEr1FbNI2MyOYH7T/eOkhw1uOA=,ufk1w6B7ejutaOzrucyuFEr95lI=
12,53,AtEr1FbNI2MyOYH7T/eOkhw1uOA=,ufk1w6B7ejutaOzrucyuFEr95lI=
12,61,AtEr1FbNI2MyOYH7T/eOkhw1uOA=,ufk1w6B7ejutaOzrucyuFEr95lI=
13,53,AtEr1FbNI2MyOYH7T/eOkhw1uOA=,ufk1w6B7ejutaOzrucyuFEr95lI=
11,61,AtEr1FbNI2MyOYH7T/eOkhw1uOA=,ufk1w6B7ejutaOzrucyuFEr95lI=
14,53,AtEr1FbNI2MyOYH7T/eOkhw1uOA=,ufk1w6B7ejutaOzrucyuFEr95lI=
10,61,AtEr1FbNI2MyOYH7T/eOkhw1uOA=,ufk1w6B7ejutaOzrucyuFEr95lI=
15,53,AtEr1FbNI2MyOYH7T/eOkhw1uOA=,ufk1w6B7ejutaOzrucyuFEr95lI=
9,61,AtEr1FbNI2MyOYH7T/eOkhw1uOA=,ufk1w6B7ejutaOzrucyuFEr95lI=
0,54,AtEr1FbNI2MyOYH7T/eOkhw1uOA=,ufk1w6B7ejutaOzrucyuFEr95lI=
5,48,AtEr1FbNI2MyOYH7T/eOkhw1uOA=,ufk1w6B7ejutaOzrucyuFEr95lI=
8,61,AtEr1FbNI2MyOYH7T/eOkhw1uOA=,ufk1w6B7ejutaOzrucyuFEr95lI=
1,54,AtEr1FbNI2MyOYH7T/eOkhw1uOA=,ufk1w6B7ejutaOzrucyuFEr95lI=
7,61,AtEr1FbNI2MyOYH7T/eOkhw1uOA=,ufk1w6B7ejutaOzrucyuFEr95lI=
2,54,AtEr1FbNI2MyOYH7T/eOkhw1uOA=,ufk1w6B7ejutaOzrucyuFEr95lI=
6,61,AtEr1FbNI2MyOYH7T/eOkhw1uOA=,ufk1w6B7ejutaOzrucyuFEr95lI=
5,61,AtEr1FbNI2MyOYH7T/eOkhw1uOA=,ufk1w6B7ejutaOzrucyuFEr95lI=
3,54,AtEr1FbNI2MyOYH7T/eOkhw1uOA=,ufk1w6B7ejutaOzrucyuFEr95lI=
4,61,AtEr1FbNI2MyOYH7T/eOkhw1uOA=,ufk1w6B7ejutaOzrucyuFEr95lI=
3,61,AtEr1FbNI2MyOYH7T/eOkhw1uOA=,ufk1w6B7ejutaOzrucyuFEr95lI=
4,54,AtEr1FbNI2MyOYH7T/eOkhw1uOA=,ufk1w6B7ejutaOzrucyuFEr95lI=
5,54,AtEr1FbNI2MyOYH7T/eOkhw1uOA=,ufk1w6B7ejutaOzrucyuFEr95lI=
6,54,AtEr1FbNI2MyOYH7T/eOkhw1uOA=,ufk1w6B7ejutaOzrucyuFEr95lI=
2,61,AtEr1FbNI2MyOYH7T/eOkhw1uOA=,ufk1w6B7ejutaOzrucyuFEr95lI=
1,61,AtEr1FbNI2MyOYH7T/eOkhw1uOA=,ufk1w6B7ejutaOzrucyuFEr95lI=
7,54,AtEr1FbNI2MyOYH7T/eOkhw1uOA=,ufk1w6B7ejutaOzrucyuFEr95lI=
12,48,AtEr1FbNI2MyOYH7T/eOkhw1uOA=,ufk1w6B7ejutaOzrucyuFEr95lI=
8,54,AtEr1FbNI2MyOYH7T/eOkhw1uOA=,ufk1w6B7ejutaOzrucyuFEr95lI=
9,54,AtEr1FbNI2MyOYH7T/eOkhw1uOA=,ufk1w6B7ejutaOzrucyuFEr95lI=
0,61,AtEr1FbNI2MyOYH7T/eOkhw1uOA=,ufk1w6B7ejutaOzrucyuFEr95lI=
10,54,AtEr1FbNI2MyOYH7T/eOkhw1uOA=,ufk1w6B7ejutaOzrucyuFEr95lI=
15,60,AtEr1FbNI2MyOYH7T/eOkhw1uOA=,ufk1w6B7ejutaOzrucyuFEr95lI=
11,54,AtEr1FbNI2MyOYH7T/eOkhw1uOA=,ufk1w6B7ejutaOzrucyuFEr95lI=
14,60,AtEr1FbNI2MyOYH7T/eOkhw1uOA=,ufk1w6B7ejutaOzrucyuFEr95lI=
12,54,AtEr1FbNI2MyOYH7T/eOkhw1uOA=,ufk1w6B7ejutaOzrucyuFEr95lI=
13,60,AtEr1FbNI2MyOYH7T/eOkhw1uOA=,ufk1w6B7ejutaOzrucyuFEr95lI=
12,60,AtEr1FbNI2MyOYH7T/eOkhw1uOA=,ufk1w6B7ejutaOzrucyuFEr95lI=
13,54,AtEr1FbNI2MyOYH7T/eOkhw1uOA=,ufk1w6B7ejutaOzrucyuFEr95lI=
11,60,AtEr1FbNI2MyOYH7T/eOkhw1uOA=,ufk1w6B7ejutaOzrucyuFEr95lI=
14,54,AtEr1FbNI2MyOYH7T/eOkhw1uOA=,ufk1w6B7ejutaOzrucyuFEr95lI=
10,60,AtEr1FbNI2MyOYH7T/eOkhw1uOA=,ufk1w6B7ejutaOzrucyuFEr95lI=
15,54,AtEr1FbNI2MyOYH7T/eOkhw1uOA=,ufk1w6B7ejutaOzrucyuFEr95lI=
0,55,AtEr1FbNI2MyOYH7T/eOkhw1uOA=,ufk1w6B7ejutaOzrucyuFEr95lI=
6,48,AtEr1FbNI2MyOYH7T/eOkhw1uOA=,ufk1w6B7ejutaOzrucyuFEr95lI=
9,60,AtEr1FbNI2MyOYH7T/eOkhw1uOA=,ufk1w6B7ejutaOzrucyuFEr95lI=
1,55,AtEr1FbNI2MyOYH7T/eOkhw1uOA=,ufk1w6B7ejutaOzrucyuFEr95lI=
2,55,AtEr1FbNI2MyOYH7T/eOkhw1uOA=,ufk1w6B7ejutaOzrucyuFEr95lI=
8,60,AtEr1FbNI2MyOYH7T/eOkhw1uOA=,ufk1w6B7ejutaOzrucyuFEr95lI=
3,55,AtEr1FbNI2MyOYH7T/eOkhw1uOA=,ufk1w6B7ejutaOzrucyuFEr95lI=
4,55,AtEr1FbNI2MyOYH7T/eOkhw1uOA=,ufk1w6B7ejutaOzrucyuFEr95lI=
5,55,AtEr1FbNI2MyOYH7T/eOkhw1uOA=,ufk1w6B7ejutaOzrucyuFEr95lI=
7,60,AtEr1FbNI2MyOYH7T/eOkhw1uOA=,ufk1w6B7ejutaOzrucyuFEr95lI=
6,55,AtEr1FbNI2MyOYH7T/eOkhw1uOA=,ufk1w6B7ejutaOzrucyuFEr95lI=
7,55,AtEr1FbNI2MyOYH7T/eOkhw1uOA=,ufk1w6B7ejutaOzrucyuFEr95lI=
6,60,AtEr1FbNI2MyOYH7T/eOkhw1uOA=,ufk1w6B7ejutaOzrucyuFEr95lI=
8,55,AtEr1FbNI2MyOYH7T/eOkhw1uOA=,ufk1w6B7ejutaOzrucyuFEr95lI=
5,60,AtEr1FbNI2MyOYH7T/eOkhw1uOA=,ufk1w6B7ejutaOzrucyuFEr95lI=
9,55,AtEr1FbNI2MyOYH7T/eOkhw1uOA=,ufk1w6B7ejutaOzrucyuFEr95lI=
10,55,AtEr1FbNI2MyOYH7T/eOkhw1uOA=,ufk1w6B7ejutaOzrucyuFEr95lI=
4,60,AtEr1FbNI2MyOYH7T/eOkhw1uOA=,ufk1w6B7ejutaOzrucyuFEr95lI=
11,55,AtEr1FbNI2MyOYH7T/eOkhw1uOA=,ufk1w6B7ejutaOzrucyuFEr95lI=
12,55,AtEr1FbNI2MyOYH7T/eOkhw1uOA=,ufk1w6B7ejutaOzrucyuFEr95lI=
3,60,AtEr1FbNI2MyOYH7T/eOkhw1uOA=,ufk1w6B7ejutaOzrucyuFEr95lI=
2,60,AtEr1FbNI2MyOYH7T/eOkhw1uOA=,ufk1w6B7ejutaOzrucyuFEr95lI=
13,55,AtEr1FbNI2MyOYH7T/eOkhw1uOA=,ufk1w6B7ejutaOzrucyuFEr95lI=
1,60,AtEr1FbNI2MyOYH7T/eOkhw1uOA=,ufk1w6B7ejutaOzrucyuFEr95lI=
14,55,AtEr1FbNI2MyOYH7T/eOkhw1uOA=,ufk1w6B7ejutaOzrucyuFEr95lI=
0,60,AtEr1FbNI2MyOYH7T/eOkhw1uOA=,ufk1w6B7ejutaOzrucyuFEr95lI=
15,55,AtEr1FbNI2MyOYH7T/eOkhw1uOA=,ufk1w6B7ejutaOzrucyuFEr95lI=
0,56,AtEr1FbNI2MyOYH7T/eOkhw1uOA=,ufk1w6B7ejutaOzrucyuFEr95lI=
7,48,AtEr1FbNI2MyOYH7T/eOkhw1uOA=,ufk1w6B7ejutaOzrucyuFEr95lI=
14,59,AtEr1FbNI2MyOYH7T/eOkhw1uOA=,ufk1w6B7ejutaOzrucyuFEr95lI=
1,56,AtEr1FbNI2MyOYH7T/eOkhw1uOA=,ufk1w6B7ejutaOzrucyuFEr95lI=
13,59,AtEr1FbNI2MyOYH7T/eOkhw1uOA=,ufk1w6B7ejutaOzrucyuFEr95lI=
2,56,AtEr1FbNI2MyOYH7T/eOkhw1uOA=,ufk1w6B7ejutaOzrucyuFEr95lI=
15,59,AtEr1FbNI2MyOYH7T/eOkhw1uOA=,ufk1w6B7ejutaOzrucyuFEr95lI=
3,56,AtEr1FbNI2MyOYH7T/eOkhw1uOA=,ufk1w6B7ejutaOzrucyuFEr95lI=
12,59,AtEr1FbNI2MyOYH7T/eOkhw1uOA=,ufk1w6B7ejutaOzrucyuFEr95lI=
4,56,AtEr1FbNI2MyOYH7T/eOkhw1uOA=,ufk1w6B7ejutaOzrucyuFEr95lI=
11,59,AtEr1FbNI2MyOYH7T/eOkhw1uOA=,ufk1w6B7ejutaOzrucyuFEr95lI=
5,56,AtEr1FbNI2MyOYH7T/eOkhw1uOA=,ufk1w6B7ejutaOzrucyuFEr95lI=
6,56,AtEr1FbNI2MyOYH7T/eOkhw1uOA=,ufk1w6B7ejutaOzrucyuFEr95lI=
7,56,AtEr1FbNI2MyOYH7T/eOkhw1uOA=,ufk1w6B7ejutaOzrucyuFEr95lI=
9,59,AtEr1FbNI2MyOYH7T/eOkhw1uOA=,ufk1w6B7ejutaOzrucyuFEr95lI=
10,59,AtEr1FbNI2MyOYH7T/eOkhw1uOA=,ufk1w6B7ejutaOzrucyuFEr95lI=
11,48,AtEr1FbNI2MyOYH7T/eOkhw1uOA=,ufk1w6B7ejutaOzrucyuFEr95lI=
8,56,AtEr1FbNI2MyOYH7T/eOkhw1uOA=,ufk1w6B7ejutaOzrucyuFEr95lI=
10,56,AtEr1FbNI2MyOYH7T/eOkhw1uOA=,ufk1w6B7ejutaOzrucyuFEr95lI=
9,56,AtEr1FbNI2MyOYH7T/eOkhw1uOA=,ufk1w6B7ejutaOzrucyuFEr95lI=
11,56,AtEr1FbNI2MyOYH7T/eOkhw1uOA=,ufk1w6B7ejutaOzrucyuFEr95lI=
7,59,AtEr1FbNI2MyOYH7T/eOkhw1uOA=,ufk1w6B7ejutaOzrucyuFEr95lI=
12,56,AtEr1FbNI2MyOYH7T/eOkhw1uOA=,ufk1w6B7ejutaOzrucyuFEr95lI=
6,59,AtEr1FbNI2MyOYH7T/eOkhw1uOA=,ufk1w6B7ejutaOzrucyuFEr95lI=
13,56,AtEr1FbNI2MyOYH7T/eOkhw1uOA=,ufk1w6B7ejutaOzrucyuFEr95lI=
4,59,AtEr1FbNI2MyOYH7T/eOkhw1uOA=,ufk1w6B7ejutaOzrucyuFEr95lI=
14,56,AtEr1FbNI2MyOYH7T/eOkhw1uOA=,ufk1w6B7ejutaOzrucyuFEr95lI=
8,59,AtEr1FbNI2MyOYH7T/eOkhw1uOA=,ufk1w6B7ejutaOzrucyuFEr95lI=
15,56,AtEr1FbNI2MyOYH7T/eOkhw1uOA=,ufk1w6B7ejutaOzrucyuFEr95lI=
0,57,AtEr1FbNI2MyOYH7T/eOkhw1uOA=,ufk1w6B7ejutaOzrucyuFEr95lI=
3,59,AtEr1FbNI2MyOYH7T/eOkhw1uOA=,ufk1w6B7ejutaOzrucyuFEr95lI=
8,48,AtEr1FbNI2MyOYH7T/eOkhw1uOA=,ufk1w6B7ejutaOzrucyuFEr95lI=
1,57,AtEr1FbNI2MyOYH7T/eOkhw1uOA=,ufk1w6B7ejutaOzrucyuFEr95lI=
5,59,AtEr1FbNI2MyOYH7T/eOkhw1uOA=,ufk1w6B7ejutaOzrucyuFEr95lI=
2,57,AtEr1FbNI2MyOYH7T/eOkhw1uOA=,ufk1w6B7ejutaOzrucyuFEr95lI=
10,48,AtEr1FbNI2MyOYH7T/eOkhw1uOA=,ufk1w6B7ejutaOzrucyuFEr95lI=
3,57,AtEr1FbNI2MyOYH7T/eOkhw1uOA=,ufk1w6B7ejutaOzrucyuFEr95lI=
4,57,AtEr1FbNI2MyOYH7T/eOkhw1uOA=,ufk1w6B7ejutaOzrucyuFEr95lI=
2,59,AtEr1FbNI2MyOYH7T/eOkhw1uOA=,ufk1w6B7ejutaOzrucyuFEr95lI=
5,57,AtEr1FbNI2MyOYH7T/eOkhw1uOA=,ufk1w6B7ejutaOzrucyuFEr95lI=
15,58,AtEr1FbNI2MyOYH7T/eOkhw1uOA=,ufk1w6B7ejutaOzrucyuFEr95lI=
1,59,AtEr1FbNI2MyOYH7T/eOkhw1uOA=,ufk1w6B7ejutaOzrucyuFEr95lI=
0,59,AtEr1FbNI2MyOYH7T/eOkhw1uOA=,ufk1w6B7ejutaOzrucyuFEr95lI=
6,57,AtEr1FbNI2MyOYH7T/eOkhw1uOA=,ufk1w6B7ejutaOzrucyuFEr95lI=
7,57,AtEr1FbNI2MyOYH7T/eOkhw1uOA=,ufk1w6B7ejutaOzrucyuFEr95lI=
14,58,AtEr1FbNI2MyOYH7T/eOkhw1uOA=,ufk1w6B7ejutaOzrucyuFEr95lI=
8,57,AtEr1FbNI2MyOYH7T/eOkhw1uOA=,ufk1w6B7ejutaOzrucyuFEr95lI=
12,58,AtEr1FbNI2MyOYH7T/eOkhw1uOA=,ufk1w6B7ejutaOzrucyuFEr95lI=
13,58,AtEr1FbNI2MyOYH7T/eOkhw1uOA=,ufk1w6B7ejutaOzrucyuFEr95lI=
9,57,AtEr1FbNI2MyOYH7T/eOkhw1uOA=,ufk1w6B7ejutaOzrucyuFEr95lI=
10,57,AtEr1FbNI2MyOYH7T/eOkhw1uOA=,ufk1w6B7ejutaOzrucyuFEr95lI=
11,57,AtEr1FbNI2MyOYH7T/eOkhw1uOA=,ufk1w6B7ejutaOzrucyuFEr95lI=
10,58,AtEr1FbNI2MyOYH7T/eOkhw1uOA=,ufk1w6B7ejutaOzrucyuFEr95lI=
11,58,AtEr1FbNI2MyOYH7T/eOkhw1uOA=,ufk1w6B7ejutaOzrucyuFEr95lI=
12,57,AtEr1FbNI2MyOYH7T/eOkhw1uOA=,ufk1w6B7ejutaOzrucyuFEr95lI=
9,58,AtEr1FbNI2MyOYH7T/eOkhw1uOA=,ufk1w6B7ejutaOzrucyuFEr95lI=
13,57,AtEr1FbNI2MyOYH7T/eOkhw1uOA=,ufk1w6B7ejutaOzrucyuFEr95lI=
14,57,AtEr1FbNI2MyOYH7T/eOkhw1uOA=,ufk1w6B7ejutaOzrucyuFEr95lI=
15,57,AtEr1FbNI2MyOYH7T/eOkhw1uOA=,ufk1w6B7ejutaOzrucyuFEr95lI=
0,58,AtEr1FbNI2MyOYH7T/eOkhw1uOA=,ufk1w6B7ejutaOzrucyuFEr95lI=
9,48,AtEr1FbNI2MyOYH7T/eOkhw1uOA=,ufk1w6B7ejutaOzrucyuFEr95lI=
1,58,AtEr1FbNI2MyOYH7T/eOkhw1uOA=,ufk1w6B7ejutaOzrucyuFEr95lI=
2,58,AtEr1FbNI2MyOYH7T/eOkhw1uOA=,ufk1w6B7ejutaOzrucyuFEr95lI=
8,58,AtEr1FbNI2MyOYH7T/eOkhw1uOA=,ufk1w6B7ejutaOzrucyuFEr95lI=
7,58,AtEr1FbNI2MyOYH7T/eOkhw1uOA=,ufk1w6B7ejutaOzrucyuFEr95lI=
3,58,AtEr1FbNI2MyOYH7T/eOkhw1uOA=,ufk1w6B7ejutaOzrucyuFEr95lI=
6,58,AtEr1FbNI2MyOYH7T/eOkhw1uOA=,ufk1w6B7ejutaOzrucyuFEr95lI=
4,58,AtEr1FbNI2MyOYH7T/eOkhw1uOA=,ufk1w6B7ejutaOzrucyuFEr95lI=
5,58,AtEr1FbNI2MyOYH7T/eOkhw1uOA=,ufk1w6B7ejutaOzrucyuFEr95lI=
16,49,ReB/KnIIF7Njdjjnc0bY6WShyzw=,ufk1w6B7ejutaOzrucyuFEr95lI=
17,49,ReB/KnIIF7Njdjjnc0bY6WShyzw=,ufk1w6B7ejutaOzrucyuFEr95lI=
30,63,ReB/KnIIF7Njdjjnc0bY6WShyzw=,ufk1w6B7ejutaOzrucyuFEr95lI=
31,63,ReB/KnIIF7Njdjjnc0bY6WShyzw=,ufk1w6B7ejutaOzrucyuFEr95lI=
31,48,ReB/KnIIF7Njdjjnc0bY6WShyzw=,ufk1w6B7ejutaOzrucyuFEr95lI=
30,48,ReB/KnIIF7Njdjjnc0bY6WShyzw=,ufk1w6B7ejutaOzrucyuFEr95lI=
29,48,ReB/KnIIF7Njdjjnc0bY6WShyzw=,ufk1w6B7ejutaOzrucyuFEr95lI=
28,48,ReB/KnIIF7Njdjjnc0bY6WShyzw=,ufk1w6B7ejutaOzrucyuFEr95lI=
26,48,ReB/KnIIF7Njdjjnc0bY6WShyzw=,ufk1w6B7ejutaOzrucyuFEr95lI=
25,48,ReB/KnIIF7Njdjjnc0bY6WShyzw=,ufk1w6B7ejutaOzrucyuFEr95lI=
24,48,ReB/KnIIF7Njdjjnc0bY6WShyzw=,ufk1w6B7ejutaOzrucyuFEr95lI=
23,48,ReB/KnIIF7Njdjjnc0bY6WShyzw=,ufk1w6B7ejutaOzrucyuFEr95lI=
22,48,ReB/KnIIF7Njdjjnc0bY6WShyzw=,ufk1w6B7ejutaOzrucyuFEr95lI=
27,48,ReB/KnIIF7Njdjjnc0bY6WShyzw=,ufk1w6B7ejutaOzrucyuFEr95lI=
20,48,ReB/KnIIF7Njdjjnc0bY6WShyzw=,ufk1w6B7ejutaOzrucyuFEr95lI=
21,48,ReB/KnIIF7Njdjjnc0bY6WShyzw=,ufk1w6B7ejutaOzrucyuFEr95lI=
19,48,ReB/KnIIF7Njdjjnc0bY6WShyzw=,ufk1w6B7ejutaOzrucyuFEr95lI=
18,48,ReB/KnIIF7Njdjjnc0bY6WShyzw=,ufk1w6B7ejutaOzrucyuFEr95lI=
29,63,ReB/KnIIF7Njdjjnc0bY6WShyzw=,ufk1w6B7ejutaOzrucyuFEr95lI=
17,48,ReB/KnIIF7Njdjjnc0bY6WShyzw=,ufk1w6B7ejutaOzrucyuFEr95lI=
16,48,ReB/KnIIF7Njdjjnc0bY6WShyzw=,ufk1w6B7ejutaOzrucyuFEr95lI=
28,63,ReB/KnIIF7Njdjjnc0bY6WShyzw=,ufk1w6B7ejutaOzrucyuFEr95lI=
27,63,ReB/KnIIF7Njdjjnc0bY6WShyzw=,ufk1w6B7ejutaOzrucyuFEr95lI=
26,63,ReB/KnIIF7Njdjjnc0bY6WShyzw=,ufk1w6B7ejutaOzrucyuFEr95lI=
25,63,ReB/KnIIF7Njdjjnc0bY6WShyzw=,ufk1w6B7ejutaOzrucyuFEr95lI=
23,63,ReB/KnIIF7Njdjjnc0bY6WShyzw=,ufk1w6B7ejutaOzrucyuFEr95lI=
24,63,ReB/KnIIF7Njdjjnc0bY6WShyzw=,ufk1w6B7ejutaOzrucyuFEr95lI=
22,63,ReB/KnIIF7Njdjjnc0bY6WShyzw=,ufk1w6B7ejutaOzrucyuFEr95lI=
21,63,ReB/KnIIF7Njdjjnc0bY6WShyzw=,ufk1w6B7ejutaOzrucyuFEr95lI=
20,63,ReB/KnIIF7Njdjjnc0bY6WShyzw=,ufk1w6B7ejutaOzrucyuFEr95lI=
19,63,ReB/KnIIF7Njdjjnc0bY6WShyzw=,ufk1w6B7ejutaOzrucyuFEr95lI=
18,63,ReB/KnIIF7Njdjjnc0bY6WShyzw=,ufk1w6B7ejutaOzrucyuFEr95lI=
17,63,ReB/KnIIF7Njdjjnc0bY6WShyzw=,ufk1w6B7ejutaOzrucyuFEr95lI=
16,63,ReB/KnIIF7Njdjjnc0bY6WShyzw=,ufk1w6B7ejutaOzrucyuFEr95lI=
31,62,ReB/KnIIF7Njdjjnc0bY6WShyzw=,ufk1w6B7ejutaOzrucyuFEr95lI=
30,62,ReB/KnIIF7Njdjjnc0bY6WShyzw=,ufk1w6B7ejutaOzrucyuFEr95lI=
28,62,ReB/KnIIF7Njdjjnc0bY6WShyzw=,ufk1w6B7ejutaOzrucyuFEr95lI=
29,62,ReB/KnIIF7Njdjjnc0bY6WShyzw=,ufk1w6B7ejutaOzrucyuFEr95lI=
27,62,ReB/KnIIF7Njdjjnc0bY6WShyzw=,ufk1w6B7ejutaOzrucyuFEr95lI=
26,62,ReB/KnIIF7Njdjjnc0bY6WShyzw=,ufk1w6B7ejutaOzrucyuFEr95lI=
25,62,ReB/KnIIF7Njdjjnc0bY6WShyzw=,ufk1w6B7ejutaOzrucyuFEr95lI=
24,62,ReB/KnIIF7Njdjjnc0bY6WShyzw=,ufk1w6B7ejutaOzrucyuFEr95lI=
23,62,ReB/KnIIF7Njdjjnc0bY6WShyzw=,ufk1w6B7ejutaOzrucyuFEr95lI=
22,62,ReB/KnIIF7Njdjjnc0bY6WShyzw=,ufk1w6B7ejutaOzrucyuFEr95lI=
21,62,ReB/KnIIF7Njdjjnc0bY6WShyzw=,ufk1w6B7ejutaOzrucyuFEr95lI=
20,62,ReB/KnIIF7Njdjjnc0bY6WShyzw=,ufk1w6B7ejutaOzrucyuFEr95lI=
19,62,ReB/KnIIF7Njdjjnc0bY6WShyzw=,ufk1w6B7ejutaOzrucyuFEr95lI=
17,62,ReB/KnIIF7Njdjjnc0bY6WShyzw=,ufk1w6B7ejutaOzrucyuFEr95lI=
18,62,ReB/KnIIF7Njdjjnc0bY6WShyzw=,ufk1w6B7ejutaOzrucyuFEr95lI=
31,61,ReB/KnIIF7Njdjjnc0bY6WShyzw=,ufk1w6B7ejutaOzrucyuFEr95lI=
16,62,ReB/KnIIF7Njdjjnc0bY6WShyzw=,ufk1w6B7ejutaOzrucyuFEr95lI=
30,61,ReB/KnIIF7Njdjjnc0bY6WShyzw=,ufk1w6B7ejutaOzrucyuFEr95lI=
29,61,ReB/KnIIF7Njdjjnc0bY6WShyzw=,ufk1w6B7ejutaOzrucyuFEr95lI=
28,61,ReB/KnIIF7Njdjjnc0bY6WShyzw=,ufk1w6B7ejutaOzrucyuFEr95lI=
27,61,ReB/KnIIF7Njdjjnc0bY6WShyzw=,ufk1w6B7ejutaOzrucyuFEr95lI=
26,61,ReB/KnIIF7Njdjjnc0bY6WShyzw=,ufk1w6B7ejutaOzrucyuFEr95lI=
25,61,ReB/KnIIF7Njdjjnc0bY6WShyzw=,ufk1w6B7ejutaOzrucyuFEr95lI=
24,61,ReB/KnIIF7Njdjjnc0bY6WShyzw=,ufk1w6B7ejutaOzrucyuFEr95lI=
23,61,ReB/KnIIF7Njdjjnc0bY6WShyzw=,ufk1w6B7ejutaOzrucyuFEr95lI=
22,61,ReB/KnIIF7Njdjjnc0bY6WShyzw=,ufk1w6B7ejutaOzrucyuFEr95lI=
21,61,ReB/KnIIF7Njdjjnc0bY6WShyzw=,ufk1w6B7ejutaOzrucyuFEr95lI=
20,61,ReB/KnIIF7Njdjjnc0bY6WShyzw=,ufk1w6B7ejutaOzrucyuFEr95lI=
19,61,ReB/KnIIF7Njdjjnc0bY6WShyzw=,ufk1w6B7ejutaOzrucyuFEr95lI=
18,61,ReB/KnIIF7Njdjjnc0bY6WShyzw=,ufk1w6B7ejutaOzrucyuFEr95lI=
17,61,ReB/KnIIF7Njdjjnc0bY6WShyzw=,ufk1w6B7ejutaOzrucyuFEr95lI=
31,60,ReB/KnIIF7Njdjjnc0bY6WShyzw=,ufk1w6B7ejutaOzrucyuFEr95lI=
30,60,ReB/KnIIF7Njdjjnc0bY6WShyzw=,ufk1w6B7ejutaOzrucyuFEr95lI=
16,61,ReB/KnIIF7Njdjjnc0bY6WShyzw=,ufk1w6B7ejutaOzrucyuFEr95lI=
29,60,ReB/KnIIF7Njdjjnc0bY6WShyzw=,ufk1w6B7ejutaOzrucyuFEr95lI=
28,60,ReB/KnIIF7Njdjjnc0bY6WShyzw=,ufk1w6B7ejutaOzrucyuFEr95lI=
27,60,ReB/KnIIF7Njdjjnc0bY6WShyzw=,ufk1w6B7ejutaOzrucyuFEr95lI=
26,60,ReB/KnIIF7Njdjjnc0bY6WShyzw=,ufk1w6B7ejutaOzrucyuFEr95lI=
25,60,ReB/KnIIF7Njdjjnc0bY6WShyzw=,ufk1w6B7ejutaOzrucyuFEr95lI=
23,60,ReB/KnIIF7Njdjjnc0bY6WShyzw=,ufk1w6B7ejutaOzrucyuFEr95lI=
24,60,ReB/KnIIF7Njdjjnc0bY6WShyzw=,ufk1w6B7ejutaOzrucyuFEr95lI=
22,60,ReB/KnIIF7Njdjjnc0bY6WShyzw=,ufk1w6B7ejutaOzrucyuFEr95lI=
21,60,ReB/KnIIF7Njdjjnc0bY6WShyzw=,ufk1w6B7ejutaOzrucyuFEr95lI=
20,60,ReB/KnIIF7Njdjjnc0bY6WShyzw=,ufk1w6B7ejutaOzrucyuFEr95lI=
19,60,ReB/KnIIF7Njdjjnc0bY6WShyzw=,ufk1w6B7ejutaOzrucyuFEr95lI=
18,60,ReB/KnIIF7Njdjjnc0bY6WShyzw=,ufk1w6B7ejutaOzrucyuFEr95lI=
17,60,ReB/KnIIF7Njdjjnc0bY6WShyzw=,ufk1w6B7ejutaOzrucyuFEr95lI=
31,59,ReB/KnIIF7Njdjjnc0bY6WShyzw=,ufk1w6B7ejutaOzrucyuFEr95lI=
30,59,ReB/KnIIF7Njdjjnc0bY6WShyzw=,ufk1w6B7ejutaOzrucyuFEr95lI=
16,60,ReB/KnIIF7Njdjjnc0bY6WShyzw=,ufk1w6B7ejutaOzrucyuFEr95lI=
29,59,ReB/KnIIF7Njdjjnc0bY6WShyzw=,ufk1w6B7ejutaOzrucyuFEr95lI=
28,59,ReB/KnIIF7Njdjjnc0bY6WShyzw=,ufk1w6B7ejutaOzrucyuFEr95lI=
27,59,ReB/KnIIF7Njdjjnc0bY6WShyzw=,ufk1w6B7ejutaOzrucyuFEr95lI=
26,59,ReB/KnIIF7Njdjjnc0bY6WShyzw=,ufk1w6B7ejutaOzrucyuFEr95lI=
25,59,ReB/KnIIF7Njdjjnc0bY6WShyzw=,ufk1w6B7ejutaOzrucyuFEr95lI=
24,59,ReB/KnIIF7Njdjjnc0bY6WShyzw=,ufk1w6B7ejutaOzrucyuFEr95lI=
23,59,ReB/KnIIF7Njdjjnc0bY6WShyzw=,ufk1w6B7ejutaOzrucyuFEr95lI=
21,59,ReB/KnIIF7Njdjjnc0bY6WShyzw=,ufk1w6B7ejutaOzrucyuFEr95lI=
22,59,ReB/KnIIF7Njdjjnc0bY6WShyzw=,ufk1w6B7ejutaOzrucyuFEr95lI=
20,59,ReB/KnIIF7Njdjjnc0bY6WShyzw=,ufk1w6B7ejutaOzrucyuFEr95lI=
19,59,ReB/KnIIF7Njdjjnc0bY6WShyzw=,ufk1w6B7ejutaOzrucyuFEr95lI=
18,59,ReB/KnIIF7Njdjjnc0bY6WShyzw=,ufk1w6B7ejutaOzrucyuFEr95lI=
17,59,ReB/KnIIF7Njdjjnc0bY6WShyzw=,ufk1w6B7ejutaOzrucyuFEr95lI=
31,58,ReB/KnIIF7Njdjjnc0bY6WShyzw=,ufk1w6B7ejutaOzrucyuFEr95lI=
16,59,ReB/KnIIF7Njdjjnc0bY6WShyzw=,ufk1w6B7ejutaOzrucyuFEr95lI=
30,58,ReB/KnIIF7Njdjjnc0bY6WShyzw=,ufk1w6B7ejutaOzrucyuFEr95lI=
29,58,ReB/KnIIF7Njdjjnc0bY6WShyzw=,ufk1w6B7ejutaOzrucyuFEr95lI=
27,58,ReB/KnIIF7Njdjjnc0bY6WShyzw=,ufk1w6B7ejutaOzrucyuFEr95lI=
28,58,ReB/KnIIF7Njdjjnc0bY6WShyzw=,ufk1w6B7ejutaOzrucyuFEr95lI=
26,58,ReB/KnIIF7Njdjjnc0bY6WShyzw=,ufk1w6B7ejutaOzrucyuFEr95lI=
25,58,ReB/KnIIF7Njdjjnc0bY6WShyzw=,ufk1w6B7ejutaOzrucyuFEr95lI=
24,58,ReB/KnIIF7Njdjjnc0bY6WShyzw=,ufk1w6B7ejutaOzrucyuFEr95lI=
23,58,ReB/KnIIF7Njdjjnc0bY6WShyzw=,ufk1w6B7ejutaOzrucyuFEr95lI=
22,58,ReB/KnIIF7Njdjjnc0bY6WShyzw=,ufk1w6B7ejutaOzrucyuFEr95lI=
21,58,ReB/KnIIF7Njdjjnc0bY6WShyzw=,ufk1w6B7ejutaOzrucyuFEr95lI=
20,58,ReB/KnIIF7Njdjjnc0bY6WShyzw=,ufk1w6B7ejutaOzrucyuFEr95lI=
19,58,ReB/KnIIF7Njdjjnc0bY6WShyzw=,ufk1w6B7ejutaOzrucyuFEr95lI=
18,58,ReB/KnIIF7Njdjjnc0bY6WShyzw=,ufk1w6B7ejutaOzrucyuFEr95lI=
16,58,ReB/KnIIF7Njdjjnc0bY6WShyzw=,ufk1w6B7ejutaOzrucyuFEr95lI=
17,58,ReB/KnIIF7Njdjjnc0bY6WShyzw=,ufk1w6B7ejutaOzrucyuFEr95lI=
31,57,ReB/KnIIF7Njdjjnc0bY6WShyzw=,ufk1w6B7ejutaOzrucyuFEr95lI=
30,57,ReB/KnIIF7Njdjjnc0bY6WShyzw=,ufk1w6B7ejutaOzrucyuFEr95lI=
29,57,ReB/KnIIF7Njdjjnc0bY6WShyzw=,ufk1w6B7ejutaOzrucyuFEr95lI=
28,57,ReB/KnIIF7Njdjjnc0bY6WShyzw=,ufk1w6B7ejutaOzrucyuFEr95lI=
27,57,ReB/KnIIF7Njdjjnc0bY6WShyzw=,ufk1w6B7ejutaOzrucyuFEr95lI=
26,57,ReB/KnIIF7Njdjjnc0bY6WShyzw=,ufk1w6B7ejutaOzrucyuFEr95lI=
25,57,ReB/KnIIF7Njdjjnc0bY6WShyzw=,ufk1w6B7ejutaOzrucyuFEr95lI=
24,57,ReB/KnIIF7Njdjjnc0bY6WShyzw=,ufk1w6B7ejutaOzrucyuFEr95lI=
23,57,ReB/KnIIF7Njdjjnc0bY6WShyzw=,ufk1w6B7ejutaOzrucyuFEr95lI=
22,57,ReB/KnIIF7Njdjjnc0bY6WShyzw=,ufk1w6B7ejutaOzrucyuFEr95lI=
21,57,ReB/KnIIF7Njdjjnc0bY6WShyzw=,ufk1w6B7ejutaOzrucyuFEr95lI=
20,57,ReB/KnIIF7Njdjjnc0bY6WShyzw=,ufk1w6B7ejutaOzrucyuFEr95lI=
19,57,ReB/KnIIF7Njdjjnc0bY6WShyzw=,ufk1w6B7ejutaOzrucyuFEr95lI=
17,57,ReB/KnIIF7Njdjjnc0bY6WShyzw=,ufk1w6B7ejutaOzrucyuFEr95lI=
16,57,ReB/KnIIF7Njdjjnc0bY6WShyzw=,ufk1w6B7ejutaOzrucyuFEr95lI=
18,57,ReB/KnIIF7Njdjjnc0bY6WShyzw=,ufk1w6B7ejutaOzrucyuFEr95lI=
31,56,ReB/KnIIF7Njdjjnc0bY6WShyzw=,ufk1w6B7ejutaOzrucyuFEr95lI=
30,56,ReB/KnIIF7Njdjjnc0bY6WShyzw=,ufk1w6B7ejutaOzrucyuFEr95lI=
28,56,ReB/KnIIF7Njdjjnc0bY6WShyzw=,ufk1w6B7ejutaOzrucyuFEr95lI=
29,56,ReB/KnIIF7Njdjjnc0bY6WShyzw=,ufk1w6B7ejutaOzrucyuFEr95lI=
27,56,ReB/KnIIF7Njdjjnc0bY6WShyzw=,ufk1w6B7ejutaOzrucyuFEr95lI=
25,56,ReB/KnIIF7Njdjjnc0bY6WShyzw=,ufk1w6B7ejutaOzrucyuFEr95lI=
26,56,ReB/KnIIF7Njdjjnc0bY6WShyzw=,ufk1w6B7ejutaOzrucyuFEr95lI=
24,56,ReB/KnIIF7Njdjjnc0bY6WShyzw=,ufk1w6B7ejutaOzrucyuFEr95lI=
22,56,ReB/KnIIF7Njdjjnc0bY6WShyzw=,ufk1w6B7ejutaOzrucyuFEr95lI=
23,56,ReB/KnIIF7Njdjjnc0bY6WShyzw=,ufk1w6B7ejutaOzrucyuFEr95lI=
21,56,ReB/KnIIF7Njdjjnc0bY6WShyzw=,ufk1w6B7ejutaOzrucyuFEr95lI=
20,56,ReB/KnIIF7Njdjjnc0bY6WShyzw=,ufk1w6B7ejutaOzrucyuFEr95lI=
19,56,ReB/KnIIF7Njdjjnc0bY6WShyzw=,ufk1w6B7ejutaOzrucyuFEr95lI=
18,56,ReB/KnIIF7Njdjjnc0bY6WShyzw=,ufk1w6B7ejutaOzrucyuFEr95lI=
17,56,ReB/KnIIF7Njdjjnc0bY6WShyzw=,ufk1w6B7ejutaOzrucyuFEr95lI=
16,56,ReB/KnIIF7Njdjjnc0bY6WShyzw=,ufk1w6B7ejutaOzrucyuFEr95lI=
30,55,ReB/KnIIF7Njdjjnc0bY6WShyzw=,ufk1w6B7ejutaOzrucyuFEr95lI=
31,55,ReB/KnIIF7Njdjjnc0bY6WShyzw=,ufk1w6B7ejutaOzrucyuFEr95lI=
29,55,ReB/KnIIF7Njdjjnc0bY6WShyzw=,ufk1w6B7ejutaOzrucyuFEr95lI=
28,55,ReB/KnIIF7Njdjjnc0bY6WShyzw=,ufk1w6B7ejutaOzrucyuFEr95lI=
27,55,ReB/KnIIF7Njdjjnc0bY6WShyzw=,ufk1w6B7ejutaOzrucyuFEr95lI=
25,55,ReB/KnIIF7Njdjjnc0bY6WShyzw=,ufk1w6B7ejutaOzrucyuFEr95lI=
24,55,ReB/KnIIF7Njdjjnc0bY6WShyzw=,ufk1w6B7ejutaOzrucyuFEr95lI=
26,55,ReB/KnIIF7Njdjjnc0bY6WShyzw=,ufk1w6B7ejutaOzrucyuFEr95lI=
22,55,ReB/KnIIF7Njdjjnc0bY6WShyzw=,ufk1w6B7ejutaOzrucyuFEr95lI=
23,55,ReB/KnIIF7Njdjjnc0bY6WShyzw=,ufk1w6B7ejutaOzrucyuFEr95lI=
21,55,ReB/KnIIF7Njdjjnc0bY6WShyzw=,ufk1w6B7ejutaOzrucyuFEr95lI=
20,55,ReB/KnIIF7Njdjjnc0bY6WShyzw=,ufk1w6B7ejutaOzrucyuFEr95lI=
19,55,ReB/KnIIF7Njdjjnc0bY6WShyzw=,ufk1w6B7ejutaOzrucyuFEr95lI=
18,55,ReB/KnIIF7Njdjjnc0bY6WShyzw=,ufk1w6B7ejutaOzrucyuFEr95lI=
17,55,ReB/KnIIF7Njdjjnc0bY6WShyzw=,ufk1w6B7ejutaOzrucyuFEr95lI=
16,55,ReB/KnIIF7Njdjjnc0bY6WShyzw=,ufk1w6B7ejutaOzrucyuFEr95lI=
31,54,ReB/KnIIF7Njdjjnc0bY6WShyzw=,ufk1w6B7ejutaOzrucyuFEr95lI=
30,54,ReB/KnIIF7Njdjjnc0bY6WShyzw=,ufk1w6B7ejutaOzrucyuFEr95lI=
28,54,ReB/KnIIF7Njdjjnc0bY6WShyzw=,ufk1w6B7ejutaOzrucyuFEr95lI=
29,54,ReB/KnIIF7Njdjjnc0bY6WShyzw=,ufk1w6B7ejutaOzrucyuFEr95lI=
27,54,ReB/KnIIF7Njdjjnc0bY6WShyzw=,ufk1w6B7ejutaOzrucyuFEr95lI=
26,54,ReB/KnIIF7Njdjjnc0bY6WShyzw=,ufk1w6B7ejutaOzrucyuFEr95lI=
25,54,ReB/KnIIF7Njdjjnc0bY6WShyzw=,ufk1w6B7ejutaOzrucyuFEr95lI=
23,54,ReB/KnIIF7Njdjjnc0bY6WShyzw=,ufk1w6B7ejutaOzrucyuFEr95lI=
22,54,ReB/KnIIF7Njdjjnc0bY6WShyzw=,ufk1w6B7ejutaOzrucyuFEr95lI=
21,54,ReB/KnIIF7Njdjjnc0bY6WShyzw=,ufk1w6B7ejutaOzrucyuFEr95lI=
20,54,ReB/KnIIF7Njdjjnc0bY6WShyzw=,ufk1w6B7ejutaOzrucyuFEr95lI=
18,54,ReB/KnIIF7Njdjjnc0bY6WShyzw=,ufk1w6B7ejutaOzrucyuFEr95lI=
19,54,ReB/KnIIF7Njdjjnc0bY6WShyzw=,ufk1w6B7ejutaOzrucyuFEr95lI=
24,54,ReB/KnIIF7Njdjjnc0bY6WShyzw=,ufk1w6B7ejutaOzrucyuFEr95lI=
16,54,ReB/KnIIF7Njdjjnc0bY6WShyzw=,ufk1w6B7ejutaOzrucyuFEr95lI=
17,54,ReB/KnIIF7Njdjjnc0bY6WShyzw=,ufk1w6B7ejutaOzrucyuFEr95lI=
30,53,ReB/KnIIF7Njdjjnc0bY6WShyzw=,ufk1w6B7ejutaOzrucyuFEr95lI=
31,53,ReB/KnIIF7Njdjjnc0bY6WShyzw=,ufk1w6B7ejutaOzrucyuFEr95lI=
29,53,ReB/KnIIF7Njdjjnc0bY6WShyzw=,ufk1w6B7ejutaOzrucyuFEr95lI=
28,53,ReB/KnIIF7Njdjjnc0bY6WShyzw=,ufk1w6B7ejutaOzrucyuFEr95lI=
25,53,ReB/KnIIF7Njdjjnc0bY6WShyzw=,ufk1w6B7ejutaOzrucyuFEr95lI=
27,53,ReB/KnIIF7Njdjjnc0bY6WShyzw=,ufk1w6B7ejutaOzrucyuFEr95lI=
26,53,ReB/KnIIF7Njdjjnc0bY6WShyzw=,ufk1w6B7ejutaOzrucyuFEr95lI=
23,53,ReB/KnIIF7Njdjjnc0bY6WShyzw=,ufk1w6B7ejutaOzrucyuFEr95lI=
24,53,ReB/KnIIF7Njdjjnc0bY6WShyzw=,ufk1w6B7ejutaOzrucyuFEr95lI=
22,53,ReB/KnIIF7Njdjjnc0bY6WShyzw=,ufk1w6B7ejutaOzrucyuFEr95lI=
20,53,ReB/KnIIF7Njdjjnc0bY6WShyzw=,ufk1w6B7ejutaOzrucyuFEr95lI=
19,53,ReB/KnIIF7Njdjjnc0bY6WShyzw=,ufk1w6B7ejutaOzrucyuFEr95lI=
21,53,ReB/KnIIF7Njdjjnc0bY6WShyzw=,ufk1w6B7ejutaOzrucyuFEr95lI=
18,53,ReB/KnIIF7Njdjjnc0bY6WShyzw=,ufk1w6B7ejutaOzrucyuFEr95lI=
17,53,ReB/KnIIF7Njdjjnc0bY6WShyzw=,ufk1w6B7ejutaOzrucyuFEr95lI=
16,53,ReB/KnIIF7Njdjjnc0bY6WShyzw=,ufk1w6B7ejutaOzrucyuFEr95lI=
31,52,ReB/KnIIF7Njdjjnc0bY6WShyzw=,ufk1w6B7ejutaOzrucyuFEr95lI=
30,52,ReB/KnIIF7Njdjjnc0bY6WShyzw=,ufk1w6B7ejutaOzrucyuFEr95lI=
28,52,ReB/KnIIF7Njdjjnc0bY6WShyzw=,ufk1w6B7ejutaOzrucyuFEr95lI=
29,52,ReB/KnIIF7Njdjjnc0bY6WShyzw=,ufk1w6B7ejutaOzrucyuFEr95lI=
27,52,ReB/KnIIF7Njdjjnc0bY6WShyzw=,ufk1w6B7ejutaOzrucyuFEr95lI=
25,52,ReB/KnIIF7Njdjjnc0bY6WShyzw=,ufk1w6B7ejutaOzrucyuFEr95lI=
26,52,ReB/KnIIF7Njdjjnc0bY6WShyzw=,ufk1w6B7ejutaOzrucyuFEr95lI=
24,52,ReB/KnIIF7Njdjjnc0bY6WShyzw=,ufk1w6B7ejutaOzrucyuFEr95lI=
23,52,ReB/KnIIF7Njdjjnc0bY6WShyzw=,ufk1w6B7ejutaOzrucyuFEr95lI=
21,52,ReB/KnIIF7Njdjjnc0bY6WShyzw=,ufk1w6B7ejutaOzrucyuFEr95lI=
20,52,ReB/KnIIF7Njdjjnc0bY6WShyzw=,ufk1w6B7ejutaOzrucyuFEr95lI=
19,52,ReB/KnIIF7Njdjjnc0bY6WShyzw=,ufk1w6B7ejutaOzrucyuFEr95lI=
22,52,ReB/KnIIF7Njdjjnc0bY6WShyzw=,ufk1w6B7ejutaOzrucyuFEr95lI=
18,52,ReB/KnIIF7Njdjjnc0bY6WShyzw=,ufk1w6B7ejutaOzrucyuFEr95lI=
17,52,ReB/KnIIF7Njdjjnc0bY6WShyzw=,ufk1w6B7ejutaOzrucyuFEr95lI=
16,52,ReB/KnIIF7Njdjjnc0bY6WShyzw=,ufk1w6B7ejutaOzrucyuFEr95lI=
31,51,ReB/KnIIF7Njdjjnc0bY6WShyzw=,ufk1w6B7ejutaOzrucyuFEr95lI=
30,51,ReB/KnIIF7Njdjjnc0bY6WShyzw=,ufk1w6B7ejutaOzrucyuFEr95lI=
29,51,ReB/KnIIF7Njdjjnc0bY6WShyzw=,ufk1w6B7ejutaOzrucyuFEr95lI=
28,51,ReB/KnIIF7Njdjjnc0bY6WShyzw=,ufk1w6B7ejutaOzrucyuFEr95lI=
27,51,ReB/KnIIF7Njdjjnc0bY6WShyzw=,ufk1w6B7ejutaOzrucyuFEr95lI=
26,51,ReB/KnIIF7Njdjjnc0bY6WShyzw=,ufk1w6B7ejutaOzrucyuFEr95lI=
25,51,ReB/KnIIF7Njdjjnc0bY6WShyzw=,ufk1w6B7ejutaOzrucyuFEr95lI=
24,51,ReB/KnIIF7Njdjjnc0bY6WShyzw=,ufk1w6B7ejutaOzrucyuFEr95lI=
23,51,ReB/KnIIF7Njdjjnc0bY6WShyzw=,ufk1w6B7ejutaOzrucyuFEr95lI=
21,51,ReB/KnIIF7Njdjjnc0bY6WShyzw=,ufk1w6B7ejutaOzrucyuFEr95lI=
22,51,ReB/KnIIF7Njdjjnc0bY6WShyzw=,ufk1w6B7ejutaOzrucyuFEr95lI=
20,51,ReB/KnIIF7Njdjjnc0bY6WShyzw=,ufk1w6B7ejutaOzrucyuFEr95lI=
18,51,ReB/KnIIF7Njdjjnc0bY6WShyzw=,ufk1w6B7ejutaOzrucyuFEr95lI=
17,51,ReB/KnIIF7Njdjjnc0bY6WShyzw=,ufk1w6B7ejutaOzrucyuFEr95lI=
19,51,ReB/KnIIF7Njdjjnc0bY6WShyzw=,ufk1w6B7ejutaOzrucyuFEr95lI=
16,51,ReB/KnIIF7Njdjjnc0bY6WShyzw=,ufk1w6B7ejutaOzrucyuFEr95lI=
30,50,ReB/KnIIF7Njdjjnc0bY6WShyzw=,ufk1w6B7ejutaOzrucyuFEr95lI=
31,50,ReB/KnIIF7Njdjjnc0bY6WShyzw=,ufk1w6B7ejutaOzrucyuFEr95lI=
29,50,ReB/KnIIF7Njdjjnc0bY6WShyzw=,ufk1w6B7ejutaOzrucyuFEr95lI=
27,50,ReB/KnIIF7Njdjjnc0bY6WShyzw=,ufk1w6B7ejutaOzrucyuFEr95lI=
28,50,ReB/KnIIF7Njdjjnc0bY6WShyzw=,ufk1w6B7ejutaOzrucyuFEr95lI=
26,50,ReB/KnIIF7Njdjjnc0bY6WShyzw=,ufk1w6B7ejutaOzrucyuFEr95lI=
25,50,ReB/KnIIF7Njdjjnc0bY6WShyzw=,ufk1w6B7ejutaOzrucyuFEr95lI=
23,50,ReB/KnIIF7Njdjjnc0bY6WShyzw=,ufk1w6B7ejutaOzrucyuFEr95lI=
22,50,ReB/KnIIF7Njdjjnc0bY6WShyzw=,ufk1w6B7ejutaOzrucyuFEr95lI=
24,50,ReB/KnIIF7Njdjjnc0bY6WShyzw=,ufk1w6B7ejutaOzrucyuFEr95lI=
21,50,ReB/KnIIF7Njdjjnc0bY6WShyzw=,ufk1w6B7ejutaOzrucyuFEr95lI=
20,50,ReB/KnIIF7Njdjjnc0bY6WShyzw=,ufk1w6B7ejutaOzrucyuFEr95lI=
18,50,ReB/KnIIF7Njdjjnc0bY6WShyzw=,ufk1w6B7ejutaOzrucyuFEr95lI=
17,50,ReB/KnIIF7Njdjjnc0bY6WShyzw=,ufk1w6B7ejutaOzrucyuFEr95lI=
19,50,ReB/KnIIF7Njdjjnc0bY6WShyzw=,ufk1w6B7ejutaOzrucyuFEr95lI=
16,50,ReB/KnIIF7Njdjjnc0bY6WShyzw=,ufk1w6B7ejutaOzrucyuFEr95lI=
30,49,ReB/KnIIF7Njdjjnc0bY6WShyzw=,ufk1w6B7ejutaOzrucyuFEr95lI=
29,49,ReB/KnIIF7Njdjjnc0bY6WShyzw=,ufk1w6B7ejutaOzrucyuFEr95lI=
31,49,ReB/KnIIF7Njdjjnc0bY6WShyzw=,ufk1w6B7ejutaOzrucyuFEr95lI=
28,49,ReB/KnIIF7Njdjjnc0bY6WShyzw=,ufk1w6B7ejutaOzrucyuFEr95lI=
27,49,ReB/KnIIF7Njdjjnc0bY6WShyzw=,ufk1w6B7ejutaOzrucyuFEr95lI=
25,49,ReB/KnIIF7Njdjjnc0bY6WShyzw=,ufk1w6B7ejutaOzrucyuFEr95lI=
24,49,ReB/KnIIF7Njdjjnc0bY6WShyzw=,ufk1w6B7ejutaOzrucyuFEr95lI=
23,49,ReB/KnIIF7Njdjjnc0bY6WShyzw=,ufk1w6B7ejutaOzrucyuFEr95lI=
22,49,ReB/KnIIF7Njdjjnc0bY6WShyzw=,ufk1w6B7ejutaOzrucyuFEr95lI=
21,49,ReB/KnIIF7Njdjjnc0bY6WShyzw=,ufk1w6B7ejutaOzrucyuFEr95lI=
20,49,ReB/KnIIF7Njdjjnc0bY6WShyzw=,ufk1w6B7ejutaOzrucyuFEr95lI=
19,49,ReB/KnIIF7Njdjjnc0bY6WShyzw=,ufk1w6B7ejutaOzrucyuFEr95lI=
26,49,ReB/KnIIF7Njdjjnc0bY6WShyzw=,ufk1w6B7ejutaOzrucyuFEr95lI=
18,49,ReB/KnIIF7Njdjjnc0bY6WShyzw=,ufk1w6B7ejutaOzrucyuFEr95lI=
