-18,129,cdmmsRAuwFLhNNCqRzt01ElGcVM=,9k+W9KnZRGpjajYEnqVPFirr2zo=
-17,128,cdmmsRAuwFLhNNCqRzt01ElGcVM=,9k+W9KnZRGpjajYEnqVPFirr2zo=
-17,129,cdmmsRAuwFLhNNCqRzt01ElGcVM=,9k+W9KnZRGpjajYEnqVPFirr2zo=
-17,143,cdmmsRAuwFLhNNCqRzt01ElGcVM=,9k+W9KnZRGpjajYEnqVPFirr2zo=
-21,143,cdmmsRAuwFLhNNCqRzt01ElGcVM=,9k+W9KnZRGpjajYEnqVPFirr2zo=
-32,128,cdmmsRAuwFLhNNCqRzt01ElGcVM=,9k+W9KnZRGpjajYEnqVPFirr2zo=
-18,143,cdmmsRAuwFLhNNCqRzt01ElGcVM=,9k+W9KnZRGpjajYEnqVPFirr2zo=
-20,143,cdmmsRAuwFLhNNCqRzt01ElGcVM=,9k+W9KnZRGpjajYEnqVPFirr2zo=
-32,130,cdmmsRAuwFLhNNCqRzt01ElGcVM=,9k+W9KnZRGpjajYEnqVPFirr2zo=
-19,143,cdmmsRAuwFLhNNCqRzt01ElGcVM=,9k+W9KnZRGpjajYEnqVPFirr2zo=
-22,143,cdmmsRAuwFLhNNCqRzt01ElGcVM=,9k+W9KnZRGpjajYEnqVPFirr2zo=
-23,143,cdmmsRAuwFLhNNCqRzt01ElGcVM=,9k+W9KnZRGpjajYEnqVPFirr2zo=
-26,143,cdmmsRAuwFLhNNCqRzt01ElGcVM=,9k+W9KnZRGpjajYEnqVPFirr2zo=
-31,130,cdmmsRAuwFLhNNCqRzt01ElGcVM=,9k+W9KnZRGpjajYEnqVPFirr2zo=
-25,143,cdmmsRAuwFLhNNCqRzt01ElGcVM=,9k+W9KnZRGpjajYEnqVPFirr2zo=
-24,143,cdmmsRAuwFLhNNCqRzt01ElGcVM=,9k+W9KnZRGpjajYEnqVPFirr2zo=
-18,128,cdmmsRAuwFLhNNCqRzt01ElGcVM=,9k+W9KnZRGpjajYEnqVPFirr2zo=
-19,128,cdmmsRAuwFLhNNCqRzt01ElGcVM=,9k+W9KnZRGpjajYEnqVPFirr2zo=
-20,128,cdmmsRAuwFLhNNCqRzt01ElGcVM=,9k+W9KnZRGpjajYEnqVPFirr2zo=
-30,143,cdmmsRAuwFLhNNCqRzt01ElGcVM=,9k+W9KnZRGpjajYEnqVPFirr2zo=
-30,130,cdmmsRAuwFLhNNCqRzt01ElGcVM=,9k+W9KnZRGpjajYEnqVPFirr2zo=
-28,143,cdmmsRAuwFLhNNCqRzt01ElGcVM=,9k+W9KnZRGpjajYEnqVPFirr2zo=
-29,143,cdmmsRAuwFLhNNCqRzt01ElGcVM=,9k+W9KnZRGpjajYEnqVPFirr2zo=
-31,143,cdmmsRAuwFLhNNCqRzt01ElGcVM=,9k+W9KnZRGpjajYEnqVPFirr2zo=
-21,128,cdmmsRAuwFLhNNCqRzt01ElGcVM=,9k+W9KnZRGpjajYEnqVPFirr2zo=
-22,128,cdmmsRAuwFLhNNCqRzt01ElGcVM=,9k+W9KnZRGpjajYEnqVPFirr2zo=
-23,128,cdmmsRAuwFLhNNCqRzt01ElGcVM=,9k+W9KnZRGpjajYEnqVPFirr2zo=
-29,130,cdmmsRAuwFLhNNCqRzt01ElGcVM=,9k+W9KnZRGpjajYEnqVPFirr2zo=
-28,130,cdmmsRAuwFLhNNCqRzt01ElGcVM=,9k+W9KnZRGpjajYEnqVPFirr2zo=
-27,128,cdmmsRAuwFLhNNCqRzt01ElGcVM=,9k+W9KnZRGpjajYEnqVPFirr2zo=
-27,130,cdmmsRAuwFLhNNCqRzt01ElGcVM=,9k+W9KnZRGpjajYEnqVPFirr2zo=
-30,128,cdmmsRAuwFLhNNCqRzt01ElGcVM=,9k+W9KnZRGpjajYEnqVPFirr2zo=
-26,128,cdmmsRAuwFLhNNCqRzt01ElGcVM=,9k+W9KnZRGpjajYEnqVPFirr2zo=
-26,130,cdmmsRAuwFLhNNCqRzt01ElGcVM=,9k+W9KnZRGpjajYEnqVPFirr2zo=
-24,128,cdmmsRAuwFLhNNCqRzt01ElGcVM=,9k+W9KnZRGpjajYEnqVPFirr2zo=
-19,129,cdmmsRAuwFLhNNCqRzt01ElGcVM=,9k+W9KnZRGpjajYEnqVPFirr2zo=
-29,128,cdmmsRAuwFLhNNCqRzt01ElGcVM=,9k+W9KnZRGpjajYEnqVPFirr2zo=
-31,128,cdmmsRAuwFLhNNCqRzt01ElGcVM=,9k+W9KnZRGpjajYEnqVPFirr2zo=
-25,130,cdmmsRAuwFLhNNCqRzt01ElGcVM=,9k+W9KnZRGpjajYEnqVPFirr2zo=
-20,142,cdmmsRAuwFLhNNCqRzt01ElGcVM=,9k+W9KnZRGpjajYEnqVPFirr2zo=
-24,130,cdmmsRAuwFLhNNCqRzt01ElGcVM=,9k+W9KnZRGpjajYEnqVPFirr2zo=
-17,142,cdmmsRAuwFLhNNCqRzt01ElGcVM=,9k+W9KnZRGpjajYEnqVPFirr2zo=
-24,142,cdmmsRAuwFLhNNCqRzt01ElGcVM=,9k+W9KnZRGpjajYEnqVPFirr2zo=
-23,142,cdmmsRAuwFLhNNCqRzt01ElGcVM=,9k+W9KnZRGpjajYEnqVPFirr2zo=
-22,142,cdmmsRAuwFLhNNCqRzt01ElGcVM=,9k+W9KnZRGpjajYEnqVPFirr2zo=
-23,130,cdmmsRAuwFLhNNCqRzt01ElGcVM=,9k+W9KnZRGpjajYEnqVPFirr2zo=
-27,142,cdmmsRAuwFLhNNCqRzt01ElGcVM=,9k+W9KnZRGpjajYEnqVPFirr2zo=
-21,142,cdmmsRAuwFLhNNCqRzt01ElGcVM=,9k+W9KnZRGpjajYEnqVPFirr2zo=
-26,142,cdmmsRAuwFLhNNCqRzt01ElGcVM=,9k+W9KnZRGpjajYEnqVPFirr2zo=
-25,142,cdmmsRAuwFLhNNCqRzt01ElGcVM=,9k+W9KnZRGpjajYEnqVPFirr2zo=
-20,129,cdmmsRAuwFLhNNCqRzt01ElGcVM=,9k+W9KnZRGpjajYEnqVPFirr2zo=
-25,128,cdmmsRAuwFLhNNCqRzt01ElGcVM=,9k+W9KnZRGpjajYEnqVPFirr2zo=
-31,142,cdmmsRAuwFLhNNCqRzt01ElGcVM=,9k+W9KnZRGpjajYEnqVPFirr2zo=
-30,142,cdmmsRAuwFLhNNCqRzt01ElGcVM=,9k+W9KnZRGpjajYEnqVPFirr2zo=
-29,142,cdmmsRAuwFLhNNCqRzt01ElGcVM=,9k+W9KnZRGpjajYEnqVPFirr2zo=
-32,142,cdmmsRAuwFLhNNCqRzt01ElGcVM=,9k+W9KnZRGpjajYEnqVPFirr2zo=
-21,130,cdmmsRAuwFLhNNCqRzt01ElGcVM=,9k+W9KnZRGpjajYEnqVPFirr2zo=
-22,130,cdmmsRAuwFLhNNCqRzt01ElGcVM=,9k+W9KnZRGpjajYEnqVPFirr2zo=
-20,130,cdmmsRAuwFLhNNCqRzt01ElGcVM=,9k+W9KnZRGpjajYEnqVPFirr2zo=
-18,141,cdmmsRAuwFLhNNCqRzt01ElGcVM=,9k+W9KnZRGpjajYEnqVPFirr2zo=
-19,130,cdmmsRAuwFLhNNCqRzt01ElGcVM=,9k+W9KnZRGpjajYEnqVPFirr2zo=
-32,129,cdmmsRAuwFLhNNCqRzt01ElGcVM=,9k+W9KnZRGpjajYEnqVPFirr2zo=
-18,130,cdmmsRAuwFLhNNCqRzt01ElGcVM=,9k+W9KnZRGpjajYEnqVPFirr2zo=
-17,130,cdmmsRAuwFLhNNCqRzt01ElGcVM=,9k+W9KnZRGpjajYEnqVPFirr2zo=
-19,142,cdmmsRAuwFLhNNCqRzt01ElGcVM=,9k+W9KnZRGpjajYEnqVPFirr2zo=
-19,141,cdmmsRAuwFLhNNCqRzt01ElGcVM=,9k+W9KnZRGpjajYEnqVPFirr2zo=
-20,141,cdmmsRAuwFLhNNCqRzt01ElGcVM=,9k+W9KnZRGpjajYEnqVPFirr2zo=
-32,131,cdmmsRAuwFLhNNCqRzt01ElGcVM=,9k+W9KnZRGpjajYEnqVPFirr2zo=
-17,141,cdmmsRAuwFLhNNCqRzt01ElGcVM=,9k+W9KnZRGpjajYEnqVPFirr2zo=
-26,141,cdmmsRAuwFLhNNCqRzt01ElGcVM=,9k+W9KnZRGpjajYEnqVPFirr2zo=
-23,141,cdmmsRAuwFLhNNCqRzt01ElGcVM=,9k+W9KnZRGpjajYEnqVPFirr2zo=
-24,141,cdmmsRAuwFLhNNCqRzt01ElGcVM=,9k+W9KnZRGpjajYEnqVPFirr2zo=
-22,141,cdmmsRAuwFLhNNCqRzt01ElGcVM=,9k+W9KnZRGpjajYEnqVPFirr2zo=
-25,141,cdmmsRAuwFLhNNCqRzt01ElGcVM=,9k+W9KnZRGpjajYEnqVPFirr2zo=
-27,141,cdmmsRAuwFLhNNCqRzt01ElGcVM=,9k+W9KnZRGpjajYEnqVPFirr2zo=
-21,141,cdmmsRAuwFLhNNCqRzt01ElGcVM=,9k+W9KnZRGpjajYEnqVPFirr2zo=
-28,142,cdmmsRAuwFLhNNCqRzt01ElGcVM=,9k+W9KnZRGpjajYEnqVPFirr2zo=
-31,131,cdmmsRAuwFLhNNCqRzt01ElGcVM=,9k+W9KnZRGpjajYEnqVPFirr2zo=
-21,129,cdmmsRAuwFLhNNCqRzt01ElGcVM=,9k+W9KnZRGpjajYEnqVPFirr2zo=
-32,141,cdmmsRAuwFLhNNCqRzt01ElGcVM=,9k+W9KnZRGpjajYEnqVPFirr2zo=
-28,141,cdmmsRAuwFLhNNCqRzt01ElGcVM=,9k+W9KnZRGpjajYEnqVPFirr2zo=
-30,141,cdmmsRAuwFLhNNCqRzt01ElGcVM=,9k+W9KnZRGpjajYEnqVPFirr2zo=
-18,140,cdmmsRAuwFLhNNCqRzt01ElGcVM=,9k+W9KnZRGpjajYEnqVPFirr2zo=
-30,131,cdmmsRAuwFLhNNCqRzt01ElGcVM=,9k+W9KnZRGpjajYEnqVPFirr2zo=
-29,141,cdmmsRAuwFLhNNCqRzt01ElGcVM=,9k+W9KnZRGpjajYEnqVPFirr2zo=
-31,141,cdmmsRAuwFLhNNCqRzt01ElGcVM=,9k+W9KnZRGpjajYEnqVPFirr2zo=
-23,140,cdmmsRAuwFLhNNCqRzt01ElGcVM=,9k+W9KnZRGpjajYEnqVPFirr2zo=
-19,140,cdmmsRAuwFLhNNCqRzt01ElGcVM=,9k+W9KnZRGpjajYEnqVPFirr2zo=
-20,140,cdmmsRAuwFLhNNCqRzt01ElGcVM=,9k+W9KnZRGpjajYEnqVPFirr2zo=
-32,143,cdmmsRAuwFLhNNCqRzt01ElGcVM=,9k+W9KnZRGpjajYEnqVPFirr2zo=
-26,140,cdmmsRAuwFLhNNCqRzt01ElGcVM=,9k+W9KnZRGpjajYEnqVPFirr2zo=
-22,140,cdmmsRAuwFLhNNCqRzt01ElGcVM=,9k+W9KnZRGpjajYEnqVPFirr2zo=
-21,140,cdmmsRAuwFLhNNCqRzt01ElGcVM=,9k+W9KnZRGpjajYEnqVPFirr2zo=
-29,131,cdmmsRAuwFLhNNCqRzt01ElGcVM=,9k+W9KnZRGpjajYEnqVPFirr2zo=
-28,131,cdmmsRAuwFLhNNCqRzt01ElGcVM=,9k+W9KnZRGpjajYEnqVPFirr2zo=
-25,140,cdmmsRAuwFLhNNCqRzt01ElGcVM=,9k+W9KnZRGpjajYEnqVPFirr2zo=
-27,131,cdmmsRAuwFLhNNCqRzt01ElGcVM=,9k+W9KnZRGpjajYEnqVPFirr2zo=
-26,131,cdmmsRAuwFLhNNCqRzt01ElGcVM=,9k+W9KnZRGpjajYEnqVPFirr2zo=
-25,131,cdmmsRAuwFLhNNCqRzt01ElGcVM=,9k+W9KnZRGpjajYEnqVPFirr2zo=
-22,129,cdmmsRAuwFLhNNCqRzt01ElGcVM=,9k+W9KnZRGpjajYEnqVPFirr2zo=
-31,140,cdmmsRAuwFLhNNCqRzt01ElGcVM=,9k+W9KnZRGpjajYEnqVPFirr2zo=
-30,140,cdmmsRAuwFLhNNCqRzt01ElGcVM=,9k+W9KnZRGpjajYEnqVPFirr2zo=
-28,128,cdmmsRAuwFLhNNCqRzt01ElGcVM=,9k+W9KnZRGpjajYEnqVPFirr2zo=
-29,140,cdmmsRAuwFLhNNCqRzt01ElGcVM=,9k+W9KnZRGpjajYEnqVPFirr2zo=
-18,139,cdmmsRAuwFLhNNCqRzt01ElGcVM=,9k+W9KnZRGpjajYEnqVPFirr2zo=
-19,139,cdmmsRAuwFLhNNCqRzt01ElGcVM=,9k+W9KnZRGpjajYEnqVPFirr2zo=
-17,140,cdmmsRAuwFLhNNCqRzt01ElGcVM=,9k+W9KnZRGpjajYEnqVPFirr2zo=
-28,140,cdmmsRAuwFLhNNCqRzt01ElGcVM=,9k+W9KnZRGpjajYEnqVPFirr2zo=
-20,139,cdmmsRAuwFLhNNCqRzt01ElGcVM=,9k+W9KnZRGpjajYEnqVPFirr2zo=
-17,139,cdmmsRAuwFLhNNCqRzt01ElGcVM=,9k+W9KnZRGpjajYEnqVPFirr2zo=
-24,131,cdmmsRAuwFLhNNCqRzt01ElGcVM=,9k+W9KnZRGpjajYEnqVPFirr2zo=
-22,139,cdmmsRAuwFLhNNCqRzt01ElGcVM=,9k+W9KnZRGpjajYEnqVPFirr2zo=
-23,139,cdmmsRAuwFLhNNCqRzt01ElGcVM=,9k+W9KnZRGpjajYEnqVPFirr2zo=
-18,142,cdmmsRAuwFLhNNCqRzt01ElGcVM=,9k+W9KnZRGpjajYEnqVPFirr2zo=
-24,139,cdmmsRAuwFLhNNCqRzt01ElGcVM=,9k+W9KnZRGpjajYEnqVPFirr2zo=
-26,139,cdmmsRAuwFLhNNCqRzt01ElGcVM=,9k+W9KnZRGpjajYEnqVPFirr2zo=
-25,139,cdmmsRAuwFLhNNCqRzt01ElGcVM=,9k+W9KnZRGpjajYEnqVPFirr2zo=
-27,143,cdmmsRAuwFLhNNCqRzt01ElGcVM=,9k+W9KnZRGpjajYEnqVPFirr2zo=
-27,139,cdmmsRAuwFLhNNCqRzt01ElGcVM=,9k+W9KnZRGpjajYEnqVPFirr2zo=
-17,138,cdmmsRAuwFLhNNCqRzt01ElGcVM=,9k+W9KnZRGpjajYEnqVPFirr2zo=
-31,139,cdmmsRAuwFLhNNCqRzt01ElGcVM=,9k+W9KnZRGpjajYEnqVPFirr2zo=
-23,131,cdmmsRAuwFLhNNCqRzt01ElGcVM=,9k+W9KnZRGpjajYEnqVPFirr2zo=
-23,129,cdmmsRAuwFLhNNCqRzt01ElGcVM=,9k+W9KnZRGpjajYEnqVPFirr2zo=
-28,139,cdmmsRAuwFLhNNCqRzt01ElGcVM=,9k+W9KnZRGpjajYEnqVPFirr2zo=
-30,139,cdmmsRAuwFLhNNCqRzt01ElGcVM=,9k+W9KnZRGpjajYEnqVPFirr2zo=
-32,139,cdmmsRAuwFLhNNCqRzt01ElGcVM=,9k+W9KnZRGpjajYEnqVPFirr2zo=
-21,139,cdmmsRAuwFLhNNCqRzt01ElGcVM=,9k+W9KnZRGpjajYEnqVPFirr2zo=
-19,138,cdmmsRAuwFLhNNCqRzt01ElGcVM=,9k+W9KnZRGpjajYEnqVPFirr2zo=
-22,131,cdmmsRAuwFLhNNCqRzt01ElGcVM=,9k+W9KnZRGpjajYEnqVPFirr2zo=
-21,131,cdmmsRAuwFLhNNCqRzt01ElGcVM=,9k+W9KnZRGpjajYEnqVPFirr2zo=
-23,138,cdmmsRAuwFLhNNCqRzt01ElGcVM=,9k+W9KnZRGpjajYEnqVPFirr2zo=
-20,131,cdmmsRAuwFLhNNCqRzt01ElGcVM=,9k+W9KnZRGpjajYEnqVPFirr2zo=
-18,138,cdmmsRAuwFLhNNCqRzt01ElGcVM=,9k+W9KnZRGpjajYEnqVPFirr2zo=
-22,138,cdmmsRAuwFLhNNCqRzt01ElGcVM=,9k+W9KnZRGpjajYEnqVPFirr2zo=
-24,138,cdmmsRAuwFLhNNCqRzt01ElGcVM=,9k+W9KnZRGpjajYEnqVPFirr2zo=
-25,138,cdmmsRAuwFLhNNCqRzt01ElGcVM=,9k+W9KnZRGpjajYEnqVPFirr2zo=
-21,138,cdmmsRAuwFLhNNCqRzt01ElGcVM=,9k+W9KnZRGpjajYEnqVPFirr2zo=
-31,129,cdmmsRAuwFLhNNCqRzt01ElGcVM=,9k+W9KnZRGpjajYEnqVPFirr2zo=
-27,138,cdmmsRAuwFLhNNCqRzt01ElGcVM=,9k+W9KnZRGpjajYEnqVPFirr2zo=
-19,131,cdmmsRAuwFLhNNCqRzt01ElGcVM=,9k+W9KnZRGpjajYEnqVPFirr2zo=
-18,131,cdmmsRAuwFLhNNCqRzt01ElGcVM=,9k+W9KnZRGpjajYEnqVPFirr2zo=
-17,131,cdmmsRAuwFLhNNCqRzt01ElGcVM=,9k+W9KnZRGpjajYEnqVPFirr2zo=
-24,140,cdmmsRAuwFLhNNCqRzt01ElGcVM=,9k+W9KnZRGpjajYEnqVPFirr2zo=
-26,138,cdmmsRAuwFLhNNCqRzt01ElGcVM=,9k+W9KnZRGpjajYEnqVPFirr2zo=
-28,138,cdmmsRAuwFLhNNCqRzt01ElGcVM=,9k+W9KnZRGpjajYEnqVPFirr2zo=
-32,132,cdmmsRAuwFLhNNCqRzt01ElGcVM=,9k+W9KnZRGpjajYEnqVPFirr2zo=
-30,138,cdmmsRAuwFLhNNCqRzt01ElGcVM=,9k+W9KnZRGpjajYEnqVPFirr2zo=
-17,137,cdmmsRAuwFLhNNCqRzt01ElGcVM=,9k+W9KnZRGpjajYEnqVPFirr2zo=
-29,138,cdmmsRAuwFLhNNCqRzt01ElGcVM=,9k+W9KnZRGpjajYEnqVPFirr2zo=
-18,137,cdmmsRAuwFLhNNCqRzt01ElGcVM=,9k+W9KnZRGpjajYEnqVPFirr2zo=
-27,140,cdmmsRAuwFLhNNCqRzt01ElGcVM=,9k+W9KnZRGpjajYEnqVPFirr2zo=
-31,138,cdmmsRAuwFLhNNCqRzt01ElGcVM=,9k+W9KnZRGpjajYEnqVPFirr2zo=
-20,138,cdmmsRAuwFLhNNCqRzt01ElGcVM=,9k+W9KnZRGpjajYEnqVPFirr2zo=
-24,137,cdmmsRAuwFLhNNCqRzt01ElGcVM=,9k+W9KnZRGpjajYEnqVPFirr2zo=
-19,137,cdmmsRAuwFLhNNCqRzt01ElGcVM=,9k+W9KnZRGpjajYEnqVPFirr2zo=
-23,137,cdmmsRAuwFLhNNCqRzt01ElGcVM=,9k+W9KnZRGpjajYEnqVPFirr2zo=
-22,137,cdmmsRAuwFLhNNCqRzt01ElGcVM=,9k+W9KnZRGpjajYEnqVPFirr2zo=
-20,137,cdmmsRAuwFLhNNCqRzt01ElGcVM=,9k+W9KnZRGpjajYEnqVPFirr2zo=
-32,140,cdmmsRAuwFLhNNCqRzt01ElGcVM=,9k+W9KnZRGpjajYEnqVPFirr2zo=
-25,137,cdmmsRAuwFLhNNCqRzt01ElGcVM=,9k+W9KnZRGpjajYEnqVPFirr2zo=
-27,137,cdmmsRAuwFLhNNCqRzt01ElGcVM=,9k+W9KnZRGpjajYEnqVPFirr2zo=
-25,129,cdmmsRAuwFLhNNCqRzt01ElGcVM=,9k+W9KnZRGpjajYEnqVPFirr2zo=
-30,137,cdmmsRAuwFLhNNCqRzt01ElGcVM=,9k+W9KnZRGpjajYEnqVPFirr2zo=
-29,137,cdmmsRAuwFLhNNCqRzt01ElGcVM=,9k+W9KnZRGpjajYEnqVPFirr2zo=
-28,137,cdmmsRAuwFLhNNCqRzt01ElGcVM=,9k+W9KnZRGpjajYEnqVPFirr2zo=
-31,132,cdmmsRAuwFLhNNCqRzt01ElGcVM=,9k+W9KnZRGpjajYEnqVPFirr2zo=
-32,137,cdmmsRAuwFLhNNCqRzt01ElGcVM=,9k+W9KnZRGpjajYEnqVPFirr2zo=
-31,137,cdmmsRAuwFLhNNCqRzt01ElGcVM=,9k+W9KnZRGpjajYEnqVPFirr2zo=
-18,136,cdmmsRAuwFLhNNCqRzt01ElGcVM=,9k+W9KnZRGpjajYEnqVPFirr2zo=
-17,136,cdmmsRAuwFLhNNCqRzt01ElGcVM=,9k+W9KnZRGpjajYEnqVPFirr2zo=
-30,132,cdmmsRAuwFLhNNCqRzt01ElGcVM=,9k+W9KnZRGpjajYEnqVPFirr2zo=
-19,136,cdmmsRAuwFLhNNCqRzt01ElGcVM=,9k+W9KnZRGpjajYEnqVPFirr2zo=
-23,136,cdmmsRAuwFLhNNCqRzt01ElGcVM=,9k+W9KnZRGpjajYEnqVPFirr2zo=
-20,136,cdmmsRAuwFLhNNCqRzt01ElGcVM=,9k+W9KnZRGpjajYEnqVPFirr2zo=
-24,129,cdmmsRAuwFLhNNCqRzt01ElGcVM=,9k+W9KnZRGpjajYEnqVPFirr2zo=
-21,136,cdmmsRAuwFLhNNCqRzt01ElGcVM=,9k+W9KnZRGpjajYEnqVPFirr2zo=
-25,136,cdmmsRAuwFLhNNCqRzt01ElGcVM=,9k+W9KnZRGpjajYEnqVPFirr2zo=
-27,136,cdmmsRAuwFLhNNCqRzt01ElGcVM=,9k+W9KnZRGpjajYEnqVPFirr2zo=
-32,138,cdmmsRAuwFLhNNCqRzt01ElGcVM=,9k+W9KnZRGpjajYEnqVPFirr2zo=
-21,137,cdmmsRAuwFLhNNCqRzt01ElGcVM=,9k+W9KnZRGpjajYEnqVPFirr2zo=
-28,136,cdmmsRAuwFLhNNCqRzt01ElGcVM=,9k+W9KnZRGpjajYEnqVPFirr2zo=
-26,136,cdmmsRAuwFLhNNCqRzt01ElGcVM=,9k+W9KnZRGpjajYEnqVPFirr2zo=
-31,136,cdmmsRAuwFLhNNCqRzt01ElGcVM=,9k+W9KnZRGpjajYEnqVPFirr2zo=
-29,136,cdmmsRAuwFLhNNCqRzt01ElGcVM=,9k+W9KnZRGpjajYEnqVPFirr2zo=
-32,136,cdmmsRAuwFLhNNCqRzt01ElGcVM=,9k+W9KnZRGpjajYEnqVPFirr2zo=
-30,136,cdmmsRAuwFLhNNCqRzt01ElGcVM=,9k+W9KnZRGpjajYEnqVPFirr2zo=
-19,135,cdmmsRAuwFLhNNCqRzt01ElGcVM=,9k+W9KnZRGpjajYEnqVPFirr2zo=
-18,135,cdmmsRAuwFLhNNCqRzt01ElGcVM=,9k+W9KnZRGpjajYEnqVPFirr2zo=
-17,135,cdmmsRAuwFLhNNCqRzt01ElGcVM=,9k+W9KnZRGpjajYEnqVPFirr2zo=
-20,135,cdmmsRAuwFLhNNCqRzt01ElGcVM=,9k+W9KnZRGpjajYEnqVPFirr2zo=
-22,135,cdmmsRAuwFLhNNCqRzt01ElGcVM=,9k+W9KnZRGpjajYEnqVPFirr2zo=
-21,135,cdmmsRAuwFLhNNCqRzt01ElGcVM=,9k+W9KnZRGpjajYEnqVPFirr2zo=
-24,135,cdmmsRAuwFLhNNCqRzt01ElGcVM=,9k+W9KnZRGpjajYEnqVPFirr2zo=
-23,135,cdmmsRAuwFLhNNCqRzt01ElGcVM=,9k+W9KnZRGpjajYEnqVPFirr2zo=
-27,135,cdmmsRAuwFLhNNCqRzt01ElGcVM=,9k+W9KnZRGpjajYEnqVPFirr2zo=
-31,135,cdmmsRAuwFLhNNCqRzt01ElGcVM=,9k+W9KnZRGpjajYEnqVPFirr2zo=
-26,135,cdmmsRAuwFLhNNCqRzt01ElGcVM=,9k+W9KnZRGpjajYEnqVPFirr2zo=
-25,135,cdmmsRAuwFLhNNCqRzt01ElGcVM=,9k+W9KnZRGpjajYEnqVPFirr2zo=
-20,134,cdmmsRAuwFLhNNCqRzt01ElGcVM=,9k+W9KnZRGpjajYEnqVPFirr2zo=
-19,134,cdmmsRAuwFLhNNCqRzt01ElGcVM=,9k+W9KnZRGpjajYEnqVPFirr2zo=
-17,134,cdmmsRAuwFLhNNCqRzt01ElGcVM=,9k+W9KnZRGpjajYEnqVPFirr2zo=
-22,136,cdmmsRAuwFLhNNCqRzt01ElGcVM=,9k+W9KnZRGpjajYEnqVPFirr2zo=
-18,134,cdmmsRAuwFLhNNCqRzt01ElGcVM=,9k+W9KnZRGpjajYEnqVPFirr2zo=
-30,135,cdmmsRAuwFLhNNCqRzt01ElGcVM=,9k+W9KnZRGpjajYEnqVPFirr2zo=
-26,137,cdmmsRAuwFLhNNCqRzt01ElGcVM=,9k+W9KnZRGpjajYEnqVPFirr2zo=
-21,134,cdmmsRAuwFLhNNCqRzt01ElGcVM=,9k+W9KnZRGpjajYEnqVPFirr2zo=
-28,129,cdmmsRAuwFLhNNCqRzt01ElGcVM=,9k+W9KnZRGpjajYEnqVPFirr2zo=
-26,134,cdmmsRAuwFLhNNCqRzt01ElGcVM=,9k+W9KnZRGpjajYEnqVPFirr2zo=
-25,134,cdmmsRAuwFLhNNCqRzt01ElGcVM=,9k+W9KnZRGpjajYEnqVPFirr2zo=
-24,134,cdmmsRAuwFLhNNCqRzt01ElGcVM=,9k+W9KnZRGpjajYEnqVPFirr2zo=
-30,134,cdmmsRAuwFLhNNCqRzt01ElGcVM=,9k+W9KnZRGpjajYEnqVPFirr2zo=
-29,132,cdmmsRAuwFLhNNCqRzt01ElGcVM=,9k+W9KnZRGpjajYEnqVPFirr2zo=
-28,134,cdmmsRAuwFLhNNCqRzt01ElGcVM=,9k+W9KnZRGpjajYEnqVPFirr2zo=
-22,134,cdmmsRAuwFLhNNCqRzt01ElGcVM=,9k+W9KnZRGpjajYEnqVPFirr2zo=
-17,133,cdmmsRAuwFLhNNCqRzt01ElGcVM=,9k+W9KnZRGpjajYEnqVPFirr2zo=
-32,134,cdmmsRAuwFLhNNCqRzt01ElGcVM=,9k+W9KnZRGpjajYEnqVPFirr2zo=
-20,133,cdmmsRAuwFLhNNCqRzt01ElGcVM=,9k+W9KnZRGpjajYEnqVPFirr2zo=
-23,134,cdmmsRAuwFLhNNCqRzt01ElGcVM=,9k+W9KnZRGpjajYEnqVPFirr2zo=
-21,133,cdmmsRAuwFLhNNCqRzt01ElGcVM=,9k+W9KnZRGpjajYEnqVPFirr2zo=
-29,134,cdmmsRAuwFLhNNCqRzt01ElGcVM=,9k+W9KnZRGpjajYEnqVPFirr2zo=
-18,133,cdmmsRAuwFLhNNCqRzt01ElGcVM=,9k+W9KnZRGpjajYEnqVPFirr2zo=
-29,139,cdmmsRAuwFLhNNCqRzt01ElGcVM=,9k+W9KnZRGpjajYEnqVPFirr2zo=
-19,133,cdmmsRAuwFLhNNCqRzt01ElGcVM=,9k+W9KnZRGpjajYEnqVPFirr2zo=
-28,132,cdmmsRAuwFLhNNCqRzt01ElGcVM=,9k+W9KnZRGpjajYEnqVPFirr2zo=
-26,129,cdmmsRAuwFLhNNCqRzt01ElGcVM=,9k+W9KnZRGpjajYEnqVPFirr2zo=
-27,132,cdmmsRAuwFLhNNCqRzt01ElGcVM=,9k+W9KnZRGpjajYEnqVPFirr2zo=
-26,132,cdmmsRAuwFLhNNCqRzt01ElGcVM=,9k+W9KnZRGpjajYEnqVPFirr2zo=
-25,132,cdmmsRAuwFLhNNCqRzt01ElGcVM=,9k+W9KnZRGpjajYEnqVPFirr2zo=
-22,133,cdmmsRAuwFLhNNCqRzt01ElGcVM=,9k+W9KnZRGpjajYEnqVPFirr2zo=
-28,135,cdmmsRAuwFLhNNCqRzt01ElGcVM=,9k+W9KnZRGpjajYEnqVPFirr2zo=
-24,133,cdmmsRAuwFLhNNCqRzt01ElGcVM=,9k+W9KnZRGpjajYEnqVPFirr2zo=
-23,133,cdmmsRAuwFLhNNCqRzt01ElGcVM=,9k+W9KnZRGpjajYEnqVPFirr2zo=
-29,129,cdmmsRAuwFLhNNCqRzt01ElGcVM=,9k+W9KnZRGpjajYEnqVPFirr2zo=
-17,132,cdmmsRAuwFLhNNCqRzt01ElGcVM=,9k+W9KnZRGpjajYEnqVPFirr2zo=
-18,132,cdmmsRAuwFLhNNCqRzt01ElGcVM=,9k+W9KnZRGpjajYEnqVPFirr2zo=
-25,133,cdmmsRAuwFLhNNCqRzt01ElGcVM=,9k+W9KnZRGpjajYEnqVPFirr2zo=
-32,133,cdmmsRAuwFLhNNCqRzt01ElGcVM=,9k+W9KnZRGpjajYEnqVPFirr2zo=
-20,132,cdmmsRAuwFLhNNCqRzt01ElGcVM=,9k+W9KnZRGpjajYEnqVPFirr2zo=
-30,133,cdmmsRAuwFLhNNCqRzt01ElGcVM=,9k+W9KnZRGpjajYEnqVPFirr2zo=
-31,133,cdmmsRAuwFLhNNCqRzt01ElGcVM=,9k+W9KnZRGpjajYEnqVPFirr2zo=
-21,132,cdmmsRAuwFLhNNCqRzt01ElGcVM=,9k+W9KnZRGpjajYEnqVPFirr2zo=
-24,136,cdmmsRAuwFLhNNCqRzt01ElGcVM=,9k+W9KnZRGpjajYEnqVPFirr2zo=
-27,133,cdmmsRAuwFLhNNCqRzt01ElGcVM=,9k+W9KnZRGpjajYEnqVPFirr2zo=
-28,133,cdmmsRAuwFLhNNCqRzt01ElGcVM=,9k+W9KnZRGpjajYEnqVPFirr2zo=
-19,132,cdmmsRAuwFLhNNCqRzt01ElGcVM=,9k+W9KnZRGpjajYEnqVPFirr2zo=
-31,134,cdmmsRAuwFLhNNCqRzt01ElGcVM=,9k+W9KnZRGpjajYEnqVPFirr2zo=
-22,132,cdmmsRAuwFLhNNCqRzt01ElGcVM=,9k+W9KnZRGpjajYEnqVPFirr2zo=
-27,134,cdmmsRAuwFLhNNCqRzt01ElGcVM=,9k+W9KnZRGpjajYEnqVPFirr2zo=
-29,135,cdmmsRAuwFLhNNCqRzt01ElGcVM=,9k+W9KnZRGpjajYEnqVPFirr2zo=
-27,129,cdmmsRAuwFLhNNCqRzt01ElGcVM=,9k+W9KnZRGpjajYEnqVPFirr2zo=
-30,129,cdmmsRAuwFLhNNCqRzt01ElGcVM=,9k+W9KnZRGpjajYEnqVPFirr2zo=
-32,135,cdmmsRAuwFLhNNCqRzt01ElGcVM=,9k+W9KnZRGpjajYEnqVPFirr2zo=
-29,133,cdmmsRAuwFLhNNCqRzt01ElGcVM=,9k+W9KnZRGpjajYEnqVPFirr2zo=
-26,133,cdmmsRAuwFLhNNCqRzt01ElGcVM=,9k+W9KnZRGpjajYEnqVPFirr2zo=
-24,132,cdmmsRAuwFLhNNCqRzt01ElGcVM=,9k+W9KnZRGpjajYEnqVPFirr2zo=
-23,132,cdmmsRAuwFLhNNCqRzt01ElGcVM=,9k+W9KnZRGpjajYEnqVPFirr2zo=
-16,129,cdmmsRAuwFLhNNCqRzt01ElGcVM=,9k+W9KnZRGpjajYEnqVPFirr2zo=
-1,128,cdmmsRAuwFLhNNCqRzt01ElGcVM=,9k+W9KnZRGpjajYEnqVPFirr2zo=
-1,143,cdmmsRAuwFLhNNCqRzt01ElGcVM=,9k+W9KnZRGpjajYEnqVPFirr2zo=
-2,143,cdmmsRAuwFLhNNCqRzt01ElGcVM=,9k+W9KnZRGpjajYEnqVPFirr2zo=
-3,143,cdmmsRAuwFLhNNCqRzt01ElGcVM=,9k+W9KnZRGpjajYEnqVPFirr2zo=
-4,143,cdmmsRAuwFLhNNCqRzt01ElGcVM=,9k+W9KnZRGpjajYEnqVPFirr2zo=
-5,143,cdmmsRAuwFLhNNCqRzt01ElGcVM=,9k+W9KnZRGpjajYEnqVPFirr2zo=
-6,143,cdmmsRAuwFLhNNCqRzt01ElGcVM=,9k+W9KnZRGpjajYEnqVPFirr2zo=
-7,143,cdmmsRAuwFLhNNCqRzt01ElGcVM=,9k+W9KnZRGpjajYEnqVPFirr2zo=
-8,143,cdmmsRAuwFLhNNCqRzt01ElGcVM=,9k+W9KnZRGpjajYEnqVPFirr2zo=
-9,143,cdmmsRAuwFLhNNCqRzt01ElGcVM=,9k+W9KnZRGpjajYEnqVPFirr2zo=
-10,143,cdmmsRAuwFLhNNCqRzt01ElGcVM=,9k+W9KnZRGpjajYEnqVPFirr2zo=
-11,143,cdmmsRAuwFLhNNCqRzt01ElGcVM=,9k+W9KnZRGpjajYEnqVPFirr2zo=
-12,143,cdmmsRAuwFLhNNCqRzt01ElGcVM=,9k+W9KnZRGpjajYEnqVPFirr2zo=
-1,142,cdmmsRAuwFLhNNCqRzt01ElGcVM=,9k+W9KnZRGpjajYEnqVPFirr2zo=
-14,143,cdmmsRAuwFLhNNCqRzt01ElGcVM=,9k+W9KnZRGpjajYEnqVPFirr2zo=
-2,142,cdmmsRAuwFLhNNCqRzt01ElGcVM=,9k+W9KnZRGpjajYEnqVPFirr2zo=
-13,143,nEIL2FL1co/yOo8Kugx/aXIfgb0=,9k+W9KnZRGpjajYEnqVPFirr2zo=
-3,142,nEIL2FL1co/yOo8Kugx/aXIfgb0=,9k+W9KnZRGpjajYEnqVPFirr2zo=
-5,142,nEIL2FL1co/yOo8Kugx/aXIfgb0=,9k+W9KnZRGpjajYEnqVPFirr2zo=
-6,142,nEIL2FL1co/yOo8Kugx/aXIfgb0=,9k+W9KnZRGpjajYEnqVPFirr2zo=
-7,142,nEIL2FL1co/yOo8Kugx/aXIfgb0=,9k+W9KnZRGpjajYEnqVPFirr2zo=
-8,142,nEIL2FL1co/yOo8Kugx/aXIfgb0=,9k+W9KnZRGpjajYEnqVPFirr2zo=
-4,142,nEIL2FL1co/yOo8Kugx/aXIfgb0=,9k+W9KnZRGpjajYEnqVPFirr2zo=
-9,142,nEIL2FL1co/yOo8Kugx/aXIfgb0=,9k+W9KnZRGpjajYEnqVPFirr2zo=
-10,142,nEIL2FL1co/yOo8Kugx/aXIfgb0=,9k+W9KnZRGpjajYEnqVPFirr2zo=
-11,142,nEIL2FL1co/yOo8Kugx/aXIfgb0=,9k+W9KnZRGpjajYEnqVPFirr2zo=
-2,128,nEIL2FL1co/yOo8Kugx/aXIfgb0=,9k+W9KnZRGpjajYEnqVPFirr2zo=
-15,143,nEIL2FL1co/yOo8Kugx/aXIfgb0=,9k+W9KnZRGpjajYEnqVPFirr2zo=
-1,141,nEIL2FL1co/yOo8Kugx/aXIfgb0=,9k+W9KnZRGpjajYEnqVPFirr2zo=
-2,141,nEIL2FL1co/yOo8Kugx/aXIfgb0=,9k+W9KnZRGpjajYEnqVPFirr2zo=
-4,141,nEIL2FL1co/yOo8Kugx/aXIfgb0=,9k+W9KnZRGpjajYEnqVPFirr2zo=
-6,141,nEIL2FL1co/yOo8Kugx/aXIfgb0=,9k+W9KnZRGpjajYEnqVPFirr2zo=
-5,141,nEIL2FL1co/yOo8Kugx/aXIfgb0=,9k+W9KnZRGpjajYEnqVPFirr2zo=
-7,141,nEIL2FL1co/yOo8Kugx/aXIfgb0=,9k+W9KnZRGpjajYEnqVPFirr2zo=
-8,141,nEIL2FL1co/yOo8Kugx/aXIfgb0=,9k+W9KnZRGpjajYEnqVPFirr2zo=
-3,141,nEIL2FL1co/yOo8Kugx/aXIfgb0=,9k+W9KnZRGpjajYEnqVPFirr2zo=
-10,141,nEIL2FL1co/yOo8Kugx/aXIfgb0=,9k+W9KnZRGpjajYEnqVPFirr2zo=
-9,141,nEIL2FL1co/yOo8Kugx/aXIfgb0=,9k+W9KnZRGpjajYEnqVPFirr2zo=
-13,141,nEIL2FL1co/yOo8Kugx/aXIfgb0=,9k+W9KnZRGpjajYEnqVPFirr2zo=
-11,141,nEIL2FL1co/yOo8Kugx/aXIfgb0=,9k+W9KnZRGpjajYEnqVPFirr2zo=
-16,142,nEIL2FL1co/yOo8Kugx/aXIfgb0=,9k+W9KnZRGpjajYEnqVPFirr2zo=
-3,128,nEIL2FL1co/yOo8Kugx/aXIfgb0=,9k+W9KnZRGpjajYEnqVPFirr2zo=
-1,140,nEIL2FL1co/yOo8Kugx/aXIfgb0=,9k+W9KnZRGpjajYEnqVPFirr2zo=
-12,141,nEIL2FL1co/yOo8Kugx/aXIfgb0=,9k+W9KnZRGpjajYEnqVPFirr2zo=
-7,140,nEIL2FL1co/yOo8Kugx/aXIfgb0=,9k+W9KnZRGpjajYEnqVPFirr2zo=
-8,140,nEIL2FL1co/yOo8Kugx/aXIfgb0=,9k+W9KnZRGpjajYEnqVPFirr2zo=
-16,141,nEIL2FL1co/yOo8Kugx/aXIfgb0=,9k+W9KnZRGpjajYEnqVPFirr2zo=
-4,140,nEIL2FL1co/yOo8Kugx/aXIfgb0=,9k+W9KnZRGpjajYEnqVPFirr2zo=
-9,140,nEIL2FL1co/yOo8Kugx/aXIfgb0=,9k+W9KnZRGpjajYEnqVPFirr2zo=
-12,142,nEIL2FL1co/yOo8Kugx/aXIfgb0=,9k+W9KnZRGpjajYEnqVPFirr2zo=
-10,140,nEIL2FL1co/yOo8Kugx/aXIfgb0=,9k+W9KnZRGpjajYEnqVPFirr2zo=
-3,140,nEIL2FL1co/yOo8Kugx/aXIfgb0=,9k+W9KnZRGpjajYEnqVPFirr2zo=
-14,141,nEIL2FL1co/yOo8Kugx/aXIfgb0=,9k+W9KnZRGpjajYEnqVPFirr2zo=
-2,140,nEIL2FL1co/yOo8Kugx/aXIfgb0=,9k+W9KnZRGpjajYEnqVPFirr2zo=
-4,128,nEIL2FL1co/yOo8Kugx/aXIfgb0=,9k+W9KnZRGpjajYEnqVPFirr2zo=
-11,140,nEIL2FL1co/yOo8Kugx/aXIfgb0=,9k+W9KnZRGpjajYEnqVPFirr2zo=
-13,140,nEIL2FL1co/yOo8Kugx/aXIfgb0=,9k+W9KnZRGpjajYEnqVPFirr2zo=
-1,139,nEIL2FL1co/yOo8Kugx/aXIfgb0=,9k+W9KnZRGpjajYEnqVPFirr2zo=
-15,141,nEIL2FL1co/yOo8Kugx/aXIfgb0=,9k+W9KnZRGpjajYEnqVPFirr2zo=
-3,139,nEIL2FL1co/yOo8Kugx/aXIfgb0=,9k+W9KnZRGpjajYEnqVPFirr2zo=
-2,139,nEIL2FL1co/yOo8Kugx/aXIfgb0=,9k+W9KnZRGpjajYEnqVPFirr2zo=
-5,139,nEIL2FL1co/yOo8Kugx/aXIfgb0=,9k+W9KnZRGpjajYEnqVPFirr2zo=
-6,139,nEIL2FL1co/yOo8Kugx/aXIfgb0=,9k+W9KnZRGpjajYEnqVPFirr2zo=
-8,139,nEIL2FL1co/yOo8Kugx/aXIfgb0=,9k+W9KnZRGpjajYEnqVPFirr2zo=
-7,139,nEIL2FL1co/yOo8Kugx/aXIfgb0=,9k+W9KnZRGpjajYEnqVPFirr2zo=
-4,139,nEIL2FL1co/yOo8Kugx/aXIfgb0=,9k+W9KnZRGpjajYEnqVPFirr2zo=
-10,139,nEIL2FL1co/yOo8Kugx/aXIfgb0=,9k+W9KnZRGpjajYEnqVPFirr2zo=
-9,139,nEIL2FL1co/yOo8Kugx/aXIfgb0=,9k+W9KnZRGpjajYEnqVPFirr2zo=
-12,140,nEIL2FL1co/yOo8Kugx/aXIfgb0=,9k+W9KnZRGpjajYEnqVPFirr2zo=
-11,139,nEIL2FL1co/yOo8Kugx/aXIfgb0=,9k+W9KnZRGpjajYEnqVPFirr2zo=
-16,140,nEIL2FL1co/yOo8Kugx/aXIfgb0=,9k+W9KnZRGpjajYEnqVPFirr2zo=
-15,140,nEIL2FL1co/yOo8Kugx/aXIfgb0=,9k+W9KnZRGpjajYEnqVPFirr2zo=
-5,128,nEIL2FL1co/yOo8Kugx/aXIfgb0=,9k+W9KnZRGpjajYEnqVPFirr2zo=
-12,139,nEIL2FL1co/yOo8Kugx/aXIfgb0=,9k+W9KnZRGpjajYEnqVPFirr2zo=
-1,138,nEIL2FL1co/yOo8Kugx/aXIfgb0=,9k+W9KnZRGpjajYEnqVPFirr2zo=
-2,138,nEIL2FL1co/yOo8Kugx/aXIfgb0=,9k+W9KnZRGpjajYEnqVPFirr2zo=
-3,138,nEIL2FL1co/yOo8Kugx/aXIfgb0=,9k+W9KnZRGpjajYEnqVPFirr2zo=
-4,138,nEIL2FL1co/yOo8Kugx/aXIfgb0=,9k+W9KnZRGpjajYEnqVPFirr2zo=
-16,139,nEIL2FL1co/yOo8Kugx/aXIfgb0=,9k+W9KnZRGpjajYEnqVPFirr2zo=
-5,138,nEIL2FL1co/yOo8Kugx/aXIfgb0=,9k+W9KnZRGpjajYEnqVPFirr2zo=
-13,139,nEIL2FL1co/yOo8Kugx/aXIfgb0=,9k+W9KnZRGpjajYEnqVPFirr2zo=
-9,138,nEIL2FL1co/yOo8Kugx/aXIfgb0=,9k+W9KnZRGpjajYEnqVPFirr2zo=
-11,138,nEIL2FL1co/yOo8Kugx/aXIfgb0=,9k+W9KnZRGpjajYEnqVPFirr2zo=
-10,138,nEIL2FL1co/yOo8Kugx/aXIfgb0=,9k+W9KnZRGpjajYEnqVPFirr2zo=
-8,138,nEIL2FL1co/yOo8Kugx/aXIfgb0=,9k+W9KnZRGpjajYEnqVPFirr2zo=
-12,138,nEIL2FL1co/yOo8Kugx/aXIfgb0=,9k+W9KnZRGpjajYEnqVPFirr2zo=
-6,128,nEIL2FL1co/yOo8Kugx/aXIfgb0=,9k+W9KnZRGpjajYEnqVPFirr2zo=
-1,137,nEIL2FL1co/yOo8Kugx/aXIfgb0=,9k+W9KnZRGpjajYEnqVPFirr2zo=
-15,139,nEIL2FL1co/yOo8Kugx/aXIfgb0=,9k+W9KnZRGpjajYEnqVPFirr2zo=
-2,137,nEIL2FL1co/yOo8Kugx/aXIfgb0=,9k+W9KnZRGpjajYEnqVPFirr2zo=
-3,137,nEIL2FL1co/yOo8Kugx/aXIfgb0=,9k+W9KnZRGpjajYEnqVPFirr2zo=
-4,137,nEIL2FL1co/yOo8Kugx/aXIfgb0=,9k+W9KnZRGpjajYEnqVPFirr2zo=
-5,137,nEIL2FL1co/yOo8Kugx/aXIfgb0=,9k+W9KnZRGpjajYEnqVPFirr2zo=
-16,138,nEIL2FL1co/yOo8Kugx/aXIfgb0=,9k+W9KnZRGpjajYEnqVPFirr2zo=
-8,137,nEIL2FL1co/yOo8Kugx/aXIfgb0=,9k+W9KnZRGpjajYEnqVPFirr2zo=
-9,137,nEIL2FL1co/yOo8Kugx/aXIfgb0=,9k+W9KnZRGpjajYEnqVPFirr2zo=
-10,137,nEIL2FL1co/yOo8Kugx/aXIfgb0=,9k+W9KnZRGpjajYEnqVPFirr2zo=
-13,138,nEIL2FL1co/yOo8Kugx/aXIfgb0=,9k+W9KnZRGpjajYEnqVPFirr2zo=
-14,142,nEIL2FL1co/yOo8Kugx/aXIfgb0=,9k+W9KnZRGpjajYEnqVPFirr2zo=
-11,137,nEIL2FL1co/yOo8Kugx/aXIfgb0=,9k+W9KnZRGpjajYEnqVPFirr2zo=
-12,137,nEIL2FL1co/yOo8Kugx/aXIfgb0=,9k+W9KnZRGpjajYEnqVPFirr2zo=
-7,138,nEIL2FL1co/yOo8Kugx/aXIfgb0=,9k+W9KnZRGpjajYEnqVPFirr2zo=
-14,139,nEIL2FL1co/yOo8Kugx/aXIfgb0=,9k+W9KnZRGpjajYEnqVPFirr2zo=
-1,136,nEIL2FL1co/yOo8Kugx/aXIfgb0=,9k+W9KnZRGpjajYEnqVPFirr2zo=
-7,128,nEIL2FL1co/yOo8Kugx/aXIfgb0=,9k+W9KnZRGpjajYEnqVPFirr2zo=
-14,138,nEIL2FL1co/yOo8Kugx/aXIfgb0=,9k+W9KnZRGpjajYEnqVPFirr2zo=
-2,136,nEIL2FL1co/yOo8Kugx/aXIfgb0=,9k+W9KnZRGpjajYEnqVPFirr2zo=
-3,136,nEIL2FL1co/yOo8Kugx/aXIfgb0=,9k+W9KnZRGpjajYEnqVPFirr2zo=
-4,136,nEIL2FL1co/yOo8Kugx/aXIfgb0=,9k+W9KnZRGpjajYEnqVPFirr2zo=
-13,137,nEIL2FL1co/yOo8Kugx/aXIfgb0=,9k+W9KnZRGpjajYEnqVPFirr2zo=
-6,137,nEIL2FL1co/yOo8Kugx/aXIfgb0=,9k+W9KnZRGpjajYEnqVPFirr2zo=
-5,136,nEIL2FL1co/yOo8Kugx/aXIfgb0=,9k+W9KnZRGpjajYEnqVPFirr2zo=
-10,136,nEIL2FL1co/yOo8Kugx/aXIfgb0=,9k+W9KnZRGpjajYEnqVPFirr2zo=
-11,136,nEIL2FL1co/yOo8Kugx/aXIfgb0=,9k+W9KnZRGpjajYEnqVPFirr2zo=
-12,136,nEIL2FL1co/yOo8Kugx/aXIfgb0=,9k+W9KnZRGpjajYEnqVPFirr2zo=
-16,137,nEIL2FL1co/yOo8Kugx/aXIfgb0=,9k+W9KnZRGpjajYEnqVPFirr2zo=
-13,136,nEIL2FL1co/yOo8Kugx/aXIfgb0=,9k+W9KnZRGpjajYEnqVPFirr2zo=
-6,136,nEIL2FL1co/yOo8Kugx/aXIfgb0=,9k+W9KnZRGpjajYEnqVPFirr2zo=
-7,137,nEIL2FL1co/yOo8Kugx/aXIfgb0=,9k+W9KnZRGpjajYEnqVPFirr2zo=
-8,128,nEIL2FL1co/yOo8Kugx/aXIfgb0=,9k+W9KnZRGpjajYEnqVPFirr2zo=
-1,135,nEIL2FL1co/yOo8Kugx/aXIfgb0=,9k+W9KnZRGpjajYEnqVPFirr2zo=
-2,135,nEIL2FL1co/yOo8Kugx/aXIfgb0=,9k+W9KnZRGpjajYEnqVPFirr2zo=
-3,135,nEIL2FL1co/yOo8Kugx/aXIfgb0=,9k+W9KnZRGpjajYEnqVPFirr2zo=
-4,135,nEIL2FL1co/yOo8Kugx/aXIfgb0=,9k+W9KnZRGpjajYEnqVPFirr2zo=
-14,137,nEIL2FL1co/yOo8Kugx/aXIfgb0=,9k+W9KnZRGpjajYEnqVPFirr2zo=
-9,135,nEIL2FL1co/yOo8Kugx/aXIfgb0=,9k+W9KnZRGpjajYEnqVPFirr2zo=
-5,135,nEIL2FL1co/yOo8Kugx/aXIfgb0=,9k+W9KnZRGpjajYEnqVPFirr2zo=
-8,135,nEIL2FL1co/yOo8Kugx/aXIfgb0=,9k+W9KnZRGpjajYEnqVPFirr2zo=
-10,135,nEIL2FL1co/yOo8Kugx/aXIfgb0=,9k+W9KnZRGpjajYEnqVPFirr2zo=
-12,135,nEIL2FL1co/yOo8Kugx/aXIfgb0=,9k+W9KnZRGpjajYEnqVPFirr2zo=
-11,135,nEIL2FL1co/yOo8Kugx/aXIfgb0=,9k+W9KnZRGpjajYEnqVPFirr2zo=
-13,135,nEIL2FL1co/yOo8Kugx/aXIfgb0=,9k+W9KnZRGpjajYEnqVPFirr2zo=
-15,136,nEIL2FL1co/yOo8Kugx/aXIfgb0=,9k+W9KnZRGpjajYEnqVPFirr2zo=
-9,128,nEIL2FL1co/yOo8Kugx/aXIfgb0=,9k+W9KnZRGpjajYEnqVPFirr2zo=
-1,134,nEIL2FL1co/yOo8Kugx/aXIfgb0=,9k+W9KnZRGpjajYEnqVPFirr2zo=
-2,134,nEIL2FL1co/yOo8Kugx/aXIfgb0=,9k+W9KnZRGpjajYEnqVPFirr2zo=
-3,134,nEIL2FL1co/yOo8Kugx/aXIfgb0=,9k+W9KnZRGpjajYEnqVPFirr2zo=
-14,136,nEIL2FL1co/yOo8Kugx/aXIfgb0=,9k+W9KnZRGpjajYEnqVPFirr2zo=
-4,134,nEIL2FL1co/yOo8Kugx/aXIfgb0=,9k+W9KnZRGpjajYEnqVPFirr2zo=
-7,134,nEIL2FL1co/yOo8Kugx/aXIfgb0=,9k+W9KnZRGpjajYEnqVPFirr2zo=
-9,134,nEIL2FL1co/yOo8Kugx/aXIfgb0=,9k+W9KnZRGpjajYEnqVPFirr2zo=
-8,134,nEIL2FL1co/yOo8Kugx/aXIfgb0=,9k+W9KnZRGpjajYEnqVPFirr2zo=
-10,134,nEIL2FL1co/yOo8Kugx/aXIfgb0=,9k+W9KnZRGpjajYEnqVPFirr2zo=
-5,134,nEIL2FL1co/yOo8Kugx/aXIfgb0=,9k+W9KnZRGpjajYEnqVPFirr2zo=
-11,134,nEIL2FL1co/yOo8Kugx/aXIfgb0=,9k+W9KnZRGpjajYEnqVPFirr2zo=
-13,134,nEIL2FL1co/yOo8Kugx/aXIfgb0=,9k+W9KnZRGpjajYEnqVPFirr2zo=
-12,134,nEIL2FL1co/yOo8Kugx/aXIfgb0=,9k+W9KnZRGpjajYEnqVPFirr2zo=
-14,134,nEIL2FL1co/yOo8Kugx/aXIfgb0=,9k+W9KnZRGpjajYEnqVPFirr2zo=
-6,134,nEIL2FL1co/yOo8Kugx/aXIfgb0=,9k+W9KnZRGpjajYEnqVPFirr2zo=
-15,134,nEIL2FL1co/yOo8Kugx/aXIfgb0=,9k+W9KnZRGpjajYEnqVPFirr2zo=
-10,128,nEIL2FL1co/yOo8Kugx/aXIfgb0=,9k+W9KnZRGpjajYEnqVPFirr2zo=
-1,133,nEIL2FL1co/yOo8Kugx/aXIfgb0=,9k+W9KnZRGpjajYEnqVPFirr2zo=
-14,135,nEIL2FL1co/yOo8Kugx/aXIfgb0=,9k+W9KnZRGpjajYEnqVPFirr2zo=
-3,133,nEIL2FL1co/yOo8Kugx/aXIfgb0=,9k+W9KnZRGpjajYEnqVPFirr2zo=
-4,133,nEIL2FL1co/yOo8Kugx/aXIfgb0=,9k+W9KnZRGpjajYEnqVPFirr2zo=
-2,133,nEIL2FL1co/yOo8Kugx/aXIfgb0=,9k+W9KnZRGpjajYEnqVPFirr2zo=
-5,133,nEIL2FL1co/yOo8Kugx/aXIfgb0=,9k+W9KnZRGpjajYEnqVPFirr2zo=
-6,133,nEIL2FL1co/yOo8Kugx/aXIfgb0=,9k+W9KnZRGpjajYEnqVPFirr2zo=
-7,133,nEIL2FL1co/yOo8Kugx/aXIfgb0=,9k+W9KnZRGpjajYEnqVPFirr2zo=
-8,133,nEIL2FL1co/yOo8Kugx/aXIfgb0=,9k+W9KnZRGpjajYEnqVPFirr2zo=
-16,134,nEIL2FL1co/yOo8Kugx/aXIfgb0=,9k+W9KnZRGpjajYEnqVPFirr2zo=
-9,133,nEIL2FL1co/yOo8Kugx/aXIfgb0=,9k+W9KnZRGpjajYEnqVPFirr2zo=
-15,137,nEIL2FL1co/yOo8Kugx/aXIfgb0=,9k+W9KnZRGpjajYEnqVPFirr2zo=
-12,133,nEIL2FL1co/yOo8Kugx/aXIfgb0=,9k+W9KnZRGpjajYEnqVPFirr2zo=
-13,133,nEIL2FL1co/yOo8Kugx/aXIfgb0=,9k+W9KnZRGpjajYEnqVPFirr2zo=
-14,133,nEIL2FL1co/yOo8Kugx/aXIfgb0=,9k+W9KnZRGpjajYEnqVPFirr2zo=
-10,133,nEIL2FL1co/yOo8Kugx/aXIfgb0=,9k+W9KnZRGpjajYEnqVPFirr2zo=
-16,135,nEIL2FL1co/yOo8Kugx/aXIfgb0=,9k+W9KnZRGpjajYEnqVPFirr2zo=
-16,133,nEIL2FL1co/yOo8Kugx/aXIfgb0=,9k+W9KnZRGpjajYEnqVPFirr2zo=
-15,133,nEIL2FL1co/yOo8Kugx/aXIfgb0=,9k+W9KnZRGpjajYEnqVPFirr2zo=
-11,128,nEIL2FL1co/yOo8Kugx/aXIfgb0=,9k+W9KnZRGpjajYEnqVPFirr2zo=
-1,132,nEIL2FL1co/yOo8Kugx/aXIfgb0=,9k+W9KnZRGpjajYEnqVPFirr2zo=
-2,132,nEIL2FL1co/yOo8Kugx/aXIfgb0=,9k+W9KnZRGpjajYEnqVPFirr2zo=
-3,132,nEIL2FL1co/yOo8Kugx/aXIfgb0=,9k+W9KnZRGpjajYEnqVPFirr2zo=
-6,132,nEIL2FL1co/yOo8Kugx/aXIfgb0=,9k+W9KnZRGpjajYEnqVPFirr2zo=
-5,132,nEIL2FL1co/yOo8Kugx/aXIfgb0=,9k+W9KnZRGpjajYEnqVPFirr2zo=
-7,132,nEIL2FL1co/yOo8Kugx/aXIfgb0=,9k+W9KnZRGpjajYEnqVPFirr2zo=
-8,132,nEIL2FL1co/yOo8Kugx/aXIfgb0=,9k+W9KnZRGpjajYEnqVPFirr2zo=
-4,132,nEIL2FL1co/yOo8Kugx/aXIfgb0=,9k+W9KnZRGpjajYEnqVPFirr2zo=
-10,132,nEIL2FL1co/yOo8Kugx/aXIfgb0=,9k+W9KnZRGpjajYEnqVPFirr2zo=
-9,132,nEIL2FL1co/yOo8Kugx/aXIfgb0=,9k+W9KnZRGpjajYEnqVPFirr2zo=
-11,132,nEIL2FL1co/yOo8Kugx/aXIfgb0=,9k+W9KnZRGpjajYEnqVPFirr2zo=
-12,132,nEIL2FL1co/yOo8Kugx/aXIfgb0=,9k+W9KnZRGpjajYEnqVPFirr2zo=
-13,132,nEIL2FL1co/yOo8Kugx/aXIfgb0=,9k+W9KnZRGpjajYEnqVPFirr2zo=
-11,133,nEIL2FL1co/yOo8Kugx/aXIfgb0=,9k+W9KnZRGpjajYEnqVPFirr2zo=
-16,132,nEIL2FL1co/yOo8Kugx/aXIfgb0=,9k+W9KnZRGpjajYEnqVPFirr2zo=
-12,128,nEIL2FL1co/yOo8Kugx/aXIfgb0=,9k+W9KnZRGpjajYEnqVPFirr2zo=
-1,131,nEIL2FL1co/yOo8Kugx/aXIfgb0=,9k+W9KnZRGpjajYEnqVPFirr2zo=
-9,136,nEIL2FL1co/yOo8Kugx/aXIfgb0=,9k+W9KnZRGpjajYEnqVPFirr2zo=
-14,132,nEIL2FL1co/yOo8Kugx/aXIfgb0=,9k+W9KnZRGpjajYEnqVPFirr2zo=
-2,131,nEIL2FL1co/yOo8Kugx/aXIfgb0=,9k+W9KnZRGpjajYEnqVPFirr2zo=
-4,131,nEIL2FL1co/yOo8Kugx/aXIfgb0=,9k+W9KnZRGpjajYEnqVPFirr2zo=
-5,131,nEIL2FL1co/yOo8Kugx/aXIfgb0=,9k+W9KnZRGpjajYEnqVPFirr2zo=
-3,131,nEIL2FL1co/yOo8Kugx/aXIfgb0=,9k+W9KnZRGpjajYEnqVPFirr2zo=
-7,131,nEIL2FL1co/yOo8Kugx/aXIfgb0=,9k+W9KnZRGpjajYEnqVPFirr2zo=
-6,131,nEIL2FL1co/yOo8Kugx/aXIfgb0=,9k+W9KnZRGpjajYEnqVPFirr2zo=
-8,131,nEIL2FL1co/yOo8Kugx/aXIfgb0=,9k+W9KnZRGpjajYEnqVPFirr2zo=
-9,131,nEIL2FL1co/yOo8Kugx/aXIfgb0=,9k+W9KnZRGpjajYEnqVPFirr2zo=
-10,131,nEIL2FL1co/yOo8Kugx/aXIfgb0=,9k+W9KnZRGpjajYEnqVPFirr2zo=
-12,131,nEIL2FL1co/yOo8Kugx/aXIfgb0=,9k+W9KnZRGpjajYEnqVPFirr2zo=
-11,131,nEIL2FL1co/yOo8Kugx/aXIfgb0=,9k+W9KnZRGpjajYEnqVPFirr2zo=
-13,131,nEIL2FL1co/yOo8Kugx/aXIfgb0=,9k+W9KnZRGpjajYEnqVPFirr2zo=
-14,131,nEIL2FL1co/yOo8Kugx/aXIfgb0=,9k+W9KnZRGpjajYEnqVPFirr2zo=
-16,131,nEIL2FL1co/yOo8Kugx/aXIfgb0=,9k+W9KnZRGpjajYEnqVPFirr2zo=
-15,131,nEIL2FL1co/yOo8Kugx/aXIfgb0=,9k+W9KnZRGpjajYEnqVPFirr2zo=
-13,128,nEIL2FL1co/yOo8Kugx/aXIfgb0=,9k+W9KnZRGpjajYEnqVPFirr2zo=
-1,130,nEIL2FL1co/yOo8Kugx/aXIfgb0=,9k+W9KnZRGpjajYEnqVPFirr2zo=
-3,130,nEIL2FL1co/yOo8Kugx/aXIfgb0=,9k+W9KnZRGpjajYEnqVPFirr2zo=
-2,130,nEIL2FL1co/yOo8Kugx/aXIfgb0=,9k+W9KnZRGpjajYEnqVPFirr2zo=
-5,130,nEIL2FL1co/yOo8Kugx/aXIfgb0=,9k+W9KnZRGpjajYEnqVPFirr2zo=
-16,136,nEIL2FL1co/yOo8Kugx/aXIfgb0=,9k+W9KnZRGpjajYEnqVPFirr2zo=
-6,130,nEIL2FL1co/yOo8Kugx/aXIfgb0=,9k+W9KnZRGpjajYEnqVPFirr2zo=
-7,130,nEIL2FL1co/yOo8Kugx/aXIfgb0=,9k+W9KnZRGpjajYEnqVPFirr2zo=
-4,130,nEIL2FL1co/yOo8Kugx/aXIfgb0=,9k+W9KnZRGpjajYEnqVPFirr2zo=
-9,130,nEIL2FL1co/yOo8Kugx/aXIfgb0=,9k+W9KnZRGpjajYEnqVPFirr2zo=
-10,130,nEIL2FL1co/yOo8Kugx/aXIfgb0=,9k+W9KnZRGpjajYEnqVPFirr2zo=
-11,130,nEIL2FL1co/yOo8Kugx/aXIfgb0=,9k+W9KnZRGpjajYEnqVPFirr2zo=
-8,130,nEIL2FL1co/yOo8Kugx/aXIfgb0=,9k+W9KnZRGpjajYEnqVPFirr2zo=
-12,130,nEIL2FL1co/yOo8Kugx/aXIfgb0=,9k+W9KnZRGpjajYEnqVPFirr2zo=
-13,130,nEIL2FL1co/yOo8Kugx/aXIfgb0=,9k+W9KnZRGpjajYEnqVPFirr2zo=
-13,142,nEIL2FL1co/yOo8Kugx/aXIfgb0=,9k+W9KnZRGpjajYEnqVPFirr2zo=
-14,130,nEIL2FL1co/yOo8Kugx/aXIfgb0=,9k+W9KnZRGpjajYEnqVPFirr2zo=
-14,128,nEIL2FL1co/yOo8Kugx/aXIfgb0=,9k+W9KnZRGpjajYEnqVPFirr2zo=
-15,130,nEIL2FL1co/yOo8Kugx/aXIfgb0=,9k+W9KnZRGpjajYEnqVPFirr2zo=
-16,130,nEIL2FL1co/yOo8Kugx/aXIfgb0=,9k+W9KnZRGpjajYEnqVPFirr2zo=
-7,136,nEIL2FL1co/yOo8Kugx/aXIfgb0=,9k+W9KnZRGpjajYEnqVPFirr2zo=
-2,129,nEIL2FL1co/yOo8Kugx/aXIfgb0=,9k+W9KnZRGpjajYEnqVPFirr2zo=
-3,129,nEIL2FL1co/yOo8Kugx/aXIfgb0=,9k+W9KnZRGpjajYEnqVPFirr2zo=
-1,129,nEIL2FL1co/yOo8Kugx/aXIfgb0=,9k+W9KnZRGpjajYEnqVPFirr2zo=
-4,129,nEIL2FL1co/yOo8Kugx/aXIfgb0=,9k+W9KnZRGpjajYEnqVPFirr2zo=
-7,129,nEIL2FL1co/yOo8Kugx/aXIfgb0=,9k+W9KnZRGpjajYEnqVPFirr2zo=
-5,129,nEIL2FL1co/yOo8Kugx/aXIfgb0=,9k+W9KnZRGpjajYEnqVPFirr2zo=
-15,128,nEIL2FL1co/yOo8Kugx/aXIfgb0=,9k+W9KnZRGpjajYEnqVPFirr2zo=
-6,129,nEIL2FL1co/yOo8Kugx/aXIfgb0=,9k+W9KnZRGpjajYEnqVPFirr2zo=
-8,129,nEIL2FL1co/yOo8Kugx/aXIfgb0=,9k+W9KnZRGpjajYEnqVPFirr2zo=
-9,129,nEIL2FL1co/yOo8Kugx/aXIfgb0=,9k+W9KnZRGpjajYEnqVPFirr2zo=
-10,129,nEIL2FL1co/yOo8Kugx/aXIfgb0=,9k+W9KnZRGpjajYEnqVPFirr2zo=
-14,129,nEIL2FL1co/yOo8Kugx/aXIfgb0=,9k+W9KnZRGpjajYEnqVPFirr2zo=
-11,129,nEIL2FL1co/yOo8Kugx/aXIfgb0=,9k+W9KnZRGpjajYEnqVPFirr2zo=
-13,129,nEIL2FL1co/yOo8Kugx/aXIfgb0=,9k+W9KnZRGpjajYEnqVPFirr2zo=
-12,129,nEIL2FL1co/yOo8Kugx/aXIfgb0=,9k+W9KnZRGpjajYEnqVPFirr2zo=
-15,129,nEIL2FL1co/yOo8Kugx/aXIfgb0=,9k+W9KnZRGpjajYEnqVPFirr2zo=
-16,128,nEIL2FL1co/yOo8Kugx/aXIfgb0=,9k+W9KnZRGpjajYEnqVPFirr2zo=
-7,135,nEIL2FL1co/yOo8Kugx/aXIfgb0=,9k+W9KnZRGpjajYEnqVPFirr2zo=
-15,132,nEIL2FL1co/yOo8Kugx/aXIfgb0=,9k+W9KnZRGpjajYEnqVPFirr2zo=
-15,142,nEIL2FL1co/yOo8Kugx/aXIfgb0=,9k+W9KnZRGpjajYEnqVPFirr2zo=
-6,135,nEIL2FL1co/yOo8Kugx/aXIfgb0=,9k+W9KnZRGpjajYEnqVPFirr2zo=
-8,136,nEIL2FL1co/yOo8Kugx/aXIfgb0=,9k+W9KnZRGpjajYEnqVPFirr2zo=
-15,135,nEIL2FL1co/yOo8Kugx/aXIfgb0=,9k+W9KnZRGpjajYEnqVPFirr2zo=
-14,140,nEIL2FL1co/yOo8Kugx/aXIfgb0=,9k+W9KnZRGpjajYEnqVPFirr2zo=
-15,138,nEIL2FL1co/yOo8Kugx/aXIfgb0=,9k+W9KnZRGpjajYEnqVPFirr2zo=
-6,138,nEIL2FL1co/yOo8Kugx/aXIfgb0=,9k+W9KnZRGpjajYEnqVPFirr2zo=
-5,140,nEIL2FL1co/yOo8Kugx/aXIfgb0=,9k+W9KnZRGpjajYEnqVPFirr2zo=
-6,140,nEIL2FL1co/yOo8Kugx/aXIfgb0=,9k+W9KnZRGpjajYEnqVPFirr2zo=
-16,143,nEIL2FL1co/yOo8Kugx/aXIfgb0=,9k+W9KnZRGpjajYEnqVPFirr2zo=
-32,145,nEIL2FL1co/yOo8Kugx/aXIfgb0=,9k+W9KnZRGpjajYEnqVPFirr2zo=
-32,144,nEIL2FL1co/yOo8Kugx/aXIfgb0=,9k+W9KnZRGpjajYEnqVPFirr2zo=
-17,144,nEIL2FL1co/yOo8Kugx/aXIfgb0=,9k+W9KnZRGpjajYEnqVPFirr2zo=
-18,159,nEIL2FL1co/yOo8Kugx/aXIfgb0=,9k+W9KnZRGpjajYEnqVPFirr2zo=
-17,159,nEIL2FL1co/yOo8Kugx/aXIfgb0=,9k+W9KnZRGpjajYEnqVPFirr2zo=
-19,159,nEIL2FL1co/yOo8Kugx/aXIfgb0=,9k+W9KnZRGpjajYEnqVPFirr2zo=
-20,159,nEIL2FL1co/yOo8Kugx/aXIfgb0=,9k+W9KnZRGpjajYEnqVPFirr2zo=
-23,159,nEIL2FL1co/yOo8Kugx/aXIfgb0=,9k+W9KnZRGpjajYEnqVPFirr2zo=
-21,159,nEIL2FL1co/yOo8Kugx/aXIfgb0=,9k+W9KnZRGpjajYEnqVPFirr2zo=
-25,159,nEIL2FL1co/yOo8Kugx/aXIfgb0=,9k+W9KnZRGpjajYEnqVPFirr2zo=
-27,159,nEIL2FL1co/yOo8Kugx/aXIfgb0=,9k+W9KnZRGpjajYEnqVPFirr2zo=
-24,159,nEIL2FL1co/yOo8Kugx/aXIfgb0=,9k+W9KnZRGpjajYEnqVPFirr2zo=
-26,159,nEIL2FL1co/yOo8Kugx/aXIfgb0=,9k+W9KnZRGpjajYEnqVPFirr2zo=
-28,159,nEIL2FL1co/yOo8Kugx/aXIfgb0=,9k+W9KnZRGpjajYEnqVPFirr2zo=
-31,159,nEIL2FL1co/yOo8Kugx/aXIfgb0=,9k+W9KnZRGpjajYEnqVPFirr2zo=
-29,159,nEIL2FL1co/yOo8Kugx/aXIfgb0=,9k+W9KnZRGpjajYEnqVPFirr2zo=
-30,159,nEIL2FL1co/yOo8Kugx/aXIfgb0=,9k+W9KnZRGpjajYEnqVPFirr2zo=
-18,158,nEIL2FL1co/yOo8Kugx/aXIfgb0=,9k+W9KnZRGpjajYEnqVPFirr2zo=
-22,159,nEIL2FL1co/yOo8Kugx/aXIfgb0=,9k+W9KnZRGpjajYEnqVPFirr2zo=
-17,158,nEIL2FL1co/yOo8Kugx/aXIfgb0=,9k+W9KnZRGpjajYEnqVPFirr2zo=
-20,158,nEIL2FL1co/yOo8Kugx/aXIfgb0=,9k+W9KnZRGpjajYEnqVPFirr2zo=
-21,158,nEIL2FL1co/yOo8Kugx/aXIfgb0=,9k+W9KnZRGpjajYEnqVPFirr2zo=
-19,158,nEIL2FL1co/yOo8Kugx/aXIfgb0=,9k+W9KnZRGpjajYEnqVPFirr2zo=
-26,158,nEIL2FL1co/yOo8Kugx/aXIfgb0=,9k+W9KnZRGpjajYEnqVPFirr2zo=
-24,158,nEIL2FL1co/yOo8Kugx/aXIfgb0=,9k+W9KnZRGpjajYEnqVPFirr2zo=
-25,158,nEIL2FL1co/yOo8Kugx/aXIfgb0=,9k+W9KnZRGpjajYEnqVPFirr2zo=
-27,158,nEIL2FL1co/yOo8Kugx/aXIfgb0=,9k+W9KnZRGpjajYEnqVPFirr2zo=
-29,158,nEIL2FL1co/yOo8Kugx/aXIfgb0=,9k+W9KnZRGpjajYEnqVPFirr2zo=
-32,159,nEIL2FL1co/yOo8Kugx/aXIfgb0=,9k+W9KnZRGpjajYEnqVPFirr2zo=
-28,158,nEIL2FL1co/yOo8Kugx/aXIfgb0=,9k+W9KnZRGpjajYEnqVPFirr2zo=
-30,158,nEIL2FL1co/yOo8Kugx/aXIfgb0=,9k+W9KnZRGpjajYEnqVPFirr2zo=
-23,158,nEIL2FL1co/yOo8Kugx/aXIfgb0=,9k+W9KnZRGpjajYEnqVPFirr2zo=
-32,158,nEIL2FL1co/yOo8Kugx/aXIfgb0=,9k+W9KnZRGpjajYEnqVPFirr2zo=
-22,158,nEIL2FL1co/yOo8Kugx/aXIfgb0=,9k+W9KnZRGpjajYEnqVPFirr2zo=
-19,157,nEIL2FL1co/yOo8Kugx/aXIfgb0=,9k+W9KnZRGpjajYEnqVPFirr2zo=
-17,157,nEIL2FL1co/yOo8Kugx/aXIfgb0=,9k+W9KnZRGpjajYEnqVPFirr2zo=
-20,157,nEIL2FL1co/yOo8Kugx/aXIfgb0=,9k+W9KnZRGpjajYEnqVPFirr2zo=
-19,144,nEIL2FL1co/yOo8Kugx/aXIfgb0=,9k+W9KnZRGpjajYEnqVPFirr2zo=
-18,157,nEIL2FL1co/yOo8Kugx/aXIfgb0=,9k+W9KnZRGpjajYEnqVPFirr2zo=
-23,157,nEIL2FL1co/yOo8Kugx/aXIfgb0=,9k+W9KnZRGpjajYEnqVPFirr2zo=
-22,157,nEIL2FL1co/yOo8Kugx/aXIfgb0=,9k+W9KnZRGpjajYEnqVPFirr2zo=
-31,157,nEIL2FL1co/yOo8Kugx/aXIfgb0=,9k+W9KnZRGpjajYEnqVPFirr2zo=
-28,157,nEIL2FL1co/yOo8Kugx/aXIfgb0=,9k+W9KnZRGpjajYEnqVPFirr2zo=
-29,157,nEIL2FL1co/yOo8Kugx/aXIfgb0=,9k+W9KnZRGpjajYEnqVPFirr2zo=
-30,157,nEIL2FL1co/yOo8Kugx/aXIfgb0=,9k+W9KnZRGpjajYEnqVPFirr2zo=
-26,157,nEIL2FL1co/yOo8Kugx/aXIfgb0=,9k+W9KnZRGpjajYEnqVPFirr2zo=
-27,157,nEIL2FL1co/yOo8Kugx/aXIfgb0=,9k+W9KnZRGpjajYEnqVPFirr2zo=
-21,157,nEIL2FL1co/yOo8Kugx/aXIfgb0=,9k+W9KnZRGpjajYEnqVPFirr2zo=
-32,157,nEIL2FL1co/yOo8Kugx/aXIfgb0=,9k+W9KnZRGpjajYEnqVPFirr2zo=
-17,156,nEIL2FL1co/yOo8Kugx/aXIfgb0=,9k+W9KnZRGpjajYEnqVPFirr2zo=
-20,144,nEIL2FL1co/yOo8Kugx/aXIfgb0=,9k+W9KnZRGpjajYEnqVPFirr2zo=
-31,158,nEIL2FL1co/yOo8Kugx/aXIfgb0=,9k+W9KnZRGpjajYEnqVPFirr2zo=
-21,156,nEIL2FL1co/yOo8Kugx/aXIfgb0=,9k+W9KnZRGpjajYEnqVPFirr2zo=
-23,156,nEIL2FL1co/yOo8Kugx/aXIfgb0=,9k+W9KnZRGpjajYEnqVPFirr2zo=
-19,156,nEIL2FL1co/yOo8Kugx/aXIfgb0=,9k+W9KnZRGpjajYEnqVPFirr2zo=
-18,156,nEIL2FL1co/yOo8Kugx/aXIfgb0=,9k+W9KnZRGpjajYEnqVPFirr2zo=
-24,156,nEIL2FL1co/yOo8Kugx/aXIfgb0=,9k+W9KnZRGpjajYEnqVPFirr2zo=
-20,156,nEIL2FL1co/yOo8Kugx/aXIfgb0=,9k+W9KnZRGpjajYEnqVPFirr2zo=
-25,156,nEIL2FL1co/yOo8Kugx/aXIfgb0=,9k+W9KnZRGpjajYEnqVPFirr2zo=
-26,156,nEIL2FL1co/yOo8Kugx/aXIfgb0=,9k+W9KnZRGpjajYEnqVPFirr2zo=
-29,156,nEIL2FL1co/yOo8Kugx/aXIfgb0=,9k+W9KnZRGpjajYEnqVPFirr2zo=
-30,156,nEIL2FL1co/yOo8Kugx/aXIfgb0=,9k+W9KnZRGpjajYEnqVPFirr2zo=
-32,156,nEIL2FL1co/yOo8Kugx/aXIfgb0=,9k+W9KnZRGpjajYEnqVPFirr2zo=
-21,144,nEIL2FL1co/yOo8Kugx/aXIfgb0=,9k+W9KnZRGpjajYEnqVPFirr2zo=
-31,156,nEIL2FL1co/yOo8Kugx/aXIfgb0=,9k+W9KnZRGpjajYEnqVPFirr2zo=
-28,156,nEIL2FL1co/yOo8Kugx/aXIfgb0=,9k+W9KnZRGpjajYEnqVPFirr2zo=
-20,155,nEIL2FL1co/yOo8Kugx/aXIfgb0=,9k+W9KnZRGpjajYEnqVPFirr2zo=
-22,155,nEIL2FL1co/yOo8Kugx/aXIfgb0=,9k+W9KnZRGpjajYEnqVPFirr2zo=
-17,155,nEIL2FL1co/yOo8Kugx/aXIfgb0=,9k+W9KnZRGpjajYEnqVPFirr2zo=
-21,155,nEIL2FL1co/yOo8Kugx/aXIfgb0=,9k+W9KnZRGpjajYEnqVPFirr2zo=
-19,155,nEIL2FL1co/yOo8Kugx/aXIfgb0=,9k+W9KnZRGpjajYEnqVPFirr2zo=
-23,155,nEIL2FL1co/yOo8Kugx/aXIfgb0=,9k+W9KnZRGpjajYEnqVPFirr2zo=
-27,156,nEIL2FL1co/yOo8Kugx/aXIfgb0=,9k+W9KnZRGpjajYEnqVPFirr2zo=
-24,155,nEIL2FL1co/yOo8Kugx/aXIfgb0=,9k+W9KnZRGpjajYEnqVPFirr2zo=
-25,155,nEIL2FL1co/yOo8Kugx/aXIfgb0=,9k+W9KnZRGpjajYEnqVPFirr2zo=
-26,155,nEIL2FL1co/yOo8Kugx/aXIfgb0=,9k+W9KnZRGpjajYEnqVPFirr2zo=
-29,155,nEIL2FL1co/yOo8Kugx/aXIfgb0=,9k+W9KnZRGpjajYEnqVPFirr2zo=
-25,157,nEIL2FL1co/yOo8Kugx/aXIfgb0=,9k+W9KnZRGpjajYEnqVPFirr2zo=
-32,155,nEIL2FL1co/yOo8Kugx/aXIfgb0=,9k+W9KnZRGpjajYEnqVPFirr2zo=
-31,155,nEIL2FL1co/yOo8Kugx/aXIfgb0=,9k+W9KnZRGpjajYEnqVPFirr2zo=
-22,144,nEIL2FL1co/yOo8Kugx/aXIfgb0=,9k+W9KnZRGpjajYEnqVPFirr2zo=
-23,154,nEIL2FL1co/yOo8Kugx/aXIfgb0=,9k+W9KnZRGpjajYEnqVPFirr2zo=
-22,154,nEIL2FL1co/yOo8Kugx/aXIfgb0=,9k+W9KnZRGpjajYEnqVPFirr2zo=
-17,154,nEIL2FL1co/yOo8Kugx/aXIfgb0=,9k+W9KnZRGpjajYEnqVPFirr2zo=
-20,154,nEIL2FL1co/yOo8Kugx/aXIfgb0=,9k+W9KnZRGpjajYEnqVPFirr2zo=
-24,154,nEIL2FL1co/yOo8Kugx/aXIfgb0=,9k+W9KnZRGpjajYEnqVPFirr2zo=
-25,154,nEIL2FL1co/yOo8Kugx/aXIfgb0=,9k+W9KnZRGpjajYEnqVPFirr2zo=
-26,154,nEIL2FL1co/yOo8Kugx/aXIfgb0=,9k+W9KnZRGpjajYEnqVPFirr2zo=
-28,154,nEIL2FL1co/yOo8Kugx/aXIfgb0=,9k+W9KnZRGpjajYEnqVPFirr2zo=
-30,154,nEIL2FL1co/yOo8Kugx/aXIfgb0=,9k+W9KnZRGpjajYEnqVPFirr2zo=
-21,154,nEIL2FL1co/yOo8Kugx/aXIfgb0=,9k+W9KnZRGpjajYEnqVPFirr2zo=
-29,154,nEIL2FL1co/yOo8Kugx/aXIfgb0=,9k+W9KnZRGpjajYEnqVPFirr2zo=
-24,157,nEIL2FL1co/yOo8Kugx/aXIfgb0=,9k+W9KnZRGpjajYEnqVPFirr2zo=
-23,153,nEIL2FL1co/yOo8Kugx/aXIfgb0=,9k+W9KnZRGpjajYEnqVPFirr2zo=
-22,153,nEIL2FL1co/yOo8Kugx/aXIfgb0=,9k+W9KnZRGpjajYEnqVPFirr2zo=
-19,153,nEIL2FL1co/yOo8Kugx/aXIfgb0=,9k+W9KnZRGpjajYEnqVPFirr2zo=
-17,153,nEIL2FL1co/yOo8Kugx/aXIfgb0=,9k+W9KnZRGpjajYEnqVPFirr2zo=
-27,153,nEIL2FL1co/yOo8Kugx/aXIfgb0=,9k+W9KnZRGpjajYEnqVPFirr2zo=
-23,144,nEIL2FL1co/yOo8Kugx/aXIfgb0=,9k+W9KnZRGpjajYEnqVPFirr2zo=
-31,153,nEIL2FL1co/yOo8Kugx/aXIfgb0=,9k+W9KnZRGpjajYEnqVPFirr2zo=
-30,153,nEIL2FL1co/yOo8Kugx/aXIfgb0=,9k+W9KnZRGpjajYEnqVPFirr2zo=
-28,153,nEIL2FL1co/yOo8Kugx/aXIfgb0=,9k+W9KnZRGpjajYEnqVPFirr2zo=
-18,153,nEIL2FL1co/yOo8Kugx/aXIfgb0=,9k+W9KnZRGpjajYEnqVPFirr2zo=
-25,153,nEIL2FL1co/yOo8Kugx/aXIfgb0=,9k+W9KnZRGpjajYEnqVPFirr2zo=
-20,153,nEIL2FL1co/yOo8Kugx/aXIfgb0=,9k+W9KnZRGpjajYEnqVPFirr2zo=
-32,153,nEIL2FL1co/yOo8Kugx/aXIfgb0=,9k+W9KnZRGpjajYEnqVPFirr2zo=
-24,144,nEIL2FL1co/yOo8Kugx/aXIfgb0=,9k+W9KnZRGpjajYEnqVPFirr2zo=
-19,152,nEIL2FL1co/yOo8Kugx/aXIfgb0=,9k+W9KnZRGpjajYEnqVPFirr2zo=
-30,155,nEIL2FL1co/yOo8Kugx/aXIfgb0=,9k+W9KnZRGpjajYEnqVPFirr2zo=
-21,152,nEIL2FL1co/yOo8Kugx/aXIfgb0=,9k+W9KnZRGpjajYEnqVPFirr2zo=
-22,152,nEIL2FL1co/yOo8Kugx/aXIfgb0=,9k+W9KnZRGpjajYEnqVPFirr2zo=
-23,152,nEIL2FL1co/yOo8Kugx/aXIfgb0=,9k+W9KnZRGpjajYEnqVPFirr2zo=
-20,152,nEIL2FL1co/yOo8Kugx/aXIfgb0=,9k+W9KnZRGpjajYEnqVPFirr2zo=
-27,152,nEIL2FL1co/yOo8Kugx/aXIfgb0=,9k+W9KnZRGpjajYEnqVPFirr2zo=
-24,152,nEIL2FL1co/yOo8Kugx/aXIfgb0=,9k+W9KnZRGpjajYEnqVPFirr2zo=
-18,154,nEIL2FL1co/yOo8Kugx/aXIfgb0=,9k+W9KnZRGpjajYEnqVPFirr2zo=
-29,152,nEIL2FL1co/yOo8Kugx/aXIfgb0=,9k+W9KnZRGpjajYEnqVPFirr2zo=
-32,154,nEIL2FL1co/yOo8Kugx/aXIfgb0=,9k+W9KnZRGpjajYEnqVPFirr2zo=
-28,152,nEIL2FL1co/yOo8Kugx/aXIfgb0=,9k+W9KnZRGpjajYEnqVPFirr2zo=
-30,152,nEIL2FL1co/yOo8Kugx/aXIfgb0=,9k+W9KnZRGpjajYEnqVPFirr2zo=
-31,152,nEIL2FL1co/yOo8Kugx/aXIfgb0=,9k+W9KnZRGpjajYEnqVPFirr2zo=
-32,152,nEIL2FL1co/yOo8Kugx/aXIfgb0=,9k+W9KnZRGpjajYEnqVPFirr2zo=
-17,152,nEIL2FL1co/yOo8Kugx/aXIfgb0=,9k+W9KnZRGpjajYEnqVPFirr2zo=
-18,151,nEIL2FL1co/yOo8Kugx/aXIfgb0=,9k+W9KnZRGpjajYEnqVPFirr2zo=
-29,153,nEIL2FL1co/yOo8Kugx/aXIfgb0=,9k+W9KnZRGpjajYEnqVPFirr2zo=
-26,152,nEIL2FL1co/yOo8Kugx/aXIfgb0=,9k+W9KnZRGpjajYEnqVPFirr2zo=
-22,151,nEIL2FL1co/yOo8Kugx/aXIfgb0=,9k+W9KnZRGpjajYEnqVPFirr2zo=
-25,144,nEIL2FL1co/yOo8Kugx/aXIfgb0=,9k+W9KnZRGpjajYEnqVPFirr2zo=
-21,153,nEIL2FL1co/yOo8Kugx/aXIfgb0=,9k+W9KnZRGpjajYEnqVPFirr2zo=
-27,154,nEIL2FL1co/yOo8Kugx/aXIfgb0=,9k+W9KnZRGpjajYEnqVPFirr2zo=
-27,151,nEIL2FL1co/yOo8Kugx/aXIfgb0=,9k+W9KnZRGpjajYEnqVPFirr2zo=
-26,151,nEIL2FL1co/yOo8Kugx/aXIfgb0=,9k+W9KnZRGpjajYEnqVPFirr2zo=
-25,152,nEIL2FL1co/yOo8Kugx/aXIfgb0=,9k+W9KnZRGpjajYEnqVPFirr2zo=
-28,151,nEIL2FL1co/yOo8Kugx/aXIfgb0=,9k+W9KnZRGpjajYEnqVPFirr2zo=
-18,152,nEIL2FL1co/yOo8Kugx/aXIfgb0=,9k+W9KnZRGpjajYEnqVPFirr2zo=
-24,151,nEIL2FL1co/yOo8Kugx/aXIfgb0=,9k+W9KnZRGpjajYEnqVPFirr2zo=
-30,151,nEIL2FL1co/yOo8Kugx/aXIfgb0=,9k+W9KnZRGpjajYEnqVPFirr2zo=
-29,151,nEIL2FL1co/yOo8Kugx/aXIfgb0=,9k+W9KnZRGpjajYEnqVPFirr2zo=
-17,150,nEIL2FL1co/yOo8Kugx/aXIfgb0=,9k+W9KnZRGpjajYEnqVPFirr2zo=
-31,151,nEIL2FL1co/yOo8Kugx/aXIfgb0=,9k+W9KnZRGpjajYEnqVPFirr2zo=
-25,151,nEIL2FL1co/yOo8Kugx/aXIfgb0=,9k+W9KnZRGpjajYEnqVPFirr2zo=
-18,150,nEIL2FL1co/yOo8Kugx/aXIfgb0=,9k+W9KnZRGpjajYEnqVPFirr2zo=
-32,151,nEIL2FL1co/yOo8Kugx/aXIfgb0=,9k+W9KnZRGpjajYEnqVPFirr2zo=
-20,151,nEIL2FL1co/yOo8Kugx/aXIfgb0=,9k+W9KnZRGpjajYEnqVPFirr2zo=
-22,150,nEIL2FL1co/yOo8Kugx/aXIfgb0=,9k+W9KnZRGpjajYEnqVPFirr2zo=
-23,150,nEIL2FL1co/yOo8Kugx/aXIfgb0=,9k+W9KnZRGpjajYEnqVPFirr2zo=
-31,154,nEIL2FL1co/yOo8Kugx/aXIfgb0=,9k+W9KnZRGpjajYEnqVPFirr2zo=
-20,150,nEIL2FL1co/yOo8Kugx/aXIfgb0=,9k+W9KnZRGpjajYEnqVPFirr2zo=
-21,151,nEIL2FL1co/yOo8Kugx/aXIfgb0=,9k+W9KnZRGpjajYEnqVPFirr2zo=
-23,151,nEIL2FL1co/yOo8Kugx/aXIfgb0=,9k+W9KnZRGpjajYEnqVPFirr2zo=
-26,144,nEIL2FL1co/yOo8Kugx/aXIfgb0=,9k+W9KnZRGpjajYEnqVPFirr2zo=
-29,150,nEIL2FL1co/yOo8Kugx/aXIfgb0=,9k+W9KnZRGpjajYEnqVPFirr2zo=
-18,144,nEIL2FL1co/yOo8Kugx/aXIfgb0=,9k+W9KnZRGpjajYEnqVPFirr2zo=
-21,150,nEIL2FL1co/yOo8Kugx/aXIfgb0=,9k+W9KnZRGpjajYEnqVPFirr2zo=
-19,151,nEIL2FL1co/yOo8Kugx/aXIfgb0=,9k+W9KnZRGpjajYEnqVPFirr2zo=
-17,149,nEIL2FL1co/yOo8Kugx/aXIfgb0=,9k+W9KnZRGpjajYEnqVPFirr2zo=
-18,149,nEIL2FL1co/yOo8Kugx/aXIfgb0=,9k+W9KnZRGpjajYEnqVPFirr2zo=
-30,150,nEIL2FL1co/yOo8Kugx/aXIfgb0=,9k+W9KnZRGpjajYEnqVPFirr2zo=
-31,150,nEIL2FL1co/yOo8Kugx/aXIfgb0=,9k+W9KnZRGpjajYEnqVPFirr2zo=
-17,151,nEIL2FL1co/yOo8Kugx/aXIfgb0=,9k+W9KnZRGpjajYEnqVPFirr2zo=
-27,150,nEIL2FL1co/yOo8Kugx/aXIfgb0=,9k+W9KnZRGpjajYEnqVPFirr2zo=
-25,149,nEIL2FL1co/yOo8Kugx/aXIfgb0=,9k+W9KnZRGpjajYEnqVPFirr2zo=
-26,149,nEIL2FL1co/yOo8Kugx/aXIfgb0=,9k+W9KnZRGpjajYEnqVPFirr2zo=
-25,150,nEIL2FL1co/yOo8Kugx/aXIfgb0=,9k+W9KnZRGpjajYEnqVPFirr2zo=
-26,150,nEIL2FL1co/yOo8Kugx/aXIfgb0=,9k+W9KnZRGpjajYEnqVPFirr2zo=
-29,149,nEIL2FL1co/yOo8Kugx/aXIfgb0=,9k+W9KnZRGpjajYEnqVPFirr2zo=
-24,149,nEIL2FL1co/yOo8Kugx/aXIfgb0=,9k+W9KnZRGpjajYEnqVPFirr2zo=
-27,149,nEIL2FL1co/yOo8Kugx/aXIfgb0=,9k+W9KnZRGpjajYEnqVPFirr2zo=
-20,149,nEIL2FL1co/yOo8Kugx/aXIfgb0=,9k+W9KnZRGpjajYEnqVPFirr2zo=
-28,149,nEIL2FL1co/yOo8Kugx/aXIfgb0=,9k+W9KnZRGpjajYEnqVPFirr2zo=
-31,149,nEIL2FL1co/yOo8Kugx/aXIfgb0=,9k+W9KnZRGpjajYEnqVPFirr2zo=
-30,149,nEIL2FL1co/yOo8Kugx/aXIfgb0=,9k+W9KnZRGpjajYEnqVPFirr2zo=
-32,149,nEIL2FL1co/yOo8Kugx/aXIfgb0=,9k+W9KnZRGpjajYEnqVPFirr2zo=
-17,148,nEIL2FL1co/yOo8Kugx/aXIfgb0=,9k+W9KnZRGpjajYEnqVPFirr2zo=
-19,150,nEIL2FL1co/yOo8Kugx/aXIfgb0=,9k+W9KnZRGpjajYEnqVPFirr2zo=
-20,148,nEIL2FL1co/yOo8Kugx/aXIfgb0=,9k+W9KnZRGpjajYEnqVPFirr2zo=
-19,154,nEIL2FL1co/yOo8Kugx/aXIfgb0=,9k+W9KnZRGpjajYEnqVPFirr2zo=
-25,148,nEIL2FL1co/yOo8Kugx/aXIfgb0=,9k+W9KnZRGpjajYEnqVPFirr2zo=
-23,148,nEIL2FL1co/yOo8Kugx/aXIfgb0=,9k+W9KnZRGpjajYEnqVPFirr2zo=
-22,156,nEIL2FL1co/yOo8Kugx/aXIfgb0=,9k+W9KnZRGpjajYEnqVPFirr2zo=
-24,148,nEIL2FL1co/yOo8Kugx/aXIfgb0=,9k+W9KnZRGpjajYEnqVPFirr2zo=
-24,153,nEIL2FL1co/yOo8Kugx/aXIfgb0=,9k+W9KnZRGpjajYEnqVPFirr2zo=
-32,150,nEIL2FL1co/yOo8Kugx/aXIfgb0=,9k+W9KnZRGpjajYEnqVPFirr2zo=
-29,148,nEIL2FL1co/yOo8Kugx/aXIfgb0=,9k+W9KnZRGpjajYEnqVPFirr2zo=
-28,148,nEIL2FL1co/yOo8Kugx/aXIfgb0=,9k+W9KnZRGpjajYEnqVPFirr2zo=
-30,148,nEIL2FL1co/yOo8Kugx/aXIfgb0=,9k+W9KnZRGpjajYEnqVPFirr2zo=
-32,148,nEIL2FL1co/yOo8Kugx/aXIfgb0=,9k+W9KnZRGpjajYEnqVPFirr2zo=
-21,149,nEIL2FL1co/yOo8Kugx/aXIfgb0=,9k+W9KnZRGpjajYEnqVPFirr2zo=
-17,147,nEIL2FL1co/yOo8Kugx/aXIfgb0=,9k+W9KnZRGpjajYEnqVPFirr2zo=
-26,148,nEIL2FL1co/yOo8Kugx/aXIfgb0=,9k+W9KnZRGpjajYEnqVPFirr2zo=
-28,150,nEIL2FL1co/yOo8Kugx/aXIfgb0=,9k+W9KnZRGpjajYEnqVPFirr2zo=
-24,150,nEIL2FL1co/yOo8Kugx/aXIfgb0=,9k+W9KnZRGpjajYEnqVPFirr2zo=
-20,147,nEIL2FL1co/yOo8Kugx/aXIfgb0=,9k+W9KnZRGpjajYEnqVPFirr2zo=
-24,147,nEIL2FL1co/yOo8Kugx/aXIfgb0=,9k+W9KnZRGpjajYEnqVPFirr2zo=
-18,155,nEIL2FL1co/yOo8Kugx/aXIfgb0=,9k+W9KnZRGpjajYEnqVPFirr2zo=
-26,147,nEIL2FL1co/yOo8Kugx/aXIfgb0=,9k+W9KnZRGpjajYEnqVPFirr2zo=
-22,147,nEIL2FL1co/yOo8Kugx/aXIfgb0=,9k+W9KnZRGpjajYEnqVPFirr2zo=
-30,147,nEIL2FL1co/yOo8Kugx/aXIfgb0=,9k+W9KnZRGpjajYEnqVPFirr2zo=
-31,147,nEIL2FL1co/yOo8Kugx/aXIfgb0=,9k+W9KnZRGpjajYEnqVPFirr2zo=
-19,149,nEIL2FL1co/yOo8Kugx/aXIfgb0=,9k+W9KnZRGpjajYEnqVPFirr2zo=
-29,144,nEIL2FL1co/yOo8Kugx/aXIfgb0=,9k+W9KnZRGpjajYEnqVPFirr2zo=
-18,147,nEIL2FL1co/yOo8Kugx/aXIfgb0=,9k+W9KnZRGpjajYEnqVPFirr2zo=
-32,147,nEIL2FL1co/yOo8Kugx/aXIfgb0=,9k+W9KnZRGpjajYEnqVPFirr2zo=
-17,146,nEIL2FL1co/yOo8Kugx/aXIfgb0=,9k+W9KnZRGpjajYEnqVPFirr2zo=
-28,147,nEIL2FL1co/yOo8Kugx/aXIfgb0=,9k+W9KnZRGpjajYEnqVPFirr2zo=
-30,144,nEIL2FL1co/yOo8Kugx/aXIfgb0=,9k+W9KnZRGpjajYEnqVPFirr2zo=
-19,146,nEIL2FL1co/yOo8Kugx/aXIfgb0=,9k+W9KnZRGpjajYEnqVPFirr2zo=
-27,148,nEIL2FL1co/yOo8Kugx/aXIfgb0=,9k+W9KnZRGpjajYEnqVPFirr2zo=
-23,147,nEIL2FL1co/yOo8Kugx/aXIfgb0=,9k+W9KnZRGpjajYEnqVPFirr2zo=
-18,148,nEIL2FL1co/yOo8Kugx/aXIfgb0=,9k+W9KnZRGpjajYEnqVPFirr2zo=
-20,146,nEIL2FL1co/yOo8Kugx/aXIfgb0=,9k+W9KnZRGpjajYEnqVPFirr2zo=
-26,146,nEIL2FL1co/yOo8Kugx/aXIfgb0=,9k+W9KnZRGpjajYEnqVPFirr2zo=
-24,146,nEIL2FL1co/yOo8Kugx/aXIfgb0=,9k+W9KnZRGpjajYEnqVPFirr2zo=
-22,146,nEIL2FL1co/yOo8Kugx/aXIfgb0=,9k+W9KnZRGpjajYEnqVPFirr2zo=
-25,146,nEIL2FL1co/yOo8Kugx/aXIfgb0=,9k+W9KnZRGpjajYEnqVPFirr2zo=
-27,146,nEIL2FL1co/yOo8Kugx/aXIfgb0=,9k+W9KnZRGpjajYEnqVPFirr2zo=
-21,146,nEIL2FL1co/yOo8Kugx/aXIfgb0=,9k+W9KnZRGpjajYEnqVPFirr2zo=
-28,146,nEIL2FL1co/yOo8Kugx/aXIfgb0=,9k+W9KnZRGpjajYEnqVPFirr2zo=
-17,145,nEIL2FL1co/yOo8Kugx/aXIfgb0=,9k+W9KnZRGpjajYEnqVPFirr2zo=
-31,146,nEIL2FL1co/yOo8Kugx/aXIfgb0=,9k+W9KnZRGpjajYEnqVPFirr2zo=
-29,146,nEIL2FL1co/yOo8Kugx/aXIfgb0=,9k+W9KnZRGpjajYEnqVPFirr2zo=
-22,148,nEIL2FL1co/yOo8Kugx/aXIfgb0=,9k+W9KnZRGpjajYEnqVPFirr2zo=
-22,149,nEIL2FL1co/yOo8Kugx/aXIfgb0=,9k+W9KnZRGpjajYEnqVPFirr2zo=
-18,145,nEIL2FL1co/yOo8Kugx/aXIfgb0=,9k+W9KnZRGpjajYEnqVPFirr2zo=
-30,146,nEIL2FL1co/yOo8Kugx/aXIfgb0=,9k+W9KnZRGpjajYEnqVPFirr2zo=
-19,147,nEIL2FL1co/yOo8Kugx/aXIfgb0=,9k+W9KnZRGpjajYEnqVPFirr2zo=
-20,145,nEIL2FL1co/yOo8Kugx/aXIfgb0=,9k+W9KnZRGpjajYEnqVPFirr2zo=
-22,145,nEIL2FL1co/yOo8Kugx/aXIfgb0=,9k+W9KnZRGpjajYEnqVPFirr2zo=
-21,145,nEIL2FL1co/yOo8Kugx/aXIfgb0=,9k+W9KnZRGpjajYEnqVPFirr2zo=
-23,145,nEIL2FL1co/yOo8Kugx/aXIfgb0=,9k+W9KnZRGpjajYEnqVPFirr2zo=
-27,144,nEIL2FL1co/yOo8Kugx/aXIfgb0=,9k+W9KnZRGpjajYEnqVPFirr2zo=
-19,148,nEIL2FL1co/yOo8Kugx/aXIfgb0=,9k+W9KnZRGpjajYEnqVPFirr2zo=
-27,145,nEIL2FL1co/yOo8Kugx/aXIfgb0=,9k+W9KnZRGpjajYEnqVPFirr2zo=
-28,145,nEIL2FL1co/yOo8Kugx/aXIfgb0=,9k+W9KnZRGpjajYEnqVPFirr2zo=
-28,155,nEIL2FL1co/yOo8Kugx/aXIfgb0=,9k+W9KnZRGpjajYEnqVPFirr2zo=
-29,145,nEIL2FL1co/yOo8Kugx/aXIfgb0=,9k+W9KnZRGpjajYEnqVPFirr2zo=
-31,145,nEIL2FL1co/yOo8Kugx/aXIfgb0=,9k+W9KnZRGpjajYEnqVPFirr2zo=
-25,145,nEIL2FL1co/yOo8Kugx/aXIfgb0=,9k+W9KnZRGpjajYEnqVPFirr2zo=
-21,147,nEIL2FL1co/yOo8Kugx/aXIfgb0=,9k+W9KnZRGpjajYEnqVPFirr2zo=
-27,155,nEIL2FL1co/yOo8Kugx/aXIfgb0=,9k+W9KnZRGpjajYEnqVPFirr2zo=
-30,145,nEIL2FL1co/yOo8Kugx/aXIfgb0=,9k+W9KnZRGpjajYEnqVPFirr2zo=
-26,153,nEIL2FL1co/yOo8Kugx/aXIfgb0=,9k+W9KnZRGpjajYEnqVPFirr2zo=
-19,145,nEIL2FL1co/yOo8Kugx/aXIfgb0=,9k+W9KnZRGpjajYEnqVPFirr2zo=
-18,146,nEIL2FL1co/yOo8Kugx/aXIfgb0=,9k+W9KnZRGpjajYEnqVPFirr2zo=
-29,147,nEIL2FL1co/yOo8Kugx/aXIfgb0=,9k+W9KnZRGpjajYEnqVPFirr2zo=
-32,146,nEIL2FL1co/yOo8Kugx/aXIfgb0=,9k+W9KnZRGpjajYEnqVPFirr2zo=
-23,149,nEIL2FL1co/yOo8Kugx/aXIfgb0=,9k+W9KnZRGpjajYEnqVPFirr2zo=
-26,145,nEIL2FL1co/yOo8Kugx/aXIfgb0=,9k+W9KnZRGpjajYEnqVPFirr2zo=
-27,147,nEIL2FL1co/yOo8Kugx/aXIfgb0=,9k+W9KnZRGpjajYEnqVPFirr2zo=
-23,146,nEIL2FL1co/yOo8Kugx/aXIfgb0=,9k+W9KnZRGpjajYEnqVPFirr2zo=
-21,148,nEIL2FL1co/yOo8Kugx/aXIfgb0=,9k+W9KnZRGpjajYEnqVPFirr2zo=
-31,148,nEIL2FL1co/yOo8Kugx/aXIfgb0=,9k+W9KnZRGpjajYEnqVPFirr2zo=
-24,145,nEIL2FL1co/yOo8Kugx/aXIfgb0=,9k+W9KnZRGpjajYEnqVPFirr2zo=
-25,147,nEIL2FL1co/yOo8Kugx/aXIfgb0=,9k+W9KnZRGpjajYEnqVPFirr2zo=
-31,144,nEIL2FL1co/yOo8Kugx/aXIfgb0=,9k+W9KnZRGpjajYEnqVPFirr2zo=
-28,144,nEIL2FL1co/yOo8Kugx/aXIfgb0=,9k+W9KnZRGpjajYEnqVPFirr2zo=
-2,144,nEIL2FL1co/yOo8Kugx/aXIfgb0=,9k+W9KnZRGpjajYEnqVPFirr2zo=
-1,144,nEIL2FL1co/yOo8Kugx/aXIfgb0=,9k+W9KnZRGpjajYEnqVPFirr2zo=
-3,144,nEIL2FL1co/yOo8Kugx/aXIfgb0=,9k+W9KnZRGpjajYEnqVPFirr2zo=
-4,144,nEIL2FL1co/yOo8Kugx/aXIfgb0=,9k+W9KnZRGpjajYEnqVPFirr2zo=
-6,144,nEIL2FL1co/yOo8Kugx/aXIfgb0=,9k+W9KnZRGpjajYEnqVPFirr2zo=
-5,144,nEIL2FL1co/yOo8Kugx/aXIfgb0=,9k+W9KnZRGpjajYEnqVPFirr2zo=
-7,144,nEIL2FL1co/yOo8Kugx/aXIfgb0=,9k+W9KnZRGpjajYEnqVPFirr2zo=
-8,144,nEIL2FL1co/yOo8Kugx/aXIfgb0=,9k+W9KnZRGpjajYEnqVPFirr2zo=
-9,144,nEIL2FL1co/yOo8Kugx/aXIfgb0=,9k+W9KnZRGpjajYEnqVPFirr2zo=
-1,159,nEIL2FL1co/yOo8Kugx/aXIfgb0=,9k+W9KnZRGpjajYEnqVPFirr2zo=
-10,144,nEIL2FL1co/yOo8Kugx/aXIfgb0=,9k+W9KnZRGpjajYEnqVPFirr2zo=
-16,145,nEIL2FL1co/yOo8Kugx/aXIfgb0=,9k+W9KnZRGpjajYEnqVPFirr2zo=
-2,159,nEIL2FL1co/yOo8Kugx/aXIfgb0=,9k+W9KnZRGpjajYEnqVPFirr2zo=
-11,144,nEIL2FL1co/yOo8Kugx/aXIfgb0=,9k+W9KnZRGpjajYEnqVPFirr2zo=
-14,144,nEIL2FL1co/yOo8Kugx/aXIfgb0=,9k+W9KnZRGpjajYEnqVPFirr2zo=
-13,144,nEIL2FL1co/yOo8Kugx/aXIfgb0=,9k+W9KnZRGpjajYEnqVPFirr2zo=
-12,144,nEIL2FL1co/yOo8Kugx/aXIfgb0=,9k+W9KnZRGpjajYEnqVPFirr2zo=
-16,144,nEIL2FL1co/yOo8Kugx/aXIfgb0=,9k+W9KnZRGpjajYEnqVPFirr2zo=
-15,144,nEIL2FL1co/yOo8Kugx/aXIfgb0=,9k+W9KnZRGpjajYEnqVPFirr2zo=
-15,145,nEIL2FL1co/yOo8Kugx/aXIfgb0=,9k+W9KnZRGpjajYEnqVPFirr2zo=
-4,159,nEIL2FL1co/yOo8Kugx/aXIfgb0=,9k+W9KnZRGpjajYEnqVPFirr2zo=
-3,159,nEIL2FL1co/yOo8Kugx/aXIfgb0=,9k+W9KnZRGpjajYEnqVPFirr2zo=
-9,159,nEIL2FL1co/yOo8Kugx/aXIfgb0=,9k+W9KnZRGpjajYEnqVPFirr2zo=
-8,159,nEIL2FL1co/yOo8Kugx/aXIfgb0=,9k+W9KnZRGpjajYEnqVPFirr2zo=
-12,159,nEIL2FL1co/yOo8Kugx/aXIfgb0=,9k+W9KnZRGpjajYEnqVPFirr2zo=
-13,159,nEIL2FL1co/yOo8Kugx/aXIfgb0=,9k+W9KnZRGpjajYEnqVPFirr2zo=
-6,159,nEIL2FL1co/yOo8Kugx/aXIfgb0=,9k+W9KnZRGpjajYEnqVPFirr2zo=
-15,159,PVPX/WGsxx1UZP1vBPpM1hOg5Fo=,9k+W9KnZRGpjajYEnqVPFirr2zo=
-14,159,PVPX/WGsxx1UZP1vBPpM1hOg5Fo=,9k+W9KnZRGpjajYEnqVPFirr2zo=
-7,159,PVPX/WGsxx1UZP1vBPpM1hOg5Fo=,9k+W9KnZRGpjajYEnqVPFirr2zo=
-5,159,PVPX/WGsxx1UZP1vBPpM1hOg5Fo=,9k+W9KnZRGpjajYEnqVPFirr2zo=
-14,145,PVPX/WGsxx1UZP1vBPpM1hOg5Fo=,9k+W9KnZRGpjajYEnqVPFirr2zo=
-10,159,PVPX/WGsxx1UZP1vBPpM1hOg5Fo=,9k+W9KnZRGpjajYEnqVPFirr2zo=
-1,158,PVPX/WGsxx1UZP1vBPpM1hOg5Fo=,9k+W9KnZRGpjajYEnqVPFirr2zo=
-16,159,PVPX/WGsxx1UZP1vBPpM1hOg5Fo=,9k+W9KnZRGpjajYEnqVPFirr2zo=
-2,158,PVPX/WGsxx1UZP1vBPpM1hOg5Fo=,9k+W9KnZRGpjajYEnqVPFirr2zo=
-13,145,PVPX/WGsxx1UZP1vBPpM1hOg5Fo=,9k+W9KnZRGpjajYEnqVPFirr2zo=
-4,158,PVPX/WGsxx1UZP1vBPpM1hOg5Fo=,9k+W9KnZRGpjajYEnqVPFirr2zo=
-12,145,PVPX/WGsxx1UZP1vBPpM1hOg5Fo=,9k+W9KnZRGpjajYEnqVPFirr2zo=
-5,158,PVPX/WGsxx1UZP1vBPpM1hOg5Fo=,9k+W9KnZRGpjajYEnqVPFirr2zo=
-8,158,PVPX/WGsxx1UZP1vBPpM1hOg5Fo=,9k+W9KnZRGpjajYEnqVPFirr2zo=
-9,158,PVPX/WGsxx1UZP1vBPpM1hOg5Fo=,9k+W9KnZRGpjajYEnqVPFirr2zo=
-7,158,PVPX/WGsxx1UZP1vBPpM1hOg5Fo=,9k+W9KnZRGpjajYEnqVPFirr2zo=
-13,158,PVPX/WGsxx1UZP1vBPpM1hOg5Fo=,9k+W9KnZRGpjajYEnqVPFirr2zo=
-14,158,PVPX/WGsxx1UZP1vBPpM1hOg5Fo=,9k+W9KnZRGpjajYEnqVPFirr2zo=
-15,158,PVPX/WGsxx1UZP1vBPpM1hOg5Fo=,9k+W9KnZRGpjajYEnqVPFirr2zo=
-12,158,PVPX/WGsxx1UZP1vBPpM1hOg5Fo=,9k+W9KnZRGpjajYEnqVPFirr2zo=
-11,145,PVPX/WGsxx1UZP1vBPpM1hOg5Fo=,9k+W9KnZRGpjajYEnqVPFirr2zo=
-16,158,PVPX/WGsxx1UZP1vBPpM1hOg5Fo=,9k+W9KnZRGpjajYEnqVPFirr2zo=
-10,145,PVPX/WGsxx1UZP1vBPpM1hOg5Fo=,9k+W9KnZRGpjajYEnqVPFirr2zo=
-9,145,PVPX/WGsxx1UZP1vBPpM1hOg5Fo=,9k+W9KnZRGpjajYEnqVPFirr2zo=
-8,145,PVPX/WGsxx1UZP1vBPpM1hOg5Fo=,9k+W9KnZRGpjajYEnqVPFirr2zo=
-11,158,PVPX/WGsxx1UZP1vBPpM1hOg5Fo=,9k+W9KnZRGpjajYEnqVPFirr2zo=
-7,145,PVPX/WGsxx1UZP1vBPpM1hOg5Fo=,9k+W9KnZRGpjajYEnqVPFirr2zo=
-11,159,PVPX/WGsxx1UZP1vBPpM1hOg5Fo=,9k+W9KnZRGpjajYEnqVPFirr2zo=
-3,158,PVPX/WGsxx1UZP1vBPpM1hOg5Fo=,9k+W9KnZRGpjajYEnqVPFirr2zo=
-6,145,PVPX/WGsxx1UZP1vBPpM1hOg5Fo=,9k+W9KnZRGpjajYEnqVPFirr2zo=
-1,157,PVPX/WGsxx1UZP1vBPpM1hOg5Fo=,9k+W9KnZRGpjajYEnqVPFirr2zo=
-10,158,PVPX/WGsxx1UZP1vBPpM1hOg5Fo=,9k+W9KnZRGpjajYEnqVPFirr2zo=
-4,145,PVPX/WGsxx1UZP1vBPpM1hOg5Fo=,9k+W9KnZRGpjajYEnqVPFirr2zo=
-3,157,PVPX/WGsxx1UZP1vBPpM1hOg5Fo=,9k+W9KnZRGpjajYEnqVPFirr2zo=
-2,145,PVPX/WGsxx1UZP1vBPpM1hOg5Fo=,9k+W9KnZRGpjajYEnqVPFirr2zo=
-3,145,PVPX/WGsxx1UZP1vBPpM1hOg5Fo=,9k+W9KnZRGpjajYEnqVPFirr2zo=
-6,158,PVPX/WGsxx1UZP1vBPpM1hOg5Fo=,9k+W9KnZRGpjajYEnqVPFirr2zo=
-1,145,PVPX/WGsxx1UZP1vBPpM1hOg5Fo=,9k+W9KnZRGpjajYEnqVPFirr2zo=
-2,157,PVPX/WGsxx1UZP1vBPpM1hOg5Fo=,9k+W9KnZRGpjajYEnqVPFirr2zo=
-5,145,PVPX/WGsxx1UZP1vBPpM1hOg5Fo=,9k+W9KnZRGpjajYEnqVPFirr2zo=
-10,157,PVPX/WGsxx1UZP1vBPpM1hOg5Fo=,9k+W9KnZRGpjajYEnqVPFirr2zo=
-6,157,PVPX/WGsxx1UZP1vBPpM1hOg5Fo=,9k+W9KnZRGpjajYEnqVPFirr2zo=
-14,157,PVPX/WGsxx1UZP1vBPpM1hOg5Fo=,9k+W9KnZRGpjajYEnqVPFirr2zo=
-9,157,PVPX/WGsxx1UZP1vBPpM1hOg5Fo=,9k+W9KnZRGpjajYEnqVPFirr2zo=
-13,157,PVPX/WGsxx1UZP1vBPpM1hOg5Fo=,9k+W9KnZRGpjajYEnqVPFirr2zo=
-7,157,PVPX/WGsxx1UZP1vBPpM1hOg5Fo=,9k+W9KnZRGpjajYEnqVPFirr2zo=
-5,157,PVPX/WGsxx1UZP1vBPpM1hOg5Fo=,9k+W9KnZRGpjajYEnqVPFirr2zo=
-11,157,PVPX/WGsxx1UZP1vBPpM1hOg5Fo=,9k+W9KnZRGpjajYEnqVPFirr2zo=
-8,157,PVPX/WGsxx1UZP1vBPpM1hOg5Fo=,9k+W9KnZRGpjajYEnqVPFirr2zo=
-15,157,PVPX/WGsxx1UZP1vBPpM1hOg5Fo=,9k+W9KnZRGpjajYEnqVPFirr2zo=
-12,157,PVPX/WGsxx1UZP1vBPpM1hOg5Fo=,9k+W9KnZRGpjajYEnqVPFirr2zo=
-2,156,PVPX/WGsxx1UZP1vBPpM1hOg5Fo=,9k+W9KnZRGpjajYEnqVPFirr2zo=
-4,157,PVPX/WGsxx1UZP1vBPpM1hOg5Fo=,9k+W9KnZRGpjajYEnqVPFirr2zo=
-16,157,PVPX/WGsxx1UZP1vBPpM1hOg5Fo=,9k+W9KnZRGpjajYEnqVPFirr2zo=
-6,156,PVPX/WGsxx1UZP1vBPpM1hOg5Fo=,9k+W9KnZRGpjajYEnqVPFirr2zo=
-5,156,PVPX/WGsxx1UZP1vBPpM1hOg5Fo=,9k+W9KnZRGpjajYEnqVPFirr2zo=
-3,156,PVPX/WGsxx1UZP1vBPpM1hOg5Fo=,9k+W9KnZRGpjajYEnqVPFirr2zo=
-1,156,PVPX/WGsxx1UZP1vBPpM1hOg5Fo=,9k+W9KnZRGpjajYEnqVPFirr2zo=
-7,156,PVPX/WGsxx1UZP1vBPpM1hOg5Fo=,9k+W9KnZRGpjajYEnqVPFirr2zo=
-9,156,PVPX/WGsxx1UZP1vBPpM1hOg5Fo=,9k+W9KnZRGpjajYEnqVPFirr2zo=
-14,156,PVPX/WGsxx1UZP1vBPpM1hOg5Fo=,9k+W9KnZRGpjajYEnqVPFirr2zo=
-10,156,PVPX/WGsxx1UZP1vBPpM1hOg5Fo=,9k+W9KnZRGpjajYEnqVPFirr2zo=
-15,156,PVPX/WGsxx1UZP1vBPpM1hOg5Fo=,9k+W9KnZRGpjajYEnqVPFirr2zo=
-16,156,PVPX/WGsxx1UZP1vBPpM1hOg5Fo=,9k+W9KnZRGpjajYEnqVPFirr2zo=
-8,156,PVPX/WGsxx1UZP1vBPpM1hOg5Fo=,9k+W9KnZRGpjajYEnqVPFirr2zo=
-2,155,PVPX/WGsxx1UZP1vBPpM1hOg5Fo=,9k+W9KnZRGpjajYEnqVPFirr2zo=
-4,156,PVPX/WGsxx1UZP1vBPpM1hOg5Fo=,9k+W9KnZRGpjajYEnqVPFirr2zo=
-1,155,PVPX/WGsxx1UZP1vBPpM1hOg5Fo=,9k+W9KnZRGpjajYEnqVPFirr2zo=
-11,156,PVPX/WGsxx1UZP1vBPpM1hOg5Fo=,9k+W9KnZRGpjajYEnqVPFirr2zo=
-13,156,PVPX/WGsxx1UZP1vBPpM1hOg5Fo=,9k+W9KnZRGpjajYEnqVPFirr2zo=
-4,155,PVPX/WGsxx1UZP1vBPpM1hOg5Fo=,9k+W9KnZRGpjajYEnqVPFirr2zo=
-12,156,PVPX/WGsxx1UZP1vBPpM1hOg5Fo=,9k+W9KnZRGpjajYEnqVPFirr2zo=
-3,155,PVPX/WGsxx1UZP1vBPpM1hOg5Fo=,9k+W9KnZRGpjajYEnqVPFirr2zo=
-10,155,PVPX/WGsxx1UZP1vBPpM1hOg5Fo=,9k+W9KnZRGpjajYEnqVPFirr2zo=
-7,155,PVPX/WGsxx1UZP1vBPpM1hOg5Fo=,9k+W9KnZRGpjajYEnqVPFirr2zo=
-11,155,PVPX/WGsxx1UZP1vBPpM1hOg5Fo=,9k+W9KnZRGpjajYEnqVPFirr2zo=
-1,154,PVPX/WGsxx1UZP1vBPpM1hOg5Fo=,9k+W9KnZRGpjajYEnqVPFirr2zo=
-13,155,PVPX/WGsxx1UZP1vBPpM1hOg5Fo=,9k+W9KnZRGpjajYEnqVPFirr2zo=
-12,155,PVPX/WGsxx1UZP1vBPpM1hOg5Fo=,9k+W9KnZRGpjajYEnqVPFirr2zo=
-5,155,PVPX/WGsxx1UZP1vBPpM1hOg5Fo=,9k+W9KnZRGpjajYEnqVPFirr2zo=
-16,155,PVPX/WGsxx1UZP1vBPpM1hOg5Fo=,9k+W9KnZRGpjajYEnqVPFirr2zo=
-2,154,PVPX/WGsxx1UZP1vBPpM1hOg5Fo=,9k+W9KnZRGpjajYEnqVPFirr2zo=
-9,155,PVPX/WGsxx1UZP1vBPpM1hOg5Fo=,9k+W9KnZRGpjajYEnqVPFirr2zo=
-14,155,PVPX/WGsxx1UZP1vBPpM1hOg5Fo=,9k+W9KnZRGpjajYEnqVPFirr2zo=
-15,155,PVPX/WGsxx1UZP1vBPpM1hOg5Fo=,9k+W9KnZRGpjajYEnqVPFirr2zo=
-10,154,PVPX/WGsxx1UZP1vBPpM1hOg5Fo=,9k+W9KnZRGpjajYEnqVPFirr2zo=
-3,154,PVPX/WGsxx1UZP1vBPpM1hOg5Fo=,9k+W9KnZRGpjajYEnqVPFirr2zo=
-9,154,PVPX/WGsxx1UZP1vBPpM1hOg5Fo=,9k+W9KnZRGpjajYEnqVPFirr2zo=
-6,154,PVPX/WGsxx1UZP1vBPpM1hOg5Fo=,9k+W9KnZRGpjajYEnqVPFirr2zo=
-12,154,PVPX/WGsxx1UZP1vBPpM1hOg5Fo=,9k+W9KnZRGpjajYEnqVPFirr2zo=
-11,154,PVPX/WGsxx1UZP1vBPpM1hOg5Fo=,9k+W9KnZRGpjajYEnqVPFirr2zo=
-1,153,PVPX/WGsxx1UZP1vBPpM1hOg5Fo=,9k+W9KnZRGpjajYEnqVPFirr2zo=
-8,154,PVPX/WGsxx1UZP1vBPpM1hOg5Fo=,9k+W9KnZRGpjajYEnqVPFirr2zo=
-2,153,PVPX/WGsxx1UZP1vBPpM1hOg5Fo=,9k+W9KnZRGpjajYEnqVPFirr2zo=
-7,154,PVPX/WGsxx1UZP1vBPpM1hOg5Fo=,9k+W9KnZRGpjajYEnqVPFirr2zo=
-4,154,PVPX/WGsxx1UZP1vBPpM1hOg5Fo=,9k+W9KnZRGpjajYEnqVPFirr2zo=
-13,154,PVPX/WGsxx1UZP1vBPpM1hOg5Fo=,9k+W9KnZRGpjajYEnqVPFirr2zo=
-14,154,PVPX/WGsxx1UZP1vBPpM1hOg5Fo=,9k+W9KnZRGpjajYEnqVPFirr2zo=
-9,153,PVPX/WGsxx1UZP1vBPpM1hOg5Fo=,9k+W9KnZRGpjajYEnqVPFirr2zo=
-8,153,PVPX/WGsxx1UZP1vBPpM1hOg5Fo=,9k+W9KnZRGpjajYEnqVPFirr2zo=
-3,153,PVPX/WGsxx1UZP1vBPpM1hOg5Fo=,9k+W9KnZRGpjajYEnqVPFirr2zo=
-15,154,PVPX/WGsxx1UZP1vBPpM1hOg5Fo=,9k+W9KnZRGpjajYEnqVPFirr2zo=
-10,153,PVPX/WGsxx1UZP1vBPpM1hOg5Fo=,9k+W9KnZRGpjajYEnqVPFirr2zo=
-6,155,PVPX/WGsxx1UZP1vBPpM1hOg5Fo=,9k+W9KnZRGpjajYEnqVPFirr2zo=
-16,154,PVPX/WGsxx1UZP1vBPpM1hOg5Fo=,9k+W9KnZRGpjajYEnqVPFirr2zo=
-7,153,PVPX/WGsxx1UZP1vBPpM1hOg5Fo=,9k+W9KnZRGpjajYEnqVPFirr2zo=
-4,153,PVPX/WGsxx1UZP1vBPpM1hOg5Fo=,9k+W9KnZRGpjajYEnqVPFirr2zo=
-1,152,PVPX/WGsxx1UZP1vBPpM1hOg5Fo=,9k+W9KnZRGpjajYEnqVPFirr2zo=
-12,153,PVPX/WGsxx1UZP1vBPpM1hOg5Fo=,9k+W9KnZRGpjajYEnqVPFirr2zo=
-2,152,PVPX/WGsxx1UZP1vBPpM1hOg5Fo=,9k+W9KnZRGpjajYEnqVPFirr2zo=
-15,153,PVPX/WGsxx1UZP1vBPpM1hOg5Fo=,9k+W9KnZRGpjajYEnqVPFirr2zo=
-13,153,PVPX/WGsxx1UZP1vBPpM1hOg5Fo=,9k+W9KnZRGpjajYEnqVPFirr2zo=
-11,153,PVPX/WGsxx1UZP1vBPpM1hOg5Fo=,9k+W9KnZRGpjajYEnqVPFirr2zo=
-6,153,PVPX/WGsxx1UZP1vBPpM1hOg5Fo=,9k+W9KnZRGpjajYEnqVPFirr2zo=
-14,153,PVPX/WGsxx1UZP1vBPpM1hOg5Fo=,9k+W9KnZRGpjajYEnqVPFirr2zo=
-9,152,PVPX/WGsxx1UZP1vBPpM1hOg5Fo=,9k+W9KnZRGpjajYEnqVPFirr2zo=
-10,152,PVPX/WGsxx1UZP1vBPpM1hOg5Fo=,9k+W9KnZRGpjajYEnqVPFirr2zo=
-16,153,PVPX/WGsxx1UZP1vBPpM1hOg5Fo=,9k+W9KnZRGpjajYEnqVPFirr2zo=
-5,154,PVPX/WGsxx1UZP1vBPpM1hOg5Fo=,9k+W9KnZRGpjajYEnqVPFirr2zo=
-12,152,PVPX/WGsxx1UZP1vBPpM1hOg5Fo=,9k+W9KnZRGpjajYEnqVPFirr2zo=
-8,152,PVPX/WGsxx1UZP1vBPpM1hOg5Fo=,9k+W9KnZRGpjajYEnqVPFirr2zo=
-5,152,PVPX/WGsxx1UZP1vBPpM1hOg5Fo=,9k+W9KnZRGpjajYEnqVPFirr2zo=
-13,152,PVPX/WGsxx1UZP1vBPpM1hOg5Fo=,9k+W9KnZRGpjajYEnqVPFirr2zo=
-11,152,PVPX/WGsxx1UZP1vBPpM1hOg5Fo=,9k+W9KnZRGpjajYEnqVPFirr2zo=
-1,151,PVPX/WGsxx1UZP1vBPpM1hOg5Fo=,9k+W9KnZRGpjajYEnqVPFirr2zo=
-2,151,PVPX/WGsxx1UZP1vBPpM1hOg5Fo=,9k+W9KnZRGpjajYEnqVPFirr2zo=
-3,151,PVPX/WGsxx1UZP1vBPpM1hOg5Fo=,9k+W9KnZRGpjajYEnqVPFirr2zo=
-8,155,PVPX/WGsxx1UZP1vBPpM1hOg5Fo=,9k+W9KnZRGpjajYEnqVPFirr2zo=
-4,151,PVPX/WGsxx1UZP1vBPpM1hOg5Fo=,9k+W9KnZRGpjajYEnqVPFirr2zo=
-4,152,PVPX/WGsxx1UZP1vBPpM1hOg5Fo=,9k+W9KnZRGpjajYEnqVPFirr2zo=
-8,151,PVPX/WGsxx1UZP1vBPpM1hOg5Fo=,9k+W9KnZRGpjajYEnqVPFirr2zo=
-5,151,PVPX/WGsxx1UZP1vBPpM1hOg5Fo=,9k+W9KnZRGpjajYEnqVPFirr2zo=
-9,151,PVPX/WGsxx1UZP1vBPpM1hOg5Fo=,9k+W9KnZRGpjajYEnqVPFirr2zo=
-10,151,PVPX/WGsxx1UZP1vBPpM1hOg5Fo=,9k+W9KnZRGpjajYEnqVPFirr2zo=
-12,151,PVPX/WGsxx1UZP1vBPpM1hOg5Fo=,9k+W9KnZRGpjajYEnqVPFirr2zo=
-15,152,PVPX/WGsxx1UZP1vBPpM1hOg5Fo=,9k+W9KnZRGpjajYEnqVPFirr2zo=
-7,152,PVPX/WGsxx1UZP1vBPpM1hOg5Fo=,9k+W9KnZRGpjajYEnqVPFirr2zo=
-11,151,PVPX/WGsxx1UZP1vBPpM1hOg5Fo=,9k+W9KnZRGpjajYEnqVPFirr2zo=
-16,152,PVPX/WGsxx1UZP1vBPpM1hOg5Fo=,9k+W9KnZRGpjajYEnqVPFirr2zo=
-1,150,PVPX/WGsxx1UZP1vBPpM1hOg5Fo=,9k+W9KnZRGpjajYEnqVPFirr2zo=
-13,151,PVPX/WGsxx1UZP1vBPpM1hOg5Fo=,9k+W9KnZRGpjajYEnqVPFirr2zo=
-2,150,PVPX/WGsxx1UZP1vBPpM1hOg5Fo=,9k+W9KnZRGpjajYEnqVPFirr2zo=
-14,152,PVPX/WGsxx1UZP1vBPpM1hOg5Fo=,9k+W9KnZRGpjajYEnqVPFirr2zo=
-3,150,PVPX/WGsxx1UZP1vBPpM1hOg5Fo=,9k+W9KnZRGpjajYEnqVPFirr2zo=
-4,150,PVPX/WGsxx1UZP1vBPpM1hOg5Fo=,9k+W9KnZRGpjajYEnqVPFirr2zo=
-6,152,PVPX/WGsxx1UZP1vBPpM1hOg5Fo=,9k+W9KnZRGpjajYEnqVPFirr2zo=
-8,150,PVPX/WGsxx1UZP1vBPpM1hOg5Fo=,9k+W9KnZRGpjajYEnqVPFirr2zo=
-9,150,PVPX/WGsxx1UZP1vBPpM1hOg5Fo=,9k+W9KnZRGpjajYEnqVPFirr2zo=
-7,151,PVPX/WGsxx1UZP1vBPpM1hOg5Fo=,9k+W9KnZRGpjajYEnqVPFirr2zo=
-16,151,PVPX/WGsxx1UZP1vBPpM1hOg5Fo=,9k+W9KnZRGpjajYEnqVPFirr2zo=
-5,150,PVPX/WGsxx1UZP1vBPpM1hOg5Fo=,9k+W9KnZRGpjajYEnqVPFirr2zo=
-15,151,PVPX/WGsxx1UZP1vBPpM1hOg5Fo=,9k+W9KnZRGpjajYEnqVPFirr2zo=
-6,151,PVPX/WGsxx1UZP1vBPpM1hOg5Fo=,9k+W9KnZRGpjajYEnqVPFirr2zo=
-12,150,PVPX/WGsxx1UZP1vBPpM1hOg5Fo=,9k+W9KnZRGpjajYEnqVPFirr2zo=
-10,150,PVPX/WGsxx1UZP1vBPpM1hOg5Fo=,9k+W9KnZRGpjajYEnqVPFirr2zo=
-6,150,PVPX/WGsxx1UZP1vBPpM1hOg5Fo=,9k+W9KnZRGpjajYEnqVPFirr2zo=
-1,149,PVPX/WGsxx1UZP1vBPpM1hOg5Fo=,9k+W9KnZRGpjajYEnqVPFirr2zo=
-2,149,PVPX/WGsxx1UZP1vBPpM1hOg5Fo=,9k+W9KnZRGpjajYEnqVPFirr2zo=
-3,149,PVPX/WGsxx1UZP1vBPpM1hOg5Fo=,9k+W9KnZRGpjajYEnqVPFirr2zo=
-14,151,PVPX/WGsxx1UZP1vBPpM1hOg5Fo=,9k+W9KnZRGpjajYEnqVPFirr2zo=
-5,149,PVPX/WGsxx1UZP1vBPpM1hOg5Fo=,9k+W9KnZRGpjajYEnqVPFirr2zo=
-4,149,PVPX/WGsxx1UZP1vBPpM1hOg5Fo=,9k+W9KnZRGpjajYEnqVPFirr2zo=
-13,150,PVPX/WGsxx1UZP1vBPpM1hOg5Fo=,9k+W9KnZRGpjajYEnqVPFirr2zo=
-11,150,PVPX/WGsxx1UZP1vBPpM1hOg5Fo=,9k+W9KnZRGpjajYEnqVPFirr2zo=
-14,150,PVPX/WGsxx1UZP1vBPpM1hOg5Fo=,9k+W9KnZRGpjajYEnqVPFirr2zo=
-6,149,PVPX/WGsxx1UZP1vBPpM1hOg5Fo=,9k+W9KnZRGpjajYEnqVPFirr2zo=
-13,149,PVPX/WGsxx1UZP1vBPpM1hOg5Fo=,9k+W9KnZRGpjajYEnqVPFirr2zo=
-7,150,PVPX/WGsxx1UZP1vBPpM1hOg5Fo=,9k+W9KnZRGpjajYEnqVPFirr2zo=
-12,149,PVPX/WGsxx1UZP1vBPpM1hOg5Fo=,9k+W9KnZRGpjajYEnqVPFirr2zo=
-16,150,PVPX/WGsxx1UZP1vBPpM1hOg5Fo=,9k+W9KnZRGpjajYEnqVPFirr2zo=
-1,148,PVPX/WGsxx1UZP1vBPpM1hOg5Fo=,9k+W9KnZRGpjajYEnqVPFirr2zo=
-2,148,PVPX/WGsxx1UZP1vBPpM1hOg5Fo=,9k+W9KnZRGpjajYEnqVPFirr2zo=
-9,149,PVPX/WGsxx1UZP1vBPpM1hOg5Fo=,9k+W9KnZRGpjajYEnqVPFirr2zo=
-8,149,PVPX/WGsxx1UZP1vBPpM1hOg5Fo=,9k+W9KnZRGpjajYEnqVPFirr2zo=
-3,148,PVPX/WGsxx1UZP1vBPpM1hOg5Fo=,9k+W9KnZRGpjajYEnqVPFirr2zo=
-4,148,PVPX/WGsxx1UZP1vBPpM1hOg5Fo=,9k+W9KnZRGpjajYEnqVPFirr2zo=
-5,148,PVPX/WGsxx1UZP1vBPpM1hOg5Fo=,9k+W9KnZRGpjajYEnqVPFirr2zo=
-6,148,PVPX/WGsxx1UZP1vBPpM1hOg5Fo=,9k+W9KnZRGpjajYEnqVPFirr2zo=
-14,149,PVPX/WGsxx1UZP1vBPpM1hOg5Fo=,9k+W9KnZRGpjajYEnqVPFirr2zo=
-15,149,PVPX/WGsxx1UZP1vBPpM1hOg5Fo=,9k+W9KnZRGpjajYEnqVPFirr2zo=
-7,149,PVPX/WGsxx1UZP1vBPpM1hOg5Fo=,9k+W9KnZRGpjajYEnqVPFirr2zo=
-3,152,PVPX/WGsxx1UZP1vBPpM1hOg5Fo=,9k+W9KnZRGpjajYEnqVPFirr2zo=
-15,150,PVPX/WGsxx1UZP1vBPpM1hOg5Fo=,9k+W9KnZRGpjajYEnqVPFirr2zo=
-7,148,PVPX/WGsxx1UZP1vBPpM1hOg5Fo=,9k+W9KnZRGpjajYEnqVPFirr2zo=
-9,148,PVPX/WGsxx1UZP1vBPpM1hOg5Fo=,9k+W9KnZRGpjajYEnqVPFirr2zo=
-15,148,PVPX/WGsxx1UZP1vBPpM1hOg5Fo=,9k+W9KnZRGpjajYEnqVPFirr2zo=
-5,153,PVPX/WGsxx1UZP1vBPpM1hOg5Fo=,9k+W9KnZRGpjajYEnqVPFirr2zo=
-10,148,PVPX/WGsxx1UZP1vBPpM1hOg5Fo=,9k+W9KnZRGpjajYEnqVPFirr2zo=
-1,147,PVPX/WGsxx1UZP1vBPpM1hOg5Fo=,9k+W9KnZRGpjajYEnqVPFirr2zo=
-2,147,PVPX/WGsxx1UZP1vBPpM1hOg5Fo=,9k+W9KnZRGpjajYEnqVPFirr2zo=
-3,147,PVPX/WGsxx1UZP1vBPpM1hOg5Fo=,9k+W9KnZRGpjajYEnqVPFirr2zo=
-4,147,PVPX/WGsxx1UZP1vBPpM1hOg5Fo=,9k+W9KnZRGpjajYEnqVPFirr2zo=
-5,147,PVPX/WGsxx1UZP1vBPpM1hOg5Fo=,9k+W9KnZRGpjajYEnqVPFirr2zo=
-6,147,PVPX/WGsxx1UZP1vBPpM1hOg5Fo=,9k+W9KnZRGpjajYEnqVPFirr2zo=
-7,147,PVPX/WGsxx1UZP1vBPpM1hOg5Fo=,9k+W9KnZRGpjajYEnqVPFirr2zo=
-13,148,PVPX/WGsxx1UZP1vBPpM1hOg5Fo=,9k+W9KnZRGpjajYEnqVPFirr2zo=
-11,148,PVPX/WGsxx1UZP1vBPpM1hOg5Fo=,9k+W9KnZRGpjajYEnqVPFirr2zo=
-16,148,PVPX/WGsxx1UZP1vBPpM1hOg5Fo=,9k+W9KnZRGpjajYEnqVPFirr2zo=
-12,148,PVPX/WGsxx1UZP1vBPpM1hOg5Fo=,9k+W9KnZRGpjajYEnqVPFirr2zo=
-11,149,PVPX/WGsxx1UZP1vBPpM1hOg5Fo=,9k+W9KnZRGpjajYEnqVPFirr2zo=
-8,147,PVPX/WGsxx1UZP1vBPpM1hOg5Fo=,9k+W9KnZRGpjajYEnqVPFirr2zo=
-16,146,PVPX/WGsxx1UZP1vBPpM1hOg5Fo=,9k+W9KnZRGpjajYEnqVPFirr2zo=
-14,148,PVPX/WGsxx1UZP1vBPpM1hOg5Fo=,9k+W9KnZRGpjajYEnqVPFirr2zo=
-10,147,PVPX/WGsxx1UZP1vBPpM1hOg5Fo=,9k+W9KnZRGpjajYEnqVPFirr2zo=
-1,146,PVPX/WGsxx1UZP1vBPpM1hOg5Fo=,9k+W9KnZRGpjajYEnqVPFirr2zo=
-11,147,PVPX/WGsxx1UZP1vBPpM1hOg5Fo=,9k+W9KnZRGpjajYEnqVPFirr2zo=
-2,146,PVPX/WGsxx1UZP1vBPpM1hOg5Fo=,9k+W9KnZRGpjajYEnqVPFirr2zo=
-3,146,PVPX/WGsxx1UZP1vBPpM1hOg5Fo=,9k+W9KnZRGpjajYEnqVPFirr2zo=
-12,147,PVPX/WGsxx1UZP1vBPpM1hOg5Fo=,9k+W9KnZRGpjajYEnqVPFirr2zo=
-5,146,PVPX/WGsxx1UZP1vBPpM1hOg5Fo=,9k+W9KnZRGpjajYEnqVPFirr2zo=
-4,146,PVPX/WGsxx1UZP1vBPpM1hOg5Fo=,9k+W9KnZRGpjajYEnqVPFirr2zo=
-7,146,PVPX/WGsxx1UZP1vBPpM1hOg5Fo=,9k+W9KnZRGpjajYEnqVPFirr2zo=
-16,147,PVPX/WGsxx1UZP1vBPpM1hOg5Fo=,9k+W9KnZRGpjajYEnqVPFirr2zo=
-8,146,PVPX/WGsxx1UZP1vBPpM1hOg5Fo=,9k+W9KnZRGpjajYEnqVPFirr2zo=
-13,147,PVPX/WGsxx1UZP1vBPpM1hOg5Fo=,9k+W9KnZRGpjajYEnqVPFirr2zo=
-6,146,PVPX/WGsxx1UZP1vBPpM1hOg5Fo=,9k+W9KnZRGpjajYEnqVPFirr2zo=
-9,146,PVPX/WGsxx1UZP1vBPpM1hOg5Fo=,9k+W9KnZRGpjajYEnqVPFirr2zo=
-15,146,PVPX/WGsxx1UZP1vBPpM1hOg5Fo=,9k+W9KnZRGpjajYEnqVPFirr2zo=
-12,146,PVPX/WGsxx1UZP1vBPpM1hOg5Fo=,9k+W9KnZRGpjajYEnqVPFirr2zo=
-10,149,PVPX/WGsxx1UZP1vBPpM1hOg5Fo=,9k+W9KnZRGpjajYEnqVPFirr2zo=
-13,146,PVPX/WGsxx1UZP1vBPpM1hOg5Fo=,9k+W9KnZRGpjajYEnqVPFirr2zo=
-8,148,PVPX/WGsxx1UZP1vBPpM1hOg5Fo=,9k+W9KnZRGpjajYEnqVPFirr2zo=
-10,146,PVPX/WGsxx1UZP1vBPpM1hOg5Fo=,9k+W9KnZRGpjajYEnqVPFirr2zo=
-9,147,PVPX/WGsxx1UZP1vBPpM1hOg5Fo=,9k+W9KnZRGpjajYEnqVPFirr2zo=
-15,147,PVPX/WGsxx1UZP1vBPpM1hOg5Fo=,9k+W9KnZRGpjajYEnqVPFirr2zo=
-11,146,PVPX/WGsxx1UZP1vBPpM1hOg5Fo=,9k+W9KnZRGpjajYEnqVPFirr2zo=
-16,149,PVPX/WGsxx1UZP1vBPpM1hOg5Fo=,9k+W9KnZRGpjajYEnqVPFirr2zo=
-14,146,PVPX/WGsxx1UZP1vBPpM1hOg5Fo=,9k+W9KnZRGpjajYEnqVPFirr2zo=
-14,147,PVPX/WGsxx1UZP1vBPpM1hOg5Fo=,9k+W9KnZRGpjajYEnqVPFirr2zo=
