-305,-209,MUz2OYFxSM3rgIsTi2XMWpIL6JQ=,cZbQU2tgm36viIiuP9K9wwpuQM4=
-306,-223,MUz2OYFxSM3rgIsTi2XMWpIL6JQ=,cZbQU2tgm36viIiuP9K9wwpuQM4=
-305,-224,MUz2OYFxSM3rgIsTi2XMWpIL6JQ=,cZbQU2tgm36viIiuP9K9wwpuQM4=
-320,-224,MUz2OYFxSM3rgIsTi2XMWpIL6JQ=,cZbQU2tgm36viIiuP9K9wwpuQM4=
-305,-223,MUz2OYFxSM3rgIsTi2XMWpIL6JQ=,cZbQU2tgm36viIiuP9K9wwpuQM4=
-306,-209,MUz2OYFxSM3rgIsTi2XMWpIL6JQ=,cZbQU2tgm36viIiuP9K9wwpuQM4=
-307,-209,MUz2OYFxSM3rgIsTi2XMWpIL6JQ=,cZbQU2tgm36viIiuP9K9wwpuQM4=
-308,-209,MUz2OYFxSM3rgIsTi2XMWpIL6JQ=,cZbQU2tgm36viIiuP9K9wwpuQM4=
-309,-209,MUz2OYFxSM3rgIsTi2XMWpIL6JQ=,cZbQU2tgm36viIiuP9K9wwpuQM4=
-310,-209,MUz2OYFxSM3rgIsTi2XMWpIL6JQ=,cZbQU2tgm36viIiuP9K9wwpuQM4=
-311,-209,MUz2OYFxSM3rgIsTi2XMWpIL6JQ=,cZbQU2tgm36viIiuP9K9wwpuQM4=
-307,-224,MUz2OYFxSM3rgIsTi2XMWpIL6JQ=,cZbQU2tgm36viIiuP9K9wwpuQM4=
-308,-224,MUz2OYFxSM3rgIsTi2XMWpIL6JQ=,cZbQU2tgm36viIiuP9K9wwpuQM4=
-313,-209,MUz2OYFxSM3rgIsTi2XMWpIL6JQ=,cZbQU2tgm36viIiuP9K9wwpuQM4=
-320,-222,MUz2OYFxSM3rgIsTi2XMWpIL6JQ=,cZbQU2tgm36viIiuP9K9wwpuQM4=
-315,-209,MUz2OYFxSM3rgIsTi2XMWpIL6JQ=,cZbQU2tgm36viIiuP9K9wwpuQM4=
-314,-209,MUz2OYFxSM3rgIsTi2XMWpIL6JQ=,cZbQU2tgm36viIiuP9K9wwpuQM4=
-318,-209,MUz2OYFxSM3rgIsTi2XMWpIL6JQ=,cZbQU2tgm36viIiuP9K9wwpuQM4=
-306,-224,MUz2OYFxSM3rgIsTi2XMWpIL6JQ=,cZbQU2tgm36viIiuP9K9wwpuQM4=
-319,-209,MUz2OYFxSM3rgIsTi2XMWpIL6JQ=,cZbQU2tgm36viIiuP9K9wwpuQM4=
-310,-224,MUz2OYFxSM3rgIsTi2XMWpIL6JQ=,cZbQU2tgm36viIiuP9K9wwpuQM4=
-309,-224,MUz2OYFxSM3rgIsTi2XMWpIL6JQ=,cZbQU2tgm36viIiuP9K9wwpuQM4=
-312,-224,MUz2OYFxSM3rgIsTi2XMWpIL6JQ=,cZbQU2tgm36viIiuP9K9wwpuQM4=
-318,-224,MUz2OYFxSM3rgIsTi2XMWpIL6JQ=,cZbQU2tgm36viIiuP9K9wwpuQM4=
-315,-224,MUz2OYFxSM3rgIsTi2XMWpIL6JQ=,cZbQU2tgm36viIiuP9K9wwpuQM4=
-319,-222,MUz2OYFxSM3rgIsTi2XMWpIL6JQ=,cZbQU2tgm36viIiuP9K9wwpuQM4=
-312,-209,MUz2OYFxSM3rgIsTi2XMWpIL6JQ=,cZbQU2tgm36viIiuP9K9wwpuQM4=
-307,-223,MUz2OYFxSM3rgIsTi2XMWpIL6JQ=,cZbQU2tgm36viIiuP9K9wwpuQM4=
-313,-224,MUz2OYFxSM3rgIsTi2XMWpIL6JQ=,cZbQU2tgm36viIiuP9K9wwpuQM4=
-314,-224,MUz2OYFxSM3rgIsTi2XMWpIL6JQ=,cZbQU2tgm36viIiuP9K9wwpuQM4=
-317,-224,MUz2OYFxSM3rgIsTi2XMWpIL6JQ=,cZbQU2tgm36viIiuP9K9wwpuQM4=
-311,-224,MUz2OYFxSM3rgIsTi2XMWpIL6JQ=,cZbQU2tgm36viIiuP9K9wwpuQM4=
-318,-222,MUz2OYFxSM3rgIsTi2XMWpIL6JQ=,cZbQU2tgm36viIiuP9K9wwpuQM4=
-316,-224,MUz2OYFxSM3rgIsTi2XMWpIL6JQ=,cZbQU2tgm36viIiuP9K9wwpuQM4=
-319,-224,MUz2OYFxSM3rgIsTi2XMWpIL6JQ=,cZbQU2tgm36viIiuP9K9wwpuQM4=
-317,-209,MUz2OYFxSM3rgIsTi2XMWpIL6JQ=,cZbQU2tgm36viIiuP9K9wwpuQM4=
-316,-209,MUz2OYFxSM3rgIsTi2XMWpIL6JQ=,cZbQU2tgm36viIiuP9K9wwpuQM4=
-305,-210,MUz2OYFxSM3rgIsTi2XMWpIL6JQ=,cZbQU2tgm36viIiuP9K9wwpuQM4=
-306,-210,MUz2OYFxSM3rgIsTi2XMWpIL6JQ=,cZbQU2tgm36viIiuP9K9wwpuQM4=
-317,-222,MUz2OYFxSM3rgIsTi2XMWpIL6JQ=,cZbQU2tgm36viIiuP9K9wwpuQM4=
-320,-209,MUz2OYFxSM3rgIsTi2XMWpIL6JQ=,cZbQU2tgm36viIiuP9K9wwpuQM4=
-316,-222,MUz2OYFxSM3rgIsTi2XMWpIL6JQ=,cZbQU2tgm36viIiuP9K9wwpuQM4=
-307,-210,MUz2OYFxSM3rgIsTi2XMWpIL6JQ=,cZbQU2tgm36viIiuP9K9wwpuQM4=
-310,-210,MUz2OYFxSM3rgIsTi2XMWpIL6JQ=,cZbQU2tgm36viIiuP9K9wwpuQM4=
-308,-210,MUz2OYFxSM3rgIsTi2XMWpIL6JQ=,cZbQU2tgm36viIiuP9K9wwpuQM4=
-308,-223,MUz2OYFxSM3rgIsTi2XMWpIL6JQ=,cZbQU2tgm36viIiuP9K9wwpuQM4=
-312,-210,MUz2OYFxSM3rgIsTi2XMWpIL6JQ=,cZbQU2tgm36viIiuP9K9wwpuQM4=
-313,-210,MUz2OYFxSM3rgIsTi2XMWpIL6JQ=,cZbQU2tgm36viIiuP9K9wwpuQM4=
-315,-210,MUz2OYFxSM3rgIsTi2XMWpIL6JQ=,cZbQU2tgm36viIiuP9K9wwpuQM4=
-315,-222,MUz2OYFxSM3rgIsTi2XMWpIL6JQ=,cZbQU2tgm36viIiuP9K9wwpuQM4=
-314,-210,MUz2OYFxSM3rgIsTi2XMWpIL6JQ=,cZbQU2tgm36viIiuP9K9wwpuQM4=
-314,-222,MUz2OYFxSM3rgIsTi2XMWpIL6JQ=,cZbQU2tgm36viIiuP9K9wwpuQM4=
-319,-210,MUz2OYFxSM3rgIsTi2XMWpIL6JQ=,cZbQU2tgm36viIiuP9K9wwpuQM4=
-313,-222,MUz2OYFxSM3rgIsTi2XMWpIL6JQ=,cZbQU2tgm36viIiuP9K9wwpuQM4=
-305,-211,MUz2OYFxSM3rgIsTi2XMWpIL6JQ=,cZbQU2tgm36viIiuP9K9wwpuQM4=
-309,-210,MUz2OYFxSM3rgIsTi2XMWpIL6JQ=,cZbQU2tgm36viIiuP9K9wwpuQM4=
-316,-210,MUz2OYFxSM3rgIsTi2XMWpIL6JQ=,cZbQU2tgm36viIiuP9K9wwpuQM4=
-317,-210,MUz2OYFxSM3rgIsTi2XMWpIL6JQ=,cZbQU2tgm36viIiuP9K9wwpuQM4=
-320,-210,MUz2OYFxSM3rgIsTi2XMWpIL6JQ=,cZbQU2tgm36viIiuP9K9wwpuQM4=
-311,-210,MUz2OYFxSM3rgIsTi2XMWpIL6JQ=,cZbQU2tgm36viIiuP9K9wwpuQM4=
-318,-210,MUz2OYFxSM3rgIsTi2XMWpIL6JQ=,cZbQU2tgm36viIiuP9K9wwpuQM4=
-307,-211,MUz2OYFxSM3rgIsTi2XMWpIL6JQ=,cZbQU2tgm36viIiuP9K9wwpuQM4=
-312,-222,MUz2OYFxSM3rgIsTi2XMWpIL6JQ=,cZbQU2tgm36viIiuP9K9wwpuQM4=
-308,-211,MUz2OYFxSM3rgIsTi2XMWpIL6JQ=,cZbQU2tgm36viIiuP9K9wwpuQM4=
-312,-211,MUz2OYFxSM3rgIsTi2XMWpIL6JQ=,cZbQU2tgm36viIiuP9K9wwpuQM4=
-310,-211,MUz2OYFxSM3rgIsTi2XMWpIL6JQ=,cZbQU2tgm36viIiuP9K9wwpuQM4=
-313,-211,MUz2OYFxSM3rgIsTi2XMWpIL6JQ=,cZbQU2tgm36viIiuP9K9wwpuQM4=
-311,-222,MUz2OYFxSM3rgIsTi2XMWpIL6JQ=,cZbQU2tgm36viIiuP9K9wwpuQM4=
-309,-211,MUz2OYFxSM3rgIsTi2XMWpIL6JQ=,cZbQU2tgm36viIiuP9K9wwpuQM4=
-314,-211,MUz2OYFxSM3rgIsTi2XMWpIL6JQ=,cZbQU2tgm36viIiuP9K9wwpuQM4=
-305,-212,MUz2OYFxSM3rgIsTi2XMWpIL6JQ=,cZbQU2tgm36viIiuP9K9wwpuQM4=
-317,-211,MUz2OYFxSM3rgIsTi2XMWpIL6JQ=,cZbQU2tgm36viIiuP9K9wwpuQM4=
-308,-212,MUz2OYFxSM3rgIsTi2XMWpIL6JQ=,cZbQU2tgm36viIiuP9K9wwpuQM4=
-318,-211,MUz2OYFxSM3rgIsTi2XMWpIL6JQ=,cZbQU2tgm36viIiuP9K9wwpuQM4=
-306,-212,MUz2OYFxSM3rgIsTi2XMWpIL6JQ=,cZbQU2tgm36viIiuP9K9wwpuQM4=
-306,-211,MUz2OYFxSM3rgIsTi2XMWpIL6JQ=,cZbQU2tgm36viIiuP9K9wwpuQM4=
-311,-211,MUz2OYFxSM3rgIsTi2XMWpIL6JQ=,cZbQU2tgm36viIiuP9K9wwpuQM4=
-320,-211,MUz2OYFxSM3rgIsTi2XMWpIL6JQ=,cZbQU2tgm36viIiuP9K9wwpuQM4=
-309,-223,MUz2OYFxSM3rgIsTi2XMWpIL6JQ=,cZbQU2tgm36viIiuP9K9wwpuQM4=
-315,-211,MUz2OYFxSM3rgIsTi2XMWpIL6JQ=,cZbQU2tgm36viIiuP9K9wwpuQM4=
-307,-212,MUz2OYFxSM3rgIsTi2XMWpIL6JQ=,cZbQU2tgm36viIiuP9K9wwpuQM4=
-310,-222,MUz2OYFxSM3rgIsTi2XMWpIL6JQ=,cZbQU2tgm36viIiuP9K9wwpuQM4=
-309,-212,MUz2OYFxSM3rgIsTi2XMWpIL6JQ=,cZbQU2tgm36viIiuP9K9wwpuQM4=
-309,-222,MUz2OYFxSM3rgIsTi2XMWpIL6JQ=,cZbQU2tgm36viIiuP9K9wwpuQM4=
-308,-222,MUz2OYFxSM3rgIsTi2XMWpIL6JQ=,cZbQU2tgm36viIiuP9K9wwpuQM4=
-319,-211,MUz2OYFxSM3rgIsTi2XMWpIL6JQ=,cZbQU2tgm36viIiuP9K9wwpuQM4=
-307,-222,MUz2OYFxSM3rgIsTi2XMWpIL6JQ=,cZbQU2tgm36viIiuP9K9wwpuQM4=
-310,-212,MUz2OYFxSM3rgIsTi2XMWpIL6JQ=,cZbQU2tgm36viIiuP9K9wwpuQM4=
-316,-212,MUz2OYFxSM3rgIsTi2XMWpIL6JQ=,cZbQU2tgm36viIiuP9K9wwpuQM4=
-310,-223,MUz2OYFxSM3rgIsTi2XMWpIL6JQ=,cZbQU2tgm36viIiuP9K9wwpuQM4=
-311,-212,MUz2OYFxSM3rgIsTi2XMWpIL6JQ=,cZbQU2tgm36viIiuP9K9wwpuQM4=
-313,-212,MUz2OYFxSM3rgIsTi2XMWpIL6JQ=,cZbQU2tgm36viIiuP9K9wwpuQM4=
-306,-213,MUz2OYFxSM3rgIsTi2XMWpIL6JQ=,cZbQU2tgm36viIiuP9K9wwpuQM4=
-307,-213,MUz2OYFxSM3rgIsTi2XMWpIL6JQ=,cZbQU2tgm36viIiuP9K9wwpuQM4=
-305,-213,MUz2OYFxSM3rgIsTi2XMWpIL6JQ=,cZbQU2tgm36viIiuP9K9wwpuQM4=
-308,-213,MUz2OYFxSM3rgIsTi2XMWpIL6JQ=,cZbQU2tgm36viIiuP9K9wwpuQM4=
-312,-212,MUz2OYFxSM3rgIsTi2XMWpIL6JQ=,cZbQU2tgm36viIiuP9K9wwpuQM4=
-320,-223,MUz2OYFxSM3rgIsTi2XMWpIL6JQ=,cZbQU2tgm36viIiuP9K9wwpuQM4=
-315,-212,MUz2OYFxSM3rgIsTi2XMWpIL6JQ=,cZbQU2tgm36viIiuP9K9wwpuQM4=
-310,-213,MUz2OYFxSM3rgIsTi2XMWpIL6JQ=,cZbQU2tgm36viIiuP9K9wwpuQM4=
-320,-212,MUz2OYFxSM3rgIsTi2XMWpIL6JQ=,cZbQU2tgm36viIiuP9K9wwpuQM4=
-314,-212,MUz2OYFxSM3rgIsTi2XMWpIL6JQ=,cZbQU2tgm36viIiuP9K9wwpuQM4=
-311,-213,MUz2OYFxSM3rgIsTi2XMWpIL6JQ=,cZbQU2tgm36viIiuP9K9wwpuQM4=
-319,-212,MUz2OYFxSM3rgIsTi2XMWpIL6JQ=,cZbQU2tgm36viIiuP9K9wwpuQM4=
-316,-211,MUz2OYFxSM3rgIsTi2XMWpIL6JQ=,cZbQU2tgm36viIiuP9K9wwpuQM4=
-314,-213,MUz2OYFxSM3rgIsTi2XMWpIL6JQ=,cZbQU2tgm36viIiuP9K9wwpuQM4=
-306,-222,MUz2OYFxSM3rgIsTi2XMWpIL6JQ=,cZbQU2tgm36viIiuP9K9wwpuQM4=
-309,-213,MUz2OYFxSM3rgIsTi2XMWpIL6JQ=,cZbQU2tgm36viIiuP9K9wwpuQM4=
-312,-213,MUz2OYFxSM3rgIsTi2XMWpIL6JQ=,cZbQU2tgm36viIiuP9K9wwpuQM4=
-311,-223,MUz2OYFxSM3rgIsTi2XMWpIL6JQ=,cZbQU2tgm36viIiuP9K9wwpuQM4=
-313,-213,MUz2OYFxSM3rgIsTi2XMWpIL6JQ=,cZbQU2tgm36viIiuP9K9wwpuQM4=
-318,-212,MUz2OYFxSM3rgIsTi2XMWpIL6JQ=,cZbQU2tgm36viIiuP9K9wwpuQM4=
-305,-222,MUz2OYFxSM3rgIsTi2XMWpIL6JQ=,cZbQU2tgm36viIiuP9K9wwpuQM4=
-317,-213,MUz2OYFxSM3rgIsTi2XMWpIL6JQ=,cZbQU2tgm36viIiuP9K9wwpuQM4=
-320,-213,MUz2OYFxSM3rgIsTi2XMWpIL6JQ=,cZbQU2tgm36viIiuP9K9wwpuQM4=
-319,-213,MUz2OYFxSM3rgIsTi2XMWpIL6JQ=,cZbQU2tgm36viIiuP9K9wwpuQM4=
-315,-213,MUz2OYFxSM3rgIsTi2XMWpIL6JQ=,cZbQU2tgm36viIiuP9K9wwpuQM4=
-316,-213,MUz2OYFxSM3rgIsTi2XMWpIL6JQ=,cZbQU2tgm36viIiuP9K9wwpuQM4=
-320,-221,MUz2OYFxSM3rgIsTi2XMWpIL6JQ=,cZbQU2tgm36viIiuP9K9wwpuQM4=
-305,-214,MUz2OYFxSM3rgIsTi2XMWpIL6JQ=,cZbQU2tgm36viIiuP9K9wwpuQM4=
-319,-221,MUz2OYFxSM3rgIsTi2XMWpIL6JQ=,cZbQU2tgm36viIiuP9K9wwpuQM4=
-306,-214,MUz2OYFxSM3rgIsTi2XMWpIL6JQ=,cZbQU2tgm36viIiuP9K9wwpuQM4=
-317,-212,MUz2OYFxSM3rgIsTi2XMWpIL6JQ=,cZbQU2tgm36viIiuP9K9wwpuQM4=
-310,-214,MUz2OYFxSM3rgIsTi2XMWpIL6JQ=,cZbQU2tgm36viIiuP9K9wwpuQM4=
-318,-213,MUz2OYFxSM3rgIsTi2XMWpIL6JQ=,cZbQU2tgm36viIiuP9K9wwpuQM4=
-309,-214,MUz2OYFxSM3rgIsTi2XMWpIL6JQ=,cZbQU2tgm36viIiuP9K9wwpuQM4=
-311,-214,MUz2OYFxSM3rgIsTi2XMWpIL6JQ=,cZbQU2tgm36viIiuP9K9wwpuQM4=
-307,-214,MUz2OYFxSM3rgIsTi2XMWpIL6JQ=,cZbQU2tgm36viIiuP9K9wwpuQM4=
-308,-214,MUz2OYFxSM3rgIsTi2XMWpIL6JQ=,cZbQU2tgm36viIiuP9K9wwpuQM4=
-318,-221,MUz2OYFxSM3rgIsTi2XMWpIL6JQ=,cZbQU2tgm36viIiuP9K9wwpuQM4=
-312,-223,MUz2OYFxSM3rgIsTi2XMWpIL6JQ=,cZbQU2tgm36viIiuP9K9wwpuQM4=
-320,-214,MUz2OYFxSM3rgIsTi2XMWpIL6JQ=,cZbQU2tgm36viIiuP9K9wwpuQM4=
-314,-214,MUz2OYFxSM3rgIsTi2XMWpIL6JQ=,cZbQU2tgm36viIiuP9K9wwpuQM4=
-315,-214,MUz2OYFxSM3rgIsTi2XMWpIL6JQ=,cZbQU2tgm36viIiuP9K9wwpuQM4=
-313,-214,MUz2OYFxSM3rgIsTi2XMWpIL6JQ=,cZbQU2tgm36viIiuP9K9wwpuQM4=
-318,-214,MUz2OYFxSM3rgIsTi2XMWpIL6JQ=,cZbQU2tgm36viIiuP9K9wwpuQM4=
-310,-215,MUz2OYFxSM3rgIsTi2XMWpIL6JQ=,cZbQU2tgm36viIiuP9K9wwpuQM4=
-317,-214,MUz2OYFxSM3rgIsTi2XMWpIL6JQ=,cZbQU2tgm36viIiuP9K9wwpuQM4=
-309,-215,MUz2OYFxSM3rgIsTi2XMWpIL6JQ=,cZbQU2tgm36viIiuP9K9wwpuQM4=
-305,-215,MUz2OYFxSM3rgIsTi2XMWpIL6JQ=,cZbQU2tgm36viIiuP9K9wwpuQM4=
-308,-215,MUz2OYFxSM3rgIsTi2XMWpIL6JQ=,cZbQU2tgm36viIiuP9K9wwpuQM4=
-306,-215,MUz2OYFxSM3rgIsTi2XMWpIL6JQ=,cZbQU2tgm36viIiuP9K9wwpuQM4=
-316,-214,MUz2OYFxSM3rgIsTi2XMWpIL6JQ=,cZbQU2tgm36viIiuP9K9wwpuQM4=
-312,-214,MUz2OYFxSM3rgIsTi2XMWpIL6JQ=,cZbQU2tgm36viIiuP9K9wwpuQM4=
-317,-221,MUz2OYFxSM3rgIsTi2XMWpIL6JQ=,cZbQU2tgm36viIiuP9K9wwpuQM4=
-311,-215,MUz2OYFxSM3rgIsTi2XMWpIL6JQ=,cZbQU2tgm36viIiuP9K9wwpuQM4=
-318,-215,MUz2OYFxSM3rgIsTi2XMWpIL6JQ=,cZbQU2tgm36viIiuP9K9wwpuQM4=
-307,-215,MUz2OYFxSM3rgIsTi2XMWpIL6JQ=,cZbQU2tgm36viIiuP9K9wwpuQM4=
-319,-214,MUz2OYFxSM3rgIsTi2XMWpIL6JQ=,cZbQU2tgm36viIiuP9K9wwpuQM4=
-313,-215,MUz2OYFxSM3rgIsTi2XMWpIL6JQ=,cZbQU2tgm36viIiuP9K9wwpuQM4=
-312,-215,MUz2OYFxSM3rgIsTi2XMWpIL6JQ=,cZbQU2tgm36viIiuP9K9wwpuQM4=
-313,-223,MUz2OYFxSM3rgIsTi2XMWpIL6JQ=,cZbQU2tgm36viIiuP9K9wwpuQM4=
-316,-221,MUz2OYFxSM3rgIsTi2XMWpIL6JQ=,cZbQU2tgm36viIiuP9K9wwpuQM4=
-314,-215,MUz2OYFxSM3rgIsTi2XMWpIL6JQ=,cZbQU2tgm36viIiuP9K9wwpuQM4=
-315,-215,MUz2OYFxSM3rgIsTi2XMWpIL6JQ=,cZbQU2tgm36viIiuP9K9wwpuQM4=
-308,-216,MUz2OYFxSM3rgIsTi2XMWpIL6JQ=,cZbQU2tgm36viIiuP9K9wwpuQM4=
-305,-216,MUz2OYFxSM3rgIsTi2XMWpIL6JQ=,cZbQU2tgm36viIiuP9K9wwpuQM4=
-320,-215,MUz2OYFxSM3rgIsTi2XMWpIL6JQ=,cZbQU2tgm36viIiuP9K9wwpuQM4=
-307,-216,MUz2OYFxSM3rgIsTi2XMWpIL6JQ=,cZbQU2tgm36viIiuP9K9wwpuQM4=
-306,-216,MUz2OYFxSM3rgIsTi2XMWpIL6JQ=,cZbQU2tgm36viIiuP9K9wwpuQM4=
-309,-216,MUz2OYFxSM3rgIsTi2XMWpIL6JQ=,cZbQU2tgm36viIiuP9K9wwpuQM4=
-316,-215,MUz2OYFxSM3rgIsTi2XMWpIL6JQ=,cZbQU2tgm36viIiuP9K9wwpuQM4=
-315,-221,MUz2OYFxSM3rgIsTi2XMWpIL6JQ=,cZbQU2tgm36viIiuP9K9wwpuQM4=
-313,-216,MUz2OYFxSM3rgIsTi2XMWpIL6JQ=,cZbQU2tgm36viIiuP9K9wwpuQM4=
-310,-216,MUz2OYFxSM3rgIsTi2XMWpIL6JQ=,cZbQU2tgm36viIiuP9K9wwpuQM4=
-318,-216,MUz2OYFxSM3rgIsTi2XMWpIL6JQ=,cZbQU2tgm36viIiuP9K9wwpuQM4=
-312,-216,MUz2OYFxSM3rgIsTi2XMWpIL6JQ=,cZbQU2tgm36viIiuP9K9wwpuQM4=
-319,-215,MUz2OYFxSM3rgIsTi2XMWpIL6JQ=,cZbQU2tgm36viIiuP9K9wwpuQM4=
-314,-223,MUz2OYFxSM3rgIsTi2XMWpIL6JQ=,cZbQU2tgm36viIiuP9K9wwpuQM4=
-311,-216,MUz2OYFxSM3rgIsTi2XMWpIL6JQ=,cZbQU2tgm36viIiuP9K9wwpuQM4=
-314,-216,MUz2OYFxSM3rgIsTi2XMWpIL6JQ=,cZbQU2tgm36viIiuP9K9wwpuQM4=
-317,-215,MUz2OYFxSM3rgIsTi2XMWpIL6JQ=,cZbQU2tgm36viIiuP9K9wwpuQM4=
-306,-217,MUz2OYFxSM3rgIsTi2XMWpIL6JQ=,cZbQU2tgm36viIiuP9K9wwpuQM4=
-305,-217,MUz2OYFxSM3rgIsTi2XMWpIL6JQ=,cZbQU2tgm36viIiuP9K9wwpuQM4=
-307,-217,MUz2OYFxSM3rgIsTi2XMWpIL6JQ=,cZbQU2tgm36viIiuP9K9wwpuQM4=
-317,-216,MUz2OYFxSM3rgIsTi2XMWpIL6JQ=,cZbQU2tgm36viIiuP9K9wwpuQM4=
-308,-217,MUz2OYFxSM3rgIsTi2XMWpIL6JQ=,cZbQU2tgm36viIiuP9K9wwpuQM4=
-319,-216,MUz2OYFxSM3rgIsTi2XMWpIL6JQ=,cZbQU2tgm36viIiuP9K9wwpuQM4=
-315,-223,MUz2OYFxSM3rgIsTi2XMWpIL6JQ=,cZbQU2tgm36viIiuP9K9wwpuQM4=
-315,-216,MUz2OYFxSM3rgIsTi2XMWpIL6JQ=,cZbQU2tgm36viIiuP9K9wwpuQM4=
-314,-221,MUz2OYFxSM3rgIsTi2XMWpIL6JQ=,cZbQU2tgm36viIiuP9K9wwpuQM4=
-316,-216,MUz2OYFxSM3rgIsTi2XMWpIL6JQ=,cZbQU2tgm36viIiuP9K9wwpuQM4=
-317,-217,MUz2OYFxSM3rgIsTi2XMWpIL6JQ=,cZbQU2tgm36viIiuP9K9wwpuQM4=
-312,-217,MUz2OYFxSM3rgIsTi2XMWpIL6JQ=,cZbQU2tgm36viIiuP9K9wwpuQM4=
-319,-217,MUz2OYFxSM3rgIsTi2XMWpIL6JQ=,cZbQU2tgm36viIiuP9K9wwpuQM4=
-316,-217,MUz2OYFxSM3rgIsTi2XMWpIL6JQ=,cZbQU2tgm36viIiuP9K9wwpuQM4=
-318,-217,MUz2OYFxSM3rgIsTi2XMWpIL6JQ=,cZbQU2tgm36viIiuP9K9wwpuQM4=
-310,-217,MUz2OYFxSM3rgIsTi2XMWpIL6JQ=,cZbQU2tgm36viIiuP9K9wwpuQM4=
-309,-217,MUz2OYFxSM3rgIsTi2XMWpIL6JQ=,cZbQU2tgm36viIiuP9K9wwpuQM4=
-305,-218,MUz2OYFxSM3rgIsTi2XMWpIL6JQ=,cZbQU2tgm36viIiuP9K9wwpuQM4=
-311,-217,MUz2OYFxSM3rgIsTi2XMWpIL6JQ=,cZbQU2tgm36viIiuP9K9wwpuQM4=
-315,-217,MUz2OYFxSM3rgIsTi2XMWpIL6JQ=,cZbQU2tgm36viIiuP9K9wwpuQM4=
-313,-221,MUz2OYFxSM3rgIsTi2XMWpIL6JQ=,cZbQU2tgm36viIiuP9K9wwpuQM4=
-320,-217,MUz2OYFxSM3rgIsTi2XMWpIL6JQ=,cZbQU2tgm36viIiuP9K9wwpuQM4=
-306,-218,MUz2OYFxSM3rgIsTi2XMWpIL6JQ=,cZbQU2tgm36viIiuP9K9wwpuQM4=
-313,-217,MUz2OYFxSM3rgIsTi2XMWpIL6JQ=,cZbQU2tgm36viIiuP9K9wwpuQM4=
-314,-217,MUz2OYFxSM3rgIsTi2XMWpIL6JQ=,cZbQU2tgm36viIiuP9K9wwpuQM4=
-307,-218,MUz2OYFxSM3rgIsTi2XMWpIL6JQ=,cZbQU2tgm36viIiuP9K9wwpuQM4=
-315,-218,MUz2OYFxSM3rgIsTi2XMWpIL6JQ=,cZbQU2tgm36viIiuP9K9wwpuQM4=
-316,-218,MUz2OYFxSM3rgIsTi2XMWpIL6JQ=,cZbQU2tgm36viIiuP9K9wwpuQM4=
-318,-218,MUz2OYFxSM3rgIsTi2XMWpIL6JQ=,cZbQU2tgm36viIiuP9K9wwpuQM4=
-317,-218,MUz2OYFxSM3rgIsTi2XMWpIL6JQ=,cZbQU2tgm36viIiuP9K9wwpuQM4=
-320,-218,MUz2OYFxSM3rgIsTi2XMWpIL6JQ=,cZbQU2tgm36viIiuP9K9wwpuQM4=
-314,-218,MUz2OYFxSM3rgIsTi2XMWpIL6JQ=,cZbQU2tgm36viIiuP9K9wwpuQM4=
-319,-218,MUz2OYFxSM3rgIsTi2XMWpIL6JQ=,cZbQU2tgm36viIiuP9K9wwpuQM4=
-309,-218,MUz2OYFxSM3rgIsTi2XMWpIL6JQ=,cZbQU2tgm36viIiuP9K9wwpuQM4=
-311,-218,MUz2OYFxSM3rgIsTi2XMWpIL6JQ=,cZbQU2tgm36viIiuP9K9wwpuQM4=
-309,-219,MUz2OYFxSM3rgIsTi2XMWpIL6JQ=,cZbQU2tgm36viIiuP9K9wwpuQM4=
-316,-223,MUz2OYFxSM3rgIsTi2XMWpIL6JQ=,cZbQU2tgm36viIiuP9K9wwpuQM4=
-312,-221,MUz2OYFxSM3rgIsTi2XMWpIL6JQ=,cZbQU2tgm36viIiuP9K9wwpuQM4=
-320,-216,MUz2OYFxSM3rgIsTi2XMWpIL6JQ=,cZbQU2tgm36viIiuP9K9wwpuQM4=
-308,-219,MUz2OYFxSM3rgIsTi2XMWpIL6JQ=,cZbQU2tgm36viIiuP9K9wwpuQM4=
-310,-219,MUz2OYFxSM3rgIsTi2XMWpIL6JQ=,cZbQU2tgm36viIiuP9K9wwpuQM4=
-311,-219,MUz2OYFxSM3rgIsTi2XMWpIL6JQ=,cZbQU2tgm36viIiuP9K9wwpuQM4=
-305,-219,MUz2OYFxSM3rgIsTi2XMWpIL6JQ=,cZbQU2tgm36viIiuP9K9wwpuQM4=
-308,-218,MUz2OYFxSM3rgIsTi2XMWpIL6JQ=,cZbQU2tgm36viIiuP9K9wwpuQM4=
-313,-219,MUz2OYFxSM3rgIsTi2XMWpIL6JQ=,cZbQU2tgm36viIiuP9K9wwpuQM4=
-314,-219,MUz2OYFxSM3rgIsTi2XMWpIL6JQ=,cZbQU2tgm36viIiuP9K9wwpuQM4=
-317,-219,MUz2OYFxSM3rgIsTi2XMWpIL6JQ=,cZbQU2tgm36viIiuP9K9wwpuQM4=
-315,-219,MUz2OYFxSM3rgIsTi2XMWpIL6JQ=,cZbQU2tgm36viIiuP9K9wwpuQM4=
-319,-219,MUz2OYFxSM3rgIsTi2XMWpIL6JQ=,cZbQU2tgm36viIiuP9K9wwpuQM4=
-316,-219,MUz2OYFxSM3rgIsTi2XMWpIL6JQ=,cZbQU2tgm36viIiuP9K9wwpuQM4=
-320,-219,MUz2OYFxSM3rgIsTi2XMWpIL6JQ=,cZbQU2tgm36viIiuP9K9wwpuQM4=
-318,-219,MUz2OYFxSM3rgIsTi2XMWpIL6JQ=,cZbQU2tgm36viIiuP9K9wwpuQM4=
-312,-219,MUz2OYFxSM3rgIsTi2XMWpIL6JQ=,cZbQU2tgm36viIiuP9K9wwpuQM4=
-306,-219,MUz2OYFxSM3rgIsTi2XMWpIL6JQ=,cZbQU2tgm36viIiuP9K9wwpuQM4=
-308,-220,MUz2OYFxSM3rgIsTi2XMWpIL6JQ=,cZbQU2tgm36viIiuP9K9wwpuQM4=
-312,-218,MUz2OYFxSM3rgIsTi2XMWpIL6JQ=,cZbQU2tgm36viIiuP9K9wwpuQM4=
-309,-220,MUz2OYFxSM3rgIsTi2XMWpIL6JQ=,cZbQU2tgm36viIiuP9K9wwpuQM4=
-318,-223,MUz2OYFxSM3rgIsTi2XMWpIL6JQ=,cZbQU2tgm36viIiuP9K9wwpuQM4=
-307,-219,MUz2OYFxSM3rgIsTi2XMWpIL6JQ=,cZbQU2tgm36viIiuP9K9wwpuQM4=
-317,-223,MUz2OYFxSM3rgIsTi2XMWpIL6JQ=,cZbQU2tgm36viIiuP9K9wwpuQM4=
-307,-220,MUz2OYFxSM3rgIsTi2XMWpIL6JQ=,cZbQU2tgm36viIiuP9K9wwpuQM4=
-305,-220,MUz2OYFxSM3rgIsTi2XMWpIL6JQ=,cZbQU2tgm36viIiuP9K9wwpuQM4=
-311,-220,MUz2OYFxSM3rgIsTi2XMWpIL6JQ=,cZbQU2tgm36viIiuP9K9wwpuQM4=
-310,-220,MUz2OYFxSM3rgIsTi2XMWpIL6JQ=,cZbQU2tgm36viIiuP9K9wwpuQM4=
-311,-221,MUz2OYFxSM3rgIsTi2XMWpIL6JQ=,cZbQU2tgm36viIiuP9K9wwpuQM4=
-318,-220,MUz2OYFxSM3rgIsTi2XMWpIL6JQ=,cZbQU2tgm36viIiuP9K9wwpuQM4=
-319,-220,MUz2OYFxSM3rgIsTi2XMWpIL6JQ=,cZbQU2tgm36viIiuP9K9wwpuQM4=
-306,-220,MUz2OYFxSM3rgIsTi2XMWpIL6JQ=,cZbQU2tgm36viIiuP9K9wwpuQM4=
-312,-220,MUz2OYFxSM3rgIsTi2XMWpIL6JQ=,cZbQU2tgm36viIiuP9K9wwpuQM4=
-313,-220,MUz2OYFxSM3rgIsTi2XMWpIL6JQ=,cZbQU2tgm36viIiuP9K9wwpuQM4=
-320,-220,MUz2OYFxSM3rgIsTi2XMWpIL6JQ=,cZbQU2tgm36viIiuP9K9wwpuQM4=
-307,-221,MUz2OYFxSM3rgIsTi2XMWpIL6JQ=,cZbQU2tgm36viIiuP9K9wwpuQM4=
-308,-221,MUz2OYFxSM3rgIsTi2XMWpIL6JQ=,cZbQU2tgm36viIiuP9K9wwpuQM4=
-317,-220,MUz2OYFxSM3rgIsTi2XMWpIL6JQ=,cZbQU2tgm36viIiuP9K9wwpuQM4=
-314,-220,MUz2OYFxSM3rgIsTi2XMWpIL6JQ=,cZbQU2tgm36viIiuP9K9wwpuQM4=
-315,-220,MUz2OYFxSM3rgIsTi2XMWpIL6JQ=,cZbQU2tgm36viIiuP9K9wwpuQM4=
-313,-218,MUz2OYFxSM3rgIsTi2XMWpIL6JQ=,cZbQU2tgm36viIiuP9K9wwpuQM4=
-309,-221,MUz2OYFxSM3rgIsTi2XMWpIL6JQ=,cZbQU2tgm36viIiuP9K9wwpuQM4=
-310,-221,MUz2OYFxSM3rgIsTi2XMWpIL6JQ=,cZbQU2tgm36viIiuP9K9wwpuQM4=
-310,-218,MUz2OYFxSM3rgIsTi2XMWpIL6JQ=,cZbQU2tgm36viIiuP9K9wwpuQM4=
-316,-220,MUz2OYFxSM3rgIsTi2XMWpIL6JQ=,cZbQU2tgm36viIiuP9K9wwpuQM4=
-306,-221,MUz2OYFxSM3rgIsTi2XMWpIL6JQ=,cZbQU2tgm36viIiuP9K9wwpuQM4=
-305,-221,MUz2OYFxSM3rgIsTi2XMWpIL6JQ=,cZbQU2tgm36viIiuP9K9wwpuQM4=
-319,-223,MUz2OYFxSM3rgIsTi2XMWpIL6JQ=,cZbQU2tgm36viIiuP9K9wwpuQM4=
-291,-209,imShvpOyuQjhfT6OR43kOI2+TSk=,cZbQU2tgm36viIiuP9K9wwpuQM4=
-293,-209,imShvpOyuQjhfT6OR43kOI2+TSk=,cZbQU2tgm36viIiuP9K9wwpuQM4=
-292,-209,imShvpOyuQjhfT6OR43kOI2+TSk=,cZbQU2tgm36viIiuP9K9wwpuQM4=
-294,-209,imShvpOyuQjhfT6OR43kOI2+TSk=,cZbQU2tgm36viIiuP9K9wwpuQM4=
-295,-209,imShvpOyuQjhfT6OR43kOI2+TSk=,cZbQU2tgm36viIiuP9K9wwpuQM4=
-289,-224,imShvpOyuQjhfT6OR43kOI2+TSk=,cZbQU2tgm36viIiuP9K9wwpuQM4=
-304,-223,imShvpOyuQjhfT6OR43kOI2+TSk=,cZbQU2tgm36viIiuP9K9wwpuQM4=
-298,-209,imShvpOyuQjhfT6OR43kOI2+TSk=,cZbQU2tgm36viIiuP9K9wwpuQM4=
-290,-209,imShvpOyuQjhfT6OR43kOI2+TSk=,cZbQU2tgm36viIiuP9K9wwpuQM4=
-299,-209,imShvpOyuQjhfT6OR43kOI2+TSk=,cZbQU2tgm36viIiuP9K9wwpuQM4=
-302,-209,imShvpOyuQjhfT6OR43kOI2+TSk=,cZbQU2tgm36viIiuP9K9wwpuQM4=
-297,-209,imShvpOyuQjhfT6OR43kOI2+TSk=,cZbQU2tgm36viIiuP9K9wwpuQM4=
-291,-210,imShvpOyuQjhfT6OR43kOI2+TSk=,cZbQU2tgm36viIiuP9K9wwpuQM4=
-292,-210,imShvpOyuQjhfT6OR43kOI2+TSk=,cZbQU2tgm36viIiuP9K9wwpuQM4=
-304,-209,imShvpOyuQjhfT6OR43kOI2+TSk=,cZbQU2tgm36viIiuP9K9wwpuQM4=
-289,-209,imShvpOyuQjhfT6OR43kOI2+TSk=,cZbQU2tgm36viIiuP9K9wwpuQM4=
-293,-210,imShvpOyuQjhfT6OR43kOI2+TSk=,cZbQU2tgm36viIiuP9K9wwpuQM4=
-294,-210,imShvpOyuQjhfT6OR43kOI2+TSk=,cZbQU2tgm36viIiuP9K9wwpuQM4=
-295,-210,imShvpOyuQjhfT6OR43kOI2+TSk=,cZbQU2tgm36viIiuP9K9wwpuQM4=
-296,-209,imShvpOyuQjhfT6OR43kOI2+TSk=,cZbQU2tgm36viIiuP9K9wwpuQM4=
-300,-209,imShvpOyuQjhfT6OR43kOI2+TSk=,cZbQU2tgm36viIiuP9K9wwpuQM4=
-303,-209,imShvpOyuQjhfT6OR43kOI2+TSk=,cZbQU2tgm36viIiuP9K9wwpuQM4=
-304,-224,imShvpOyuQjhfT6OR43kOI2+TSk=,cZbQU2tgm36viIiuP9K9wwpuQM4=
-290,-210,imShvpOyuQjhfT6OR43kOI2+TSk=,cZbQU2tgm36viIiuP9K9wwpuQM4=
-301,-210,imShvpOyuQjhfT6OR43kOI2+TSk=,cZbQU2tgm36viIiuP9K9wwpuQM4=
-289,-210,imShvpOyuQjhfT6OR43kOI2+TSk=,cZbQU2tgm36viIiuP9K9wwpuQM4=
-300,-210,imShvpOyuQjhfT6OR43kOI2+TSk=,cZbQU2tgm36viIiuP9K9wwpuQM4=
-302,-210,imShvpOyuQjhfT6OR43kOI2+TSk=,cZbQU2tgm36viIiuP9K9wwpuQM4=
-301,-209,imShvpOyuQjhfT6OR43kOI2+TSk=,cZbQU2tgm36viIiuP9K9wwpuQM4=
-297,-210,imShvpOyuQjhfT6OR43kOI2+TSk=,cZbQU2tgm36viIiuP9K9wwpuQM4=
-298,-210,imShvpOyuQjhfT6OR43kOI2+TSk=,cZbQU2tgm36viIiuP9K9wwpuQM4=
-293,-211,imShvpOyuQjhfT6OR43kOI2+TSk=,cZbQU2tgm36viIiuP9K9wwpuQM4=
-294,-211,imShvpOyuQjhfT6OR43kOI2+TSk=,cZbQU2tgm36viIiuP9K9wwpuQM4=
-295,-211,imShvpOyuQjhfT6OR43kOI2+TSk=,cZbQU2tgm36viIiuP9K9wwpuQM4=
-290,-224,imShvpOyuQjhfT6OR43kOI2+TSk=,cZbQU2tgm36viIiuP9K9wwpuQM4=
-299,-210,imShvpOyuQjhfT6OR43kOI2+TSk=,cZbQU2tgm36viIiuP9K9wwpuQM4=
-303,-223,imShvpOyuQjhfT6OR43kOI2+TSk=,cZbQU2tgm36viIiuP9K9wwpuQM4=
-292,-211,imShvpOyuQjhfT6OR43kOI2+TSk=,cZbQU2tgm36viIiuP9K9wwpuQM4=
-296,-211,imShvpOyuQjhfT6OR43kOI2+TSk=,cZbQU2tgm36viIiuP9K9wwpuQM4=
-298,-211,imShvpOyuQjhfT6OR43kOI2+TSk=,cZbQU2tgm36viIiuP9K9wwpuQM4=
-304,-210,imShvpOyuQjhfT6OR43kOI2+TSk=,cZbQU2tgm36viIiuP9K9wwpuQM4=
-303,-210,imShvpOyuQjhfT6OR43kOI2+TSk=,cZbQU2tgm36viIiuP9K9wwpuQM4=
-297,-211,imShvpOyuQjhfT6OR43kOI2+TSk=,cZbQU2tgm36viIiuP9K9wwpuQM4=
-291,-211,imShvpOyuQjhfT6OR43kOI2+TSk=,cZbQU2tgm36viIiuP9K9wwpuQM4=
-302,-223,imShvpOyuQjhfT6OR43kOI2+TSk=,cZbQU2tgm36viIiuP9K9wwpuQM4=
-300,-211,imShvpOyuQjhfT6OR43kOI2+TSk=,cZbQU2tgm36viIiuP9K9wwpuQM4=
-291,-224,imShvpOyuQjhfT6OR43kOI2+TSk=,cZbQU2tgm36viIiuP9K9wwpuQM4=
-301,-223,imShvpOyuQjhfT6OR43kOI2+TSk=,cZbQU2tgm36viIiuP9K9wwpuQM4=
-300,-223,imShvpOyuQjhfT6OR43kOI2+TSk=,cZbQU2tgm36viIiuP9K9wwpuQM4=
-299,-211,imShvpOyuQjhfT6OR43kOI2+TSk=,cZbQU2tgm36viIiuP9K9wwpuQM4=
-301,-211,imShvpOyuQjhfT6OR43kOI2+TSk=,cZbQU2tgm36viIiuP9K9wwpuQM4=
-299,-223,imShvpOyuQjhfT6OR43kOI2+TSk=,cZbQU2tgm36viIiuP9K9wwpuQM4=
-302,-211,imShvpOyuQjhfT6OR43kOI2+TSk=,cZbQU2tgm36viIiuP9K9wwpuQM4=
-303,-211,imShvpOyuQjhfT6OR43kOI2+TSk=,cZbQU2tgm36viIiuP9K9wwpuQM4=
-294,-212,imShvpOyuQjhfT6OR43kOI2+TSk=,cZbQU2tgm36viIiuP9K9wwpuQM4=
-295,-212,imShvpOyuQjhfT6OR43kOI2+TSk=,cZbQU2tgm36viIiuP9K9wwpuQM4=
-289,-212,imShvpOyuQjhfT6OR43kOI2+TSk=,cZbQU2tgm36viIiuP9K9wwpuQM4=
-296,-210,imShvpOyuQjhfT6OR43kOI2+TSk=,cZbQU2tgm36viIiuP9K9wwpuQM4=
-293,-212,imShvpOyuQjhfT6OR43kOI2+TSk=,cZbQU2tgm36viIiuP9K9wwpuQM4=
-290,-211,imShvpOyuQjhfT6OR43kOI2+TSk=,cZbQU2tgm36viIiuP9K9wwpuQM4=
-304,-211,imShvpOyuQjhfT6OR43kOI2+TSk=,cZbQU2tgm36viIiuP9K9wwpuQM4=
-296,-212,imShvpOyuQjhfT6OR43kOI2+TSk=,cZbQU2tgm36viIiuP9K9wwpuQM4=
-302,-212,imShvpOyuQjhfT6OR43kOI2+TSk=,cZbQU2tgm36viIiuP9K9wwpuQM4=
-303,-212,imShvpOyuQjhfT6OR43kOI2+TSk=,cZbQU2tgm36viIiuP9K9wwpuQM4=
-304,-212,imShvpOyuQjhfT6OR43kOI2+TSk=,cZbQU2tgm36viIiuP9K9wwpuQM4=
-290,-212,imShvpOyuQjhfT6OR43kOI2+TSk=,cZbQU2tgm36viIiuP9K9wwpuQM4=
-292,-212,imShvpOyuQjhfT6OR43kOI2+TSk=,cZbQU2tgm36viIiuP9K9wwpuQM4=
-298,-223,imShvpOyuQjhfT6OR43kOI2+TSk=,cZbQU2tgm36viIiuP9K9wwpuQM4=
-297,-212,imShvpOyuQjhfT6OR43kOI2+TSk=,cZbQU2tgm36viIiuP9K9wwpuQM4=
-289,-211,imShvpOyuQjhfT6OR43kOI2+TSk=,cZbQU2tgm36viIiuP9K9wwpuQM4=
-300,-212,imShvpOyuQjhfT6OR43kOI2+TSk=,cZbQU2tgm36viIiuP9K9wwpuQM4=
-292,-224,imShvpOyuQjhfT6OR43kOI2+TSk=,cZbQU2tgm36viIiuP9K9wwpuQM4=
-291,-212,imShvpOyuQjhfT6OR43kOI2+TSk=,cZbQU2tgm36viIiuP9K9wwpuQM4=
-294,-213,imShvpOyuQjhfT6OR43kOI2+TSk=,cZbQU2tgm36viIiuP9K9wwpuQM4=
-299,-212,imShvpOyuQjhfT6OR43kOI2+TSk=,cZbQU2tgm36viIiuP9K9wwpuQM4=
-295,-213,imShvpOyuQjhfT6OR43kOI2+TSk=,cZbQU2tgm36viIiuP9K9wwpuQM4=
-289,-213,imShvpOyuQjhfT6OR43kOI2+TSk=,cZbQU2tgm36viIiuP9K9wwpuQM4=
-298,-212,imShvpOyuQjhfT6OR43kOI2+TSk=,cZbQU2tgm36viIiuP9K9wwpuQM4=
-301,-212,imShvpOyuQjhfT6OR43kOI2+TSk=,cZbQU2tgm36viIiuP9K9wwpuQM4=
-290,-213,imShvpOyuQjhfT6OR43kOI2+TSk=,cZbQU2tgm36viIiuP9K9wwpuQM4=
-297,-223,imShvpOyuQjhfT6OR43kOI2+TSk=,cZbQU2tgm36viIiuP9K9wwpuQM4=
-298,-213,imShvpOyuQjhfT6OR43kOI2+TSk=,cZbQU2tgm36viIiuP9K9wwpuQM4=
-296,-213,imShvpOyuQjhfT6OR43kOI2+TSk=,cZbQU2tgm36viIiuP9K9wwpuQM4=
-300,-213,imShvpOyuQjhfT6OR43kOI2+TSk=,cZbQU2tgm36viIiuP9K9wwpuQM4=
-297,-213,imShvpOyuQjhfT6OR43kOI2+TSk=,cZbQU2tgm36viIiuP9K9wwpuQM4=
-291,-213,imShvpOyuQjhfT6OR43kOI2+TSk=,cZbQU2tgm36viIiuP9K9wwpuQM4=
-292,-213,imShvpOyuQjhfT6OR43kOI2+TSk=,cZbQU2tgm36viIiuP9K9wwpuQM4=
-301,-213,imShvpOyuQjhfT6OR43kOI2+TSk=,cZbQU2tgm36viIiuP9K9wwpuQM4=
-293,-224,imShvpOyuQjhfT6OR43kOI2+TSk=,cZbQU2tgm36viIiuP9K9wwpuQM4=
-304,-213,imShvpOyuQjhfT6OR43kOI2+TSk=,cZbQU2tgm36viIiuP9K9wwpuQM4=
-294,-214,imShvpOyuQjhfT6OR43kOI2+TSk=,cZbQU2tgm36viIiuP9K9wwpuQM4=
-303,-213,imShvpOyuQjhfT6OR43kOI2+TSk=,cZbQU2tgm36viIiuP9K9wwpuQM4=
-295,-214,imShvpOyuQjhfT6OR43kOI2+TSk=,cZbQU2tgm36viIiuP9K9wwpuQM4=
-289,-214,imShvpOyuQjhfT6OR43kOI2+TSk=,cZbQU2tgm36viIiuP9K9wwpuQM4=
-302,-213,imShvpOyuQjhfT6OR43kOI2+TSk=,cZbQU2tgm36viIiuP9K9wwpuQM4=
-296,-223,imShvpOyuQjhfT6OR43kOI2+TSk=,cZbQU2tgm36viIiuP9K9wwpuQM4=
-290,-214,imShvpOyuQjhfT6OR43kOI2+TSk=,cZbQU2tgm36viIiuP9K9wwpuQM4=
-296,-214,imShvpOyuQjhfT6OR43kOI2+TSk=,cZbQU2tgm36viIiuP9K9wwpuQM4=
-299,-213,imShvpOyuQjhfT6OR43kOI2+TSk=,cZbQU2tgm36viIiuP9K9wwpuQM4=
-291,-214,imShvpOyuQjhfT6OR43kOI2+TSk=,cZbQU2tgm36viIiuP9K9wwpuQM4=
-295,-223,imShvpOyuQjhfT6OR43kOI2+TSk=,cZbQU2tgm36viIiuP9K9wwpuQM4=
-292,-214,imShvpOyuQjhfT6OR43kOI2+TSk=,cZbQU2tgm36viIiuP9K9wwpuQM4=
-299,-214,imShvpOyuQjhfT6OR43kOI2+TSk=,cZbQU2tgm36viIiuP9K9wwpuQM4=
-302,-214,imShvpOyuQjhfT6OR43kOI2+TSk=,cZbQU2tgm36viIiuP9K9wwpuQM4=
-301,-214,imShvpOyuQjhfT6OR43kOI2+TSk=,cZbQU2tgm36viIiuP9K9wwpuQM4=
-304,-214,imShvpOyuQjhfT6OR43kOI2+TSk=,cZbQU2tgm36viIiuP9K9wwpuQM4=
-293,-213,imShvpOyuQjhfT6OR43kOI2+TSk=,cZbQU2tgm36viIiuP9K9wwpuQM4=
-300,-214,imShvpOyuQjhfT6OR43kOI2+TSk=,cZbQU2tgm36viIiuP9K9wwpuQM4=
-298,-214,imShvpOyuQjhfT6OR43kOI2+TSk=,cZbQU2tgm36viIiuP9K9wwpuQM4=
-289,-215,imShvpOyuQjhfT6OR43kOI2+TSk=,cZbQU2tgm36viIiuP9K9wwpuQM4=
-294,-223,imShvpOyuQjhfT6OR43kOI2+TSk=,cZbQU2tgm36viIiuP9K9wwpuQM4=
-293,-214,imShvpOyuQjhfT6OR43kOI2+TSk=,cZbQU2tgm36viIiuP9K9wwpuQM4=
-295,-215,imShvpOyuQjhfT6OR43kOI2+TSk=,cZbQU2tgm36viIiuP9K9wwpuQM4=
-291,-215,imShvpOyuQjhfT6OR43kOI2+TSk=,cZbQU2tgm36viIiuP9K9wwpuQM4=
-303,-214,imShvpOyuQjhfT6OR43kOI2+TSk=,cZbQU2tgm36viIiuP9K9wwpuQM4=
-294,-224,imShvpOyuQjhfT6OR43kOI2+TSk=,cZbQU2tgm36viIiuP9K9wwpuQM4=
-297,-214,imShvpOyuQjhfT6OR43kOI2+TSk=,cZbQU2tgm36viIiuP9K9wwpuQM4=
-292,-215,imShvpOyuQjhfT6OR43kOI2+TSk=,cZbQU2tgm36viIiuP9K9wwpuQM4=
-290,-215,imShvpOyuQjhfT6OR43kOI2+TSk=,cZbQU2tgm36viIiuP9K9wwpuQM4=
-296,-215,imShvpOyuQjhfT6OR43kOI2+TSk=,cZbQU2tgm36viIiuP9K9wwpuQM4=
-302,-215,imShvpOyuQjhfT6OR43kOI2+TSk=,cZbQU2tgm36viIiuP9K9wwpuQM4=
-294,-215,imShvpOyuQjhfT6OR43kOI2+TSk=,cZbQU2tgm36viIiuP9K9wwpuQM4=
-298,-215,imShvpOyuQjhfT6OR43kOI2+TSk=,cZbQU2tgm36viIiuP9K9wwpuQM4=
-293,-223,imShvpOyuQjhfT6OR43kOI2+TSk=,cZbQU2tgm36viIiuP9K9wwpuQM4=
-299,-215,imShvpOyuQjhfT6OR43kOI2+TSk=,cZbQU2tgm36viIiuP9K9wwpuQM4=
-301,-215,imShvpOyuQjhfT6OR43kOI2+TSk=,cZbQU2tgm36viIiuP9K9wwpuQM4=
-293,-215,imShvpOyuQjhfT6OR43kOI2+TSk=,cZbQU2tgm36viIiuP9K9wwpuQM4=
-300,-215,imShvpOyuQjhfT6OR43kOI2+TSk=,cZbQU2tgm36viIiuP9K9wwpuQM4=
-304,-215,imShvpOyuQjhfT6OR43kOI2+TSk=,cZbQU2tgm36viIiuP9K9wwpuQM4=
-289,-216,imShvpOyuQjhfT6OR43kOI2+TSk=,cZbQU2tgm36viIiuP9K9wwpuQM4=
-303,-215,imShvpOyuQjhfT6OR43kOI2+TSk=,cZbQU2tgm36viIiuP9K9wwpuQM4=
-296,-216,imShvpOyuQjhfT6OR43kOI2+TSk=,cZbQU2tgm36viIiuP9K9wwpuQM4=
-290,-216,imShvpOyuQjhfT6OR43kOI2+TSk=,cZbQU2tgm36viIiuP9K9wwpuQM4=
-291,-216,imShvpOyuQjhfT6OR43kOI2+TSk=,cZbQU2tgm36viIiuP9K9wwpuQM4=
-297,-215,imShvpOyuQjhfT6OR43kOI2+TSk=,cZbQU2tgm36viIiuP9K9wwpuQM4=
-292,-216,imShvpOyuQjhfT6OR43kOI2+TSk=,cZbQU2tgm36viIiuP9K9wwpuQM4=
-294,-216,imShvpOyuQjhfT6OR43kOI2+TSk=,cZbQU2tgm36viIiuP9K9wwpuQM4=
-295,-224,imShvpOyuQjhfT6OR43kOI2+TSk=,cZbQU2tgm36viIiuP9K9wwpuQM4=
-295,-216,imShvpOyuQjhfT6OR43kOI2+TSk=,cZbQU2tgm36viIiuP9K9wwpuQM4=
-292,-223,imShvpOyuQjhfT6OR43kOI2+TSk=,cZbQU2tgm36viIiuP9K9wwpuQM4=
-293,-216,imShvpOyuQjhfT6OR43kOI2+TSk=,cZbQU2tgm36viIiuP9K9wwpuQM4=
-301,-216,imShvpOyuQjhfT6OR43kOI2+TSk=,cZbQU2tgm36viIiuP9K9wwpuQM4=
-297,-216,imShvpOyuQjhfT6OR43kOI2+TSk=,cZbQU2tgm36viIiuP9K9wwpuQM4=
-304,-216,imShvpOyuQjhfT6OR43kOI2+TSk=,cZbQU2tgm36viIiuP9K9wwpuQM4=
-299,-216,imShvpOyuQjhfT6OR43kOI2+TSk=,cZbQU2tgm36viIiuP9K9wwpuQM4=
-298,-216,imShvpOyuQjhfT6OR43kOI2+TSk=,cZbQU2tgm36viIiuP9K9wwpuQM4=
-291,-223,imShvpOyuQjhfT6OR43kOI2+TSk=,cZbQU2tgm36viIiuP9K9wwpuQM4=
-300,-216,imShvpOyuQjhfT6OR43kOI2+TSk=,cZbQU2tgm36viIiuP9K9wwpuQM4=
-296,-224,imShvpOyuQjhfT6OR43kOI2+TSk=,cZbQU2tgm36viIiuP9K9wwpuQM4=
-290,-217,imShvpOyuQjhfT6OR43kOI2+TSk=,cZbQU2tgm36viIiuP9K9wwpuQM4=
-291,-217,imShvpOyuQjhfT6OR43kOI2+TSk=,cZbQU2tgm36viIiuP9K9wwpuQM4=
-302,-216,imShvpOyuQjhfT6OR43kOI2+TSk=,cZbQU2tgm36viIiuP9K9wwpuQM4=
-294,-217,imShvpOyuQjhfT6OR43kOI2+TSk=,cZbQU2tgm36viIiuP9K9wwpuQM4=
-292,-217,imShvpOyuQjhfT6OR43kOI2+TSk=,cZbQU2tgm36viIiuP9K9wwpuQM4=
-296,-217,imShvpOyuQjhfT6OR43kOI2+TSk=,cZbQU2tgm36viIiuP9K9wwpuQM4=
-303,-224,imShvpOyuQjhfT6OR43kOI2+TSk=,cZbQU2tgm36viIiuP9K9wwpuQM4=
-297,-217,imShvpOyuQjhfT6OR43kOI2+TSk=,cZbQU2tgm36viIiuP9K9wwpuQM4=
-295,-217,imShvpOyuQjhfT6OR43kOI2+TSk=,cZbQU2tgm36viIiuP9K9wwpuQM4=
-293,-217,imShvpOyuQjhfT6OR43kOI2+TSk=,cZbQU2tgm36viIiuP9K9wwpuQM4=
-290,-223,imShvpOyuQjhfT6OR43kOI2+TSk=,cZbQU2tgm36viIiuP9K9wwpuQM4=
-289,-223,imShvpOyuQjhfT6OR43kOI2+TSk=,cZbQU2tgm36viIiuP9K9wwpuQM4=
-304,-217,imShvpOyuQjhfT6OR43kOI2+TSk=,cZbQU2tgm36viIiuP9K9wwpuQM4=
-297,-224,imShvpOyuQjhfT6OR43kOI2+TSk=,cZbQU2tgm36viIiuP9K9wwpuQM4=
-299,-217,imShvpOyuQjhfT6OR43kOI2+TSk=,cZbQU2tgm36viIiuP9K9wwpuQM4=
-300,-217,imShvpOyuQjhfT6OR43kOI2+TSk=,cZbQU2tgm36viIiuP9K9wwpuQM4=
-298,-217,imShvpOyuQjhfT6OR43kOI2+TSk=,cZbQU2tgm36viIiuP9K9wwpuQM4=
-302,-217,imShvpOyuQjhfT6OR43kOI2+TSk=,cZbQU2tgm36viIiuP9K9wwpuQM4=
-301,-217,imShvpOyuQjhfT6OR43kOI2+TSk=,cZbQU2tgm36viIiuP9K9wwpuQM4=
-297,-218,imShvpOyuQjhfT6OR43kOI2+TSk=,cZbQU2tgm36viIiuP9K9wwpuQM4=
-290,-218,imShvpOyuQjhfT6OR43kOI2+TSk=,cZbQU2tgm36viIiuP9K9wwpuQM4=
-303,-217,imShvpOyuQjhfT6OR43kOI2+TSk=,cZbQU2tgm36viIiuP9K9wwpuQM4=
-289,-218,imShvpOyuQjhfT6OR43kOI2+TSk=,cZbQU2tgm36viIiuP9K9wwpuQM4=
-302,-224,imShvpOyuQjhfT6OR43kOI2+TSk=,cZbQU2tgm36viIiuP9K9wwpuQM4=
-296,-218,imShvpOyuQjhfT6OR43kOI2+TSk=,cZbQU2tgm36viIiuP9K9wwpuQM4=
-298,-218,imShvpOyuQjhfT6OR43kOI2+TSk=,cZbQU2tgm36viIiuP9K9wwpuQM4=
-291,-218,imShvpOyuQjhfT6OR43kOI2+TSk=,cZbQU2tgm36viIiuP9K9wwpuQM4=
-292,-218,imShvpOyuQjhfT6OR43kOI2+TSk=,cZbQU2tgm36viIiuP9K9wwpuQM4=
-294,-218,imShvpOyuQjhfT6OR43kOI2+TSk=,cZbQU2tgm36viIiuP9K9wwpuQM4=
-304,-222,imShvpOyuQjhfT6OR43kOI2+TSk=,cZbQU2tgm36viIiuP9K9wwpuQM4=
-300,-218,imShvpOyuQjhfT6OR43kOI2+TSk=,cZbQU2tgm36viIiuP9K9wwpuQM4=
-303,-218,imShvpOyuQjhfT6OR43kOI2+TSk=,cZbQU2tgm36viIiuP9K9wwpuQM4=
-293,-218,imShvpOyuQjhfT6OR43kOI2+TSk=,cZbQU2tgm36viIiuP9K9wwpuQM4=
-304,-218,imShvpOyuQjhfT6OR43kOI2+TSk=,cZbQU2tgm36viIiuP9K9wwpuQM4=
-301,-218,imShvpOyuQjhfT6OR43kOI2+TSk=,cZbQU2tgm36viIiuP9K9wwpuQM4=
-303,-216,imShvpOyuQjhfT6OR43kOI2+TSk=,cZbQU2tgm36viIiuP9K9wwpuQM4=
-303,-222,imShvpOyuQjhfT6OR43kOI2+TSk=,cZbQU2tgm36viIiuP9K9wwpuQM4=
-299,-218,imShvpOyuQjhfT6OR43kOI2+TSk=,cZbQU2tgm36viIiuP9K9wwpuQM4=
-295,-218,imShvpOyuQjhfT6OR43kOI2+TSk=,cZbQU2tgm36viIiuP9K9wwpuQM4=
-290,-219,imShvpOyuQjhfT6OR43kOI2+TSk=,cZbQU2tgm36viIiuP9K9wwpuQM4=
-297,-219,imShvpOyuQjhfT6OR43kOI2+TSk=,cZbQU2tgm36viIiuP9K9wwpuQM4=
-292,-219,imShvpOyuQjhfT6OR43kOI2+TSk=,cZbQU2tgm36viIiuP9K9wwpuQM4=
-291,-219,imShvpOyuQjhfT6OR43kOI2+TSk=,cZbQU2tgm36viIiuP9K9wwpuQM4=
-302,-218,imShvpOyuQjhfT6OR43kOI2+TSk=,cZbQU2tgm36viIiuP9K9wwpuQM4=
-298,-219,imShvpOyuQjhfT6OR43kOI2+TSk=,cZbQU2tgm36viIiuP9K9wwpuQM4=
-302,-222,imShvpOyuQjhfT6OR43kOI2+TSk=,cZbQU2tgm36viIiuP9K9wwpuQM4=
-298,-224,imShvpOyuQjhfT6OR43kOI2+TSk=,cZbQU2tgm36viIiuP9K9wwpuQM4=
-293,-219,imShvpOyuQjhfT6OR43kOI2+TSk=,cZbQU2tgm36viIiuP9K9wwpuQM4=
-301,-219,imShvpOyuQjhfT6OR43kOI2+TSk=,cZbQU2tgm36viIiuP9K9wwpuQM4=
-294,-219,imShvpOyuQjhfT6OR43kOI2+TSk=,cZbQU2tgm36viIiuP9K9wwpuQM4=
-289,-219,imShvpOyuQjhfT6OR43kOI2+TSk=,cZbQU2tgm36viIiuP9K9wwpuQM4=
-302,-219,imShvpOyuQjhfT6OR43kOI2+TSk=,cZbQU2tgm36viIiuP9K9wwpuQM4=
-300,-219,imShvpOyuQjhfT6OR43kOI2+TSk=,cZbQU2tgm36viIiuP9K9wwpuQM4=
-296,-219,imShvpOyuQjhfT6OR43kOI2+TSk=,cZbQU2tgm36viIiuP9K9wwpuQM4=
-303,-219,imShvpOyuQjhfT6OR43kOI2+TSk=,cZbQU2tgm36viIiuP9K9wwpuQM4=
-292,-220,imShvpOyuQjhfT6OR43kOI2+TSk=,cZbQU2tgm36viIiuP9K9wwpuQM4=
-291,-220,imShvpOyuQjhfT6OR43kOI2+TSk=,cZbQU2tgm36viIiuP9K9wwpuQM4=
-304,-219,imShvpOyuQjhfT6OR43kOI2+TSk=,cZbQU2tgm36viIiuP9K9wwpuQM4=
-290,-220,imShvpOyuQjhfT6OR43kOI2+TSk=,cZbQU2tgm36viIiuP9K9wwpuQM4=
-297,-220,imShvpOyuQjhfT6OR43kOI2+TSk=,cZbQU2tgm36viIiuP9K9wwpuQM4=
-298,-220,imShvpOyuQjhfT6OR43kOI2+TSk=,cZbQU2tgm36viIiuP9K9wwpuQM4=
-301,-222,imShvpOyuQjhfT6OR43kOI2+TSk=,cZbQU2tgm36viIiuP9K9wwpuQM4=
-293,-220,imShvpOyuQjhfT6OR43kOI2+TSk=,cZbQU2tgm36viIiuP9K9wwpuQM4=
-299,-224,imShvpOyuQjhfT6OR43kOI2+TSk=,cZbQU2tgm36viIiuP9K9wwpuQM4=
-300,-222,imShvpOyuQjhfT6OR43kOI2+TSk=,cZbQU2tgm36viIiuP9K9wwpuQM4=
-299,-222,imShvpOyuQjhfT6OR43kOI2+TSk=,cZbQU2tgm36viIiuP9K9wwpuQM4=
-295,-219,imShvpOyuQjhfT6OR43kOI2+TSk=,cZbQU2tgm36viIiuP9K9wwpuQM4=
-296,-220,imShvpOyuQjhfT6OR43kOI2+TSk=,cZbQU2tgm36viIiuP9K9wwpuQM4=
-299,-220,imShvpOyuQjhfT6OR43kOI2+TSk=,cZbQU2tgm36viIiuP9K9wwpuQM4=
-300,-224,imShvpOyuQjhfT6OR43kOI2+TSk=,cZbQU2tgm36viIiuP9K9wwpuQM4=
-298,-222,imShvpOyuQjhfT6OR43kOI2+TSk=,cZbQU2tgm36viIiuP9K9wwpuQM4=
-301,-220,imShvpOyuQjhfT6OR43kOI2+TSk=,cZbQU2tgm36viIiuP9K9wwpuQM4=
-294,-220,imShvpOyuQjhfT6OR43kOI2+TSk=,cZbQU2tgm36viIiuP9K9wwpuQM4=
-289,-220,imShvpOyuQjhfT6OR43kOI2+TSk=,cZbQU2tgm36viIiuP9K9wwpuQM4=
-304,-220,imShvpOyuQjhfT6OR43kOI2+TSk=,cZbQU2tgm36viIiuP9K9wwpuQM4=
-303,-220,imShvpOyuQjhfT6OR43kOI2+TSk=,cZbQU2tgm36viIiuP9K9wwpuQM4=
-302,-220,imShvpOyuQjhfT6OR43kOI2+TSk=,cZbQU2tgm36viIiuP9K9wwpuQM4=
-290,-221,imShvpOyuQjhfT6OR43kOI2+TSk=,cZbQU2tgm36viIiuP9K9wwpuQM4=
-296,-221,imShvpOyuQjhfT6OR43kOI2+TSk=,cZbQU2tgm36viIiuP9K9wwpuQM4=
-298,-221,imShvpOyuQjhfT6OR43kOI2+TSk=,cZbQU2tgm36viIiuP9K9wwpuQM4=
-293,-221,imShvpOyuQjhfT6OR43kOI2+TSk=,cZbQU2tgm36viIiuP9K9wwpuQM4=
-289,-221,imShvpOyuQjhfT6OR43kOI2+TSk=,cZbQU2tgm36viIiuP9K9wwpuQM4=
-295,-220,imShvpOyuQjhfT6OR43kOI2+TSk=,cZbQU2tgm36viIiuP9K9wwpuQM4=
-297,-221,imShvpOyuQjhfT6OR43kOI2+TSk=,cZbQU2tgm36viIiuP9K9wwpuQM4=
-292,-221,imShvpOyuQjhfT6OR43kOI2+TSk=,cZbQU2tgm36viIiuP9K9wwpuQM4=
-299,-221,imShvpOyuQjhfT6OR43kOI2+TSk=,cZbQU2tgm36viIiuP9K9wwpuQM4=
-291,-221,imShvpOyuQjhfT6OR43kOI2+TSk=,cZbQU2tgm36viIiuP9K9wwpuQM4=
-297,-222,imShvpOyuQjhfT6OR43kOI2+TSk=,cZbQU2tgm36viIiuP9K9wwpuQM4=
-301,-224,imShvpOyuQjhfT6OR43kOI2+TSk=,cZbQU2tgm36viIiuP9K9wwpuQM4=
-304,-221,imShvpOyuQjhfT6OR43kOI2+TSk=,cZbQU2tgm36viIiuP9K9wwpuQM4=
-302,-221,imShvpOyuQjhfT6OR43kOI2+TSk=,cZbQU2tgm36viIiuP9K9wwpuQM4=
-299,-219,imShvpOyuQjhfT6OR43kOI2+TSk=,cZbQU2tgm36viIiuP9K9wwpuQM4=
-295,-221,imShvpOyuQjhfT6OR43kOI2+TSk=,cZbQU2tgm36viIiuP9K9wwpuQM4=
-303,-221,imShvpOyuQjhfT6OR43kOI2+TSk=,cZbQU2tgm36viIiuP9K9wwpuQM4=
-290,-222,imShvpOyuQjhfT6OR43kOI2+TSk=,cZbQU2tgm36viIiuP9K9wwpuQM4=
-294,-221,imShvpOyuQjhfT6OR43kOI2+TSk=,cZbQU2tgm36viIiuP9K9wwpuQM4=
-291,-222,imShvpOyuQjhfT6OR43kOI2+TSk=,cZbQU2tgm36viIiuP9K9wwpuQM4=
-292,-222,imShvpOyuQjhfT6OR43kOI2+TSk=,cZbQU2tgm36viIiuP9K9wwpuQM4=
-300,-220,imShvpOyuQjhfT6OR43kOI2+TSk=,cZbQU2tgm36viIiuP9K9wwpuQM4=
-296,-222,imShvpOyuQjhfT6OR43kOI2+TSk=,cZbQU2tgm36viIiuP9K9wwpuQM4=
-293,-222,imShvpOyuQjhfT6OR43kOI2+TSk=,cZbQU2tgm36viIiuP9K9wwpuQM4=
-289,-222,imShvpOyuQjhfT6OR43kOI2+TSk=,cZbQU2tgm36viIiuP9K9wwpuQM4=
-301,-221,imShvpOyuQjhfT6OR43kOI2+TSk=,cZbQU2tgm36viIiuP9K9wwpuQM4=
-300,-221,imShvpOyuQjhfT6OR43kOI2+TSk=,cZbQU2tgm36viIiuP9K9wwpuQM4=
-295,-222,imShvpOyuQjhfT6OR43kOI2+TSk=,cZbQU2tgm36viIiuP9K9wwpuQM4=
-294,-222,imShvpOyuQjhfT6OR43kOI2+TSk=,cZbQU2tgm36viIiuP9K9wwpuQM4=
-289,-217,imShvpOyuQjhfT6OR43kOI2+TSk=,cZbQU2tgm36viIiuP9K9wwpuQM4=
-307,-193,imShvpOyuQjhfT6OR43kOI2+TSk=,cZbQU2tgm36viIiuP9K9wwpuQM4=
-305,-208,imShvpOyuQjhfT6OR43kOI2+TSk=,cZbQU2tgm36viIiuP9K9wwpuQM4=
-305,-193,imShvpOyuQjhfT6OR43kOI2+TSk=,cZbQU2tgm36viIiuP9K9wwpuQM4=
-320,-207,imShvpOyuQjhfT6OR43kOI2+TSk=,cZbQU2tgm36viIiuP9K9wwpuQM4=
-306,-193,imShvpOyuQjhfT6OR43kOI2+TSk=,cZbQU2tgm36viIiuP9K9wwpuQM4=
-308,-193,imShvpOyuQjhfT6OR43kOI2+TSk=,cZbQU2tgm36viIiuP9K9wwpuQM4=
-309,-193,imShvpOyuQjhfT6OR43kOI2+TSk=,cZbQU2tgm36viIiuP9K9wwpuQM4=
-320,-208,imShvpOyuQjhfT6OR43kOI2+TSk=,cZbQU2tgm36viIiuP9K9wwpuQM4=
-311,-193,imShvpOyuQjhfT6OR43kOI2+TSk=,cZbQU2tgm36viIiuP9K9wwpuQM4=
-318,-193,imShvpOyuQjhfT6OR43kOI2+TSk=,cZbQU2tgm36viIiuP9K9wwpuQM4=
-312,-193,imShvpOyuQjhfT6OR43kOI2+TSk=,cZbQU2tgm36viIiuP9K9wwpuQM4=
-313,-193,imShvpOyuQjhfT6OR43kOI2+TSk=,cZbQU2tgm36viIiuP9K9wwpuQM4=
-319,-207,imShvpOyuQjhfT6OR43kOI2+TSk=,cZbQU2tgm36viIiuP9K9wwpuQM4=
-310,-193,imShvpOyuQjhfT6OR43kOI2+TSk=,cZbQU2tgm36viIiuP9K9wwpuQM4=
-317,-193,imShvpOyuQjhfT6OR43kOI2+TSk=,cZbQU2tgm36viIiuP9K9wwpuQM4=
-314,-193,imShvpOyuQjhfT6OR43kOI2+TSk=,cZbQU2tgm36viIiuP9K9wwpuQM4=
-315,-193,imShvpOyuQjhfT6OR43kOI2+TSk=,cZbQU2tgm36viIiuP9K9wwpuQM4=
-319,-193,imShvpOyuQjhfT6OR43kOI2+TSk=,cZbQU2tgm36viIiuP9K9wwpuQM4=
-320,-193,imShvpOyuQjhfT6OR43kOI2+TSk=,cZbQU2tgm36viIiuP9K9wwpuQM4=
-318,-207,imShvpOyuQjhfT6OR43kOI2+TSk=,cZbQU2tgm36viIiuP9K9wwpuQM4=
-306,-194,imShvpOyuQjhfT6OR43kOI2+TSk=,cZbQU2tgm36viIiuP9K9wwpuQM4=
-306,-208,imShvpOyuQjhfT6OR43kOI2+TSk=,cZbQU2tgm36viIiuP9K9wwpuQM4=
-307,-194,imShvpOyuQjhfT6OR43kOI2+TSk=,cZbQU2tgm36viIiuP9K9wwpuQM4=
-309,-194,imShvpOyuQjhfT6OR43kOI2+TSk=,cZbQU2tgm36viIiuP9K9wwpuQM4=
-308,-194,imShvpOyuQjhfT6OR43kOI2+TSk=,cZbQU2tgm36viIiuP9K9wwpuQM4=
-311,-194,imShvpOyuQjhfT6OR43kOI2+TSk=,cZbQU2tgm36viIiuP9K9wwpuQM4=
-312,-194,imShvpOyuQjhfT6OR43kOI2+TSk=,cZbQU2tgm36viIiuP9K9wwpuQM4=
-317,-207,imShvpOyuQjhfT6OR43kOI2+TSk=,cZbQU2tgm36viIiuP9K9wwpuQM4=
-310,-194,imShvpOyuQjhfT6OR43kOI2+TSk=,cZbQU2tgm36viIiuP9K9wwpuQM4=
-316,-194,imShvpOyuQjhfT6OR43kOI2+TSk=,cZbQU2tgm36viIiuP9K9wwpuQM4=
-314,-194,imShvpOyuQjhfT6OR43kOI2+TSk=,cZbQU2tgm36viIiuP9K9wwpuQM4=
-317,-194,imShvpOyuQjhfT6OR43kOI2+TSk=,cZbQU2tgm36viIiuP9K9wwpuQM4=
-318,-194,imShvpOyuQjhfT6OR43kOI2+TSk=,cZbQU2tgm36viIiuP9K9wwpuQM4=
-313,-194,imShvpOyuQjhfT6OR43kOI2+TSk=,cZbQU2tgm36viIiuP9K9wwpuQM4=
-319,-194,imShvpOyuQjhfT6OR43kOI2+TSk=,cZbQU2tgm36viIiuP9K9wwpuQM4=
-320,-194,imShvpOyuQjhfT6OR43kOI2+TSk=,cZbQU2tgm36viIiuP9K9wwpuQM4=
-316,-193,imShvpOyuQjhfT6OR43kOI2+TSk=,cZbQU2tgm36viIiuP9K9wwpuQM4=
-309,-195,imShvpOyuQjhfT6OR43kOI2+TSk=,cZbQU2tgm36viIiuP9K9wwpuQM4=
-305,-195,imShvpOyuQjhfT6OR43kOI2+TSk=,cZbQU2tgm36viIiuP9K9wwpuQM4=
-307,-195,imShvpOyuQjhfT6OR43kOI2+TSk=,cZbQU2tgm36viIiuP9K9wwpuQM4=
-306,-195,imShvpOyuQjhfT6OR43kOI2+TSk=,cZbQU2tgm36viIiuP9K9wwpuQM4=
-308,-195,imShvpOyuQjhfT6OR43kOI2+TSk=,cZbQU2tgm36viIiuP9K9wwpuQM4=
-307,-208,imShvpOyuQjhfT6OR43kOI2+TSk=,cZbQU2tgm36viIiuP9K9wwpuQM4=
-310,-195,imShvpOyuQjhfT6OR43kOI2+TSk=,cZbQU2tgm36viIiuP9K9wwpuQM4=
-315,-194,imShvpOyuQjhfT6OR43kOI2+TSk=,cZbQU2tgm36viIiuP9K9wwpuQM4=
-305,-194,imShvpOyuQjhfT6OR43kOI2+TSk=,cZbQU2tgm36viIiuP9K9wwpuQM4=
-314,-195,Ri2hAHGS14le6AOBGmc8H48tCTI=,cZbQU2tgm36viIiuP9K9wwpuQM4=
-311,-195,Ri2hAHGS14le6AOBGmc8H48tCTI=,cZbQU2tgm36viIiuP9K9wwpuQM4=
-317,-195,Ri2hAHGS14le6AOBGmc8H48tCTI=,cZbQU2tgm36viIiuP9K9wwpuQM4=
-318,-195,Ri2hAHGS14le6AOBGmc8H48tCTI=,cZbQU2tgm36viIiuP9K9wwpuQM4=
-313,-195,Ri2hAHGS14le6AOBGmc8H48tCTI=,cZbQU2tgm36viIiuP9K9wwpuQM4=
-315,-195,Ri2hAHGS14le6AOBGmc8H48tCTI=,cZbQU2tgm36viIiuP9K9wwpuQM4=
-312,-195,Ri2hAHGS14le6AOBGmc8H48tCTI=,cZbQU2tgm36viIiuP9K9wwpuQM4=
-309,-196,Ri2hAHGS14le6AOBGmc8H48tCTI=,cZbQU2tgm36viIiuP9K9wwpuQM4=
-319,-195,Ri2hAHGS14le6AOBGmc8H48tCTI=,cZbQU2tgm36viIiuP9K9wwpuQM4=
-316,-195,Ri2hAHGS14le6AOBGmc8H48tCTI=,cZbQU2tgm36viIiuP9K9wwpuQM4=
-308,-196,Ri2hAHGS14le6AOBGmc8H48tCTI=,cZbQU2tgm36viIiuP9K9wwpuQM4=
-320,-195,Ri2hAHGS14le6AOBGmc8H48tCTI=,cZbQU2tgm36viIiuP9K9wwpuQM4=
-305,-196,Ri2hAHGS14le6AOBGmc8H48tCTI=,cZbQU2tgm36viIiuP9K9wwpuQM4=
-316,-207,imShvpOyuQjhfT6OR43kOI2+TSk=,cZbQU2tgm36viIiuP9K9wwpuQM4=
-310,-196,Ri2hAHGS14le6AOBGmc8H48tCTI=,cZbQU2tgm36viIiuP9K9wwpuQM4=
-311,-196,Ri2hAHGS14le6AOBGmc8H48tCTI=,cZbQU2tgm36viIiuP9K9wwpuQM4=
-306,-196,Ri2hAHGS14le6AOBGmc8H48tCTI=,cZbQU2tgm36viIiuP9K9wwpuQM4=
-318,-196,Ri2hAHGS14le6AOBGmc8H48tCTI=,cZbQU2tgm36viIiuP9K9wwpuQM4=
-314,-196,Ri2hAHGS14le6AOBGmc8H48tCTI=,cZbQU2tgm36viIiuP9K9wwpuQM4=
-317,-196,Ri2hAHGS14le6AOBGmc8H48tCTI=,cZbQU2tgm36viIiuP9K9wwpuQM4=
-307,-196,Ri2hAHGS14le6AOBGmc8H48tCTI=,cZbQU2tgm36viIiuP9K9wwpuQM4=
-313,-196,Ri2hAHGS14le6AOBGmc8H48tCTI=,cZbQU2tgm36viIiuP9K9wwpuQM4=
-315,-196,Ri2hAHGS14le6AOBGmc8H48tCTI=,cZbQU2tgm36viIiuP9K9wwpuQM4=
-320,-196,Ri2hAHGS14le6AOBGmc8H48tCTI=,cZbQU2tgm36viIiuP9K9wwpuQM4=
-315,-207,imShvpOyuQjhfT6OR43kOI2+TSk=,cZbQU2tgm36viIiuP9K9wwpuQM4=
-308,-208,Ri2hAHGS14le6AOBGmc8H48tCTI=,cZbQU2tgm36viIiuP9K9wwpuQM4=
-316,-196,Ri2hAHGS14le6AOBGmc8H48tCTI=,cZbQU2tgm36viIiuP9K9wwpuQM4=
-309,-208,Ri2hAHGS14le6AOBGmc8H48tCTI=,cZbQU2tgm36viIiuP9K9wwpuQM4=
-319,-196,Ri2hAHGS14le6AOBGmc8H48tCTI=,cZbQU2tgm36viIiuP9K9wwpuQM4=
-312,-196,Ri2hAHGS14le6AOBGmc8H48tCTI=,cZbQU2tgm36viIiuP9K9wwpuQM4=
-308,-197,Ri2hAHGS14le6AOBGmc8H48tCTI=,cZbQU2tgm36viIiuP9K9wwpuQM4=
-305,-197,Ri2hAHGS14le6AOBGmc8H48tCTI=,cZbQU2tgm36viIiuP9K9wwpuQM4=
-307,-197,Ri2hAHGS14le6AOBGmc8H48tCTI=,cZbQU2tgm36viIiuP9K9wwpuQM4=
-309,-197,Ri2hAHGS14le6AOBGmc8H48tCTI=,cZbQU2tgm36viIiuP9K9wwpuQM4=
-310,-197,Ri2hAHGS14le6AOBGmc8H48tCTI=,cZbQU2tgm36viIiuP9K9wwpuQM4=
-312,-197,Ri2hAHGS14le6AOBGmc8H48tCTI=,cZbQU2tgm36viIiuP9K9wwpuQM4=
-306,-197,Ri2hAHGS14le6AOBGmc8H48tCTI=,cZbQU2tgm36viIiuP9K9wwpuQM4=
-314,-197,Ri2hAHGS14le6AOBGmc8H48tCTI=,cZbQU2tgm36viIiuP9K9wwpuQM4=
-311,-197,Ri2hAHGS14le6AOBGmc8H48tCTI=,cZbQU2tgm36viIiuP9K9wwpuQM4=
-313,-197,Ri2hAHGS14le6AOBGmc8H48tCTI=,cZbQU2tgm36viIiuP9K9wwpuQM4=
-317,-197,Ri2hAHGS14le6AOBGmc8H48tCTI=,cZbQU2tgm36viIiuP9K9wwpuQM4=
-315,-197,Ri2hAHGS14le6AOBGmc8H48tCTI=,cZbQU2tgm36viIiuP9K9wwpuQM4=
-319,-197,Ri2hAHGS14le6AOBGmc8H48tCTI=,cZbQU2tgm36viIiuP9K9wwpuQM4=
-320,-197,Ri2hAHGS14le6AOBGmc8H48tCTI=,cZbQU2tgm36viIiuP9K9wwpuQM4=
-310,-208,Ri2hAHGS14le6AOBGmc8H48tCTI=,cZbQU2tgm36viIiuP9K9wwpuQM4=
-316,-197,Ri2hAHGS14le6AOBGmc8H48tCTI=,cZbQU2tgm36viIiuP9K9wwpuQM4=
-306,-198,Ri2hAHGS14le6AOBGmc8H48tCTI=,cZbQU2tgm36viIiuP9K9wwpuQM4=
-312,-198,Ri2hAHGS14le6AOBGmc8H48tCTI=,cZbQU2tgm36viIiuP9K9wwpuQM4=
-309,-198,Ri2hAHGS14le6AOBGmc8H48tCTI=,cZbQU2tgm36viIiuP9K9wwpuQM4=
-308,-198,Ri2hAHGS14le6AOBGmc8H48tCTI=,cZbQU2tgm36viIiuP9K9wwpuQM4=
-314,-198,Ri2hAHGS14le6AOBGmc8H48tCTI=,cZbQU2tgm36viIiuP9K9wwpuQM4=
-305,-198,Ri2hAHGS14le6AOBGmc8H48tCTI=,cZbQU2tgm36viIiuP9K9wwpuQM4=
-313,-198,Ri2hAHGS14le6AOBGmc8H48tCTI=,cZbQU2tgm36viIiuP9K9wwpuQM4=
-311,-198,Ri2hAHGS14le6AOBGmc8H48tCTI=,cZbQU2tgm36viIiuP9K9wwpuQM4=
-307,-198,Ri2hAHGS14le6AOBGmc8H48tCTI=,cZbQU2tgm36viIiuP9K9wwpuQM4=
-315,-198,Ri2hAHGS14le6AOBGmc8H48tCTI=,cZbQU2tgm36viIiuP9K9wwpuQM4=
-318,-197,Ri2hAHGS14le6AOBGmc8H48tCTI=,cZbQU2tgm36viIiuP9K9wwpuQM4=
-310,-198,Ri2hAHGS14le6AOBGmc8H48tCTI=,cZbQU2tgm36viIiuP9K9wwpuQM4=
-318,-198,Ri2hAHGS14le6AOBGmc8H48tCTI=,cZbQU2tgm36viIiuP9K9wwpuQM4=
-317,-198,Ri2hAHGS14le6AOBGmc8H48tCTI=,cZbQU2tgm36viIiuP9K9wwpuQM4=
-316,-198,Ri2hAHGS14le6AOBGmc8H48tCTI=,cZbQU2tgm36viIiuP9K9wwpuQM4=
-314,-207,imShvpOyuQjhfT6OR43kOI2+TSk=,cZbQU2tgm36viIiuP9K9wwpuQM4=
-319,-198,Ri2hAHGS14le6AOBGmc8H48tCTI=,cZbQU2tgm36viIiuP9K9wwpuQM4=
-320,-198,Ri2hAHGS14le6AOBGmc8H48tCTI=,cZbQU2tgm36viIiuP9K9wwpuQM4=
-311,-199,Ri2hAHGS14le6AOBGmc8H48tCTI=,cZbQU2tgm36viIiuP9K9wwpuQM4=
-307,-199,Ri2hAHGS14le6AOBGmc8H48tCTI=,cZbQU2tgm36viIiuP9K9wwpuQM4=
-313,-207,imShvpOyuQjhfT6OR43kOI2+TSk=,cZbQU2tgm36viIiuP9K9wwpuQM4=
-311,-208,Ri2hAHGS14le6AOBGmc8H48tCTI=,cZbQU2tgm36viIiuP9K9wwpuQM4=
-306,-199,Ri2hAHGS14le6AOBGmc8H48tCTI=,cZbQU2tgm36viIiuP9K9wwpuQM4=
-313,-199,Ri2hAHGS14le6AOBGmc8H48tCTI=,cZbQU2tgm36viIiuP9K9wwpuQM4=
-310,-199,Ri2hAHGS14le6AOBGmc8H48tCTI=,cZbQU2tgm36viIiuP9K9wwpuQM4=
-308,-199,Ri2hAHGS14le6AOBGmc8H48tCTI=,cZbQU2tgm36viIiuP9K9wwpuQM4=
-309,-199,Ri2hAHGS14le6AOBGmc8H48tCTI=,cZbQU2tgm36viIiuP9K9wwpuQM4=
-314,-199,Ri2hAHGS14le6AOBGmc8H48tCTI=,cZbQU2tgm36viIiuP9K9wwpuQM4=
-305,-199,Ri2hAHGS14le6AOBGmc8H48tCTI=,cZbQU2tgm36viIiuP9K9wwpuQM4=
-315,-199,Ri2hAHGS14le6AOBGmc8H48tCTI=,cZbQU2tgm36viIiuP9K9wwpuQM4=
-312,-207,imShvpOyuQjhfT6OR43kOI2+TSk=,cZbQU2tgm36viIiuP9K9wwpuQM4=
-318,-199,Ri2hAHGS14le6AOBGmc8H48tCTI=,cZbQU2tgm36viIiuP9K9wwpuQM4=
-320,-199,Ri2hAHGS14le6AOBGmc8H48tCTI=,cZbQU2tgm36viIiuP9K9wwpuQM4=
-316,-199,Ri2hAHGS14le6AOBGmc8H48tCTI=,cZbQU2tgm36viIiuP9K9wwpuQM4=
-311,-207,imShvpOyuQjhfT6OR43kOI2+TSk=,cZbQU2tgm36viIiuP9K9wwpuQM4=
-317,-199,Ri2hAHGS14le6AOBGmc8H48tCTI=,cZbQU2tgm36viIiuP9K9wwpuQM4=
-319,-199,Ri2hAHGS14le6AOBGmc8H48tCTI=,cZbQU2tgm36viIiuP9K9wwpuQM4=
-312,-208,Ri2hAHGS14le6AOBGmc8H48tCTI=,cZbQU2tgm36viIiuP9K9wwpuQM4=
-307,-200,Ri2hAHGS14le6AOBGmc8H48tCTI=,cZbQU2tgm36viIiuP9K9wwpuQM4=
-308,-200,Ri2hAHGS14le6AOBGmc8H48tCTI=,cZbQU2tgm36viIiuP9K9wwpuQM4=
-306,-200,Ri2hAHGS14le6AOBGmc8H48tCTI=,cZbQU2tgm36viIiuP9K9wwpuQM4=
-305,-200,Ri2hAHGS14le6AOBGmc8H48tCTI=,cZbQU2tgm36viIiuP9K9wwpuQM4=
-313,-200,imShvpOyuQjhfT6OR43kOI2+TSk=,cZbQU2tgm36viIiuP9K9wwpuQM4=
-311,-200,Ri2hAHGS14le6AOBGmc8H48tCTI=,cZbQU2tgm36viIiuP9K9wwpuQM4=
-312,-200,Ri2hAHGS14le6AOBGmc8H48tCTI=,cZbQU2tgm36viIiuP9K9wwpuQM4=
-315,-200,imShvpOyuQjhfT6OR43kOI2+TSk=,cZbQU2tgm36viIiuP9K9wwpuQM4=
-316,-200,imShvpOyuQjhfT6OR43kOI2+TSk=,cZbQU2tgm36viIiuP9K9wwpuQM4=
-317,-200,imShvpOyuQjhfT6OR43kOI2+TSk=,cZbQU2tgm36viIiuP9K9wwpuQM4=
-310,-200,Ri2hAHGS14le6AOBGmc8H48tCTI=,cZbQU2tgm36viIiuP9K9wwpuQM4=
-313,-208,imShvpOyuQjhfT6OR43kOI2+TSk=,cZbQU2tgm36viIiuP9K9wwpuQM4=
-318,-200,imShvpOyuQjhfT6OR43kOI2+TSk=,cZbQU2tgm36viIiuP9K9wwpuQM4=
-309,-200,Ri2hAHGS14le6AOBGmc8H48tCTI=,cZbQU2tgm36viIiuP9K9wwpuQM4=
-320,-200,imShvpOyuQjhfT6OR43kOI2+TSk=,cZbQU2tgm36viIiuP9K9wwpuQM4=
-319,-200,imShvpOyuQjhfT6OR43kOI2+TSk=,cZbQU2tgm36viIiuP9K9wwpuQM4=
-308,-201,imShvpOyuQjhfT6OR43kOI2+TSk=,cZbQU2tgm36viIiuP9K9wwpuQM4=
-314,-200,imShvpOyuQjhfT6OR43kOI2+TSk=,cZbQU2tgm36viIiuP9K9wwpuQM4=
-312,-199,Ri2hAHGS14le6AOBGmc8H48tCTI=,cZbQU2tgm36viIiuP9K9wwpuQM4=
-309,-201,imShvpOyuQjhfT6OR43kOI2+TSk=,cZbQU2tgm36viIiuP9K9wwpuQM4=
-307,-201,imShvpOyuQjhfT6OR43kOI2+TSk=,cZbQU2tgm36viIiuP9K9wwpuQM4=
-310,-207,imShvpOyuQjhfT6OR43kOI2+TSk=,cZbQU2tgm36viIiuP9K9wwpuQM4=
-306,-201,imShvpOyuQjhfT6OR43kOI2+TSk=,cZbQU2tgm36viIiuP9K9wwpuQM4=
-305,-201,imShvpOyuQjhfT6OR43kOI2+TSk=,cZbQU2tgm36viIiuP9K9wwpuQM4=
-314,-201,imShvpOyuQjhfT6OR43kOI2+TSk=,cZbQU2tgm36viIiuP9K9wwpuQM4=
-311,-201,imShvpOyuQjhfT6OR43kOI2+TSk=,cZbQU2tgm36viIiuP9K9wwpuQM4=
-310,-201,imShvpOyuQjhfT6OR43kOI2+TSk=,cZbQU2tgm36viIiuP9K9wwpuQM4=
-312,-201,imShvpOyuQjhfT6OR43kOI2+TSk=,cZbQU2tgm36viIiuP9K9wwpuQM4=
-316,-201,imShvpOyuQjhfT6OR43kOI2+TSk=,cZbQU2tgm36viIiuP9K9wwpuQM4=
-318,-201,imShvpOyuQjhfT6OR43kOI2+TSk=,cZbQU2tgm36viIiuP9K9wwpuQM4=
-317,-201,imShvpOyuQjhfT6OR43kOI2+TSk=,cZbQU2tgm36viIiuP9K9wwpuQM4=
-313,-201,imShvpOyuQjhfT6OR43kOI2+TSk=,cZbQU2tgm36viIiuP9K9wwpuQM4=
-315,-201,imShvpOyuQjhfT6OR43kOI2+TSk=,cZbQU2tgm36viIiuP9K9wwpuQM4=
-309,-202,imShvpOyuQjhfT6OR43kOI2+TSk=,cZbQU2tgm36viIiuP9K9wwpuQM4=
-309,-207,imShvpOyuQjhfT6OR43kOI2+TSk=,cZbQU2tgm36viIiuP9K9wwpuQM4=
-319,-201,imShvpOyuQjhfT6OR43kOI2+TSk=,cZbQU2tgm36viIiuP9K9wwpuQM4=
-307,-202,imShvpOyuQjhfT6OR43kOI2+TSk=,cZbQU2tgm36viIiuP9K9wwpuQM4=
-310,-202,imShvpOyuQjhfT6OR43kOI2+TSk=,cZbQU2tgm36viIiuP9K9wwpuQM4=
-306,-202,imShvpOyuQjhfT6OR43kOI2+TSk=,cZbQU2tgm36viIiuP9K9wwpuQM4=
-308,-202,imShvpOyuQjhfT6OR43kOI2+TSk=,cZbQU2tgm36viIiuP9K9wwpuQM4=
-320,-201,imShvpOyuQjhfT6OR43kOI2+TSk=,cZbQU2tgm36viIiuP9K9wwpuQM4=
-305,-202,imShvpOyuQjhfT6OR43kOI2+TSk=,cZbQU2tgm36viIiuP9K9wwpuQM4=
-312,-202,imShvpOyuQjhfT6OR43kOI2+TSk=,cZbQU2tgm36viIiuP9K9wwpuQM4=
-308,-207,imShvpOyuQjhfT6OR43kOI2+TSk=,cZbQU2tgm36viIiuP9K9wwpuQM4=
-313,-202,imShvpOyuQjhfT6OR43kOI2+TSk=,cZbQU2tgm36viIiuP9K9wwpuQM4=
-311,-202,imShvpOyuQjhfT6OR43kOI2+TSk=,cZbQU2tgm36viIiuP9K9wwpuQM4=
-320,-202,imShvpOyuQjhfT6OR43kOI2+TSk=,cZbQU2tgm36viIiuP9K9wwpuQM4=
-314,-208,imShvpOyuQjhfT6OR43kOI2+TSk=,cZbQU2tgm36viIiuP9K9wwpuQM4=
-314,-202,imShvpOyuQjhfT6OR43kOI2+TSk=,cZbQU2tgm36viIiuP9K9wwpuQM4=
-305,-203,imShvpOyuQjhfT6OR43kOI2+TSk=,cZbQU2tgm36viIiuP9K9wwpuQM4=
-315,-208,imShvpOyuQjhfT6OR43kOI2+TSk=,cZbQU2tgm36viIiuP9K9wwpuQM4=
-315,-202,imShvpOyuQjhfT6OR43kOI2+TSk=,cZbQU2tgm36viIiuP9K9wwpuQM4=
-319,-202,imShvpOyuQjhfT6OR43kOI2+TSk=,cZbQU2tgm36viIiuP9K9wwpuQM4=
-307,-203,imShvpOyuQjhfT6OR43kOI2+TSk=,cZbQU2tgm36viIiuP9K9wwpuQM4=
-311,-203,imShvpOyuQjhfT6OR43kOI2+TSk=,cZbQU2tgm36viIiuP9K9wwpuQM4=
-310,-203,imShvpOyuQjhfT6OR43kOI2+TSk=,cZbQU2tgm36viIiuP9K9wwpuQM4=
-316,-202,imShvpOyuQjhfT6OR43kOI2+TSk=,cZbQU2tgm36viIiuP9K9wwpuQM4=
-312,-203,imShvpOyuQjhfT6OR43kOI2+TSk=,cZbQU2tgm36viIiuP9K9wwpuQM4=
-309,-203,imShvpOyuQjhfT6OR43kOI2+TSk=,cZbQU2tgm36viIiuP9K9wwpuQM4=
-306,-203,imShvpOyuQjhfT6OR43kOI2+TSk=,cZbQU2tgm36viIiuP9K9wwpuQM4=
-313,-203,imShvpOyuQjhfT6OR43kOI2+TSk=,cZbQU2tgm36viIiuP9K9wwpuQM4=
-308,-203,imShvpOyuQjhfT6OR43kOI2+TSk=,cZbQU2tgm36viIiuP9K9wwpuQM4=
-316,-203,imShvpOyuQjhfT6OR43kOI2+TSk=,cZbQU2tgm36viIiuP9K9wwpuQM4=
-314,-203,imShvpOyuQjhfT6OR43kOI2+TSk=,cZbQU2tgm36viIiuP9K9wwpuQM4=
-307,-207,imShvpOyuQjhfT6OR43kOI2+TSk=,cZbQU2tgm36viIiuP9K9wwpuQM4=
-317,-203,imShvpOyuQjhfT6OR43kOI2+TSk=,cZbQU2tgm36viIiuP9K9wwpuQM4=
-315,-203,imShvpOyuQjhfT6OR43kOI2+TSk=,cZbQU2tgm36viIiuP9K9wwpuQM4=
-317,-202,imShvpOyuQjhfT6OR43kOI2+TSk=,cZbQU2tgm36viIiuP9K9wwpuQM4=
-318,-203,imShvpOyuQjhfT6OR43kOI2+TSk=,cZbQU2tgm36viIiuP9K9wwpuQM4=
-320,-203,imShvpOyuQjhfT6OR43kOI2+TSk=,cZbQU2tgm36viIiuP9K9wwpuQM4=
-319,-203,imShvpOyuQjhfT6OR43kOI2+TSk=,cZbQU2tgm36viIiuP9K9wwpuQM4=
-309,-204,imShvpOyuQjhfT6OR43kOI2+TSk=,cZbQU2tgm36viIiuP9K9wwpuQM4=
-305,-204,imShvpOyuQjhfT6OR43kOI2+TSk=,cZbQU2tgm36viIiuP9K9wwpuQM4=
-306,-207,imShvpOyuQjhfT6OR43kOI2+TSk=,cZbQU2tgm36viIiuP9K9wwpuQM4=
-306,-204,imShvpOyuQjhfT6OR43kOI2+TSk=,cZbQU2tgm36viIiuP9K9wwpuQM4=
-308,-204,imShvpOyuQjhfT6OR43kOI2+TSk=,cZbQU2tgm36viIiuP9K9wwpuQM4=
-316,-208,imShvpOyuQjhfT6OR43kOI2+TSk=,cZbQU2tgm36viIiuP9K9wwpuQM4=
-310,-204,imShvpOyuQjhfT6OR43kOI2+TSk=,cZbQU2tgm36viIiuP9K9wwpuQM4=
-307,-204,imShvpOyuQjhfT6OR43kOI2+TSk=,cZbQU2tgm36viIiuP9K9wwpuQM4=
-318,-202,imShvpOyuQjhfT6OR43kOI2+TSk=,cZbQU2tgm36viIiuP9K9wwpuQM4=
-311,-204,imShvpOyuQjhfT6OR43kOI2+TSk=,cZbQU2tgm36viIiuP9K9wwpuQM4=
-313,-204,imShvpOyuQjhfT6OR43kOI2+TSk=,cZbQU2tgm36viIiuP9K9wwpuQM4=
-312,-204,imShvpOyuQjhfT6OR43kOI2+TSk=,cZbQU2tgm36viIiuP9K9wwpuQM4=
-320,-204,imShvpOyuQjhfT6OR43kOI2+TSk=,cZbQU2tgm36viIiuP9K9wwpuQM4=
-314,-204,imShvpOyuQjhfT6OR43kOI2+TSk=,cZbQU2tgm36viIiuP9K9wwpuQM4=
-318,-204,imShvpOyuQjhfT6OR43kOI2+TSk=,cZbQU2tgm36viIiuP9K9wwpuQM4=
-319,-204,imShvpOyuQjhfT6OR43kOI2+TSk=,cZbQU2tgm36viIiuP9K9wwpuQM4=
-305,-207,imShvpOyuQjhfT6OR43kOI2+TSk=,cZbQU2tgm36viIiuP9K9wwpuQM4=
-316,-204,imShvpOyuQjhfT6OR43kOI2+TSk=,cZbQU2tgm36viIiuP9K9wwpuQM4=
-305,-205,imShvpOyuQjhfT6OR43kOI2+TSk=,cZbQU2tgm36viIiuP9K9wwpuQM4=
-315,-204,imShvpOyuQjhfT6OR43kOI2+TSk=,cZbQU2tgm36viIiuP9K9wwpuQM4=
-307,-205,imShvpOyuQjhfT6OR43kOI2+TSk=,cZbQU2tgm36viIiuP9K9wwpuQM4=
-317,-204,imShvpOyuQjhfT6OR43kOI2+TSk=,cZbQU2tgm36viIiuP9K9wwpuQM4=
-317,-208,imShvpOyuQjhfT6OR43kOI2+TSk=,cZbQU2tgm36viIiuP9K9wwpuQM4=
-310,-205,imShvpOyuQjhfT6OR43kOI2+TSk=,cZbQU2tgm36viIiuP9K9wwpuQM4=
-306,-205,imShvpOyuQjhfT6OR43kOI2+TSk=,cZbQU2tgm36viIiuP9K9wwpuQM4=
-309,-205,imShvpOyuQjhfT6OR43kOI2+TSk=,cZbQU2tgm36viIiuP9K9wwpuQM4=
-312,-205,imShvpOyuQjhfT6OR43kOI2+TSk=,cZbQU2tgm36viIiuP9K9wwpuQM4=
-308,-205,imShvpOyuQjhfT6OR43kOI2+TSk=,cZbQU2tgm36viIiuP9K9wwpuQM4=
-311,-205,imShvpOyuQjhfT6OR43kOI2+TSk=,cZbQU2tgm36viIiuP9K9wwpuQM4=
-320,-206,imShvpOyuQjhfT6OR43kOI2+TSk=,cZbQU2tgm36viIiuP9K9wwpuQM4=
-319,-205,imShvpOyuQjhfT6OR43kOI2+TSk=,cZbQU2tgm36viIiuP9K9wwpuQM4=
-313,-205,imShvpOyuQjhfT6OR43kOI2+TSk=,cZbQU2tgm36viIiuP9K9wwpuQM4=
-318,-205,imShvpOyuQjhfT6OR43kOI2+TSk=,cZbQU2tgm36viIiuP9K9wwpuQM4=
-315,-205,imShvpOyuQjhfT6OR43kOI2+TSk=,cZbQU2tgm36viIiuP9K9wwpuQM4=
-314,-205,imShvpOyuQjhfT6OR43kOI2+TSk=,cZbQU2tgm36viIiuP9K9wwpuQM4=
-316,-205,imShvpOyuQjhfT6OR43kOI2+TSk=,cZbQU2tgm36viIiuP9K9wwpuQM4=
-318,-208,imShvpOyuQjhfT6OR43kOI2+TSk=,cZbQU2tgm36viIiuP9K9wwpuQM4=
-305,-206,imShvpOyuQjhfT6OR43kOI2+TSk=,cZbQU2tgm36viIiuP9K9wwpuQM4=
-308,-206,imShvpOyuQjhfT6OR43kOI2+TSk=,cZbQU2tgm36viIiuP9K9wwpuQM4=
-310,-206,imShvpOyuQjhfT6OR43kOI2+TSk=,cZbQU2tgm36viIiuP9K9wwpuQM4=
-307,-206,imShvpOyuQjhfT6OR43kOI2+TSk=,cZbQU2tgm36viIiuP9K9wwpuQM4=
-306,-206,imShvpOyuQjhfT6OR43kOI2+TSk=,cZbQU2tgm36viIiuP9K9wwpuQM4=
-320,-205,imShvpOyuQjhfT6OR43kOI2+TSk=,cZbQU2tgm36viIiuP9K9wwpuQM4=
-311,-206,imShvpOyuQjhfT6OR43kOI2+TSk=,cZbQU2tgm36viIiuP9K9wwpuQM4=
-309,-206,imShvpOyuQjhfT6OR43kOI2+TSk=,cZbQU2tgm36viIiuP9K9wwpuQM4=
-312,-206,imShvpOyuQjhfT6OR43kOI2+TSk=,cZbQU2tgm36viIiuP9K9wwpuQM4=
-318,-206,imShvpOyuQjhfT6OR43kOI2+TSk=,cZbQU2tgm36viIiuP9K9wwpuQM4=
-315,-206,imShvpOyuQjhfT6OR43kOI2+TSk=,cZbQU2tgm36viIiuP9K9wwpuQM4=
-317,-205,imShvpOyuQjhfT6OR43kOI2+TSk=,cZbQU2tgm36viIiuP9K9wwpuQM4=
-313,-206,imShvpOyuQjhfT6OR43kOI2+TSk=,cZbQU2tgm36viIiuP9K9wwpuQM4=
-317,-206,imShvpOyuQjhfT6OR43kOI2+TSk=,cZbQU2tgm36viIiuP9K9wwpuQM4=
-316,-206,imShvpOyuQjhfT6OR43kOI2+TSk=,cZbQU2tgm36viIiuP9K9wwpuQM4=
-319,-206,imShvpOyuQjhfT6OR43kOI2+TSk=,cZbQU2tgm36viIiuP9K9wwpuQM4=
-319,-208,imShvpOyuQjhfT6OR43kOI2+TSk=,cZbQU2tgm36viIiuP9K9wwpuQM4=
-314,-206,imShvpOyuQjhfT6OR43kOI2+TSk=,cZbQU2tgm36viIiuP9K9wwpuQM4=
-292,-208,Ri2hAHGS14le6AOBGmc8H48tCTI=,cZbQU2tgm36viIiuP9K9wwpuQM4=
-293,-208,Ri2hAHGS14le6AOBGmc8H48tCTI=,cZbQU2tgm36viIiuP9K9wwpuQM4=
-294,-208,Ri2hAHGS14le6AOBGmc8H48tCTI=,cZbQU2tgm36viIiuP9K9wwpuQM4=
-304,-207,Ri2hAHGS14le6AOBGmc8H48tCTI=,cZbQU2tgm36viIiuP9K9wwpuQM4=
-291,-208,Ri2hAHGS14le6AOBGmc8H48tCTI=,cZbQU2tgm36viIiuP9K9wwpuQM4=
-303,-207,Ri2hAHGS14le6AOBGmc8H48tCTI=,cZbQU2tgm36viIiuP9K9wwpuQM4=
-302,-207,Ri2hAHGS14le6AOBGmc8H48tCTI=,cZbQU2tgm36viIiuP9K9wwpuQM4=
-298,-208,Ri2hAHGS14le6AOBGmc8H48tCTI=,cZbQU2tgm36viIiuP9K9wwpuQM4=
-289,-208,Ri2hAHGS14le6AOBGmc8H48tCTI=,cZbQU2tgm36viIiuP9K9wwpuQM4=
-301,-207,Ri2hAHGS14le6AOBGmc8H48tCTI=,cZbQU2tgm36viIiuP9K9wwpuQM4=
-297,-208,Ri2hAHGS14le6AOBGmc8H48tCTI=,cZbQU2tgm36viIiuP9K9wwpuQM4=
-299,-208,Ri2hAHGS14le6AOBGmc8H48tCTI=,cZbQU2tgm36viIiuP9K9wwpuQM4=
-290,-193,Ri2hAHGS14le6AOBGmc8H48tCTI=,cZbQU2tgm36viIiuP9K9wwpuQM4=
-289,-193,Ri2hAHGS14le6AOBGmc8H48tCTI=,cZbQU2tgm36viIiuP9K9wwpuQM4=
-303,-208,Ri2hAHGS14le6AOBGmc8H48tCTI=,cZbQU2tgm36viIiuP9K9wwpuQM4=
-296,-208,Ri2hAHGS14le6AOBGmc8H48tCTI=,cZbQU2tgm36viIiuP9K9wwpuQM4=
-294,-193,Ri2hAHGS14le6AOBGmc8H48tCTI=,cZbQU2tgm36viIiuP9K9wwpuQM4=
-300,-207,Ri2hAHGS14le6AOBGmc8H48tCTI=,cZbQU2tgm36viIiuP9K9wwpuQM4=
-290,-208,Ri2hAHGS14le6AOBGmc8H48tCTI=,cZbQU2tgm36viIiuP9K9wwpuQM4=
-304,-208,Ri2hAHGS14le6AOBGmc8H48tCTI=,cZbQU2tgm36viIiuP9K9wwpuQM4=
-295,-193,Ri2hAHGS14le6AOBGmc8H48tCTI=,cZbQU2tgm36viIiuP9K9wwpuQM4=
-302,-208,Ri2hAHGS14le6AOBGmc8H48tCTI=,cZbQU2tgm36viIiuP9K9wwpuQM4=
-296,-193,Ri2hAHGS14le6AOBGmc8H48tCTI=,cZbQU2tgm36viIiuP9K9wwpuQM4=
-291,-193,Ri2hAHGS14le6AOBGmc8H48tCTI=,cZbQU2tgm36viIiuP9K9wwpuQM4=
-299,-207,Ri2hAHGS14le6AOBGmc8H48tCTI=,cZbQU2tgm36viIiuP9K9wwpuQM4=
-292,-193,Ri2hAHGS14le6AOBGmc8H48tCTI=,cZbQU2tgm36viIiuP9K9wwpuQM4=
-293,-193,Ri2hAHGS14le6AOBGmc8H48tCTI=,cZbQU2tgm36viIiuP9K9wwpuQM4=
-300,-193,Ri2hAHGS14le6AOBGmc8H48tCTI=,cZbQU2tgm36viIiuP9K9wwpuQM4=
-297,-193,Ri2hAHGS14le6AOBGmc8H48tCTI=,cZbQU2tgm36viIiuP9K9wwpuQM4=
-299,-193,Ri2hAHGS14le6AOBGmc8H48tCTI=,cZbQU2tgm36viIiuP9K9wwpuQM4=
-302,-193,Ri2hAHGS14le6AOBGmc8H48tCTI=,cZbQU2tgm36viIiuP9K9wwpuQM4=
-301,-193,Ri2hAHGS14le6AOBGmc8H48tCTI=,cZbQU2tgm36viIiuP9K9wwpuQM4=
-301,-208,Ri2hAHGS14le6AOBGmc8H48tCTI=,cZbQU2tgm36viIiuP9K9wwpuQM4=
-303,-193,Ri2hAHGS14le6AOBGmc8H48tCTI=,cZbQU2tgm36viIiuP9K9wwpuQM4=
-298,-207,Ri2hAHGS14le6AOBGmc8H48tCTI=,cZbQU2tgm36viIiuP9K9wwpuQM4=
-294,-194,Ri2hAHGS14le6AOBGmc8H48tCTI=,cZbQU2tgm36viIiuP9K9wwpuQM4=
-295,-208,Ri2hAHGS14le6AOBGmc8H48tCTI=,cZbQU2tgm36viIiuP9K9wwpuQM4=
-293,-194,Ri2hAHGS14le6AOBGmc8H48tCTI=,cZbQU2tgm36viIiuP9K9wwpuQM4=
-291,-194,Ri2hAHGS14le6AOBGmc8H48tCTI=,cZbQU2tgm36viIiuP9K9wwpuQM4=
-297,-207,Ri2hAHGS14le6AOBGmc8H48tCTI=,cZbQU2tgm36viIiuP9K9wwpuQM4=
-296,-194,Ri2hAHGS14le6AOBGmc8H48tCTI=,cZbQU2tgm36viIiuP9K9wwpuQM4=
-302,-194,Ri2hAHGS14le6AOBGmc8H48tCTI=,cZbQU2tgm36viIiuP9K9wwpuQM4=
-289,-195,Ri2hAHGS14le6AOBGmc8H48tCTI=,cZbQU2tgm36viIiuP9K9wwpuQM4=
-300,-194,Ri2hAHGS14le6AOBGmc8H48tCTI=,cZbQU2tgm36viIiuP9K9wwpuQM4=
-296,-207,Ri2hAHGS14le6AOBGmc8H48tCTI=,cZbQU2tgm36viIiuP9K9wwpuQM4=
-290,-195,Ri2hAHGS14le6AOBGmc8H48tCTI=,cZbQU2tgm36viIiuP9K9wwpuQM4=
-300,-208,Ri2hAHGS14le6AOBGmc8H48tCTI=,cZbQU2tgm36viIiuP9K9wwpuQM4=
-292,-195,Ri2hAHGS14le6AOBGmc8H48tCTI=,cZbQU2tgm36viIiuP9K9wwpuQM4=
-304,-194,Ri2hAHGS14le6AOBGmc8H48tCTI=,cZbQU2tgm36viIiuP9K9wwpuQM4=
-294,-195,Ri2hAHGS14le6AOBGmc8H48tCTI=,cZbQU2tgm36viIiuP9K9wwpuQM4=
-299,-194,Ri2hAHGS14le6AOBGmc8H48tCTI=,cZbQU2tgm36viIiuP9K9wwpuQM4=
-298,-194,Ri2hAHGS14le6AOBGmc8H48tCTI=,cZbQU2tgm36viIiuP9K9wwpuQM4=
-299,-195,Ri2hAHGS14le6AOBGmc8H48tCTI=,cZbQU2tgm36viIiuP9K9wwpuQM4=
-297,-195,Ri2hAHGS14le6AOBGmc8H48tCTI=,cZbQU2tgm36viIiuP9K9wwpuQM4=
-303,-194,Ri2hAHGS14le6AOBGmc8H48tCTI=,cZbQU2tgm36viIiuP9K9wwpuQM4=
-289,-194,Ri2hAHGS14le6AOBGmc8H48tCTI=,cZbQU2tgm36viIiuP9K9wwpuQM4=
-295,-195,Ri2hAHGS14le6AOBGmc8H48tCTI=,cZbQU2tgm36viIiuP9K9wwpuQM4=
-300,-195,Ri2hAHGS14le6AOBGmc8H48tCTI=,cZbQU2tgm36viIiuP9K9wwpuQM4=
-295,-194,Ri2hAHGS14le6AOBGmc8H48tCTI=,cZbQU2tgm36viIiuP9K9wwpuQM4=
-293,-195,Ri2hAHGS14le6AOBGmc8H48tCTI=,cZbQU2tgm36viIiuP9K9wwpuQM4=
-298,-193,Ri2hAHGS14le6AOBGmc8H48tCTI=,cZbQU2tgm36viIiuP9K9wwpuQM4=
-303,-195,Ri2hAHGS14le6AOBGmc8H48tCTI=,cZbQU2tgm36viIiuP9K9wwpuQM4=
-304,-193,Ri2hAHGS14le6AOBGmc8H48tCTI=,cZbQU2tgm36viIiuP9K9wwpuQM4=
-301,-195,Ri2hAHGS14le6AOBGmc8H48tCTI=,cZbQU2tgm36viIiuP9K9wwpuQM4=
-296,-195,Ri2hAHGS14le6AOBGmc8H48tCTI=,cZbQU2tgm36viIiuP9K9wwpuQM4=
-292,-196,Ri2hAHGS14le6AOBGmc8H48tCTI=,cZbQU2tgm36viIiuP9K9wwpuQM4=
-304,-195,Ri2hAHGS14le6AOBGmc8H48tCTI=,cZbQU2tgm36viIiuP9K9wwpuQM4=
-293,-196,Ri2hAHGS14le6AOBGmc8H48tCTI=,cZbQU2tgm36viIiuP9K9wwpuQM4=
-297,-196,Ri2hAHGS14le6AOBGmc8H48tCTI=,cZbQU2tgm36viIiuP9K9wwpuQM4=
-291,-195,Ri2hAHGS14le6AOBGmc8H48tCTI=,cZbQU2tgm36viIiuP9K9wwpuQM4=
-296,-196,Ri2hAHGS14le6AOBGmc8H48tCTI=,cZbQU2tgm36viIiuP9K9wwpuQM4=
-295,-196,Ri2hAHGS14le6AOBGmc8H48tCTI=,cZbQU2tgm36viIiuP9K9wwpuQM4=
-298,-196,Ri2hAHGS14le6AOBGmc8H48tCTI=,cZbQU2tgm36viIiuP9K9wwpuQM4=
-294,-196,Ri2hAHGS14le6AOBGmc8H48tCTI=,cZbQU2tgm36viIiuP9K9wwpuQM4=
-300,-196,Ri2hAHGS14le6AOBGmc8H48tCTI=,cZbQU2tgm36viIiuP9K9wwpuQM4=
-301,-196,Ri2hAHGS14le6AOBGmc8H48tCTI=,cZbQU2tgm36viIiuP9K9wwpuQM4=
-292,-197,Ri2hAHGS14le6AOBGmc8H48tCTI=,cZbQU2tgm36viIiuP9K9wwpuQM4=
-289,-196,Ri2hAHGS14le6AOBGmc8H48tCTI=,cZbQU2tgm36viIiuP9K9wwpuQM4=
-299,-196,Ri2hAHGS14le6AOBGmc8H48tCTI=,cZbQU2tgm36viIiuP9K9wwpuQM4=
-298,-195,Ri2hAHGS14le6AOBGmc8H48tCTI=,cZbQU2tgm36viIiuP9K9wwpuQM4=
-302,-196,Ri2hAHGS14le6AOBGmc8H48tCTI=,cZbQU2tgm36viIiuP9K9wwpuQM4=
-303,-196,Ri2hAHGS14le6AOBGmc8H48tCTI=,cZbQU2tgm36viIiuP9K9wwpuQM4=
-298,-197,Ri2hAHGS14le6AOBGmc8H48tCTI=,cZbQU2tgm36viIiuP9K9wwpuQM4=
-291,-197,Ri2hAHGS14le6AOBGmc8H48tCTI=,cZbQU2tgm36viIiuP9K9wwpuQM4=
-302,-195,Ri2hAHGS14le6AOBGmc8H48tCTI=,cZbQU2tgm36viIiuP9K9wwpuQM4=
-304,-196,Ri2hAHGS14le6AOBGmc8H48tCTI=,cZbQU2tgm36viIiuP9K9wwpuQM4=
-297,-197,Ri2hAHGS14le6AOBGmc8H48tCTI=,cZbQU2tgm36viIiuP9K9wwpuQM4=
-294,-197,Ri2hAHGS14le6AOBGmc8H48tCTI=,cZbQU2tgm36viIiuP9K9wwpuQM4=
-299,-197,Ri2hAHGS14le6AOBGmc8H48tCTI=,cZbQU2tgm36viIiuP9K9wwpuQM4=
-297,-194,Ri2hAHGS14le6AOBGmc8H48tCTI=,cZbQU2tgm36viIiuP9K9wwpuQM4=
-289,-197,Ri2hAHGS14le6AOBGmc8H48tCTI=,cZbQU2tgm36viIiuP9K9wwpuQM4=
-295,-197,Ri2hAHGS14le6AOBGmc8H48tCTI=,cZbQU2tgm36viIiuP9K9wwpuQM4=
-291,-198,Ri2hAHGS14le6AOBGmc8H48tCTI=,cZbQU2tgm36viIiuP9K9wwpuQM4=
-293,-197,Ri2hAHGS14le6AOBGmc8H48tCTI=,cZbQU2tgm36viIiuP9K9wwpuQM4=
-300,-197,Ri2hAHGS14le6AOBGmc8H48tCTI=,cZbQU2tgm36viIiuP9K9wwpuQM4=
-302,-197,Ri2hAHGS14le6AOBGmc8H48tCTI=,cZbQU2tgm36viIiuP9K9wwpuQM4=
-292,-198,Ri2hAHGS14le6AOBGmc8H48tCTI=,cZbQU2tgm36viIiuP9K9wwpuQM4=
-301,-197,Ri2hAHGS14le6AOBGmc8H48tCTI=,cZbQU2tgm36viIiuP9K9wwpuQM4=
-303,-197,Ri2hAHGS14le6AOBGmc8H48tCTI=,cZbQU2tgm36viIiuP9K9wwpuQM4=
-301,-198,Ri2hAHGS14le6AOBGmc8H48tCTI=,cZbQU2tgm36viIiuP9K9wwpuQM4=
-290,-196,Ri2hAHGS14le6AOBGmc8H48tCTI=,cZbQU2tgm36viIiuP9K9wwpuQM4=
-297,-198,Ri2hAHGS14le6AOBGmc8H48tCTI=,cZbQU2tgm36viIiuP9K9wwpuQM4=
-304,-197,Ri2hAHGS14le6AOBGmc8H48tCTI=,cZbQU2tgm36viIiuP9K9wwpuQM4=
-296,-198,Ri2hAHGS14le6AOBGmc8H48tCTI=,cZbQU2tgm36viIiuP9K9wwpuQM4=
-293,-198,Ri2hAHGS14le6AOBGmc8H48tCTI=,cZbQU2tgm36viIiuP9K9wwpuQM4=
-296,-197,Ri2hAHGS14le6AOBGmc8H48tCTI=,cZbQU2tgm36viIiuP9K9wwpuQM4=
-302,-198,Ri2hAHGS14le6AOBGmc8H48tCTI=,cZbQU2tgm36viIiuP9K9wwpuQM4=
-303,-198,Ri2hAHGS14le6AOBGmc8H48tCTI=,cZbQU2tgm36viIiuP9K9wwpuQM4=
-301,-194,Ri2hAHGS14le6AOBGmc8H48tCTI=,cZbQU2tgm36viIiuP9K9wwpuQM4=
-291,-196,Ri2hAHGS14le6AOBGmc8H48tCTI=,cZbQU2tgm36viIiuP9K9wwpuQM4=
-293,-199,Ri2hAHGS14le6AOBGmc8H48tCTI=,cZbQU2tgm36viIiuP9K9wwpuQM4=
-295,-207,Ri2hAHGS14le6AOBGmc8H48tCTI=,cZbQU2tgm36viIiuP9K9wwpuQM4=
-299,-199,Ri2hAHGS14le6AOBGmc8H48tCTI=,cZbQU2tgm36viIiuP9K9wwpuQM4=
-304,-198,Ri2hAHGS14le6AOBGmc8H48tCTI=,cZbQU2tgm36viIiuP9K9wwpuQM4=
-298,-198,Ri2hAHGS14le6AOBGmc8H48tCTI=,cZbQU2tgm36viIiuP9K9wwpuQM4=
-298,-199,Ri2hAHGS14le6AOBGmc8H48tCTI=,cZbQU2tgm36viIiuP9K9wwpuQM4=
-300,-199,Ri2hAHGS14le6AOBGmc8H48tCTI=,cZbQU2tgm36viIiuP9K9wwpuQM4=
-292,-199,Ri2hAHGS14le6AOBGmc8H48tCTI=,cZbQU2tgm36viIiuP9K9wwpuQM4=
-303,-199,Ri2hAHGS14le6AOBGmc8H48tCTI=,cZbQU2tgm36viIiuP9K9wwpuQM4=
-296,-199,Ri2hAHGS14le6AOBGmc8H48tCTI=,cZbQU2tgm36viIiuP9K9wwpuQM4=
-301,-199,Ri2hAHGS14le6AOBGmc8H48tCTI=,cZbQU2tgm36viIiuP9K9wwpuQM4=
-289,-199,Ri2hAHGS14le6AOBGmc8H48tCTI=,cZbQU2tgm36viIiuP9K9wwpuQM4=
-302,-199,Ri2hAHGS14le6AOBGmc8H48tCTI=,cZbQU2tgm36viIiuP9K9wwpuQM4=
-297,-199,Ri2hAHGS14le6AOBGmc8H48tCTI=,cZbQU2tgm36viIiuP9K9wwpuQM4=
-293,-200,Ri2hAHGS14le6AOBGmc8H48tCTI=,cZbQU2tgm36viIiuP9K9wwpuQM4=
-290,-199,Ri2hAHGS14le6AOBGmc8H48tCTI=,cZbQU2tgm36viIiuP9K9wwpuQM4=
-295,-199,Ri2hAHGS14le6AOBGmc8H48tCTI=,cZbQU2tgm36viIiuP9K9wwpuQM4=
-304,-199,Ri2hAHGS14le6AOBGmc8H48tCTI=,cZbQU2tgm36viIiuP9K9wwpuQM4=
-291,-199,Ri2hAHGS14le6AOBGmc8H48tCTI=,cZbQU2tgm36viIiuP9K9wwpuQM4=
-290,-194,Ri2hAHGS14le6AOBGmc8H48tCTI=,cZbQU2tgm36viIiuP9K9wwpuQM4=
-298,-200,Ri2hAHGS14le6AOBGmc8H48tCTI=,cZbQU2tgm36viIiuP9K9wwpuQM4=
-299,-200,Ri2hAHGS14le6AOBGmc8H48tCTI=,cZbQU2tgm36viIiuP9K9wwpuQM4=
-300,-200,Ri2hAHGS14le6AOBGmc8H48tCTI=,cZbQU2tgm36viIiuP9K9wwpuQM4=
-294,-207,Ri2hAHGS14le6AOBGmc8H48tCTI=,cZbQU2tgm36viIiuP9K9wwpuQM4=
-301,-200,Ri2hAHGS14le6AOBGmc8H48tCTI=,cZbQU2tgm36viIiuP9K9wwpuQM4=
-296,-200,Ri2hAHGS14le6AOBGmc8H48tCTI=,cZbQU2tgm36viIiuP9K9wwpuQM4=
-290,-198,Ri2hAHGS14le6AOBGmc8H48tCTI=,cZbQU2tgm36viIiuP9K9wwpuQM4=
-290,-197,Ri2hAHGS14le6AOBGmc8H48tCTI=,cZbQU2tgm36viIiuP9K9wwpuQM4=
-292,-200,Ri2hAHGS14le6AOBGmc8H48tCTI=,cZbQU2tgm36viIiuP9K9wwpuQM4=
-302,-200,Ri2hAHGS14le6AOBGmc8H48tCTI=,cZbQU2tgm36viIiuP9K9wwpuQM4=
-297,-200,Ri2hAHGS14le6AOBGmc8H48tCTI=,cZbQU2tgm36viIiuP9K9wwpuQM4=
-292,-201,Ri2hAHGS14le6AOBGmc8H48tCTI=,cZbQU2tgm36viIiuP9K9wwpuQM4=
-291,-201,Ri2hAHGS14le6AOBGmc8H48tCTI=,cZbQU2tgm36viIiuP9K9wwpuQM4=
-290,-200,Ri2hAHGS14le6AOBGmc8H48tCTI=,cZbQU2tgm36viIiuP9K9wwpuQM4=
-294,-198,Ri2hAHGS14le6AOBGmc8H48tCTI=,cZbQU2tgm36viIiuP9K9wwpuQM4=
-293,-201,Ri2hAHGS14le6AOBGmc8H48tCTI=,cZbQU2tgm36viIiuP9K9wwpuQM4=
-298,-201,Ri2hAHGS14le6AOBGmc8H48tCTI=,cZbQU2tgm36viIiuP9K9wwpuQM4=
-292,-194,Ri2hAHGS14le6AOBGmc8H48tCTI=,cZbQU2tgm36viIiuP9K9wwpuQM4=
-293,-207,Ri2hAHGS14le6AOBGmc8H48tCTI=,cZbQU2tgm36viIiuP9K9wwpuQM4=
-292,-207,Ri2hAHGS14le6AOBGmc8H48tCTI=,cZbQU2tgm36viIiuP9K9wwpuQM4=
-304,-200,Ri2hAHGS14le6AOBGmc8H48tCTI=,cZbQU2tgm36viIiuP9K9wwpuQM4=
-300,-201,Ri2hAHGS14le6AOBGmc8H48tCTI=,cZbQU2tgm36viIiuP9K9wwpuQM4=
-289,-198,Ri2hAHGS14le6AOBGmc8H48tCTI=,cZbQU2tgm36viIiuP9K9wwpuQM4=
-295,-201,Ri2hAHGS14le6AOBGmc8H48tCTI=,cZbQU2tgm36viIiuP9K9wwpuQM4=
-294,-201,Ri2hAHGS14le6AOBGmc8H48tCTI=,cZbQU2tgm36viIiuP9K9wwpuQM4=
-290,-201,Ri2hAHGS14le6AOBGmc8H48tCTI=,cZbQU2tgm36viIiuP9K9wwpuQM4=
-299,-198,Ri2hAHGS14le6AOBGmc8H48tCTI=,cZbQU2tgm36viIiuP9K9wwpuQM4=
-292,-202,Ri2hAHGS14le6AOBGmc8H48tCTI=,cZbQU2tgm36viIiuP9K9wwpuQM4=
-302,-201,Ri2hAHGS14le6AOBGmc8H48tCTI=,cZbQU2tgm36viIiuP9K9wwpuQM4=
-291,-202,Ri2hAHGS14le6AOBGmc8H48tCTI=,cZbQU2tgm36viIiuP9K9wwpuQM4=
-296,-201,Ri2hAHGS14le6AOBGmc8H48tCTI=,cZbQU2tgm36viIiuP9K9wwpuQM4=
-291,-200,Ri2hAHGS14le6AOBGmc8H48tCTI=,cZbQU2tgm36viIiuP9K9wwpuQM4=
-293,-202,Ri2hAHGS14le6AOBGmc8H48tCTI=,cZbQU2tgm36viIiuP9K9wwpuQM4=
-294,-202,Ri2hAHGS14le6AOBGmc8H48tCTI=,cZbQU2tgm36viIiuP9K9wwpuQM4=
-303,-201,Ri2hAHGS14le6AOBGmc8H48tCTI=,cZbQU2tgm36viIiuP9K9wwpuQM4=
-289,-201,Ri2hAHGS14le6AOBGmc8H48tCTI=,cZbQU2tgm36viIiuP9K9wwpuQM4=
-295,-202,Ri2hAHGS14le6AOBGmc8H48tCTI=,cZbQU2tgm36viIiuP9K9wwpuQM4=
-302,-202,Ri2hAHGS14le6AOBGmc8H48tCTI=,cZbQU2tgm36viIiuP9K9wwpuQM4=
-291,-207,Ri2hAHGS14le6AOBGmc8H48tCTI=,cZbQU2tgm36viIiuP9K9wwpuQM4=
-299,-201,Ri2hAHGS14le6AOBGmc8H48tCTI=,cZbQU2tgm36viIiuP9K9wwpuQM4=
-298,-202,Ri2hAHGS14le6AOBGmc8H48tCTI=,cZbQU2tgm36viIiuP9K9wwpuQM4=
-299,-202,Ri2hAHGS14le6AOBGmc8H48tCTI=,cZbQU2tgm36viIiuP9K9wwpuQM4=
-301,-202,Ri2hAHGS14le6AOBGmc8H48tCTI=,cZbQU2tgm36viIiuP9K9wwpuQM4=
-291,-203,Ri2hAHGS14le6AOBGmc8H48tCTI=,cZbQU2tgm36viIiuP9K9wwpuQM4=
-300,-202,Ri2hAHGS14le6AOBGmc8H48tCTI=,cZbQU2tgm36viIiuP9K9wwpuQM4=
-303,-202,Ri2hAHGS14le6AOBGmc8H48tCTI=,cZbQU2tgm36viIiuP9K9wwpuQM4=
-294,-200,Ri2hAHGS14le6AOBGmc8H48tCTI=,cZbQU2tgm36viIiuP9K9wwpuQM4=
-300,-198,Ri2hAHGS14le6AOBGmc8H48tCTI=,cZbQU2tgm36viIiuP9K9wwpuQM4=
-290,-203,Ri2hAHGS14le6AOBGmc8H48tCTI=,cZbQU2tgm36viIiuP9K9wwpuQM4=
-292,-203,Ri2hAHGS14le6AOBGmc8H48tCTI=,cZbQU2tgm36viIiuP9K9wwpuQM4=
-304,-202,Ri2hAHGS14le6AOBGmc8H48tCTI=,cZbQU2tgm36viIiuP9K9wwpuQM4=
-289,-202,Ri2hAHGS14le6AOBGmc8H48tCTI=,cZbQU2tgm36viIiuP9K9wwpuQM4=
-296,-202,Ri2hAHGS14le6AOBGmc8H48tCTI=,cZbQU2tgm36viIiuP9K9wwpuQM4=
-297,-202,Ri2hAHGS14le6AOBGmc8H48tCTI=,cZbQU2tgm36viIiuP9K9wwpuQM4=
-289,-200,Ri2hAHGS14le6AOBGmc8H48tCTI=,cZbQU2tgm36viIiuP9K9wwpuQM4=
-298,-203,Ri2hAHGS14le6AOBGmc8H48tCTI=,cZbQU2tgm36viIiuP9K9wwpuQM4=
-296,-203,Ri2hAHGS14le6AOBGmc8H48tCTI=,cZbQU2tgm36viIiuP9K9wwpuQM4=
-295,-203,Ri2hAHGS14le6AOBGmc8H48tCTI=,cZbQU2tgm36viIiuP9K9wwpuQM4=
-291,-204,Ri2hAHGS14le6AOBGmc8H48tCTI=,cZbQU2tgm36viIiuP9K9wwpuQM4=
-297,-201,Ri2hAHGS14le6AOBGmc8H48tCTI=,cZbQU2tgm36viIiuP9K9wwpuQM4=
-301,-203,Ri2hAHGS14le6AOBGmc8H48tCTI=,cZbQU2tgm36viIiuP9K9wwpuQM4=
-294,-199,Ri2hAHGS14le6AOBGmc8H48tCTI=,cZbQU2tgm36viIiuP9K9wwpuQM4=
-290,-204,Ri2hAHGS14le6AOBGmc8H48tCTI=,cZbQU2tgm36viIiuP9K9wwpuQM4=
-297,-203,Ri2hAHGS14le6AOBGmc8H48tCTI=,cZbQU2tgm36viIiuP9K9wwpuQM4=
-300,-203,Ri2hAHGS14le6AOBGmc8H48tCTI=,cZbQU2tgm36viIiuP9K9wwpuQM4=
-292,-204,Ri2hAHGS14le6AOBGmc8H48tCTI=,cZbQU2tgm36viIiuP9K9wwpuQM4=
-298,-204,Ri2hAHGS14le6AOBGmc8H48tCTI=,cZbQU2tgm36viIiuP9K9wwpuQM4=
-304,-201,Ri2hAHGS14le6AOBGmc8H48tCTI=,cZbQU2tgm36viIiuP9K9wwpuQM4=
-304,-203,Ri2hAHGS14le6AOBGmc8H48tCTI=,cZbQU2tgm36viIiuP9K9wwpuQM4=
-302,-204,Ri2hAHGS14le6AOBGmc8H48tCTI=,cZbQU2tgm36viIiuP9K9wwpuQM4=
-299,-204,Ri2hAHGS14le6AOBGmc8H48tCTI=,cZbQU2tgm36viIiuP9K9wwpuQM4=
-300,-204,Ri2hAHGS14le6AOBGmc8H48tCTI=,cZbQU2tgm36viIiuP9K9wwpuQM4=
-297,-204,Ri2hAHGS14le6AOBGmc8H48tCTI=,cZbQU2tgm36viIiuP9K9wwpuQM4=
-294,-204,Ri2hAHGS14le6AOBGmc8H48tCTI=,cZbQU2tgm36viIiuP9K9wwpuQM4=
-303,-204,Ri2hAHGS14le6AOBGmc8H48tCTI=,cZbQU2tgm36viIiuP9K9wwpuQM4=
-301,-204,Ri2hAHGS14le6AOBGmc8H48tCTI=,cZbQU2tgm36viIiuP9K9wwpuQM4=
-295,-204,Ri2hAHGS14le6AOBGmc8H48tCTI=,cZbQU2tgm36viIiuP9K9wwpuQM4=
-304,-204,Ri2hAHGS14le6AOBGmc8H48tCTI=,cZbQU2tgm36viIiuP9K9wwpuQM4=
-295,-198,Ri2hAHGS14le6AOBGmc8H48tCTI=,cZbQU2tgm36viIiuP9K9wwpuQM4=
-296,-204,Ri2hAHGS14le6AOBGmc8H48tCTI=,cZbQU2tgm36viIiuP9K9wwpuQM4=
-291,-205,Ri2hAHGS14le6AOBGmc8H48tCTI=,cZbQU2tgm36viIiuP9K9wwpuQM4=
-303,-203,Ri2hAHGS14le6AOBGmc8H48tCTI=,cZbQU2tgm36viIiuP9K9wwpuQM4=
-301,-201,Ri2hAHGS14le6AOBGmc8H48tCTI=,cZbQU2tgm36viIiuP9K9wwpuQM4=
-295,-200,Ri2hAHGS14le6AOBGmc8H48tCTI=,cZbQU2tgm36viIiuP9K9wwpuQM4=
-289,-204,Ri2hAHGS14le6AOBGmc8H48tCTI=,cZbQU2tgm36viIiuP9K9wwpuQM4=
-290,-202,Ri2hAHGS14le6AOBGmc8H48tCTI=,cZbQU2tgm36viIiuP9K9wwpuQM4=
-302,-203,Ri2hAHGS14le6AOBGmc8H48tCTI=,cZbQU2tgm36viIiuP9K9wwpuQM4=
-293,-203,Ri2hAHGS14le6AOBGmc8H48tCTI=,cZbQU2tgm36viIiuP9K9wwpuQM4=
-303,-200,Ri2hAHGS14le6AOBGmc8H48tCTI=,cZbQU2tgm36viIiuP9K9wwpuQM4=
-294,-203,Ri2hAHGS14le6AOBGmc8H48tCTI=,cZbQU2tgm36viIiuP9K9wwpuQM4=
-293,-205,Ri2hAHGS14le6AOBGmc8H48tCTI=,cZbQU2tgm36viIiuP9K9wwpuQM4=
-298,-205,Ri2hAHGS14le6AOBGmc8H48tCTI=,cZbQU2tgm36viIiuP9K9wwpuQM4=
-299,-205,Ri2hAHGS14le6AOBGmc8H48tCTI=,cZbQU2tgm36viIiuP9K9wwpuQM4=
-300,-205,Ri2hAHGS14le6AOBGmc8H48tCTI=,cZbQU2tgm36viIiuP9K9wwpuQM4=
-294,-205,Ri2hAHGS14le6AOBGmc8H48tCTI=,cZbQU2tgm36viIiuP9K9wwpuQM4=
-293,-204,Ri2hAHGS14le6AOBGmc8H48tCTI=,cZbQU2tgm36viIiuP9K9wwpuQM4=
-296,-205,Ri2hAHGS14le6AOBGmc8H48tCTI=,cZbQU2tgm36viIiuP9K9wwpuQM4=
-301,-205,Ri2hAHGS14le6AOBGmc8H48tCTI=,cZbQU2tgm36viIiuP9K9wwpuQM4=
-295,-205,Ri2hAHGS14le6AOBGmc8H48tCTI=,cZbQU2tgm36viIiuP9K9wwpuQM4=
-290,-207,Ri2hAHGS14le6AOBGmc8H48tCTI=,cZbQU2tgm36viIiuP9K9wwpuQM4=
-290,-205,Ri2hAHGS14le6AOBGmc8H48tCTI=,cZbQU2tgm36viIiuP9K9wwpuQM4=
-302,-205,Ri2hAHGS14le6AOBGmc8H48tCTI=,cZbQU2tgm36viIiuP9K9wwpuQM4=
-289,-205,Ri2hAHGS14le6AOBGmc8H48tCTI=,cZbQU2tgm36viIiuP9K9wwpuQM4=
-304,-205,Ri2hAHGS14le6AOBGmc8H48tCTI=,cZbQU2tgm36viIiuP9K9wwpuQM4=
-291,-206,Ri2hAHGS14le6AOBGmc8H48tCTI=,cZbQU2tgm36viIiuP9K9wwpuQM4=
-298,-206,Ri2hAHGS14le6AOBGmc8H48tCTI=,cZbQU2tgm36viIiuP9K9wwpuQM4=
-303,-205,Ri2hAHGS14le6AOBGmc8H48tCTI=,cZbQU2tgm36viIiuP9K9wwpuQM4=
-289,-206,Ri2hAHGS14le6AOBGmc8H48tCTI=,cZbQU2tgm36viIiuP9K9wwpuQM4=
-296,-206,Ri2hAHGS14le6AOBGmc8H48tCTI=,cZbQU2tgm36viIiuP9K9wwpuQM4=
-294,-206,Ri2hAHGS14le6AOBGmc8H48tCTI=,cZbQU2tgm36viIiuP9K9wwpuQM4=
-292,-206,Ri2hAHGS14le6AOBGmc8H48tCTI=,cZbQU2tgm36viIiuP9K9wwpuQM4=
-299,-206,Ri2hAHGS14le6AOBGmc8H48tCTI=,cZbQU2tgm36viIiuP9K9wwpuQM4=
-301,-206,Ri2hAHGS14le6AOBGmc8H48tCTI=,cZbQU2tgm36viIiuP9K9wwpuQM4=
-297,-205,Ri2hAHGS14le6AOBGmc8H48tCTI=,cZbQU2tgm36viIiuP9K9wwpuQM4=
-300,-206,Ri2hAHGS14le6AOBGmc8H48tCTI=,cZbQU2tgm36viIiuP9K9wwpuQM4=
-302,-206,Ri2hAHGS14le6AOBGmc8H48tCTI=,cZbQU2tgm36viIiuP9K9wwpuQM4=
-295,-206,Ri2hAHGS14le6AOBGmc8H48tCTI=,cZbQU2tgm36viIiuP9K9wwpuQM4=
-290,-206,Ri2hAHGS14le6AOBGmc8H48tCTI=,cZbQU2tgm36viIiuP9K9wwpuQM4=
-293,-206,Ri2hAHGS14le6AOBGmc8H48tCTI=,cZbQU2tgm36viIiuP9K9wwpuQM4=
-303,-206,Ri2hAHGS14le6AOBGmc8H48tCTI=,cZbQU2tgm36viIiuP9K9wwpuQM4=
-304,-206,Ri2hAHGS14le6AOBGmc8H48tCTI=,cZbQU2tgm36viIiuP9K9wwpuQM4=
-289,-207,Ri2hAHGS14le6AOBGmc8H48tCTI=,cZbQU2tgm36viIiuP9K9wwpuQM4=
-297,-206,Ri2hAHGS14le6AOBGmc8H48tCTI=,cZbQU2tgm36viIiuP9K9wwpuQM4=
-299,-203,Ri2hAHGS14le6AOBGmc8H48tCTI=,cZbQU2tgm36viIiuP9K9wwpuQM4=
-289,-203,Ri2hAHGS14le6AOBGmc8H48tCTI=,cZbQU2tgm36viIiuP9K9wwpuQM4=
-292,-205,Ri2hAHGS14le6AOBGmc8H48tCTI=,cZbQU2tgm36viIiuP9K9wwpuQM4=
