143,128,yx4y+Nkue1kTJR1sHhFYD0ztDTo=,L++xyQgGkaNLnzuLiWtMOEMk40w=
143,129,yx4y+Nkue1kTJR1sHhFYD0ztDTo=,L++xyQgGkaNLnzuLiWtMOEMk40w=
128,130,yx4y+Nkue1kTJR1sHhFYD0ztDTo=,L++xyQgGkaNLnzuLiWtMOEMk40w=
128,128,yx4y+Nkue1kTJR1sHhFYD0ztDTo=,L++xyQgGkaNLnzuLiWtMOEMk40w=
142,129,yx4y+Nkue1kTJR1sHhFYD0ztDTo=,L++xyQgGkaNLnzuLiWtMOEMk40w=
143,143,yx4y+Nkue1kTJR1sHhFYD0ztDTo=,L++xyQgGkaNLnzuLiWtMOEMk40w=
142,143,yx4y+Nkue1kTJR1sHhFYD0ztDTo=,L++xyQgGkaNLnzuLiWtMOEMk40w=
141,143,yx4y+Nkue1kTJR1sHhFYD0ztDTo=,L++xyQgGkaNLnzuLiWtMOEMk40w=
140,143,yx4y+Nkue1kTJR1sHhFYD0ztDTo=,L++xyQgGkaNLnzuLiWtMOEMk40w=
139,143,yx4y+Nkue1kTJR1sHhFYD0ztDTo=,L++xyQgGkaNLnzuLiWtMOEMk40w=
138,143,yx4y+Nkue1kTJR1sHhFYD0ztDTo=,L++xyQgGkaNLnzuLiWtMOEMk40w=
137,143,yx4y+Nkue1kTJR1sHhFYD0ztDTo=,L++xyQgGkaNLnzuLiWtMOEMk40w=
136,143,yx4y+Nkue1kTJR1sHhFYD0ztDTo=,L++xyQgGkaNLnzuLiWtMOEMk40w=
135,143,yx4y+Nkue1kTJR1sHhFYD0ztDTo=,L++xyQgGkaNLnzuLiWtMOEMk40w=
129,130,yx4y+Nkue1kTJR1sHhFYD0ztDTo=,L++xyQgGkaNLnzuLiWtMOEMk40w=
134,143,yx4y+Nkue1kTJR1sHhFYD0ztDTo=,L++xyQgGkaNLnzuLiWtMOEMk40w=
130,130,yx4y+Nkue1kTJR1sHhFYD0ztDTo=,L++xyQgGkaNLnzuLiWtMOEMk40w=
131,130,yx4y+Nkue1kTJR1sHhFYD0ztDTo=,L++xyQgGkaNLnzuLiWtMOEMk40w=
133,143,yx4y+Nkue1kTJR1sHhFYD0ztDTo=,L++xyQgGkaNLnzuLiWtMOEMk40w=
132,130,yx4y+Nkue1kTJR1sHhFYD0ztDTo=,L++xyQgGkaNLnzuLiWtMOEMk40w=
133,130,yx4y+Nkue1kTJR1sHhFYD0ztDTo=,L++xyQgGkaNLnzuLiWtMOEMk40w=
132,143,yx4y+Nkue1kTJR1sHhFYD0ztDTo=,L++xyQgGkaNLnzuLiWtMOEMk40w=
142,128,yx4y+Nkue1kTJR1sHhFYD0ztDTo=,L++xyQgGkaNLnzuLiWtMOEMk40w=
130,143,yx4y+Nkue1kTJR1sHhFYD0ztDTo=,L++xyQgGkaNLnzuLiWtMOEMk40w=
141,128,yx4y+Nkue1kTJR1sHhFYD0ztDTo=,L++xyQgGkaNLnzuLiWtMOEMk40w=
140,128,yx4y+Nkue1kTJR1sHhFYD0ztDTo=,L++xyQgGkaNLnzuLiWtMOEMk40w=
139,128,yx4y+Nkue1kTJR1sHhFYD0ztDTo=,L++xyQgGkaNLnzuLiWtMOEMk40w=
138,128,yx4y+Nkue1kTJR1sHhFYD0ztDTo=,L++xyQgGkaNLnzuLiWtMOEMk40w=
137,128,yx4y+Nkue1kTJR1sHhFYD0ztDTo=,L++xyQgGkaNLnzuLiWtMOEMk40w=
136,128,yx4y+Nkue1kTJR1sHhFYD0ztDTo=,L++xyQgGkaNLnzuLiWtMOEMk40w=
135,128,yx4y+Nkue1kTJR1sHhFYD0ztDTo=,L++xyQgGkaNLnzuLiWtMOEMk40w=
134,130,yx4y+Nkue1kTJR1sHhFYD0ztDTo=,L++xyQgGkaNLnzuLiWtMOEMk40w=
135,130,yx4y+Nkue1kTJR1sHhFYD0ztDTo=,L++xyQgGkaNLnzuLiWtMOEMk40w=
136,130,yx4y+Nkue1kTJR1sHhFYD0ztDTo=,L++xyQgGkaNLnzuLiWtMOEMk40w=
137,130,yx4y+Nkue1kTJR1sHhFYD0ztDTo=,L++xyQgGkaNLnzuLiWtMOEMk40w=
138,130,yx4y+Nkue1kTJR1sHhFYD0ztDTo=,L++xyQgGkaNLnzuLiWtMOEMk40w=
139,130,yx4y+Nkue1kTJR1sHhFYD0ztDTo=,L++xyQgGkaNLnzuLiWtMOEMk40w=
140,130,yx4y+Nkue1kTJR1sHhFYD0ztDTo=,L++xyQgGkaNLnzuLiWtMOEMk40w=
141,130,yx4y+Nkue1kTJR1sHhFYD0ztDTo=,L++xyQgGkaNLnzuLiWtMOEMk40w=
129,143,yx4y+Nkue1kTJR1sHhFYD0ztDTo=,L++xyQgGkaNLnzuLiWtMOEMk40w=
128,129,yx4y+Nkue1kTJR1sHhFYD0ztDTo=,L++xyQgGkaNLnzuLiWtMOEMk40w=
142,130,yx4y+Nkue1kTJR1sHhFYD0ztDTo=,L++xyQgGkaNLnzuLiWtMOEMk40w=
143,130,yx4y+Nkue1kTJR1sHhFYD0ztDTo=,L++xyQgGkaNLnzuLiWtMOEMk40w=
134,128,yx4y+Nkue1kTJR1sHhFYD0ztDTo=,L++xyQgGkaNLnzuLiWtMOEMk40w=
133,128,yx4y+Nkue1kTJR1sHhFYD0ztDTo=,L++xyQgGkaNLnzuLiWtMOEMk40w=
128,131,yx4y+Nkue1kTJR1sHhFYD0ztDTo=,L++xyQgGkaNLnzuLiWtMOEMk40w=
132,128,yx4y+Nkue1kTJR1sHhFYD0ztDTo=,L++xyQgGkaNLnzuLiWtMOEMk40w=
129,131,yx4y+Nkue1kTJR1sHhFYD0ztDTo=,L++xyQgGkaNLnzuLiWtMOEMk40w=
131,128,yx4y+Nkue1kTJR1sHhFYD0ztDTo=,L++xyQgGkaNLnzuLiWtMOEMk40w=
130,131,yx4y+Nkue1kTJR1sHhFYD0ztDTo=,L++xyQgGkaNLnzuLiWtMOEMk40w=
130,128,yx4y+Nkue1kTJR1sHhFYD0ztDTo=,L++xyQgGkaNLnzuLiWtMOEMk40w=
141,129,yx4y+Nkue1kTJR1sHhFYD0ztDTo=,L++xyQgGkaNLnzuLiWtMOEMk40w=
129,128,yx4y+Nkue1kTJR1sHhFYD0ztDTo=,L++xyQgGkaNLnzuLiWtMOEMk40w=
143,142,yx4y+Nkue1kTJR1sHhFYD0ztDTo=,L++xyQgGkaNLnzuLiWtMOEMk40w=
142,142,yx4y+Nkue1kTJR1sHhFYD0ztDTo=,L++xyQgGkaNLnzuLiWtMOEMk40w=
141,142,yx4y+Nkue1kTJR1sHhFYD0ztDTo=,L++xyQgGkaNLnzuLiWtMOEMk40w=
140,142,yx4y+Nkue1kTJR1sHhFYD0ztDTo=,L++xyQgGkaNLnzuLiWtMOEMk40w=
139,142,yx4y+Nkue1kTJR1sHhFYD0ztDTo=,L++xyQgGkaNLnzuLiWtMOEMk40w=
138,142,yx4y+Nkue1kTJR1sHhFYD0ztDTo=,L++xyQgGkaNLnzuLiWtMOEMk40w=
137,142,yx4y+Nkue1kTJR1sHhFYD0ztDTo=,L++xyQgGkaNLnzuLiWtMOEMk40w=
136,142,yx4y+Nkue1kTJR1sHhFYD0ztDTo=,L++xyQgGkaNLnzuLiWtMOEMk40w=
135,142,yx4y+Nkue1kTJR1sHhFYD0ztDTo=,L++xyQgGkaNLnzuLiWtMOEMk40w=
134,142,yx4y+Nkue1kTJR1sHhFYD0ztDTo=,L++xyQgGkaNLnzuLiWtMOEMk40w=
131,131,yx4y+Nkue1kTJR1sHhFYD0ztDTo=,L++xyQgGkaNLnzuLiWtMOEMk40w=
133,142,yx4y+Nkue1kTJR1sHhFYD0ztDTo=,L++xyQgGkaNLnzuLiWtMOEMk40w=
132,131,yx4y+Nkue1kTJR1sHhFYD0ztDTo=,L++xyQgGkaNLnzuLiWtMOEMk40w=
131,143,yx4y+Nkue1kTJR1sHhFYD0ztDTo=,L++xyQgGkaNLnzuLiWtMOEMk40w=
133,131,yx4y+Nkue1kTJR1sHhFYD0ztDTo=,L++xyQgGkaNLnzuLiWtMOEMk40w=
131,142,yx4y+Nkue1kTJR1sHhFYD0ztDTo=,L++xyQgGkaNLnzuLiWtMOEMk40w=
132,142,yx4y+Nkue1kTJR1sHhFYD0ztDTo=,L++xyQgGkaNLnzuLiWtMOEMk40w=
140,129,yx4y+Nkue1kTJR1sHhFYD0ztDTo=,L++xyQgGkaNLnzuLiWtMOEMk40w=
129,142,yx4y+Nkue1kTJR1sHhFYD0ztDTo=,L++xyQgGkaNLnzuLiWtMOEMk40w=
130,142,yx4y+Nkue1kTJR1sHhFYD0ztDTo=,L++xyQgGkaNLnzuLiWtMOEMk40w=
143,141,yx4y+Nkue1kTJR1sHhFYD0ztDTo=,L++xyQgGkaNLnzuLiWtMOEMk40w=
142,141,yx4y+Nkue1kTJR1sHhFYD0ztDTo=,L++xyQgGkaNLnzuLiWtMOEMk40w=
141,141,yx4y+Nkue1kTJR1sHhFYD0ztDTo=,L++xyQgGkaNLnzuLiWtMOEMk40w=
140,141,yx4y+Nkue1kTJR1sHhFYD0ztDTo=,L++xyQgGkaNLnzuLiWtMOEMk40w=
139,141,yx4y+Nkue1kTJR1sHhFYD0ztDTo=,L++xyQgGkaNLnzuLiWtMOEMk40w=
138,141,yx4y+Nkue1kTJR1sHhFYD0ztDTo=,L++xyQgGkaNLnzuLiWtMOEMk40w=
137,141,yx4y+Nkue1kTJR1sHhFYD0ztDTo=,L++xyQgGkaNLnzuLiWtMOEMk40w=
136,141,yx4y+Nkue1kTJR1sHhFYD0ztDTo=,L++xyQgGkaNLnzuLiWtMOEMk40w=
135,141,yx4y+Nkue1kTJR1sHhFYD0ztDTo=,L++xyQgGkaNLnzuLiWtMOEMk40w=
134,141,yx4y+Nkue1kTJR1sHhFYD0ztDTo=,L++xyQgGkaNLnzuLiWtMOEMk40w=
133,141,yx4y+Nkue1kTJR1sHhFYD0ztDTo=,L++xyQgGkaNLnzuLiWtMOEMk40w=
128,142,yx4y+Nkue1kTJR1sHhFYD0ztDTo=,L++xyQgGkaNLnzuLiWtMOEMk40w=
131,141,yx4y+Nkue1kTJR1sHhFYD0ztDTo=,L++xyQgGkaNLnzuLiWtMOEMk40w=
128,143,yx4y+Nkue1kTJR1sHhFYD0ztDTo=,L++xyQgGkaNLnzuLiWtMOEMk40w=
139,129,yx4y+Nkue1kTJR1sHhFYD0ztDTo=,L++xyQgGkaNLnzuLiWtMOEMk40w=
130,141,yx4y+Nkue1kTJR1sHhFYD0ztDTo=,L++xyQgGkaNLnzuLiWtMOEMk40w=
129,141,yx4y+Nkue1kTJR1sHhFYD0ztDTo=,L++xyQgGkaNLnzuLiWtMOEMk40w=
143,140,yx4y+Nkue1kTJR1sHhFYD0ztDTo=,L++xyQgGkaNLnzuLiWtMOEMk40w=
142,140,yx4y+Nkue1kTJR1sHhFYD0ztDTo=,L++xyQgGkaNLnzuLiWtMOEMk40w=
141,140,yx4y+Nkue1kTJR1sHhFYD0ztDTo=,L++xyQgGkaNLnzuLiWtMOEMk40w=
140,140,yx4y+Nkue1kTJR1sHhFYD0ztDTo=,L++xyQgGkaNLnzuLiWtMOEMk40w=
139,140,yx4y+Nkue1kTJR1sHhFYD0ztDTo=,L++xyQgGkaNLnzuLiWtMOEMk40w=
138,140,yx4y+Nkue1kTJR1sHhFYD0ztDTo=,L++xyQgGkaNLnzuLiWtMOEMk40w=
137,140,yx4y+Nkue1kTJR1sHhFYD0ztDTo=,L++xyQgGkaNLnzuLiWtMOEMk40w=
136,140,yx4y+Nkue1kTJR1sHhFYD0ztDTo=,L++xyQgGkaNLnzuLiWtMOEMk40w=
135,140,yx4y+Nkue1kTJR1sHhFYD0ztDTo=,L++xyQgGkaNLnzuLiWtMOEMk40w=
134,140,yx4y+Nkue1kTJR1sHhFYD0ztDTo=,L++xyQgGkaNLnzuLiWtMOEMk40w=
128,141,yx4y+Nkue1kTJR1sHhFYD0ztDTo=,L++xyQgGkaNLnzuLiWtMOEMk40w=
133,140,yx4y+Nkue1kTJR1sHhFYD0ztDTo=,L++xyQgGkaNLnzuLiWtMOEMk40w=
138,129,yx4y+Nkue1kTJR1sHhFYD0ztDTo=,L++xyQgGkaNLnzuLiWtMOEMk40w=
134,131,yx4y+Nkue1kTJR1sHhFYD0ztDTo=,L++xyQgGkaNLnzuLiWtMOEMk40w=
135,131,yx4y+Nkue1kTJR1sHhFYD0ztDTo=,L++xyQgGkaNLnzuLiWtMOEMk40w=
136,131,yx4y+Nkue1kTJR1sHhFYD0ztDTo=,L++xyQgGkaNLnzuLiWtMOEMk40w=
137,131,yx4y+Nkue1kTJR1sHhFYD0ztDTo=,L++xyQgGkaNLnzuLiWtMOEMk40w=
138,131,yx4y+Nkue1kTJR1sHhFYD0ztDTo=,L++xyQgGkaNLnzuLiWtMOEMk40w=
139,131,yx4y+Nkue1kTJR1sHhFYD0ztDTo=,L++xyQgGkaNLnzuLiWtMOEMk40w=
140,131,yx4y+Nkue1kTJR1sHhFYD0ztDTo=,L++xyQgGkaNLnzuLiWtMOEMk40w=
132,140,yx4y+Nkue1kTJR1sHhFYD0ztDTo=,L++xyQgGkaNLnzuLiWtMOEMk40w=
131,140,yx4y+Nkue1kTJR1sHhFYD0ztDTo=,L++xyQgGkaNLnzuLiWtMOEMk40w=
129,140,yx4y+Nkue1kTJR1sHhFYD0ztDTo=,L++xyQgGkaNLnzuLiWtMOEMk40w=
129,129,yx4y+Nkue1kTJR1sHhFYD0ztDTo=,L++xyQgGkaNLnzuLiWtMOEMk40w=
141,131,yx4y+Nkue1kTJR1sHhFYD0ztDTo=,L++xyQgGkaNLnzuLiWtMOEMk40w=
142,131,yx4y+Nkue1kTJR1sHhFYD0ztDTo=,L++xyQgGkaNLnzuLiWtMOEMk40w=
143,131,yx4y+Nkue1kTJR1sHhFYD0ztDTo=,L++xyQgGkaNLnzuLiWtMOEMk40w=
130,140,yx4y+Nkue1kTJR1sHhFYD0ztDTo=,L++xyQgGkaNLnzuLiWtMOEMk40w=
143,139,yx4y+Nkue1kTJR1sHhFYD0ztDTo=,L++xyQgGkaNLnzuLiWtMOEMk40w=
142,139,yx4y+Nkue1kTJR1sHhFYD0ztDTo=,L++xyQgGkaNLnzuLiWtMOEMk40w=
141,139,yx4y+Nkue1kTJR1sHhFYD0ztDTo=,L++xyQgGkaNLnzuLiWtMOEMk40w=
140,139,yx4y+Nkue1kTJR1sHhFYD0ztDTo=,L++xyQgGkaNLnzuLiWtMOEMk40w=
139,139,yx4y+Nkue1kTJR1sHhFYD0ztDTo=,L++xyQgGkaNLnzuLiWtMOEMk40w=
138,139,yx4y+Nkue1kTJR1sHhFYD0ztDTo=,L++xyQgGkaNLnzuLiWtMOEMk40w=
137,139,yx4y+Nkue1kTJR1sHhFYD0ztDTo=,L++xyQgGkaNLnzuLiWtMOEMk40w=
136,139,yx4y+Nkue1kTJR1sHhFYD0ztDTo=,L++xyQgGkaNLnzuLiWtMOEMk40w=
135,139,yx4y+Nkue1kTJR1sHhFYD0ztDTo=,L++xyQgGkaNLnzuLiWtMOEMk40w=
128,140,yx4y+Nkue1kTJR1sHhFYD0ztDTo=,L++xyQgGkaNLnzuLiWtMOEMk40w=
128,132,yx4y+Nkue1kTJR1sHhFYD0ztDTo=,L++xyQgGkaNLnzuLiWtMOEMk40w=
129,132,yx4y+Nkue1kTJR1sHhFYD0ztDTo=,L++xyQgGkaNLnzuLiWtMOEMk40w=
134,139,yx4y+Nkue1kTJR1sHhFYD0ztDTo=,L++xyQgGkaNLnzuLiWtMOEMk40w=
137,129,yx4y+Nkue1kTJR1sHhFYD0ztDTo=,L++xyQgGkaNLnzuLiWtMOEMk40w=
130,132,yx4y+Nkue1kTJR1sHhFYD0ztDTo=,L++xyQgGkaNLnzuLiWtMOEMk40w=
132,141,yx4y+Nkue1kTJR1sHhFYD0ztDTo=,L++xyQgGkaNLnzuLiWtMOEMk40w=
132,139,yx4y+Nkue1kTJR1sHhFYD0ztDTo=,L++xyQgGkaNLnzuLiWtMOEMk40w=
131,132,yx4y+Nkue1kTJR1sHhFYD0ztDTo=,L++xyQgGkaNLnzuLiWtMOEMk40w=
131,139,yx4y+Nkue1kTJR1sHhFYD0ztDTo=,L++xyQgGkaNLnzuLiWtMOEMk40w=
130,139,yx4y+Nkue1kTJR1sHhFYD0ztDTo=,L++xyQgGkaNLnzuLiWtMOEMk40w=
128,139,yx4y+Nkue1kTJR1sHhFYD0ztDTo=,L++xyQgGkaNLnzuLiWtMOEMk40w=
143,138,yx4y+Nkue1kTJR1sHhFYD0ztDTo=,L++xyQgGkaNLnzuLiWtMOEMk40w=
142,138,yx4y+Nkue1kTJR1sHhFYD0ztDTo=,L++xyQgGkaNLnzuLiWtMOEMk40w=
141,138,yx4y+Nkue1kTJR1sHhFYD0ztDTo=,L++xyQgGkaNLnzuLiWtMOEMk40w=
140,138,yx4y+Nkue1kTJR1sHhFYD0ztDTo=,L++xyQgGkaNLnzuLiWtMOEMk40w=
139,138,yx4y+Nkue1kTJR1sHhFYD0ztDTo=,L++xyQgGkaNLnzuLiWtMOEMk40w=
138,138,yx4y+Nkue1kTJR1sHhFYD0ztDTo=,L++xyQgGkaNLnzuLiWtMOEMk40w=
137,138,yx4y+Nkue1kTJR1sHhFYD0ztDTo=,L++xyQgGkaNLnzuLiWtMOEMk40w=
136,138,yx4y+Nkue1kTJR1sHhFYD0ztDTo=,L++xyQgGkaNLnzuLiWtMOEMk40w=
135,138,yx4y+Nkue1kTJR1sHhFYD0ztDTo=,L++xyQgGkaNLnzuLiWtMOEMk40w=
129,139,yx4y+Nkue1kTJR1sHhFYD0ztDTo=,L++xyQgGkaNLnzuLiWtMOEMk40w=
136,129,yx4y+Nkue1kTJR1sHhFYD0ztDTo=,L++xyQgGkaNLnzuLiWtMOEMk40w=
132,132,yx4y+Nkue1kTJR1sHhFYD0ztDTo=,L++xyQgGkaNLnzuLiWtMOEMk40w=
134,138,yx4y+Nkue1kTJR1sHhFYD0ztDTo=,L++xyQgGkaNLnzuLiWtMOEMk40w=
133,139,yx4y+Nkue1kTJR1sHhFYD0ztDTo=,L++xyQgGkaNLnzuLiWtMOEMk40w=
132,138,yx4y+Nkue1kTJR1sHhFYD0ztDTo=,L++xyQgGkaNLnzuLiWtMOEMk40w=
131,138,yx4y+Nkue1kTJR1sHhFYD0ztDTo=,L++xyQgGkaNLnzuLiWtMOEMk40w=
129,138,yx4y+Nkue1kTJR1sHhFYD0ztDTo=,L++xyQgGkaNLnzuLiWtMOEMk40w=
130,138,yx4y+Nkue1kTJR1sHhFYD0ztDTo=,L++xyQgGkaNLnzuLiWtMOEMk40w=
143,137,yx4y+Nkue1kTJR1sHhFYD0ztDTo=,L++xyQgGkaNLnzuLiWtMOEMk40w=
142,137,yx4y+Nkue1kTJR1sHhFYD0ztDTo=,L++xyQgGkaNLnzuLiWtMOEMk40w=
141,137,yx4y+Nkue1kTJR1sHhFYD0ztDTo=,L++xyQgGkaNLnzuLiWtMOEMk40w=
140,137,yx4y+Nkue1kTJR1sHhFYD0ztDTo=,L++xyQgGkaNLnzuLiWtMOEMk40w=
139,137,yx4y+Nkue1kTJR1sHhFYD0ztDTo=,L++xyQgGkaNLnzuLiWtMOEMk40w=
138,137,yx4y+Nkue1kTJR1sHhFYD0ztDTo=,L++xyQgGkaNLnzuLiWtMOEMk40w=
137,137,yx4y+Nkue1kTJR1sHhFYD0ztDTo=,L++xyQgGkaNLnzuLiWtMOEMk40w=
136,137,yx4y+Nkue1kTJR1sHhFYD0ztDTo=,L++xyQgGkaNLnzuLiWtMOEMk40w=
135,137,yx4y+Nkue1kTJR1sHhFYD0ztDTo=,L++xyQgGkaNLnzuLiWtMOEMk40w=
135,129,yx4y+Nkue1kTJR1sHhFYD0ztDTo=,L++xyQgGkaNLnzuLiWtMOEMk40w=
128,138,yx4y+Nkue1kTJR1sHhFYD0ztDTo=,L++xyQgGkaNLnzuLiWtMOEMk40w=
134,137,yx4y+Nkue1kTJR1sHhFYD0ztDTo=,L++xyQgGkaNLnzuLiWtMOEMk40w=
133,137,yx4y+Nkue1kTJR1sHhFYD0ztDTo=,L++xyQgGkaNLnzuLiWtMOEMk40w=
133,132,yx4y+Nkue1kTJR1sHhFYD0ztDTo=,L++xyQgGkaNLnzuLiWtMOEMk40w=
134,132,yx4y+Nkue1kTJR1sHhFYD0ztDTo=,L++xyQgGkaNLnzuLiWtMOEMk40w=
135,132,yx4y+Nkue1kTJR1sHhFYD0ztDTo=,L++xyQgGkaNLnzuLiWtMOEMk40w=
136,132,yx4y+Nkue1kTJR1sHhFYD0ztDTo=,L++xyQgGkaNLnzuLiWtMOEMk40w=
137,132,yx4y+Nkue1kTJR1sHhFYD0ztDTo=,L++xyQgGkaNLnzuLiWtMOEMk40w=
138,132,yx4y+Nkue1kTJR1sHhFYD0ztDTo=,L++xyQgGkaNLnzuLiWtMOEMk40w=
139,132,yx4y+Nkue1kTJR1sHhFYD0ztDTo=,L++xyQgGkaNLnzuLiWtMOEMk40w=
140,132,yx4y+Nkue1kTJR1sHhFYD0ztDTo=,L++xyQgGkaNLnzuLiWtMOEMk40w=
130,129,yx4y+Nkue1kTJR1sHhFYD0ztDTo=,L++xyQgGkaNLnzuLiWtMOEMk40w=
141,132,yx4y+Nkue1kTJR1sHhFYD0ztDTo=,L++xyQgGkaNLnzuLiWtMOEMk40w=
142,132,yx4y+Nkue1kTJR1sHhFYD0ztDTo=,L++xyQgGkaNLnzuLiWtMOEMk40w=
143,132,yx4y+Nkue1kTJR1sHhFYD0ztDTo=,L++xyQgGkaNLnzuLiWtMOEMk40w=
133,138,yx4y+Nkue1kTJR1sHhFYD0ztDTo=,L++xyQgGkaNLnzuLiWtMOEMk40w=
128,133,yx4y+Nkue1kTJR1sHhFYD0ztDTo=,L++xyQgGkaNLnzuLiWtMOEMk40w=
132,137,yx4y+Nkue1kTJR1sHhFYD0ztDTo=,L++xyQgGkaNLnzuLiWtMOEMk40w=
129,133,yx4y+Nkue1kTJR1sHhFYD0ztDTo=,L++xyQgGkaNLnzuLiWtMOEMk40w=
131,137,yx4y+Nkue1kTJR1sHhFYD0ztDTo=,L++xyQgGkaNLnzuLiWtMOEMk40w=
130,133,yx4y+Nkue1kTJR1sHhFYD0ztDTo=,L++xyQgGkaNLnzuLiWtMOEMk40w=
130,137,yx4y+Nkue1kTJR1sHhFYD0ztDTo=,L++xyQgGkaNLnzuLiWtMOEMk40w=
131,133,yx4y+Nkue1kTJR1sHhFYD0ztDTo=,L++xyQgGkaNLnzuLiWtMOEMk40w=
129,137,yx4y+Nkue1kTJR1sHhFYD0ztDTo=,L++xyQgGkaNLnzuLiWtMOEMk40w=
128,137,yx4y+Nkue1kTJR1sHhFYD0ztDTo=,L++xyQgGkaNLnzuLiWtMOEMk40w=
143,136,yx4y+Nkue1kTJR1sHhFYD0ztDTo=,L++xyQgGkaNLnzuLiWtMOEMk40w=
142,136,yx4y+Nkue1kTJR1sHhFYD0ztDTo=,L++xyQgGkaNLnzuLiWtMOEMk40w=
141,136,yx4y+Nkue1kTJR1sHhFYD0ztDTo=,L++xyQgGkaNLnzuLiWtMOEMk40w=
140,136,yx4y+Nkue1kTJR1sHhFYD0ztDTo=,L++xyQgGkaNLnzuLiWtMOEMk40w=
139,136,yx4y+Nkue1kTJR1sHhFYD0ztDTo=,L++xyQgGkaNLnzuLiWtMOEMk40w=
138,136,yx4y+Nkue1kTJR1sHhFYD0ztDTo=,L++xyQgGkaNLnzuLiWtMOEMk40w=
137,136,yx4y+Nkue1kTJR1sHhFYD0ztDTo=,L++xyQgGkaNLnzuLiWtMOEMk40w=
136,136,yx4y+Nkue1kTJR1sHhFYD0ztDTo=,L++xyQgGkaNLnzuLiWtMOEMk40w=
132,133,yx4y+Nkue1kTJR1sHhFYD0ztDTo=,L++xyQgGkaNLnzuLiWtMOEMk40w=
133,133,yx4y+Nkue1kTJR1sHhFYD0ztDTo=,L++xyQgGkaNLnzuLiWtMOEMk40w=
134,129,yx4y+Nkue1kTJR1sHhFYD0ztDTo=,L++xyQgGkaNLnzuLiWtMOEMk40w=
135,136,yx4y+Nkue1kTJR1sHhFYD0ztDTo=,L++xyQgGkaNLnzuLiWtMOEMk40w=
134,133,yx4y+Nkue1kTJR1sHhFYD0ztDTo=,L++xyQgGkaNLnzuLiWtMOEMk40w=
135,133,yx4y+Nkue1kTJR1sHhFYD0ztDTo=,L++xyQgGkaNLnzuLiWtMOEMk40w=
136,133,yx4y+Nkue1kTJR1sHhFYD0ztDTo=,L++xyQgGkaNLnzuLiWtMOEMk40w=
137,133,yx4y+Nkue1kTJR1sHhFYD0ztDTo=,L++xyQgGkaNLnzuLiWtMOEMk40w=
138,133,yx4y+Nkue1kTJR1sHhFYD0ztDTo=,L++xyQgGkaNLnzuLiWtMOEMk40w=
131,129,yx4y+Nkue1kTJR1sHhFYD0ztDTo=,L++xyQgGkaNLnzuLiWtMOEMk40w=
139,133,yx4y+Nkue1kTJR1sHhFYD0ztDTo=,L++xyQgGkaNLnzuLiWtMOEMk40w=
140,133,yx4y+Nkue1kTJR1sHhFYD0ztDTo=,L++xyQgGkaNLnzuLiWtMOEMk40w=
141,133,yx4y+Nkue1kTJR1sHhFYD0ztDTo=,L++xyQgGkaNLnzuLiWtMOEMk40w=
142,133,yx4y+Nkue1kTJR1sHhFYD0ztDTo=,L++xyQgGkaNLnzuLiWtMOEMk40w=
143,133,yx4y+Nkue1kTJR1sHhFYD0ztDTo=,L++xyQgGkaNLnzuLiWtMOEMk40w=
128,134,yx4y+Nkue1kTJR1sHhFYD0ztDTo=,L++xyQgGkaNLnzuLiWtMOEMk40w=
129,134,yx4y+Nkue1kTJR1sHhFYD0ztDTo=,L++xyQgGkaNLnzuLiWtMOEMk40w=
130,134,yx4y+Nkue1kTJR1sHhFYD0ztDTo=,L++xyQgGkaNLnzuLiWtMOEMk40w=
131,134,yx4y+Nkue1kTJR1sHhFYD0ztDTo=,L++xyQgGkaNLnzuLiWtMOEMk40w=
134,136,yx4y+Nkue1kTJR1sHhFYD0ztDTo=,L++xyQgGkaNLnzuLiWtMOEMk40w=
132,134,yx4y+Nkue1kTJR1sHhFYD0ztDTo=,L++xyQgGkaNLnzuLiWtMOEMk40w=
133,136,yx4y+Nkue1kTJR1sHhFYD0ztDTo=,L++xyQgGkaNLnzuLiWtMOEMk40w=
133,134,yx4y+Nkue1kTJR1sHhFYD0ztDTo=,L++xyQgGkaNLnzuLiWtMOEMk40w=
134,134,yx4y+Nkue1kTJR1sHhFYD0ztDTo=,L++xyQgGkaNLnzuLiWtMOEMk40w=
135,134,yx4y+Nkue1kTJR1sHhFYD0ztDTo=,L++xyQgGkaNLnzuLiWtMOEMk40w=
136,134,yx4y+Nkue1kTJR1sHhFYD0ztDTo=,L++xyQgGkaNLnzuLiWtMOEMk40w=
137,134,yx4y+Nkue1kTJR1sHhFYD0ztDTo=,L++xyQgGkaNLnzuLiWtMOEMk40w=
132,136,yx4y+Nkue1kTJR1sHhFYD0ztDTo=,L++xyQgGkaNLnzuLiWtMOEMk40w=
132,129,yx4y+Nkue1kTJR1sHhFYD0ztDTo=,L++xyQgGkaNLnzuLiWtMOEMk40w=
138,134,yx4y+Nkue1kTJR1sHhFYD0ztDTo=,L++xyQgGkaNLnzuLiWtMOEMk40w=
139,134,yx4y+Nkue1kTJR1sHhFYD0ztDTo=,L++xyQgGkaNLnzuLiWtMOEMk40w=
140,134,yx4y+Nkue1kTJR1sHhFYD0ztDTo=,L++xyQgGkaNLnzuLiWtMOEMk40w=
141,134,yx4y+Nkue1kTJR1sHhFYD0ztDTo=,L++xyQgGkaNLnzuLiWtMOEMk40w=
142,134,yx4y+Nkue1kTJR1sHhFYD0ztDTo=,L++xyQgGkaNLnzuLiWtMOEMk40w=
143,134,yx4y+Nkue1kTJR1sHhFYD0ztDTo=,L++xyQgGkaNLnzuLiWtMOEMk40w=
131,136,yx4y+Nkue1kTJR1sHhFYD0ztDTo=,L++xyQgGkaNLnzuLiWtMOEMk40w=
130,136,yx4y+Nkue1kTJR1sHhFYD0ztDTo=,L++xyQgGkaNLnzuLiWtMOEMk40w=
128,135,yx4y+Nkue1kTJR1sHhFYD0ztDTo=,L++xyQgGkaNLnzuLiWtMOEMk40w=
129,136,yx4y+Nkue1kTJR1sHhFYD0ztDTo=,L++xyQgGkaNLnzuLiWtMOEMk40w=
129,135,yx4y+Nkue1kTJR1sHhFYD0ztDTo=,L++xyQgGkaNLnzuLiWtMOEMk40w=
128,136,yx4y+Nkue1kTJR1sHhFYD0ztDTo=,L++xyQgGkaNLnzuLiWtMOEMk40w=
143,135,yx4y+Nkue1kTJR1sHhFYD0ztDTo=,L++xyQgGkaNLnzuLiWtMOEMk40w=
142,135,yx4y+Nkue1kTJR1sHhFYD0ztDTo=,L++xyQgGkaNLnzuLiWtMOEMk40w=
141,135,yx4y+Nkue1kTJR1sHhFYD0ztDTo=,L++xyQgGkaNLnzuLiWtMOEMk40w=
140,135,yx4y+Nkue1kTJR1sHhFYD0ztDTo=,L++xyQgGkaNLnzuLiWtMOEMk40w=
139,135,yx4y+Nkue1kTJR1sHhFYD0ztDTo=,L++xyQgGkaNLnzuLiWtMOEMk40w=
138,135,yx4y+Nkue1kTJR1sHhFYD0ztDTo=,L++xyQgGkaNLnzuLiWtMOEMk40w=
137,135,yx4y+Nkue1kTJR1sHhFYD0ztDTo=,L++xyQgGkaNLnzuLiWtMOEMk40w=
130,135,yx4y+Nkue1kTJR1sHhFYD0ztDTo=,L++xyQgGkaNLnzuLiWtMOEMk40w=
133,129,yx4y+Nkue1kTJR1sHhFYD0ztDTo=,L++xyQgGkaNLnzuLiWtMOEMk40w=
135,135,yx4y+Nkue1kTJR1sHhFYD0ztDTo=,L++xyQgGkaNLnzuLiWtMOEMk40w=
131,135,yx4y+Nkue1kTJR1sHhFYD0ztDTo=,L++xyQgGkaNLnzuLiWtMOEMk40w=
134,135,yx4y+Nkue1kTJR1sHhFYD0ztDTo=,L++xyQgGkaNLnzuLiWtMOEMk40w=
132,135,yx4y+Nkue1kTJR1sHhFYD0ztDTo=,L++xyQgGkaNLnzuLiWtMOEMk40w=
136,135,yx4y+Nkue1kTJR1sHhFYD0ztDTo=,L++xyQgGkaNLnzuLiWtMOEMk40w=
133,135,yx4y+Nkue1kTJR1sHhFYD0ztDTo=,L++xyQgGkaNLnzuLiWtMOEMk40w=
159,128,yx4y+Nkue1kTJR1sHhFYD0ztDTo=,L++xyQgGkaNLnzuLiWtMOEMk40w=
144,129,yx4y+Nkue1kTJR1sHhFYD0ztDTo=,L++xyQgGkaNLnzuLiWtMOEMk40w=
144,128,yx4y+Nkue1kTJR1sHhFYD0ztDTo=,L++xyQgGkaNLnzuLiWtMOEMk40w=
145,129,yx4y+Nkue1kTJR1sHhFYD0ztDTo=,L++xyQgGkaNLnzuLiWtMOEMk40w=
146,129,yx4y+Nkue1kTJR1sHhFYD0ztDTo=,L++xyQgGkaNLnzuLiWtMOEMk40w=
147,129,yx4y+Nkue1kTJR1sHhFYD0ztDTo=,L++xyQgGkaNLnzuLiWtMOEMk40w=
148,129,yx4y+Nkue1kTJR1sHhFYD0ztDTo=,L++xyQgGkaNLnzuLiWtMOEMk40w=
149,129,yx4y+Nkue1kTJR1sHhFYD0ztDTo=,L++xyQgGkaNLnzuLiWtMOEMk40w=
150,129,yx4y+Nkue1kTJR1sHhFYD0ztDTo=,L++xyQgGkaNLnzuLiWtMOEMk40w=
151,129,yx4y+Nkue1kTJR1sHhFYD0ztDTo=,L++xyQgGkaNLnzuLiWtMOEMk40w=
152,129,yx4y+Nkue1kTJR1sHhFYD0ztDTo=,L++xyQgGkaNLnzuLiWtMOEMk40w=
153,129,yx4y+Nkue1kTJR1sHhFYD0ztDTo=,L++xyQgGkaNLnzuLiWtMOEMk40w=
154,129,yx4y+Nkue1kTJR1sHhFYD0ztDTo=,L++xyQgGkaNLnzuLiWtMOEMk40w=
155,129,yx4y+Nkue1kTJR1sHhFYD0ztDTo=,L++xyQgGkaNLnzuLiWtMOEMk40w=
156,129,yx4y+Nkue1kTJR1sHhFYD0ztDTo=,L++xyQgGkaNLnzuLiWtMOEMk40w=
157,129,yx4y+Nkue1kTJR1sHhFYD0ztDTo=,L++xyQgGkaNLnzuLiWtMOEMk40w=
145,128,yx4y+Nkue1kTJR1sHhFYD0ztDTo=,L++xyQgGkaNLnzuLiWtMOEMk40w=
158,129,yx4y+Nkue1kTJR1sHhFYD0ztDTo=,L++xyQgGkaNLnzuLiWtMOEMk40w=
159,129,yx4y+Nkue1kTJR1sHhFYD0ztDTo=,L++xyQgGkaNLnzuLiWtMOEMk40w=
146,128,yx4y+Nkue1kTJR1sHhFYD0ztDTo=,L++xyQgGkaNLnzuLiWtMOEMk40w=
144,130,yx4y+Nkue1kTJR1sHhFYD0ztDTo=,L++xyQgGkaNLnzuLiWtMOEMk40w=
145,130,yx4y+Nkue1kTJR1sHhFYD0ztDTo=,L++xyQgGkaNLnzuLiWtMOEMk40w=
146,130,yx4y+Nkue1kTJR1sHhFYD0ztDTo=,L++xyQgGkaNLnzuLiWtMOEMk40w=
148,130,yx4y+Nkue1kTJR1sHhFYD0ztDTo=,L++xyQgGkaNLnzuLiWtMOEMk40w=
147,130,yx4y+Nkue1kTJR1sHhFYD0ztDTo=,L++xyQgGkaNLnzuLiWtMOEMk40w=
149,130,yx4y+Nkue1kTJR1sHhFYD0ztDTo=,L++xyQgGkaNLnzuLiWtMOEMk40w=
150,130,yx4y+Nkue1kTJR1sHhFYD0ztDTo=,L++xyQgGkaNLnzuLiWtMOEMk40w=
151,130,yx4y+Nkue1kTJR1sHhFYD0ztDTo=,L++xyQgGkaNLnzuLiWtMOEMk40w=
152,130,yx4y+Nkue1kTJR1sHhFYD0ztDTo=,L++xyQgGkaNLnzuLiWtMOEMk40w=
153,130,yx4y+Nkue1kTJR1sHhFYD0ztDTo=,L++xyQgGkaNLnzuLiWtMOEMk40w=
154,130,yx4y+Nkue1kTJR1sHhFYD0ztDTo=,L++xyQgGkaNLnzuLiWtMOEMk40w=
155,130,yx4y+Nkue1kTJR1sHhFYD0ztDTo=,L++xyQgGkaNLnzuLiWtMOEMk40w=
156,130,yx4y+Nkue1kTJR1sHhFYD0ztDTo=,L++xyQgGkaNLnzuLiWtMOEMk40w=
157,130,yx4y+Nkue1kTJR1sHhFYD0ztDTo=,L++xyQgGkaNLnzuLiWtMOEMk40w=
158,130,yx4y+Nkue1kTJR1sHhFYD0ztDTo=,L++xyQgGkaNLnzuLiWtMOEMk40w=
159,130,yx4y+Nkue1kTJR1sHhFYD0ztDTo=,L++xyQgGkaNLnzuLiWtMOEMk40w=
147,128,yx4y+Nkue1kTJR1sHhFYD0ztDTo=,L++xyQgGkaNLnzuLiWtMOEMk40w=
144,131,yx4y+Nkue1kTJR1sHhFYD0ztDTo=,L++xyQgGkaNLnzuLiWtMOEMk40w=
145,131,yx4y+Nkue1kTJR1sHhFYD0ztDTo=,L++xyQgGkaNLnzuLiWtMOEMk40w=
159,143,yx4y+Nkue1kTJR1sHhFYD0ztDTo=,L++xyQgGkaNLnzuLiWtMOEMk40w=
146,131,yx4y+Nkue1kTJR1sHhFYD0ztDTo=,L++xyQgGkaNLnzuLiWtMOEMk40w=
158,143,yx4y+Nkue1kTJR1sHhFYD0ztDTo=,L++xyQgGkaNLnzuLiWtMOEMk40w=
147,131,yx4y+Nkue1kTJR1sHhFYD0ztDTo=,L++xyQgGkaNLnzuLiWtMOEMk40w=
148,131,yx4y+Nkue1kTJR1sHhFYD0ztDTo=,L++xyQgGkaNLnzuLiWtMOEMk40w=
157,143,yx4y+Nkue1kTJR1sHhFYD0ztDTo=,L++xyQgGkaNLnzuLiWtMOEMk40w=
149,131,yx4y+Nkue1kTJR1sHhFYD0ztDTo=,L++xyQgGkaNLnzuLiWtMOEMk40w=
156,143,yx4y+Nkue1kTJR1sHhFYD0ztDTo=,L++xyQgGkaNLnzuLiWtMOEMk40w=
150,131,yx4y+Nkue1kTJR1sHhFYD0ztDTo=,L++xyQgGkaNLnzuLiWtMOEMk40w=
151,131,yx4y+Nkue1kTJR1sHhFYD0ztDTo=,L++xyQgGkaNLnzuLiWtMOEMk40w=
155,143,yx4y+Nkue1kTJR1sHhFYD0ztDTo=,L++xyQgGkaNLnzuLiWtMOEMk40w=
152,131,yx4y+Nkue1kTJR1sHhFYD0ztDTo=,L++xyQgGkaNLnzuLiWtMOEMk40w=
153,131,yx4y+Nkue1kTJR1sHhFYD0ztDTo=,L++xyQgGkaNLnzuLiWtMOEMk40w=
154,143,yx4y+Nkue1kTJR1sHhFYD0ztDTo=,L++xyQgGkaNLnzuLiWtMOEMk40w=
154,131,yx4y+Nkue1kTJR1sHhFYD0ztDTo=,L++xyQgGkaNLnzuLiWtMOEMk40w=
153,143,yx4y+Nkue1kTJR1sHhFYD0ztDTo=,L++xyQgGkaNLnzuLiWtMOEMk40w=
155,131,yx4y+Nkue1kTJR1sHhFYD0ztDTo=,L++xyQgGkaNLnzuLiWtMOEMk40w=
152,143,yx4y+Nkue1kTJR1sHhFYD0ztDTo=,L++xyQgGkaNLnzuLiWtMOEMk40w=
156,131,yx4y+Nkue1kTJR1sHhFYD0ztDTo=,L++xyQgGkaNLnzuLiWtMOEMk40w=
151,143,yx4y+Nkue1kTJR1sHhFYD0ztDTo=,L++xyQgGkaNLnzuLiWtMOEMk40w=
150,143,yx4y+Nkue1kTJR1sHhFYD0ztDTo=,L++xyQgGkaNLnzuLiWtMOEMk40w=
158,131,yx4y+Nkue1kTJR1sHhFYD0ztDTo=,L++xyQgGkaNLnzuLiWtMOEMk40w=
157,131,yx4y+Nkue1kTJR1sHhFYD0ztDTo=,L++xyQgGkaNLnzuLiWtMOEMk40w=
159,131,yx4y+Nkue1kTJR1sHhFYD0ztDTo=,L++xyQgGkaNLnzuLiWtMOEMk40w=
149,143,yx4y+Nkue1kTJR1sHhFYD0ztDTo=,L++xyQgGkaNLnzuLiWtMOEMk40w=
148,128,yx4y+Nkue1kTJR1sHhFYD0ztDTo=,L++xyQgGkaNLnzuLiWtMOEMk40w=
148,143,yx4y+Nkue1kTJR1sHhFYD0ztDTo=,L++xyQgGkaNLnzuLiWtMOEMk40w=
144,132,yx4y+Nkue1kTJR1sHhFYD0ztDTo=,L++xyQgGkaNLnzuLiWtMOEMk40w=
147,143,yx4y+Nkue1kTJR1sHhFYD0ztDTo=,L++xyQgGkaNLnzuLiWtMOEMk40w=
145,132,yx4y+Nkue1kTJR1sHhFYD0ztDTo=,L++xyQgGkaNLnzuLiWtMOEMk40w=
146,143,yx4y+Nkue1kTJR1sHhFYD0ztDTo=,L++xyQgGkaNLnzuLiWtMOEMk40w=
146,132,yx4y+Nkue1kTJR1sHhFYD0ztDTo=,L++xyQgGkaNLnzuLiWtMOEMk40w=
145,143,yx4y+Nkue1kTJR1sHhFYD0ztDTo=,L++xyQgGkaNLnzuLiWtMOEMk40w=
147,132,yx4y+Nkue1kTJR1sHhFYD0ztDTo=,L++xyQgGkaNLnzuLiWtMOEMk40w=
148,132,yx4y+Nkue1kTJR1sHhFYD0ztDTo=,L++xyQgGkaNLnzuLiWtMOEMk40w=
144,143,yx4y+Nkue1kTJR1sHhFYD0ztDTo=,L++xyQgGkaNLnzuLiWtMOEMk40w=
149,132,yx4y+Nkue1kTJR1sHhFYD0ztDTo=,L++xyQgGkaNLnzuLiWtMOEMk40w=
159,142,yx4y+Nkue1kTJR1sHhFYD0ztDTo=,L++xyQgGkaNLnzuLiWtMOEMk40w=
150,132,yx4y+Nkue1kTJR1sHhFYD0ztDTo=,L++xyQgGkaNLnzuLiWtMOEMk40w=
158,142,yx4y+Nkue1kTJR1sHhFYD0ztDTo=,L++xyQgGkaNLnzuLiWtMOEMk40w=
151,132,yx4y+Nkue1kTJR1sHhFYD0ztDTo=,L++xyQgGkaNLnzuLiWtMOEMk40w=
157,142,yx4y+Nkue1kTJR1sHhFYD0ztDTo=,L++xyQgGkaNLnzuLiWtMOEMk40w=
152,132,yx4y+Nkue1kTJR1sHhFYD0ztDTo=,L++xyQgGkaNLnzuLiWtMOEMk40w=
156,142,yx4y+Nkue1kTJR1sHhFYD0ztDTo=,L++xyQgGkaNLnzuLiWtMOEMk40w=
153,132,yx4y+Nkue1kTJR1sHhFYD0ztDTo=,L++xyQgGkaNLnzuLiWtMOEMk40w=
155,142,yx4y+Nkue1kTJR1sHhFYD0ztDTo=,L++xyQgGkaNLnzuLiWtMOEMk40w=
154,132,yx4y+Nkue1kTJR1sHhFYD0ztDTo=,L++xyQgGkaNLnzuLiWtMOEMk40w=
155,132,yx4y+Nkue1kTJR1sHhFYD0ztDTo=,L++xyQgGkaNLnzuLiWtMOEMk40w=
154,142,yx4y+Nkue1kTJR1sHhFYD0ztDTo=,L++xyQgGkaNLnzuLiWtMOEMk40w=
156,132,yx4y+Nkue1kTJR1sHhFYD0ztDTo=,L++xyQgGkaNLnzuLiWtMOEMk40w=
157,132,yx4y+Nkue1kTJR1sHhFYD0ztDTo=,L++xyQgGkaNLnzuLiWtMOEMk40w=
158,132,yx4y+Nkue1kTJR1sHhFYD0ztDTo=,L++xyQgGkaNLnzuLiWtMOEMk40w=
159,132,yx4y+Nkue1kTJR1sHhFYD0ztDTo=,L++xyQgGkaNLnzuLiWtMOEMk40w=
149,128,yx4y+Nkue1kTJR1sHhFYD0ztDTo=,L++xyQgGkaNLnzuLiWtMOEMk40w=
144,133,yx4y+Nkue1kTJR1sHhFYD0ztDTo=,L++xyQgGkaNLnzuLiWtMOEMk40w=
153,142,yx4y+Nkue1kTJR1sHhFYD0ztDTo=,L++xyQgGkaNLnzuLiWtMOEMk40w=
145,133,yx4y+Nkue1kTJR1sHhFYD0ztDTo=,L++xyQgGkaNLnzuLiWtMOEMk40w=
146,133,yx4y+Nkue1kTJR1sHhFYD0ztDTo=,L++xyQgGkaNLnzuLiWtMOEMk40w=
152,142,yx4y+Nkue1kTJR1sHhFYD0ztDTo=,L++xyQgGkaNLnzuLiWtMOEMk40w=
151,142,yx4y+Nkue1kTJR1sHhFYD0ztDTo=,L++xyQgGkaNLnzuLiWtMOEMk40w=
147,133,yx4y+Nkue1kTJR1sHhFYD0ztDTo=,L++xyQgGkaNLnzuLiWtMOEMk40w=
150,142,yx4y+Nkue1kTJR1sHhFYD0ztDTo=,L++xyQgGkaNLnzuLiWtMOEMk40w=
148,133,yx4y+Nkue1kTJR1sHhFYD0ztDTo=,L++xyQgGkaNLnzuLiWtMOEMk40w=
149,133,yx4y+Nkue1kTJR1sHhFYD0ztDTo=,L++xyQgGkaNLnzuLiWtMOEMk40w=
149,142,yx4y+Nkue1kTJR1sHhFYD0ztDTo=,L++xyQgGkaNLnzuLiWtMOEMk40w=
150,133,yx4y+Nkue1kTJR1sHhFYD0ztDTo=,L++xyQgGkaNLnzuLiWtMOEMk40w=
148,142,yx4y+Nkue1kTJR1sHhFYD0ztDTo=,L++xyQgGkaNLnzuLiWtMOEMk40w=
151,133,yx4y+Nkue1kTJR1sHhFYD0ztDTo=,L++xyQgGkaNLnzuLiWtMOEMk40w=
147,142,yx4y+Nkue1kTJR1sHhFYD0ztDTo=,L++xyQgGkaNLnzuLiWtMOEMk40w=
146,142,yx4y+Nkue1kTJR1sHhFYD0ztDTo=,L++xyQgGkaNLnzuLiWtMOEMk40w=
153,133,yx4y+Nkue1kTJR1sHhFYD0ztDTo=,L++xyQgGkaNLnzuLiWtMOEMk40w=
152,133,yx4y+Nkue1kTJR1sHhFYD0ztDTo=,L++xyQgGkaNLnzuLiWtMOEMk40w=
145,142,yx4y+Nkue1kTJR1sHhFYD0ztDTo=,L++xyQgGkaNLnzuLiWtMOEMk40w=
154,133,yx4y+Nkue1kTJR1sHhFYD0ztDTo=,L++xyQgGkaNLnzuLiWtMOEMk40w=
155,133,yx4y+Nkue1kTJR1sHhFYD0ztDTo=,L++xyQgGkaNLnzuLiWtMOEMk40w=
144,142,yx4y+Nkue1kTJR1sHhFYD0ztDTo=,L++xyQgGkaNLnzuLiWtMOEMk40w=
156,133,yx4y+Nkue1kTJR1sHhFYD0ztDTo=,L++xyQgGkaNLnzuLiWtMOEMk40w=
158,128,yx4y+Nkue1kTJR1sHhFYD0ztDTo=,L++xyQgGkaNLnzuLiWtMOEMk40w=
157,133,yx4y+Nkue1kTJR1sHhFYD0ztDTo=,L++xyQgGkaNLnzuLiWtMOEMk40w=
159,141,yx4y+Nkue1kTJR1sHhFYD0ztDTo=,L++xyQgGkaNLnzuLiWtMOEMk40w=
158,133,yx4y+Nkue1kTJR1sHhFYD0ztDTo=,L++xyQgGkaNLnzuLiWtMOEMk40w=
158,141,yx4y+Nkue1kTJR1sHhFYD0ztDTo=,L++xyQgGkaNLnzuLiWtMOEMk40w=
159,133,yx4y+Nkue1kTJR1sHhFYD0ztDTo=,L++xyQgGkaNLnzuLiWtMOEMk40w=
157,141,yx4y+Nkue1kTJR1sHhFYD0ztDTo=,L++xyQgGkaNLnzuLiWtMOEMk40w=
150,128,yx4y+Nkue1kTJR1sHhFYD0ztDTo=,L++xyQgGkaNLnzuLiWtMOEMk40w=
156,141,yx4y+Nkue1kTJR1sHhFYD0ztDTo=,L++xyQgGkaNLnzuLiWtMOEMk40w=
144,134,yx4y+Nkue1kTJR1sHhFYD0ztDTo=,L++xyQgGkaNLnzuLiWtMOEMk40w=
155,141,yx4y+Nkue1kTJR1sHhFYD0ztDTo=,L++xyQgGkaNLnzuLiWtMOEMk40w=
145,134,yx4y+Nkue1kTJR1sHhFYD0ztDTo=,L++xyQgGkaNLnzuLiWtMOEMk40w=
146,134,yx4y+Nkue1kTJR1sHhFYD0ztDTo=,L++xyQgGkaNLnzuLiWtMOEMk40w=
147,134,yx4y+Nkue1kTJR1sHhFYD0ztDTo=,L++xyQgGkaNLnzuLiWtMOEMk40w=
148,134,yx4y+Nkue1kTJR1sHhFYD0ztDTo=,L++xyQgGkaNLnzuLiWtMOEMk40w=
154,141,yx4y+Nkue1kTJR1sHhFYD0ztDTo=,L++xyQgGkaNLnzuLiWtMOEMk40w=
149,134,yx4y+Nkue1kTJR1sHhFYD0ztDTo=,L++xyQgGkaNLnzuLiWtMOEMk40w=
150,134,yx4y+Nkue1kTJR1sHhFYD0ztDTo=,L++xyQgGkaNLnzuLiWtMOEMk40w=
151,134,yx4y+Nkue1kTJR1sHhFYD0ztDTo=,L++xyQgGkaNLnzuLiWtMOEMk40w=
153,141,yx4y+Nkue1kTJR1sHhFYD0ztDTo=,L++xyQgGkaNLnzuLiWtMOEMk40w=
152,134,yx4y+Nkue1kTJR1sHhFYD0ztDTo=,L++xyQgGkaNLnzuLiWtMOEMk40w=
152,141,yx4y+Nkue1kTJR1sHhFYD0ztDTo=,L++xyQgGkaNLnzuLiWtMOEMk40w=
153,134,yx4y+Nkue1kTJR1sHhFYD0ztDTo=,L++xyQgGkaNLnzuLiWtMOEMk40w=
151,141,yx4y+Nkue1kTJR1sHhFYD0ztDTo=,L++xyQgGkaNLnzuLiWtMOEMk40w=
154,134,yx4y+Nkue1kTJR1sHhFYD0ztDTo=,L++xyQgGkaNLnzuLiWtMOEMk40w=
155,134,yx4y+Nkue1kTJR1sHhFYD0ztDTo=,L++xyQgGkaNLnzuLiWtMOEMk40w=
150,141,yx4y+Nkue1kTJR1sHhFYD0ztDTo=,L++xyQgGkaNLnzuLiWtMOEMk40w=
156,134,yx4y+Nkue1kTJR1sHhFYD0ztDTo=,L++xyQgGkaNLnzuLiWtMOEMk40w=
149,141,yx4y+Nkue1kTJR1sHhFYD0ztDTo=,L++xyQgGkaNLnzuLiWtMOEMk40w=
157,134,yx4y+Nkue1kTJR1sHhFYD0ztDTo=,L++xyQgGkaNLnzuLiWtMOEMk40w=
148,141,yx4y+Nkue1kTJR1sHhFYD0ztDTo=,L++xyQgGkaNLnzuLiWtMOEMk40w=
158,134,yx4y+Nkue1kTJR1sHhFYD0ztDTo=,L++xyQgGkaNLnzuLiWtMOEMk40w=
147,141,yx4y+Nkue1kTJR1sHhFYD0ztDTo=,L++xyQgGkaNLnzuLiWtMOEMk40w=
159,134,yx4y+Nkue1kTJR1sHhFYD0ztDTo=,L++xyQgGkaNLnzuLiWtMOEMk40w=
146,141,yx4y+Nkue1kTJR1sHhFYD0ztDTo=,L++xyQgGkaNLnzuLiWtMOEMk40w=
151,128,yx4y+Nkue1kTJR1sHhFYD0ztDTo=,L++xyQgGkaNLnzuLiWtMOEMk40w=
145,141,yx4y+Nkue1kTJR1sHhFYD0ztDTo=,L++xyQgGkaNLnzuLiWtMOEMk40w=
144,135,yx4y+Nkue1kTJR1sHhFYD0ztDTo=,L++xyQgGkaNLnzuLiWtMOEMk40w=
144,141,yx4y+Nkue1kTJR1sHhFYD0ztDTo=,L++xyQgGkaNLnzuLiWtMOEMk40w=
145,135,yx4y+Nkue1kTJR1sHhFYD0ztDTo=,L++xyQgGkaNLnzuLiWtMOEMk40w=
157,128,yx4y+Nkue1kTJR1sHhFYD0ztDTo=,L++xyQgGkaNLnzuLiWtMOEMk40w=
146,135,yx4y+Nkue1kTJR1sHhFYD0ztDTo=,L++xyQgGkaNLnzuLiWtMOEMk40w=
159,140,yx4y+Nkue1kTJR1sHhFYD0ztDTo=,L++xyQgGkaNLnzuLiWtMOEMk40w=
147,135,yx4y+Nkue1kTJR1sHhFYD0ztDTo=,L++xyQgGkaNLnzuLiWtMOEMk40w=
158,140,yx4y+Nkue1kTJR1sHhFYD0ztDTo=,L++xyQgGkaNLnzuLiWtMOEMk40w=
148,135,yx4y+Nkue1kTJR1sHhFYD0ztDTo=,L++xyQgGkaNLnzuLiWtMOEMk40w=
157,140,yx4y+Nkue1kTJR1sHhFYD0ztDTo=,L++xyQgGkaNLnzuLiWtMOEMk40w=
149,135,yx4y+Nkue1kTJR1sHhFYD0ztDTo=,L++xyQgGkaNLnzuLiWtMOEMk40w=
156,140,yx4y+Nkue1kTJR1sHhFYD0ztDTo=,L++xyQgGkaNLnzuLiWtMOEMk40w=
150,135,yx4y+Nkue1kTJR1sHhFYD0ztDTo=,L++xyQgGkaNLnzuLiWtMOEMk40w=
151,135,yx4y+Nkue1kTJR1sHhFYD0ztDTo=,L++xyQgGkaNLnzuLiWtMOEMk40w=
155,140,yx4y+Nkue1kTJR1sHhFYD0ztDTo=,L++xyQgGkaNLnzuLiWtMOEMk40w=
152,135,yx4y+Nkue1kTJR1sHhFYD0ztDTo=,L++xyQgGkaNLnzuLiWtMOEMk40w=
154,140,yx4y+Nkue1kTJR1sHhFYD0ztDTo=,L++xyQgGkaNLnzuLiWtMOEMk40w=
153,135,yx4y+Nkue1kTJR1sHhFYD0ztDTo=,L++xyQgGkaNLnzuLiWtMOEMk40w=
153,140,yx4y+Nkue1kTJR1sHhFYD0ztDTo=,L++xyQgGkaNLnzuLiWtMOEMk40w=
154,135,yx4y+Nkue1kTJR1sHhFYD0ztDTo=,L++xyQgGkaNLnzuLiWtMOEMk40w=
152,140,yx4y+Nkue1kTJR1sHhFYD0ztDTo=,L++xyQgGkaNLnzuLiWtMOEMk40w=
155,135,yx4y+Nkue1kTJR1sHhFYD0ztDTo=,L++xyQgGkaNLnzuLiWtMOEMk40w=
151,140,yx4y+Nkue1kTJR1sHhFYD0ztDTo=,L++xyQgGkaNLnzuLiWtMOEMk40w=
156,135,yx4y+Nkue1kTJR1sHhFYD0ztDTo=,L++xyQgGkaNLnzuLiWtMOEMk40w=
150,140,yx4y+Nkue1kTJR1sHhFYD0ztDTo=,L++xyQgGkaNLnzuLiWtMOEMk40w=
157,135,yx4y+Nkue1kTJR1sHhFYD0ztDTo=,L++xyQgGkaNLnzuLiWtMOEMk40w=
149,140,yx4y+Nkue1kTJR1sHhFYD0ztDTo=,L++xyQgGkaNLnzuLiWtMOEMk40w=
158,135,yx4y+Nkue1kTJR1sHhFYD0ztDTo=,L++xyQgGkaNLnzuLiWtMOEMk40w=
148,140,yx4y+Nkue1kTJR1sHhFYD0ztDTo=,L++xyQgGkaNLnzuLiWtMOEMk40w=
159,135,yx4y+Nkue1kTJR1sHhFYD0ztDTo=,L++xyQgGkaNLnzuLiWtMOEMk40w=
147,140,yx4y+Nkue1kTJR1sHhFYD0ztDTo=,L++xyQgGkaNLnzuLiWtMOEMk40w=
152,128,yx4y+Nkue1kTJR1sHhFYD0ztDTo=,L++xyQgGkaNLnzuLiWtMOEMk40w=
146,140,yx4y+Nkue1kTJR1sHhFYD0ztDTo=,L++xyQgGkaNLnzuLiWtMOEMk40w=
144,136,yx4y+Nkue1kTJR1sHhFYD0ztDTo=,L++xyQgGkaNLnzuLiWtMOEMk40w=
145,140,yx4y+Nkue1kTJR1sHhFYD0ztDTo=,L++xyQgGkaNLnzuLiWtMOEMk40w=
145,136,yx4y+Nkue1kTJR1sHhFYD0ztDTo=,L++xyQgGkaNLnzuLiWtMOEMk40w=
144,140,yx4y+Nkue1kTJR1sHhFYD0ztDTo=,L++xyQgGkaNLnzuLiWtMOEMk40w=
146,136,yx4y+Nkue1kTJR1sHhFYD0ztDTo=,L++xyQgGkaNLnzuLiWtMOEMk40w=
156,128,yx4y+Nkue1kTJR1sHhFYD0ztDTo=,L++xyQgGkaNLnzuLiWtMOEMk40w=
147,136,yx4y+Nkue1kTJR1sHhFYD0ztDTo=,L++xyQgGkaNLnzuLiWtMOEMk40w=
159,139,yx4y+Nkue1kTJR1sHhFYD0ztDTo=,L++xyQgGkaNLnzuLiWtMOEMk40w=
148,136,yx4y+Nkue1kTJR1sHhFYD0ztDTo=,L++xyQgGkaNLnzuLiWtMOEMk40w=
158,139,yx4y+Nkue1kTJR1sHhFYD0ztDTo=,L++xyQgGkaNLnzuLiWtMOEMk40w=
149,136,yx4y+Nkue1kTJR1sHhFYD0ztDTo=,L++xyQgGkaNLnzuLiWtMOEMk40w=
157,139,yx4y+Nkue1kTJR1sHhFYD0ztDTo=,L++xyQgGkaNLnzuLiWtMOEMk40w=
150,136,yx4y+Nkue1kTJR1sHhFYD0ztDTo=,L++xyQgGkaNLnzuLiWtMOEMk40w=
156,139,yx4y+Nkue1kTJR1sHhFYD0ztDTo=,L++xyQgGkaNLnzuLiWtMOEMk40w=
151,136,yx4y+Nkue1kTJR1sHhFYD0ztDTo=,L++xyQgGkaNLnzuLiWtMOEMk40w=
155,139,yx4y+Nkue1kTJR1sHhFYD0ztDTo=,L++xyQgGkaNLnzuLiWtMOEMk40w=
152,136,yx4y+Nkue1kTJR1sHhFYD0ztDTo=,L++xyQgGkaNLnzuLiWtMOEMk40w=
154,139,yx4y+Nkue1kTJR1sHhFYD0ztDTo=,L++xyQgGkaNLnzuLiWtMOEMk40w=
153,136,yx4y+Nkue1kTJR1sHhFYD0ztDTo=,L++xyQgGkaNLnzuLiWtMOEMk40w=
153,139,yx4y+Nkue1kTJR1sHhFYD0ztDTo=,L++xyQgGkaNLnzuLiWtMOEMk40w=
154,136,yx4y+Nkue1kTJR1sHhFYD0ztDTo=,L++xyQgGkaNLnzuLiWtMOEMk40w=
155,136,yx4y+Nkue1kTJR1sHhFYD0ztDTo=,L++xyQgGkaNLnzuLiWtMOEMk40w=
152,139,yx4y+Nkue1kTJR1sHhFYD0ztDTo=,L++xyQgGkaNLnzuLiWtMOEMk40w=
156,136,yx4y+Nkue1kTJR1sHhFYD0ztDTo=,L++xyQgGkaNLnzuLiWtMOEMk40w=
151,139,yx4y+Nkue1kTJR1sHhFYD0ztDTo=,L++xyQgGkaNLnzuLiWtMOEMk40w=
150,139,yx4y+Nkue1kTJR1sHhFYD0ztDTo=,L++xyQgGkaNLnzuLiWtMOEMk40w=
157,136,yx4y+Nkue1kTJR1sHhFYD0ztDTo=,L++xyQgGkaNLnzuLiWtMOEMk40w=
149,139,yx4y+Nkue1kTJR1sHhFYD0ztDTo=,L++xyQgGkaNLnzuLiWtMOEMk40w=
158,136,yx4y+Nkue1kTJR1sHhFYD0ztDTo=,L++xyQgGkaNLnzuLiWtMOEMk40w=
159,136,yx4y+Nkue1kTJR1sHhFYD0ztDTo=,L++xyQgGkaNLnzuLiWtMOEMk40w=
148,139,yx4y+Nkue1kTJR1sHhFYD0ztDTo=,L++xyQgGkaNLnzuLiWtMOEMk40w=
153,128,yx4y+Nkue1kTJR1sHhFYD0ztDTo=,L++xyQgGkaNLnzuLiWtMOEMk40w=
147,139,yx4y+Nkue1kTJR1sHhFYD0ztDTo=,L++xyQgGkaNLnzuLiWtMOEMk40w=
144,137,yx4y+Nkue1kTJR1sHhFYD0ztDTo=,L++xyQgGkaNLnzuLiWtMOEMk40w=
146,139,yx4y+Nkue1kTJR1sHhFYD0ztDTo=,L++xyQgGkaNLnzuLiWtMOEMk40w=
145,137,yx4y+Nkue1kTJR1sHhFYD0ztDTo=,L++xyQgGkaNLnzuLiWtMOEMk40w=
145,139,yx4y+Nkue1kTJR1sHhFYD0ztDTo=,L++xyQgGkaNLnzuLiWtMOEMk40w=
146,137,yx4y+Nkue1kTJR1sHhFYD0ztDTo=,L++xyQgGkaNLnzuLiWtMOEMk40w=
144,139,yx4y+Nkue1kTJR1sHhFYD0ztDTo=,L++xyQgGkaNLnzuLiWtMOEMk40w=
147,137,yx4y+Nkue1kTJR1sHhFYD0ztDTo=,L++xyQgGkaNLnzuLiWtMOEMk40w=
155,128,yx4y+Nkue1kTJR1sHhFYD0ztDTo=,L++xyQgGkaNLnzuLiWtMOEMk40w=
159,138,yx4y+Nkue1kTJR1sHhFYD0ztDTo=,L++xyQgGkaNLnzuLiWtMOEMk40w=
148,137,yx4y+Nkue1kTJR1sHhFYD0ztDTo=,L++xyQgGkaNLnzuLiWtMOEMk40w=
158,138,yx4y+Nkue1kTJR1sHhFYD0ztDTo=,L++xyQgGkaNLnzuLiWtMOEMk40w=
149,137,yx4y+Nkue1kTJR1sHhFYD0ztDTo=,L++xyQgGkaNLnzuLiWtMOEMk40w=
157,138,yx4y+Nkue1kTJR1sHhFYD0ztDTo=,L++xyQgGkaNLnzuLiWtMOEMk40w=
150,137,yx4y+Nkue1kTJR1sHhFYD0ztDTo=,L++xyQgGkaNLnzuLiWtMOEMk40w=
156,138,yx4y+Nkue1kTJR1sHhFYD0ztDTo=,L++xyQgGkaNLnzuLiWtMOEMk40w=
151,137,yx4y+Nkue1kTJR1sHhFYD0ztDTo=,L++xyQgGkaNLnzuLiWtMOEMk40w=
155,138,yx4y+Nkue1kTJR1sHhFYD0ztDTo=,L++xyQgGkaNLnzuLiWtMOEMk40w=
152,137,yx4y+Nkue1kTJR1sHhFYD0ztDTo=,L++xyQgGkaNLnzuLiWtMOEMk40w=
154,138,yx4y+Nkue1kTJR1sHhFYD0ztDTo=,L++xyQgGkaNLnzuLiWtMOEMk40w=
153,137,yx4y+Nkue1kTJR1sHhFYD0ztDTo=,L++xyQgGkaNLnzuLiWtMOEMk40w=
153,138,yx4y+Nkue1kTJR1sHhFYD0ztDTo=,L++xyQgGkaNLnzuLiWtMOEMk40w=
154,137,yx4y+Nkue1kTJR1sHhFYD0ztDTo=,L++xyQgGkaNLnzuLiWtMOEMk40w=
152,138,yx4y+Nkue1kTJR1sHhFYD0ztDTo=,L++xyQgGkaNLnzuLiWtMOEMk40w=
151,138,yx4y+Nkue1kTJR1sHhFYD0ztDTo=,L++xyQgGkaNLnzuLiWtMOEMk40w=
156,137,yx4y+Nkue1kTJR1sHhFYD0ztDTo=,L++xyQgGkaNLnzuLiWtMOEMk40w=
150,138,yx4y+Nkue1kTJR1sHhFYD0ztDTo=,L++xyQgGkaNLnzuLiWtMOEMk40w=
155,137,yx4y+Nkue1kTJR1sHhFYD0ztDTo=,L++xyQgGkaNLnzuLiWtMOEMk40w=
157,137,yx4y+Nkue1kTJR1sHhFYD0ztDTo=,L++xyQgGkaNLnzuLiWtMOEMk40w=
149,138,yx4y+Nkue1kTJR1sHhFYD0ztDTo=,L++xyQgGkaNLnzuLiWtMOEMk40w=
158,137,yx4y+Nkue1kTJR1sHhFYD0ztDTo=,L++xyQgGkaNLnzuLiWtMOEMk40w=
159,137,yx4y+Nkue1kTJR1sHhFYD0ztDTo=,L++xyQgGkaNLnzuLiWtMOEMk40w=
148,138,yx4y+Nkue1kTJR1sHhFYD0ztDTo=,L++xyQgGkaNLnzuLiWtMOEMk40w=
147,138,yx4y+Nkue1kTJR1sHhFYD0ztDTo=,L++xyQgGkaNLnzuLiWtMOEMk40w=
154,128,yx4y+Nkue1kTJR1sHhFYD0ztDTo=,L++xyQgGkaNLnzuLiWtMOEMk40w=
146,138,yx4y+Nkue1kTJR1sHhFYD0ztDTo=,L++xyQgGkaNLnzuLiWtMOEMk40w=
144,138,yx4y+Nkue1kTJR1sHhFYD0ztDTo=,L++xyQgGkaNLnzuLiWtMOEMk40w=
145,138,yx4y+Nkue1kTJR1sHhFYD0ztDTo=,L++xyQgGkaNLnzuLiWtMOEMk40w=
143,159,yx4y+Nkue1kTJR1sHhFYD0ztDTo=,L++xyQgGkaNLnzuLiWtMOEMk40w=
142,159,yx4y+Nkue1kTJR1sHhFYD0ztDTo=,L++xyQgGkaNLnzuLiWtMOEMk40w=
141,159,yx4y+Nkue1kTJR1sHhFYD0ztDTo=,L++xyQgGkaNLnzuLiWtMOEMk40w=
128,144,yx4y+Nkue1kTJR1sHhFYD0ztDTo=,L++xyQgGkaNLnzuLiWtMOEMk40w=
140,159,yx4y+Nkue1kTJR1sHhFYD0ztDTo=,L++xyQgGkaNLnzuLiWtMOEMk40w=
139,159,yx4y+Nkue1kTJR1sHhFYD0ztDTo=,L++xyQgGkaNLnzuLiWtMOEMk40w=
138,159,yx4y+Nkue1kTJR1sHhFYD0ztDTo=,L++xyQgGkaNLnzuLiWtMOEMk40w=
137,159,yx4y+Nkue1kTJR1sHhFYD0ztDTo=,L++xyQgGkaNLnzuLiWtMOEMk40w=
136,159,yx4y+Nkue1kTJR1sHhFYD0ztDTo=,L++xyQgGkaNLnzuLiWtMOEMk40w=
135,159,yx4y+Nkue1kTJR1sHhFYD0ztDTo=,L++xyQgGkaNLnzuLiWtMOEMk40w=
128,145,yx4y+Nkue1kTJR1sHhFYD0ztDTo=,L++xyQgGkaNLnzuLiWtMOEMk40w=
134,159,yx4y+Nkue1kTJR1sHhFYD0ztDTo=,L++xyQgGkaNLnzuLiWtMOEMk40w=
133,159,yx4y+Nkue1kTJR1sHhFYD0ztDTo=,L++xyQgGkaNLnzuLiWtMOEMk40w=
132,159,yx4y+Nkue1kTJR1sHhFYD0ztDTo=,L++xyQgGkaNLnzuLiWtMOEMk40w=
129,145,yx4y+Nkue1kTJR1sHhFYD0ztDTo=,L++xyQgGkaNLnzuLiWtMOEMk40w=
130,145,yx4y+Nkue1kTJR1sHhFYD0ztDTo=,L++xyQgGkaNLnzuLiWtMOEMk40w=
143,144,yx4y+Nkue1kTJR1sHhFYD0ztDTo=,L++xyQgGkaNLnzuLiWtMOEMk40w=
130,159,yx4y+Nkue1kTJR1sHhFYD0ztDTo=,L++xyQgGkaNLnzuLiWtMOEMk40w=
142,144,yx4y+Nkue1kTJR1sHhFYD0ztDTo=,L++xyQgGkaNLnzuLiWtMOEMk40w=
131,145,yx4y+Nkue1kTJR1sHhFYD0ztDTo=,L++xyQgGkaNLnzuLiWtMOEMk40w=
128,159,yx4y+Nkue1kTJR1sHhFYD0ztDTo=,L++xyQgGkaNLnzuLiWtMOEMk40w=
143,158,yx4y+Nkue1kTJR1sHhFYD0ztDTo=,L++xyQgGkaNLnzuLiWtMOEMk40w=
142,158,yx4y+Nkue1kTJR1sHhFYD0ztDTo=,L++xyQgGkaNLnzuLiWtMOEMk40w=
141,158,yx4y+Nkue1kTJR1sHhFYD0ztDTo=,L++xyQgGkaNLnzuLiWtMOEMk40w=
140,158,yx4y+Nkue1kTJR1sHhFYD0ztDTo=,L++xyQgGkaNLnzuLiWtMOEMk40w=
139,158,yx4y+Nkue1kTJR1sHhFYD0ztDTo=,L++xyQgGkaNLnzuLiWtMOEMk40w=
138,158,yx4y+Nkue1kTJR1sHhFYD0ztDTo=,L++xyQgGkaNLnzuLiWtMOEMk40w=
137,158,yx4y+Nkue1kTJR1sHhFYD0ztDTo=,L++xyQgGkaNLnzuLiWtMOEMk40w=
136,158,yx4y+Nkue1kTJR1sHhFYD0ztDTo=,L++xyQgGkaNLnzuLiWtMOEMk40w=
135,158,yx4y+Nkue1kTJR1sHhFYD0ztDTo=,L++xyQgGkaNLnzuLiWtMOEMk40w=
132,145,yx4y+Nkue1kTJR1sHhFYD0ztDTo=,L++xyQgGkaNLnzuLiWtMOEMk40w=
129,159,yx4y+Nkue1kTJR1sHhFYD0ztDTo=,L++xyQgGkaNLnzuLiWtMOEMk40w=
131,159,yx4y+Nkue1kTJR1sHhFYD0ztDTo=,L++xyQgGkaNLnzuLiWtMOEMk40w=
134,158,yx4y+Nkue1kTJR1sHhFYD0ztDTo=,L++xyQgGkaNLnzuLiWtMOEMk40w=
133,145,yx4y+Nkue1kTJR1sHhFYD0ztDTo=,L++xyQgGkaNLnzuLiWtMOEMk40w=
131,158,yx4y+Nkue1kTJR1sHhFYD0ztDTo=,L++xyQgGkaNLnzuLiWtMOEMk40w=
132,158,yx4y+Nkue1kTJR1sHhFYD0ztDTo=,L++xyQgGkaNLnzuLiWtMOEMk40w=
134,145,yx4y+Nkue1kTJR1sHhFYD0ztDTo=,L++xyQgGkaNLnzuLiWtMOEMk40w=
135,145,yx4y+Nkue1kTJR1sHhFYD0ztDTo=,L++xyQgGkaNLnzuLiWtMOEMk40w=
136,145,43KJ4TDa6H5BspQH5s9QJdIHLXo=,L++xyQgGkaNLnzuLiWtMOEMk40w=
137,145,43KJ4TDa6H5BspQH5s9QJdIHLXo=,L++xyQgGkaNLnzuLiWtMOEMk40w=
138,145,43KJ4TDa6H5BspQH5s9QJdIHLXo=,L++xyQgGkaNLnzuLiWtMOEMk40w=
139,145,43KJ4TDa6H5BspQH5s9QJdIHLXo=,L++xyQgGkaNLnzuLiWtMOEMk40w=
140,145,43KJ4TDa6H5BspQH5s9QJdIHLXo=,L++xyQgGkaNLnzuLiWtMOEMk40w=
141,145,43KJ4TDa6H5BspQH5s9QJdIHLXo=,L++xyQgGkaNLnzuLiWtMOEMk40w=
142,145,43KJ4TDa6H5BspQH5s9QJdIHLXo=,L++xyQgGkaNLnzuLiWtMOEMk40w=
143,145,43KJ4TDa6H5BspQH5s9QJdIHLXo=,L++xyQgGkaNLnzuLiWtMOEMk40w=
130,158,43KJ4TDa6H5BspQH5s9QJdIHLXo=,L++xyQgGkaNLnzuLiWtMOEMk40w=
141,144,43KJ4TDa6H5BspQH5s9QJdIHLXo=,L++xyQgGkaNLnzuLiWtMOEMk40w=
128,146,43KJ4TDa6H5BspQH5s9QJdIHLXo=,L++xyQgGkaNLnzuLiWtMOEMk40w=
128,158,43KJ4TDa6H5BspQH5s9QJdIHLXo=,L++xyQgGkaNLnzuLiWtMOEMk40w=
142,157,43KJ4TDa6H5BspQH5s9QJdIHLXo=,L++xyQgGkaNLnzuLiWtMOEMk40w=
143,157,43KJ4TDa6H5BspQH5s9QJdIHLXo=,L++xyQgGkaNLnzuLiWtMOEMk40w=
141,157,43KJ4TDa6H5BspQH5s9QJdIHLXo=,L++xyQgGkaNLnzuLiWtMOEMk40w=
140,157,43KJ4TDa6H5BspQH5s9QJdIHLXo=,L++xyQgGkaNLnzuLiWtMOEMk40w=
139,157,43KJ4TDa6H5BspQH5s9QJdIHLXo=,L++xyQgGkaNLnzuLiWtMOEMk40w=
138,157,43KJ4TDa6H5BspQH5s9QJdIHLXo=,L++xyQgGkaNLnzuLiWtMOEMk40w=
137,157,43KJ4TDa6H5BspQH5s9QJdIHLXo=,L++xyQgGkaNLnzuLiWtMOEMk40w=
136,157,43KJ4TDa6H5BspQH5s9QJdIHLXo=,L++xyQgGkaNLnzuLiWtMOEMk40w=
135,157,43KJ4TDa6H5BspQH5s9QJdIHLXo=,L++xyQgGkaNLnzuLiWtMOEMk40w=
133,158,43KJ4TDa6H5BspQH5s9QJdIHLXo=,L++xyQgGkaNLnzuLiWtMOEMk40w=
129,144,43KJ4TDa6H5BspQH5s9QJdIHLXo=,L++xyQgGkaNLnzuLiWtMOEMk40w=
134,157,43KJ4TDa6H5BspQH5s9QJdIHLXo=,L++xyQgGkaNLnzuLiWtMOEMk40w=
132,157,43KJ4TDa6H5BspQH5s9QJdIHLXo=,L++xyQgGkaNLnzuLiWtMOEMk40w=
129,146,43KJ4TDa6H5BspQH5s9QJdIHLXo=,L++xyQgGkaNLnzuLiWtMOEMk40w=
130,146,43KJ4TDa6H5BspQH5s9QJdIHLXo=,L++xyQgGkaNLnzuLiWtMOEMk40w=
129,158,43KJ4TDa6H5BspQH5s9QJdIHLXo=,L++xyQgGkaNLnzuLiWtMOEMk40w=
131,157,43KJ4TDa6H5BspQH5s9QJdIHLXo=,L++xyQgGkaNLnzuLiWtMOEMk40w=
133,157,43KJ4TDa6H5BspQH5s9QJdIHLXo=,L++xyQgGkaNLnzuLiWtMOEMk40w=
140,144,43KJ4TDa6H5BspQH5s9QJdIHLXo=,L++xyQgGkaNLnzuLiWtMOEMk40w=
131,146,43KJ4TDa6H5BspQH5s9QJdIHLXo=,L++xyQgGkaNLnzuLiWtMOEMk40w=
132,146,43KJ4TDa6H5BspQH5s9QJdIHLXo=,L++xyQgGkaNLnzuLiWtMOEMk40w=
129,157,43KJ4TDa6H5BspQH5s9QJdIHLXo=,L++xyQgGkaNLnzuLiWtMOEMk40w=
143,156,43KJ4TDa6H5BspQH5s9QJdIHLXo=,L++xyQgGkaNLnzuLiWtMOEMk40w=
142,156,43KJ4TDa6H5BspQH5s9QJdIHLXo=,L++xyQgGkaNLnzuLiWtMOEMk40w=
141,156,43KJ4TDa6H5BspQH5s9QJdIHLXo=,L++xyQgGkaNLnzuLiWtMOEMk40w=
140,156,43KJ4TDa6H5BspQH5s9QJdIHLXo=,L++xyQgGkaNLnzuLiWtMOEMk40w=
139,156,43KJ4TDa6H5BspQH5s9QJdIHLXo=,L++xyQgGkaNLnzuLiWtMOEMk40w=
138,156,43KJ4TDa6H5BspQH5s9QJdIHLXo=,L++xyQgGkaNLnzuLiWtMOEMk40w=
137,156,43KJ4TDa6H5BspQH5s9QJdIHLXo=,L++xyQgGkaNLnzuLiWtMOEMk40w=
136,156,43KJ4TDa6H5BspQH5s9QJdIHLXo=,L++xyQgGkaNLnzuLiWtMOEMk40w=
135,156,43KJ4TDa6H5BspQH5s9QJdIHLXo=,L++xyQgGkaNLnzuLiWtMOEMk40w=
133,146,43KJ4TDa6H5BspQH5s9QJdIHLXo=,L++xyQgGkaNLnzuLiWtMOEMk40w=
134,156,43KJ4TDa6H5BspQH5s9QJdIHLXo=,L++xyQgGkaNLnzuLiWtMOEMk40w=
134,146,43KJ4TDa6H5BspQH5s9QJdIHLXo=,L++xyQgGkaNLnzuLiWtMOEMk40w=
135,146,43KJ4TDa6H5BspQH5s9QJdIHLXo=,L++xyQgGkaNLnzuLiWtMOEMk40w=
136,146,43KJ4TDa6H5BspQH5s9QJdIHLXo=,L++xyQgGkaNLnzuLiWtMOEMk40w=
137,146,43KJ4TDa6H5BspQH5s9QJdIHLXo=,L++xyQgGkaNLnzuLiWtMOEMk40w=
138,146,43KJ4TDa6H5BspQH5s9QJdIHLXo=,L++xyQgGkaNLnzuLiWtMOEMk40w=
139,146,43KJ4TDa6H5BspQH5s9QJdIHLXo=,L++xyQgGkaNLnzuLiWtMOEMk40w=
140,146,43KJ4TDa6H5BspQH5s9QJdIHLXo=,L++xyQgGkaNLnzuLiWtMOEMk40w=
141,146,43KJ4TDa6H5BspQH5s9QJdIHLXo=,L++xyQgGkaNLnzuLiWtMOEMk40w=
142,146,43KJ4TDa6H5BspQH5s9QJdIHLXo=,L++xyQgGkaNLnzuLiWtMOEMk40w=
143,146,43KJ4TDa6H5BspQH5s9QJdIHLXo=,L++xyQgGkaNLnzuLiWtMOEMk40w=
128,157,43KJ4TDa6H5BspQH5s9QJdIHLXo=,L++xyQgGkaNLnzuLiWtMOEMk40w=
133,156,43KJ4TDa6H5BspQH5s9QJdIHLXo=,L++xyQgGkaNLnzuLiWtMOEMk40w=
130,157,43KJ4TDa6H5BspQH5s9QJdIHLXo=,L++xyQgGkaNLnzuLiWtMOEMk40w=
128,147,43KJ4TDa6H5BspQH5s9QJdIHLXo=,L++xyQgGkaNLnzuLiWtMOEMk40w=
131,156,43KJ4TDa6H5BspQH5s9QJdIHLXo=,L++xyQgGkaNLnzuLiWtMOEMk40w=
130,144,43KJ4TDa6H5BspQH5s9QJdIHLXo=,L++xyQgGkaNLnzuLiWtMOEMk40w=
129,156,43KJ4TDa6H5BspQH5s9QJdIHLXo=,L++xyQgGkaNLnzuLiWtMOEMk40w=
139,144,43KJ4TDa6H5BspQH5s9QJdIHLXo=,L++xyQgGkaNLnzuLiWtMOEMk40w=
130,156,43KJ4TDa6H5BspQH5s9QJdIHLXo=,L++xyQgGkaNLnzuLiWtMOEMk40w=
143,155,43KJ4TDa6H5BspQH5s9QJdIHLXo=,L++xyQgGkaNLnzuLiWtMOEMk40w=
142,155,43KJ4TDa6H5BspQH5s9QJdIHLXo=,L++xyQgGkaNLnzuLiWtMOEMk40w=
141,155,43KJ4TDa6H5BspQH5s9QJdIHLXo=,L++xyQgGkaNLnzuLiWtMOEMk40w=
140,155,43KJ4TDa6H5BspQH5s9QJdIHLXo=,L++xyQgGkaNLnzuLiWtMOEMk40w=
139,155,43KJ4TDa6H5BspQH5s9QJdIHLXo=,L++xyQgGkaNLnzuLiWtMOEMk40w=
138,155,43KJ4TDa6H5BspQH5s9QJdIHLXo=,L++xyQgGkaNLnzuLiWtMOEMk40w=
137,155,43KJ4TDa6H5BspQH5s9QJdIHLXo=,L++xyQgGkaNLnzuLiWtMOEMk40w=
136,155,43KJ4TDa6H5BspQH5s9QJdIHLXo=,L++xyQgGkaNLnzuLiWtMOEMk40w=
135,155,43KJ4TDa6H5BspQH5s9QJdIHLXo=,L++xyQgGkaNLnzuLiWtMOEMk40w=
129,147,43KJ4TDa6H5BspQH5s9QJdIHLXo=,L++xyQgGkaNLnzuLiWtMOEMk40w=
132,156,43KJ4TDa6H5BspQH5s9QJdIHLXo=,L++xyQgGkaNLnzuLiWtMOEMk40w=
130,147,43KJ4TDa6H5BspQH5s9QJdIHLXo=,L++xyQgGkaNLnzuLiWtMOEMk40w=
128,156,43KJ4TDa6H5BspQH5s9QJdIHLXo=,L++xyQgGkaNLnzuLiWtMOEMk40w=
131,147,43KJ4TDa6H5BspQH5s9QJdIHLXo=,L++xyQgGkaNLnzuLiWtMOEMk40w=
132,155,43KJ4TDa6H5BspQH5s9QJdIHLXo=,L++xyQgGkaNLnzuLiWtMOEMk40w=
132,147,43KJ4TDa6H5BspQH5s9QJdIHLXo=,L++xyQgGkaNLnzuLiWtMOEMk40w=
134,155,43KJ4TDa6H5BspQH5s9QJdIHLXo=,L++xyQgGkaNLnzuLiWtMOEMk40w=
131,155,43KJ4TDa6H5BspQH5s9QJdIHLXo=,L++xyQgGkaNLnzuLiWtMOEMk40w=
133,147,43KJ4TDa6H5BspQH5s9QJdIHLXo=,L++xyQgGkaNLnzuLiWtMOEMk40w=
129,155,43KJ4TDa6H5BspQH5s9QJdIHLXo=,L++xyQgGkaNLnzuLiWtMOEMk40w=
138,144,43KJ4TDa6H5BspQH5s9QJdIHLXo=,L++xyQgGkaNLnzuLiWtMOEMk40w=
133,155,43KJ4TDa6H5BspQH5s9QJdIHLXo=,L++xyQgGkaNLnzuLiWtMOEMk40w=
143,154,43KJ4TDa6H5BspQH5s9QJdIHLXo=,L++xyQgGkaNLnzuLiWtMOEMk40w=
142,154,43KJ4TDa6H5BspQH5s9QJdIHLXo=,L++xyQgGkaNLnzuLiWtMOEMk40w=
141,154,43KJ4TDa6H5BspQH5s9QJdIHLXo=,L++xyQgGkaNLnzuLiWtMOEMk40w=
139,154,43KJ4TDa6H5BspQH5s9QJdIHLXo=,L++xyQgGkaNLnzuLiWtMOEMk40w=
138,154,43KJ4TDa6H5BspQH5s9QJdIHLXo=,L++xyQgGkaNLnzuLiWtMOEMk40w=
140,154,43KJ4TDa6H5BspQH5s9QJdIHLXo=,L++xyQgGkaNLnzuLiWtMOEMk40w=
137,154,43KJ4TDa6H5BspQH5s9QJdIHLXo=,L++xyQgGkaNLnzuLiWtMOEMk40w=
136,154,43KJ4TDa6H5BspQH5s9QJdIHLXo=,L++xyQgGkaNLnzuLiWtMOEMk40w=
135,154,43KJ4TDa6H5BspQH5s9QJdIHLXo=,L++xyQgGkaNLnzuLiWtMOEMk40w=
134,147,43KJ4TDa6H5BspQH5s9QJdIHLXo=,L++xyQgGkaNLnzuLiWtMOEMk40w=
135,147,43KJ4TDa6H5BspQH5s9QJdIHLXo=,L++xyQgGkaNLnzuLiWtMOEMk40w=
136,147,43KJ4TDa6H5BspQH5s9QJdIHLXo=,L++xyQgGkaNLnzuLiWtMOEMk40w=
137,147,43KJ4TDa6H5BspQH5s9QJdIHLXo=,L++xyQgGkaNLnzuLiWtMOEMk40w=
138,147,43KJ4TDa6H5BspQH5s9QJdIHLXo=,L++xyQgGkaNLnzuLiWtMOEMk40w=
139,147,43KJ4TDa6H5BspQH5s9QJdIHLXo=,L++xyQgGkaNLnzuLiWtMOEMk40w=
140,147,43KJ4TDa6H5BspQH5s9QJdIHLXo=,L++xyQgGkaNLnzuLiWtMOEMk40w=
141,147,43KJ4TDa6H5BspQH5s9QJdIHLXo=,L++xyQgGkaNLnzuLiWtMOEMk40w=
142,147,43KJ4TDa6H5BspQH5s9QJdIHLXo=,L++xyQgGkaNLnzuLiWtMOEMk40w=
143,147,43KJ4TDa6H5BspQH5s9QJdIHLXo=,L++xyQgGkaNLnzuLiWtMOEMk40w=
128,155,43KJ4TDa6H5BspQH5s9QJdIHLXo=,L++xyQgGkaNLnzuLiWtMOEMk40w=
128,148,43KJ4TDa6H5BspQH5s9QJdIHLXo=,L++xyQgGkaNLnzuLiWtMOEMk40w=
133,154,43KJ4TDa6H5BspQH5s9QJdIHLXo=,L++xyQgGkaNLnzuLiWtMOEMk40w=
134,154,43KJ4TDa6H5BspQH5s9QJdIHLXo=,L++xyQgGkaNLnzuLiWtMOEMk40w=
130,155,43KJ4TDa6H5BspQH5s9QJdIHLXo=,L++xyQgGkaNLnzuLiWtMOEMk40w=
130,154,43KJ4TDa6H5BspQH5s9QJdIHLXo=,L++xyQgGkaNLnzuLiWtMOEMk40w=
132,154,43KJ4TDa6H5BspQH5s9QJdIHLXo=,L++xyQgGkaNLnzuLiWtMOEMk40w=
137,144,43KJ4TDa6H5BspQH5s9QJdIHLXo=,L++xyQgGkaNLnzuLiWtMOEMk40w=
131,144,43KJ4TDa6H5BspQH5s9QJdIHLXo=,L++xyQgGkaNLnzuLiWtMOEMk40w=
128,154,43KJ4TDa6H5BspQH5s9QJdIHLXo=,L++xyQgGkaNLnzuLiWtMOEMk40w=
143,153,43KJ4TDa6H5BspQH5s9QJdIHLXo=,L++xyQgGkaNLnzuLiWtMOEMk40w=
142,153,43KJ4TDa6H5BspQH5s9QJdIHLXo=,L++xyQgGkaNLnzuLiWtMOEMk40w=
141,153,43KJ4TDa6H5BspQH5s9QJdIHLXo=,L++xyQgGkaNLnzuLiWtMOEMk40w=
140,153,43KJ4TDa6H5BspQH5s9QJdIHLXo=,L++xyQgGkaNLnzuLiWtMOEMk40w=
139,153,43KJ4TDa6H5BspQH5s9QJdIHLXo=,L++xyQgGkaNLnzuLiWtMOEMk40w=
138,153,43KJ4TDa6H5BspQH5s9QJdIHLXo=,L++xyQgGkaNLnzuLiWtMOEMk40w=
137,153,43KJ4TDa6H5BspQH5s9QJdIHLXo=,L++xyQgGkaNLnzuLiWtMOEMk40w=
136,153,43KJ4TDa6H5BspQH5s9QJdIHLXo=,L++xyQgGkaNLnzuLiWtMOEMk40w=
135,153,43KJ4TDa6H5BspQH5s9QJdIHLXo=,L++xyQgGkaNLnzuLiWtMOEMk40w=
134,153,43KJ4TDa6H5BspQH5s9QJdIHLXo=,L++xyQgGkaNLnzuLiWtMOEMk40w=
129,148,43KJ4TDa6H5BspQH5s9QJdIHLXo=,L++xyQgGkaNLnzuLiWtMOEMk40w=
130,148,43KJ4TDa6H5BspQH5s9QJdIHLXo=,L++xyQgGkaNLnzuLiWtMOEMk40w=
131,154,43KJ4TDa6H5BspQH5s9QJdIHLXo=,L++xyQgGkaNLnzuLiWtMOEMk40w=
133,153,43KJ4TDa6H5BspQH5s9QJdIHLXo=,L++xyQgGkaNLnzuLiWtMOEMk40w=
129,154,43KJ4TDa6H5BspQH5s9QJdIHLXo=,L++xyQgGkaNLnzuLiWtMOEMk40w=
131,148,43KJ4TDa6H5BspQH5s9QJdIHLXo=,L++xyQgGkaNLnzuLiWtMOEMk40w=
131,153,43KJ4TDa6H5BspQH5s9QJdIHLXo=,L++xyQgGkaNLnzuLiWtMOEMk40w=
132,153,43KJ4TDa6H5BspQH5s9QJdIHLXo=,L++xyQgGkaNLnzuLiWtMOEMk40w=
132,148,43KJ4TDa6H5BspQH5s9QJdIHLXo=,L++xyQgGkaNLnzuLiWtMOEMk40w=
134,148,43KJ4TDa6H5BspQH5s9QJdIHLXo=,L++xyQgGkaNLnzuLiWtMOEMk40w=
135,148,43KJ4TDa6H5BspQH5s9QJdIHLXo=,L++xyQgGkaNLnzuLiWtMOEMk40w=
136,148,43KJ4TDa6H5BspQH5s9QJdIHLXo=,L++xyQgGkaNLnzuLiWtMOEMk40w=
137,148,43KJ4TDa6H5BspQH5s9QJdIHLXo=,L++xyQgGkaNLnzuLiWtMOEMk40w=
138,148,43KJ4TDa6H5BspQH5s9QJdIHLXo=,L++xyQgGkaNLnzuLiWtMOEMk40w=
139,148,43KJ4TDa6H5BspQH5s9QJdIHLXo=,L++xyQgGkaNLnzuLiWtMOEMk40w=
140,148,43KJ4TDa6H5BspQH5s9QJdIHLXo=,L++xyQgGkaNLnzuLiWtMOEMk40w=
141,148,43KJ4TDa6H5BspQH5s9QJdIHLXo=,L++xyQgGkaNLnzuLiWtMOEMk40w=
142,148,43KJ4TDa6H5BspQH5s9QJdIHLXo=,L++xyQgGkaNLnzuLiWtMOEMk40w=
143,148,43KJ4TDa6H5BspQH5s9QJdIHLXo=,L++xyQgGkaNLnzuLiWtMOEMk40w=
133,148,43KJ4TDa6H5BspQH5s9QJdIHLXo=,L++xyQgGkaNLnzuLiWtMOEMk40w=
128,149,43KJ4TDa6H5BspQH5s9QJdIHLXo=,L++xyQgGkaNLnzuLiWtMOEMk40w=
129,149,43KJ4TDa6H5BspQH5s9QJdIHLXo=,L++xyQgGkaNLnzuLiWtMOEMk40w=
132,144,43KJ4TDa6H5BspQH5s9QJdIHLXo=,L++xyQgGkaNLnzuLiWtMOEMk40w=
130,149,43KJ4TDa6H5BspQH5s9QJdIHLXo=,L++xyQgGkaNLnzuLiWtMOEMk40w=
131,149,43KJ4TDa6H5BspQH5s9QJdIHLXo=,L++xyQgGkaNLnzuLiWtMOEMk40w=
132,149,43KJ4TDa6H5BspQH5s9QJdIHLXo=,L++xyQgGkaNLnzuLiWtMOEMk40w=
133,149,43KJ4TDa6H5BspQH5s9QJdIHLXo=,L++xyQgGkaNLnzuLiWtMOEMk40w=
135,149,43KJ4TDa6H5BspQH5s9QJdIHLXo=,L++xyQgGkaNLnzuLiWtMOEMk40w=
136,149,43KJ4TDa6H5BspQH5s9QJdIHLXo=,L++xyQgGkaNLnzuLiWtMOEMk40w=
137,149,43KJ4TDa6H5BspQH5s9QJdIHLXo=,L++xyQgGkaNLnzuLiWtMOEMk40w=
138,149,43KJ4TDa6H5BspQH5s9QJdIHLXo=,L++xyQgGkaNLnzuLiWtMOEMk40w=
139,149,43KJ4TDa6H5BspQH5s9QJdIHLXo=,L++xyQgGkaNLnzuLiWtMOEMk40w=
140,149,43KJ4TDa6H5BspQH5s9QJdIHLXo=,L++xyQgGkaNLnzuLiWtMOEMk40w=
141,149,43KJ4TDa6H5BspQH5s9QJdIHLXo=,L++xyQgGkaNLnzuLiWtMOEMk40w=
142,149,43KJ4TDa6H5BspQH5s9QJdIHLXo=,L++xyQgGkaNLnzuLiWtMOEMk40w=
143,149,43KJ4TDa6H5BspQH5s9QJdIHLXo=,L++xyQgGkaNLnzuLiWtMOEMk40w=
134,149,43KJ4TDa6H5BspQH5s9QJdIHLXo=,L++xyQgGkaNLnzuLiWtMOEMk40w=
128,150,43KJ4TDa6H5BspQH5s9QJdIHLXo=,L++xyQgGkaNLnzuLiWtMOEMk40w=
133,144,43KJ4TDa6H5BspQH5s9QJdIHLXo=,L++xyQgGkaNLnzuLiWtMOEMk40w=
129,150,43KJ4TDa6H5BspQH5s9QJdIHLXo=,L++xyQgGkaNLnzuLiWtMOEMk40w=
130,150,43KJ4TDa6H5BspQH5s9QJdIHLXo=,L++xyQgGkaNLnzuLiWtMOEMk40w=
131,150,43KJ4TDa6H5BspQH5s9QJdIHLXo=,L++xyQgGkaNLnzuLiWtMOEMk40w=
132,150,43KJ4TDa6H5BspQH5s9QJdIHLXo=,L++xyQgGkaNLnzuLiWtMOEMk40w=
133,150,43KJ4TDa6H5BspQH5s9QJdIHLXo=,L++xyQgGkaNLnzuLiWtMOEMk40w=
135,150,43KJ4TDa6H5BspQH5s9QJdIHLXo=,L++xyQgGkaNLnzuLiWtMOEMk40w=
136,150,43KJ4TDa6H5BspQH5s9QJdIHLXo=,L++xyQgGkaNLnzuLiWtMOEMk40w=
137,150,43KJ4TDa6H5BspQH5s9QJdIHLXo=,L++xyQgGkaNLnzuLiWtMOEMk40w=
138,150,43KJ4TDa6H5BspQH5s9QJdIHLXo=,L++xyQgGkaNLnzuLiWtMOEMk40w=
139,150,43KJ4TDa6H5BspQH5s9QJdIHLXo=,L++xyQgGkaNLnzuLiWtMOEMk40w=
140,150,43KJ4TDa6H5BspQH5s9QJdIHLXo=,L++xyQgGkaNLnzuLiWtMOEMk40w=
141,150,43KJ4TDa6H5BspQH5s9QJdIHLXo=,L++xyQgGkaNLnzuLiWtMOEMk40w=
142,150,43KJ4TDa6H5BspQH5s9QJdIHLXo=,L++xyQgGkaNLnzuLiWtMOEMk40w=
143,150,43KJ4TDa6H5BspQH5s9QJdIHLXo=,L++xyQgGkaNLnzuLiWtMOEMk40w=
134,150,43KJ4TDa6H5BspQH5s9QJdIHLXo=,L++xyQgGkaNLnzuLiWtMOEMk40w=
128,151,43KJ4TDa6H5BspQH5s9QJdIHLXo=,L++xyQgGkaNLnzuLiWtMOEMk40w=
134,144,43KJ4TDa6H5BspQH5s9QJdIHLXo=,L++xyQgGkaNLnzuLiWtMOEMk40w=
129,151,43KJ4TDa6H5BspQH5s9QJdIHLXo=,L++xyQgGkaNLnzuLiWtMOEMk40w=
130,151,43KJ4TDa6H5BspQH5s9QJdIHLXo=,L++xyQgGkaNLnzuLiWtMOEMk40w=
131,151,43KJ4TDa6H5BspQH5s9QJdIHLXo=,L++xyQgGkaNLnzuLiWtMOEMk40w=
132,151,43KJ4TDa6H5BspQH5s9QJdIHLXo=,L++xyQgGkaNLnzuLiWtMOEMk40w=
134,151,43KJ4TDa6H5BspQH5s9QJdIHLXo=,L++xyQgGkaNLnzuLiWtMOEMk40w=
135,151,43KJ4TDa6H5BspQH5s9QJdIHLXo=,L++xyQgGkaNLnzuLiWtMOEMk40w=
136,151,43KJ4TDa6H5BspQH5s9QJdIHLXo=,L++xyQgGkaNLnzuLiWtMOEMk40w=
137,151,43KJ4TDa6H5BspQH5s9QJdIHLXo=,L++xyQgGkaNLnzuLiWtMOEMk40w=
138,151,43KJ4TDa6H5BspQH5s9QJdIHLXo=,L++xyQgGkaNLnzuLiWtMOEMk40w=
139,151,43KJ4TDa6H5BspQH5s9QJdIHLXo=,L++xyQgGkaNLnzuLiWtMOEMk40w=
140,151,43KJ4TDa6H5BspQH5s9QJdIHLXo=,L++xyQgGkaNLnzuLiWtMOEMk40w=
142,151,43KJ4TDa6H5BspQH5s9QJdIHLXo=,L++xyQgGkaNLnzuLiWtMOEMk40w=
143,151,43KJ4TDa6H5BspQH5s9QJdIHLXo=,L++xyQgGkaNLnzuLiWtMOEMk40w=
133,151,43KJ4TDa6H5BspQH5s9QJdIHLXo=,L++xyQgGkaNLnzuLiWtMOEMk40w=
135,144,43KJ4TDa6H5BspQH5s9QJdIHLXo=,L++xyQgGkaNLnzuLiWtMOEMk40w=
128,152,43KJ4TDa6H5BspQH5s9QJdIHLXo=,L++xyQgGkaNLnzuLiWtMOEMk40w=
141,151,43KJ4TDa6H5BspQH5s9QJdIHLXo=,L++xyQgGkaNLnzuLiWtMOEMk40w=
129,152,43KJ4TDa6H5BspQH5s9QJdIHLXo=,L++xyQgGkaNLnzuLiWtMOEMk40w=
130,152,43KJ4TDa6H5BspQH5s9QJdIHLXo=,L++xyQgGkaNLnzuLiWtMOEMk40w=
131,152,43KJ4TDa6H5BspQH5s9QJdIHLXo=,L++xyQgGkaNLnzuLiWtMOEMk40w=
132,152,43KJ4TDa6H5BspQH5s9QJdIHLXo=,L++xyQgGkaNLnzuLiWtMOEMk40w=
133,152,43KJ4TDa6H5BspQH5s9QJdIHLXo=,L++xyQgGkaNLnzuLiWtMOEMk40w=
135,152,43KJ4TDa6H5BspQH5s9QJdIHLXo=,L++xyQgGkaNLnzuLiWtMOEMk40w=
136,152,43KJ4TDa6H5BspQH5s9QJdIHLXo=,L++xyQgGkaNLnzuLiWtMOEMk40w=
137,152,43KJ4TDa6H5BspQH5s9QJdIHLXo=,L++xyQgGkaNLnzuLiWtMOEMk40w=
138,152,43KJ4TDa6H5BspQH5s9QJdIHLXo=,L++xyQgGkaNLnzuLiWtMOEMk40w=
139,152,43KJ4TDa6H5BspQH5s9QJdIHLXo=,L++xyQgGkaNLnzuLiWtMOEMk40w=
140,152,43KJ4TDa6H5BspQH5s9QJdIHLXo=,L++xyQgGkaNLnzuLiWtMOEMk40w=
141,152,43KJ4TDa6H5BspQH5s9QJdIHLXo=,L++xyQgGkaNLnzuLiWtMOEMk40w=
142,152,43KJ4TDa6H5BspQH5s9QJdIHLXo=,L++xyQgGkaNLnzuLiWtMOEMk40w=
143,152,43KJ4TDa6H5BspQH5s9QJdIHLXo=,L++xyQgGkaNLnzuLiWtMOEMk40w=
128,153,43KJ4TDa6H5BspQH5s9QJdIHLXo=,L++xyQgGkaNLnzuLiWtMOEMk40w=
136,144,43KJ4TDa6H5BspQH5s9QJdIHLXo=,L++xyQgGkaNLnzuLiWtMOEMk40w=
134,152,43KJ4TDa6H5BspQH5s9QJdIHLXo=,L++xyQgGkaNLnzuLiWtMOEMk40w=
130,153,43KJ4TDa6H5BspQH5s9QJdIHLXo=,L++xyQgGkaNLnzuLiWtMOEMk40w=
129,153,43KJ4TDa6H5BspQH5s9QJdIHLXo=,L++xyQgGkaNLnzuLiWtMOEMk40w=
158,159,43KJ4TDa6H5BspQH5s9QJdIHLXo=,L++xyQgGkaNLnzuLiWtMOEMk40w=
159,144,43KJ4TDa6H5BspQH5s9QJdIHLXo=,L++xyQgGkaNLnzuLiWtMOEMk40w=
158,144,43KJ4TDa6H5BspQH5s9QJdIHLXo=,L++xyQgGkaNLnzuLiWtMOEMk40w=
157,144,43KJ4TDa6H5BspQH5s9QJdIHLXo=,L++xyQgGkaNLnzuLiWtMOEMk40w=
156,144,43KJ4TDa6H5BspQH5s9QJdIHLXo=,L++xyQgGkaNLnzuLiWtMOEMk40w=
155,144,43KJ4TDa6H5BspQH5s9QJdIHLXo=,L++xyQgGkaNLnzuLiWtMOEMk40w=
154,144,43KJ4TDa6H5BspQH5s9QJdIHLXo=,L++xyQgGkaNLnzuLiWtMOEMk40w=
144,145,43KJ4TDa6H5BspQH5s9QJdIHLXo=,L++xyQgGkaNLnzuLiWtMOEMk40w=
153,144,43KJ4TDa6H5BspQH5s9QJdIHLXo=,L++xyQgGkaNLnzuLiWtMOEMk40w=
152,144,43KJ4TDa6H5BspQH5s9QJdIHLXo=,L++xyQgGkaNLnzuLiWtMOEMk40w=
145,145,43KJ4TDa6H5BspQH5s9QJdIHLXo=,L++xyQgGkaNLnzuLiWtMOEMk40w=
151,144,43KJ4TDa6H5BspQH5s9QJdIHLXo=,L++xyQgGkaNLnzuLiWtMOEMk40w=
146,145,43KJ4TDa6H5BspQH5s9QJdIHLXo=,L++xyQgGkaNLnzuLiWtMOEMk40w=
147,145,43KJ4TDa6H5BspQH5s9QJdIHLXo=,L++xyQgGkaNLnzuLiWtMOEMk40w=
150,144,43KJ4TDa6H5BspQH5s9QJdIHLXo=,L++xyQgGkaNLnzuLiWtMOEMk40w=
148,145,43KJ4TDa6H5BspQH5s9QJdIHLXo=,L++xyQgGkaNLnzuLiWtMOEMk40w=
149,144,43KJ4TDa6H5BspQH5s9QJdIHLXo=,L++xyQgGkaNLnzuLiWtMOEMk40w=
149,145,43KJ4TDa6H5BspQH5s9QJdIHLXo=,L++xyQgGkaNLnzuLiWtMOEMk40w=
148,144,43KJ4TDa6H5BspQH5s9QJdIHLXo=,L++xyQgGkaNLnzuLiWtMOEMk40w=
147,144,43KJ4TDa6H5BspQH5s9QJdIHLXo=,L++xyQgGkaNLnzuLiWtMOEMk40w=
151,145,43KJ4TDa6H5BspQH5s9QJdIHLXo=,L++xyQgGkaNLnzuLiWtMOEMk40w=
152,145,43KJ4TDa6H5BspQH5s9QJdIHLXo=,L++xyQgGkaNLnzuLiWtMOEMk40w=
146,144,43KJ4TDa6H5BspQH5s9QJdIHLXo=,L++xyQgGkaNLnzuLiWtMOEMk40w=
150,145,43KJ4TDa6H5BspQH5s9QJdIHLXo=,L++xyQgGkaNLnzuLiWtMOEMk40w=
153,145,43KJ4TDa6H5BspQH5s9QJdIHLXo=,L++xyQgGkaNLnzuLiWtMOEMk40w=
145,144,43KJ4TDa6H5BspQH5s9QJdIHLXo=,L++xyQgGkaNLnzuLiWtMOEMk40w=
154,145,43KJ4TDa6H5BspQH5s9QJdIHLXo=,L++xyQgGkaNLnzuLiWtMOEMk40w=
157,159,43KJ4TDa6H5BspQH5s9QJdIHLXo=,L++xyQgGkaNLnzuLiWtMOEMk40w=
155,145,43KJ4TDa6H5BspQH5s9QJdIHLXo=,L++xyQgGkaNLnzuLiWtMOEMk40w=
144,144,43KJ4TDa6H5BspQH5s9QJdIHLXo=,L++xyQgGkaNLnzuLiWtMOEMk40w=
156,145,43KJ4TDa6H5BspQH5s9QJdIHLXo=,L++xyQgGkaNLnzuLiWtMOEMk40w=
156,159,43KJ4TDa6H5BspQH5s9QJdIHLXo=,L++xyQgGkaNLnzuLiWtMOEMk40w=
157,145,43KJ4TDa6H5BspQH5s9QJdIHLXo=,L++xyQgGkaNLnzuLiWtMOEMk40w=
158,145,43KJ4TDa6H5BspQH5s9QJdIHLXo=,L++xyQgGkaNLnzuLiWtMOEMk40w=
155,159,43KJ4TDa6H5BspQH5s9QJdIHLXo=,L++xyQgGkaNLnzuLiWtMOEMk40w=
159,145,43KJ4TDa6H5BspQH5s9QJdIHLXo=,L++xyQgGkaNLnzuLiWtMOEMk40w=
144,146,43KJ4TDa6H5BspQH5s9QJdIHLXo=,L++xyQgGkaNLnzuLiWtMOEMk40w=
154,159,43KJ4TDa6H5BspQH5s9QJdIHLXo=,L++xyQgGkaNLnzuLiWtMOEMk40w=
153,159,43KJ4TDa6H5BspQH5s9QJdIHLXo=,L++xyQgGkaNLnzuLiWtMOEMk40w=
145,146,43KJ4TDa6H5BspQH5s9QJdIHLXo=,L++xyQgGkaNLnzuLiWtMOEMk40w=
146,146,43KJ4TDa6H5BspQH5s9QJdIHLXo=,L++xyQgGkaNLnzuLiWtMOEMk40w=
152,159,43KJ4TDa6H5BspQH5s9QJdIHLXo=,L++xyQgGkaNLnzuLiWtMOEMk40w=
147,146,43KJ4TDa6H5BspQH5s9QJdIHLXo=,L++xyQgGkaNLnzuLiWtMOEMk40w=
148,146,43KJ4TDa6H5BspQH5s9QJdIHLXo=,L++xyQgGkaNLnzuLiWtMOEMk40w=
151,159,43KJ4TDa6H5BspQH5s9QJdIHLXo=,L++xyQgGkaNLnzuLiWtMOEMk40w=
149,146,43KJ4TDa6H5BspQH5s9QJdIHLXo=,L++xyQgGkaNLnzuLiWtMOEMk40w=
150,159,43KJ4TDa6H5BspQH5s9QJdIHLXo=,L++xyQgGkaNLnzuLiWtMOEMk40w=
150,146,43KJ4TDa6H5BspQH5s9QJdIHLXo=,L++xyQgGkaNLnzuLiWtMOEMk40w=
149,159,43KJ4TDa6H5BspQH5s9QJdIHLXo=,L++xyQgGkaNLnzuLiWtMOEMk40w=
151,146,43KJ4TDa6H5BspQH5s9QJdIHLXo=,L++xyQgGkaNLnzuLiWtMOEMk40w=
152,146,43KJ4TDa6H5BspQH5s9QJdIHLXo=,L++xyQgGkaNLnzuLiWtMOEMk40w=
148,159,43KJ4TDa6H5BspQH5s9QJdIHLXo=,L++xyQgGkaNLnzuLiWtMOEMk40w=
153,146,43KJ4TDa6H5BspQH5s9QJdIHLXo=,L++xyQgGkaNLnzuLiWtMOEMk40w=
147,159,43KJ4TDa6H5BspQH5s9QJdIHLXo=,L++xyQgGkaNLnzuLiWtMOEMk40w=
154,146,43KJ4TDa6H5BspQH5s9QJdIHLXo=,L++xyQgGkaNLnzuLiWtMOEMk40w=
146,159,43KJ4TDa6H5BspQH5s9QJdIHLXo=,L++xyQgGkaNLnzuLiWtMOEMk40w=
155,146,43KJ4TDa6H5BspQH5s9QJdIHLXo=,L++xyQgGkaNLnzuLiWtMOEMk40w=
145,159,43KJ4TDa6H5BspQH5s9QJdIHLXo=,L++xyQgGkaNLnzuLiWtMOEMk40w=
156,146,43KJ4TDa6H5BspQH5s9QJdIHLXo=,L++xyQgGkaNLnzuLiWtMOEMk40w=
157,146,43KJ4TDa6H5BspQH5s9QJdIHLXo=,L++xyQgGkaNLnzuLiWtMOEMk40w=
158,146,43KJ4TDa6H5BspQH5s9QJdIHLXo=,L++xyQgGkaNLnzuLiWtMOEMk40w=
159,146,43KJ4TDa6H5BspQH5s9QJdIHLXo=,L++xyQgGkaNLnzuLiWtMOEMk40w=
144,147,43KJ4TDa6H5BspQH5s9QJdIHLXo=,L++xyQgGkaNLnzuLiWtMOEMk40w=
145,147,43KJ4TDa6H5BspQH5s9QJdIHLXo=,L++xyQgGkaNLnzuLiWtMOEMk40w=
146,147,43KJ4TDa6H5BspQH5s9QJdIHLXo=,L++xyQgGkaNLnzuLiWtMOEMk40w=
147,147,43KJ4TDa6H5BspQH5s9QJdIHLXo=,L++xyQgGkaNLnzuLiWtMOEMk40w=
159,159,43KJ4TDa6H5BspQH5s9QJdIHLXo=,L++xyQgGkaNLnzuLiWtMOEMk40w=
148,147,43KJ4TDa6H5BspQH5s9QJdIHLXo=,L++xyQgGkaNLnzuLiWtMOEMk40w=
149,147,43KJ4TDa6H5BspQH5s9QJdIHLXo=,L++xyQgGkaNLnzuLiWtMOEMk40w=
159,158,43KJ4TDa6H5BspQH5s9QJdIHLXo=,L++xyQgGkaNLnzuLiWtMOEMk40w=
150,147,43KJ4TDa6H5BspQH5s9QJdIHLXo=,L++xyQgGkaNLnzuLiWtMOEMk40w=
144,159,43KJ4TDa6H5BspQH5s9QJdIHLXo=,L++xyQgGkaNLnzuLiWtMOEMk40w=
151,147,43KJ4TDa6H5BspQH5s9QJdIHLXo=,L++xyQgGkaNLnzuLiWtMOEMk40w=
158,158,43KJ4TDa6H5BspQH5s9QJdIHLXo=,L++xyQgGkaNLnzuLiWtMOEMk40w=
152,147,43KJ4TDa6H5BspQH5s9QJdIHLXo=,L++xyQgGkaNLnzuLiWtMOEMk40w=
153,147,43KJ4TDa6H5BspQH5s9QJdIHLXo=,L++xyQgGkaNLnzuLiWtMOEMk40w=
157,158,43KJ4TDa6H5BspQH5s9QJdIHLXo=,L++xyQgGkaNLnzuLiWtMOEMk40w=
154,147,43KJ4TDa6H5BspQH5s9QJdIHLXo=,L++xyQgGkaNLnzuLiWtMOEMk40w=
156,158,43KJ4TDa6H5BspQH5s9QJdIHLXo=,L++xyQgGkaNLnzuLiWtMOEMk40w=
155,147,43KJ4TDa6H5BspQH5s9QJdIHLXo=,L++xyQgGkaNLnzuLiWtMOEMk40w=
156,147,43KJ4TDa6H5BspQH5s9QJdIHLXo=,L++xyQgGkaNLnzuLiWtMOEMk40w=
155,158,43KJ4TDa6H5BspQH5s9QJdIHLXo=,L++xyQgGkaNLnzuLiWtMOEMk40w=
157,147,43KJ4TDa6H5BspQH5s9QJdIHLXo=,L++xyQgGkaNLnzuLiWtMOEMk40w=
154,158,43KJ4TDa6H5BspQH5s9QJdIHLXo=,L++xyQgGkaNLnzuLiWtMOEMk40w=
158,147,43KJ4TDa6H5BspQH5s9QJdIHLXo=,L++xyQgGkaNLnzuLiWtMOEMk40w=
153,158,43KJ4TDa6H5BspQH5s9QJdIHLXo=,L++xyQgGkaNLnzuLiWtMOEMk40w=
159,147,43KJ4TDa6H5BspQH5s9QJdIHLXo=,L++xyQgGkaNLnzuLiWtMOEMk40w=
152,158,43KJ4TDa6H5BspQH5s9QJdIHLXo=,L++xyQgGkaNLnzuLiWtMOEMk40w=
144,148,43KJ4TDa6H5BspQH5s9QJdIHLXo=,L++xyQgGkaNLnzuLiWtMOEMk40w=
151,158,43KJ4TDa6H5BspQH5s9QJdIHLXo=,L++xyQgGkaNLnzuLiWtMOEMk40w=
145,148,43KJ4TDa6H5BspQH5s9QJdIHLXo=,L++xyQgGkaNLnzuLiWtMOEMk40w=
150,158,43KJ4TDa6H5BspQH5s9QJdIHLXo=,L++xyQgGkaNLnzuLiWtMOEMk40w=
146,148,43KJ4TDa6H5BspQH5s9QJdIHLXo=,L++xyQgGkaNLnzuLiWtMOEMk40w=
147,148,43KJ4TDa6H5BspQH5s9QJdIHLXo=,L++xyQgGkaNLnzuLiWtMOEMk40w=
149,158,43KJ4TDa6H5BspQH5s9QJdIHLXo=,L++xyQgGkaNLnzuLiWtMOEMk40w=
148,148,43KJ4TDa6H5BspQH5s9QJdIHLXo=,L++xyQgGkaNLnzuLiWtMOEMk40w=
148,158,43KJ4TDa6H5BspQH5s9QJdIHLXo=,L++xyQgGkaNLnzuLiWtMOEMk40w=
149,148,43KJ4TDa6H5BspQH5s9QJdIHLXo=,L++xyQgGkaNLnzuLiWtMOEMk40w=
147,158,43KJ4TDa6H5BspQH5s9QJdIHLXo=,L++xyQgGkaNLnzuLiWtMOEMk40w=
150,148,43KJ4TDa6H5BspQH5s9QJdIHLXo=,L++xyQgGkaNLnzuLiWtMOEMk40w=
146,158,43KJ4TDa6H5BspQH5s9QJdIHLXo=,L++xyQgGkaNLnzuLiWtMOEMk40w=
151,148,43KJ4TDa6H5BspQH5s9QJdIHLXo=,L++xyQgGkaNLnzuLiWtMOEMk40w=
145,158,43KJ4TDa6H5BspQH5s9QJdIHLXo=,L++xyQgGkaNLnzuLiWtMOEMk40w=
152,148,43KJ4TDa6H5BspQH5s9QJdIHLXo=,L++xyQgGkaNLnzuLiWtMOEMk40w=
153,148,43KJ4TDa6H5BspQH5s9QJdIHLXo=,L++xyQgGkaNLnzuLiWtMOEMk40w=
144,158,43KJ4TDa6H5BspQH5s9QJdIHLXo=,L++xyQgGkaNLnzuLiWtMOEMk40w=
154,148,43KJ4TDa6H5BspQH5s9QJdIHLXo=,L++xyQgGkaNLnzuLiWtMOEMk40w=
159,157,43KJ4TDa6H5BspQH5s9QJdIHLXo=,L++xyQgGkaNLnzuLiWtMOEMk40w=
155,148,43KJ4TDa6H5BspQH5s9QJdIHLXo=,L++xyQgGkaNLnzuLiWtMOEMk40w=
158,157,43KJ4TDa6H5BspQH5s9QJdIHLXo=,L++xyQgGkaNLnzuLiWtMOEMk40w=
156,148,43KJ4TDa6H5BspQH5s9QJdIHLXo=,L++xyQgGkaNLnzuLiWtMOEMk40w=
157,157,43KJ4TDa6H5BspQH5s9QJdIHLXo=,L++xyQgGkaNLnzuLiWtMOEMk40w=
157,148,43KJ4TDa6H5BspQH5s9QJdIHLXo=,L++xyQgGkaNLnzuLiWtMOEMk40w=
158,148,43KJ4TDa6H5BspQH5s9QJdIHLXo=,L++xyQgGkaNLnzuLiWtMOEMk40w=
156,157,43KJ4TDa6H5BspQH5s9QJdIHLXo=,L++xyQgGkaNLnzuLiWtMOEMk40w=
159,148,43KJ4TDa6H5BspQH5s9QJdIHLXo=,L++xyQgGkaNLnzuLiWtMOEMk40w=
155,157,43KJ4TDa6H5BspQH5s9QJdIHLXo=,L++xyQgGkaNLnzuLiWtMOEMk40w=
144,149,43KJ4TDa6H5BspQH5s9QJdIHLXo=,L++xyQgGkaNLnzuLiWtMOEMk40w=
154,157,43KJ4TDa6H5BspQH5s9QJdIHLXo=,L++xyQgGkaNLnzuLiWtMOEMk40w=
145,149,43KJ4TDa6H5BspQH5s9QJdIHLXo=,L++xyQgGkaNLnzuLiWtMOEMk40w=
153,157,43KJ4TDa6H5BspQH5s9QJdIHLXo=,L++xyQgGkaNLnzuLiWtMOEMk40w=
146,149,43KJ4TDa6H5BspQH5s9QJdIHLXo=,L++xyQgGkaNLnzuLiWtMOEMk40w=
152,157,43KJ4TDa6H5BspQH5s9QJdIHLXo=,L++xyQgGkaNLnzuLiWtMOEMk40w=
147,149,43KJ4TDa6H5BspQH5s9QJdIHLXo=,L++xyQgGkaNLnzuLiWtMOEMk40w=
148,149,43KJ4TDa6H5BspQH5s9QJdIHLXo=,L++xyQgGkaNLnzuLiWtMOEMk40w=
151,157,43KJ4TDa6H5BspQH5s9QJdIHLXo=,L++xyQgGkaNLnzuLiWtMOEMk40w=
149,149,43KJ4TDa6H5BspQH5s9QJdIHLXo=,L++xyQgGkaNLnzuLiWtMOEMk40w=
150,157,43KJ4TDa6H5BspQH5s9QJdIHLXo=,L++xyQgGkaNLnzuLiWtMOEMk40w=
150,149,43KJ4TDa6H5BspQH5s9QJdIHLXo=,L++xyQgGkaNLnzuLiWtMOEMk40w=
151,149,43KJ4TDa6H5BspQH5s9QJdIHLXo=,L++xyQgGkaNLnzuLiWtMOEMk40w=
149,157,43KJ4TDa6H5BspQH5s9QJdIHLXo=,L++xyQgGkaNLnzuLiWtMOEMk40w=
152,149,43KJ4TDa6H5BspQH5s9QJdIHLXo=,L++xyQgGkaNLnzuLiWtMOEMk40w=
153,149,43KJ4TDa6H5BspQH5s9QJdIHLXo=,L++xyQgGkaNLnzuLiWtMOEMk40w=
154,149,43KJ4TDa6H5BspQH5s9QJdIHLXo=,L++xyQgGkaNLnzuLiWtMOEMk40w=
155,149,43KJ4TDa6H5BspQH5s9QJdIHLXo=,L++xyQgGkaNLnzuLiWtMOEMk40w=
156,149,43KJ4TDa6H5BspQH5s9QJdIHLXo=,L++xyQgGkaNLnzuLiWtMOEMk40w=
157,149,43KJ4TDa6H5BspQH5s9QJdIHLXo=,L++xyQgGkaNLnzuLiWtMOEMk40w=
158,149,43KJ4TDa6H5BspQH5s9QJdIHLXo=,L++xyQgGkaNLnzuLiWtMOEMk40w=
159,149,43KJ4TDa6H5BspQH5s9QJdIHLXo=,L++xyQgGkaNLnzuLiWtMOEMk40w=
144,150,43KJ4TDa6H5BspQH5s9QJdIHLXo=,L++xyQgGkaNLnzuLiWtMOEMk40w=
147,157,43KJ4TDa6H5BspQH5s9QJdIHLXo=,L++xyQgGkaNLnzuLiWtMOEMk40w=
145,150,43KJ4TDa6H5BspQH5s9QJdIHLXo=,L++xyQgGkaNLnzuLiWtMOEMk40w=
146,150,43KJ4TDa6H5BspQH5s9QJdIHLXo=,L++xyQgGkaNLnzuLiWtMOEMk40w=
146,157,43KJ4TDa6H5BspQH5s9QJdIHLXo=,L++xyQgGkaNLnzuLiWtMOEMk40w=
147,150,43KJ4TDa6H5BspQH5s9QJdIHLXo=,L++xyQgGkaNLnzuLiWtMOEMk40w=
145,157,43KJ4TDa6H5BspQH5s9QJdIHLXo=,L++xyQgGkaNLnzuLiWtMOEMk40w=
148,150,43KJ4TDa6H5BspQH5s9QJdIHLXo=,L++xyQgGkaNLnzuLiWtMOEMk40w=
144,157,43KJ4TDa6H5BspQH5s9QJdIHLXo=,L++xyQgGkaNLnzuLiWtMOEMk40w=
149,150,43KJ4TDa6H5BspQH5s9QJdIHLXo=,L++xyQgGkaNLnzuLiWtMOEMk40w=
150,150,43KJ4TDa6H5BspQH5s9QJdIHLXo=,L++xyQgGkaNLnzuLiWtMOEMk40w=
159,156,43KJ4TDa6H5BspQH5s9QJdIHLXo=,L++xyQgGkaNLnzuLiWtMOEMk40w=
151,150,43KJ4TDa6H5BspQH5s9QJdIHLXo=,L++xyQgGkaNLnzuLiWtMOEMk40w=
158,156,43KJ4TDa6H5BspQH5s9QJdIHLXo=,L++xyQgGkaNLnzuLiWtMOEMk40w=
152,150,43KJ4TDa6H5BspQH5s9QJdIHLXo=,L++xyQgGkaNLnzuLiWtMOEMk40w=
157,156,43KJ4TDa6H5BspQH5s9QJdIHLXo=,L++xyQgGkaNLnzuLiWtMOEMk40w=
153,150,43KJ4TDa6H5BspQH5s9QJdIHLXo=,L++xyQgGkaNLnzuLiWtMOEMk40w=
156,156,43KJ4TDa6H5BspQH5s9QJdIHLXo=,L++xyQgGkaNLnzuLiWtMOEMk40w=
154,150,43KJ4TDa6H5BspQH5s9QJdIHLXo=,L++xyQgGkaNLnzuLiWtMOEMk40w=
155,156,43KJ4TDa6H5BspQH5s9QJdIHLXo=,L++xyQgGkaNLnzuLiWtMOEMk40w=
155,150,43KJ4TDa6H5BspQH5s9QJdIHLXo=,L++xyQgGkaNLnzuLiWtMOEMk40w=
156,150,43KJ4TDa6H5BspQH5s9QJdIHLXo=,L++xyQgGkaNLnzuLiWtMOEMk40w=
154,156,43KJ4TDa6H5BspQH5s9QJdIHLXo=,L++xyQgGkaNLnzuLiWtMOEMk40w=
157,150,43KJ4TDa6H5BspQH5s9QJdIHLXo=,L++xyQgGkaNLnzuLiWtMOEMk40w=
153,156,43KJ4TDa6H5BspQH5s9QJdIHLXo=,L++xyQgGkaNLnzuLiWtMOEMk40w=
152,156,43KJ4TDa6H5BspQH5s9QJdIHLXo=,L++xyQgGkaNLnzuLiWtMOEMk40w=
158,150,43KJ4TDa6H5BspQH5s9QJdIHLXo=,L++xyQgGkaNLnzuLiWtMOEMk40w=
159,150,43KJ4TDa6H5BspQH5s9QJdIHLXo=,L++xyQgGkaNLnzuLiWtMOEMk40w=
151,156,43KJ4TDa6H5BspQH5s9QJdIHLXo=,L++xyQgGkaNLnzuLiWtMOEMk40w=
150,156,43KJ4TDa6H5BspQH5s9QJdIHLXo=,L++xyQgGkaNLnzuLiWtMOEMk40w=
144,151,43KJ4TDa6H5BspQH5s9QJdIHLXo=,L++xyQgGkaNLnzuLiWtMOEMk40w=
149,156,43KJ4TDa6H5BspQH5s9QJdIHLXo=,L++xyQgGkaNLnzuLiWtMOEMk40w=
145,151,43KJ4TDa6H5BspQH5s9QJdIHLXo=,L++xyQgGkaNLnzuLiWtMOEMk40w=
148,156,43KJ4TDa6H5BspQH5s9QJdIHLXo=,L++xyQgGkaNLnzuLiWtMOEMk40w=
146,151,43KJ4TDa6H5BspQH5s9QJdIHLXo=,L++xyQgGkaNLnzuLiWtMOEMk40w=
147,156,43KJ4TDa6H5BspQH5s9QJdIHLXo=,L++xyQgGkaNLnzuLiWtMOEMk40w=
147,151,43KJ4TDa6H5BspQH5s9QJdIHLXo=,L++xyQgGkaNLnzuLiWtMOEMk40w=
146,156,43KJ4TDa6H5BspQH5s9QJdIHLXo=,L++xyQgGkaNLnzuLiWtMOEMk40w=
148,151,43KJ4TDa6H5BspQH5s9QJdIHLXo=,L++xyQgGkaNLnzuLiWtMOEMk40w=
145,156,43KJ4TDa6H5BspQH5s9QJdIHLXo=,L++xyQgGkaNLnzuLiWtMOEMk40w=
149,151,43KJ4TDa6H5BspQH5s9QJdIHLXo=,L++xyQgGkaNLnzuLiWtMOEMk40w=
144,156,43KJ4TDa6H5BspQH5s9QJdIHLXo=,L++xyQgGkaNLnzuLiWtMOEMk40w=
150,151,43KJ4TDa6H5BspQH5s9QJdIHLXo=,L++xyQgGkaNLnzuLiWtMOEMk40w=
159,155,43KJ4TDa6H5BspQH5s9QJdIHLXo=,L++xyQgGkaNLnzuLiWtMOEMk40w=
151,151,43KJ4TDa6H5BspQH5s9QJdIHLXo=,L++xyQgGkaNLnzuLiWtMOEMk40w=
158,155,43KJ4TDa6H5BspQH5s9QJdIHLXo=,L++xyQgGkaNLnzuLiWtMOEMk40w=
152,151,43KJ4TDa6H5BspQH5s9QJdIHLXo=,L++xyQgGkaNLnzuLiWtMOEMk40w=
157,155,43KJ4TDa6H5BspQH5s9QJdIHLXo=,L++xyQgGkaNLnzuLiWtMOEMk40w=
153,151,43KJ4TDa6H5BspQH5s9QJdIHLXo=,L++xyQgGkaNLnzuLiWtMOEMk40w=
154,151,43KJ4TDa6H5BspQH5s9QJdIHLXo=,L++xyQgGkaNLnzuLiWtMOEMk40w=
155,155,43KJ4TDa6H5BspQH5s9QJdIHLXo=,L++xyQgGkaNLnzuLiWtMOEMk40w=
156,155,43KJ4TDa6H5BspQH5s9QJdIHLXo=,L++xyQgGkaNLnzuLiWtMOEMk40w=
155,151,43KJ4TDa6H5BspQH5s9QJdIHLXo=,L++xyQgGkaNLnzuLiWtMOEMk40w=
154,155,43KJ4TDa6H5BspQH5s9QJdIHLXo=,L++xyQgGkaNLnzuLiWtMOEMk40w=
156,151,43KJ4TDa6H5BspQH5s9QJdIHLXo=,L++xyQgGkaNLnzuLiWtMOEMk40w=
153,155,43KJ4TDa6H5BspQH5s9QJdIHLXo=,L++xyQgGkaNLnzuLiWtMOEMk40w=
157,151,43KJ4TDa6H5BspQH5s9QJdIHLXo=,L++xyQgGkaNLnzuLiWtMOEMk40w=
158,151,43KJ4TDa6H5BspQH5s9QJdIHLXo=,L++xyQgGkaNLnzuLiWtMOEMk40w=
152,155,43KJ4TDa6H5BspQH5s9QJdIHLXo=,L++xyQgGkaNLnzuLiWtMOEMk40w=
159,151,43KJ4TDa6H5BspQH5s9QJdIHLXo=,L++xyQgGkaNLnzuLiWtMOEMk40w=
151,155,43KJ4TDa6H5BspQH5s9QJdIHLXo=,L++xyQgGkaNLnzuLiWtMOEMk40w=
144,152,43KJ4TDa6H5BspQH5s9QJdIHLXo=,L++xyQgGkaNLnzuLiWtMOEMk40w=
150,155,43KJ4TDa6H5BspQH5s9QJdIHLXo=,L++xyQgGkaNLnzuLiWtMOEMk40w=
145,152,43KJ4TDa6H5BspQH5s9QJdIHLXo=,L++xyQgGkaNLnzuLiWtMOEMk40w=
149,155,43KJ4TDa6H5BspQH5s9QJdIHLXo=,L++xyQgGkaNLnzuLiWtMOEMk40w=
146,152,43KJ4TDa6H5BspQH5s9QJdIHLXo=,L++xyQgGkaNLnzuLiWtMOEMk40w=
147,152,43KJ4TDa6H5BspQH5s9QJdIHLXo=,L++xyQgGkaNLnzuLiWtMOEMk40w=
148,152,43KJ4TDa6H5BspQH5s9QJdIHLXo=,L++xyQgGkaNLnzuLiWtMOEMk40w=
149,152,43KJ4TDa6H5BspQH5s9QJdIHLXo=,L++xyQgGkaNLnzuLiWtMOEMk40w=
150,152,43KJ4TDa6H5BspQH5s9QJdIHLXo=,L++xyQgGkaNLnzuLiWtMOEMk40w=
151,152,43KJ4TDa6H5BspQH5s9QJdIHLXo=,L++xyQgGkaNLnzuLiWtMOEMk40w=
152,152,43KJ4TDa6H5BspQH5s9QJdIHLXo=,L++xyQgGkaNLnzuLiWtMOEMk40w=
153,152,43KJ4TDa6H5BspQH5s9QJdIHLXo=,L++xyQgGkaNLnzuLiWtMOEMk40w=
154,152,43KJ4TDa6H5BspQH5s9QJdIHLXo=,L++xyQgGkaNLnzuLiWtMOEMk40w=
155,152,43KJ4TDa6H5BspQH5s9QJdIHLXo=,L++xyQgGkaNLnzuLiWtMOEMk40w=
156,152,43KJ4TDa6H5BspQH5s9QJdIHLXo=,L++xyQgGkaNLnzuLiWtMOEMk40w=
157,152,43KJ4TDa6H5BspQH5s9QJdIHLXo=,L++xyQgGkaNLnzuLiWtMOEMk40w=
158,152,43KJ4TDa6H5BspQH5s9QJdIHLXo=,L++xyQgGkaNLnzuLiWtMOEMk40w=
159,152,43KJ4TDa6H5BspQH5s9QJdIHLXo=,L++xyQgGkaNLnzuLiWtMOEMk40w=
144,153,43KJ4TDa6H5BspQH5s9QJdIHLXo=,L++xyQgGkaNLnzuLiWtMOEMk40w=
148,157,43KJ4TDa6H5BspQH5s9QJdIHLXo=,L++xyQgGkaNLnzuLiWtMOEMk40w=
145,153,43KJ4TDa6H5BspQH5s9QJdIHLXo=,L++xyQgGkaNLnzuLiWtMOEMk40w=
146,153,43KJ4TDa6H5BspQH5s9QJdIHLXo=,L++xyQgGkaNLnzuLiWtMOEMk40w=
147,155,43KJ4TDa6H5BspQH5s9QJdIHLXo=,L++xyQgGkaNLnzuLiWtMOEMk40w=
147,153,43KJ4TDa6H5BspQH5s9QJdIHLXo=,L++xyQgGkaNLnzuLiWtMOEMk40w=
146,155,43KJ4TDa6H5BspQH5s9QJdIHLXo=,L++xyQgGkaNLnzuLiWtMOEMk40w=
148,153,43KJ4TDa6H5BspQH5s9QJdIHLXo=,L++xyQgGkaNLnzuLiWtMOEMk40w=
149,153,43KJ4TDa6H5BspQH5s9QJdIHLXo=,L++xyQgGkaNLnzuLiWtMOEMk40w=
145,155,43KJ4TDa6H5BspQH5s9QJdIHLXo=,L++xyQgGkaNLnzuLiWtMOEMk40w=
150,153,43KJ4TDa6H5BspQH5s9QJdIHLXo=,L++xyQgGkaNLnzuLiWtMOEMk40w=
144,155,43KJ4TDa6H5BspQH5s9QJdIHLXo=,L++xyQgGkaNLnzuLiWtMOEMk40w=
151,153,43KJ4TDa6H5BspQH5s9QJdIHLXo=,L++xyQgGkaNLnzuLiWtMOEMk40w=
159,154,43KJ4TDa6H5BspQH5s9QJdIHLXo=,L++xyQgGkaNLnzuLiWtMOEMk40w=
152,153,43KJ4TDa6H5BspQH5s9QJdIHLXo=,L++xyQgGkaNLnzuLiWtMOEMk40w=
158,154,43KJ4TDa6H5BspQH5s9QJdIHLXo=,L++xyQgGkaNLnzuLiWtMOEMk40w=
153,153,43KJ4TDa6H5BspQH5s9QJdIHLXo=,L++xyQgGkaNLnzuLiWtMOEMk40w=
157,154,43KJ4TDa6H5BspQH5s9QJdIHLXo=,L++xyQgGkaNLnzuLiWtMOEMk40w=
154,153,43KJ4TDa6H5BspQH5s9QJdIHLXo=,L++xyQgGkaNLnzuLiWtMOEMk40w=
156,154,43KJ4TDa6H5BspQH5s9QJdIHLXo=,L++xyQgGkaNLnzuLiWtMOEMk40w=
155,153,43KJ4TDa6H5BspQH5s9QJdIHLXo=,L++xyQgGkaNLnzuLiWtMOEMk40w=
155,154,43KJ4TDa6H5BspQH5s9QJdIHLXo=,L++xyQgGkaNLnzuLiWtMOEMk40w=
156,153,43KJ4TDa6H5BspQH5s9QJdIHLXo=,L++xyQgGkaNLnzuLiWtMOEMk40w=
157,153,43KJ4TDa6H5BspQH5s9QJdIHLXo=,L++xyQgGkaNLnzuLiWtMOEMk40w=
154,154,43KJ4TDa6H5BspQH5s9QJdIHLXo=,L++xyQgGkaNLnzuLiWtMOEMk40w=
153,154,43KJ4TDa6H5BspQH5s9QJdIHLXo=,L++xyQgGkaNLnzuLiWtMOEMk40w=
158,153,43KJ4TDa6H5BspQH5s9QJdIHLXo=,L++xyQgGkaNLnzuLiWtMOEMk40w=
152,154,43KJ4TDa6H5BspQH5s9QJdIHLXo=,L++xyQgGkaNLnzuLiWtMOEMk40w=
159,153,43KJ4TDa6H5BspQH5s9QJdIHLXo=,L++xyQgGkaNLnzuLiWtMOEMk40w=
151,154,43KJ4TDa6H5BspQH5s9QJdIHLXo=,L++xyQgGkaNLnzuLiWtMOEMk40w=
144,154,43KJ4TDa6H5BspQH5s9QJdIHLXo=,L++xyQgGkaNLnzuLiWtMOEMk40w=
150,154,43KJ4TDa6H5BspQH5s9QJdIHLXo=,L++xyQgGkaNLnzuLiWtMOEMk40w=
145,154,43KJ4TDa6H5BspQH5s9QJdIHLXo=,L++xyQgGkaNLnzuLiWtMOEMk40w=
146,154,43KJ4TDa6H5BspQH5s9QJdIHLXo=,L++xyQgGkaNLnzuLiWtMOEMk40w=
149,154,43KJ4TDa6H5BspQH5s9QJdIHLXo=,L++xyQgGkaNLnzuLiWtMOEMk40w=
147,154,43KJ4TDa6H5BspQH5s9QJdIHLXo=,L++xyQgGkaNLnzuLiWtMOEMk40w=
148,154,43KJ4TDa6H5BspQH5s9QJdIHLXo=,L++xyQgGkaNLnzuLiWtMOEMk40w=
148,155,43KJ4TDa6H5BspQH5s9QJdIHLXo=,L++xyQgGkaNLnzuLiWtMOEMk40w=
